ARM GAS  C:\Users\Lenovo\AppData\Local\Temp\ccZ6paZS.s 			page 1


   1              		.cpu cortex-m4
   2              		.arch armv7e-m
   3              		.fpu fpv4-sp-d16
   4              		.eabi_attribute 27, 1
   5              		.eabi_attribute 28, 1
   6              		.eabi_attribute 20, 1
   7              		.eabi_attribute 21, 1
   8              		.eabi_attribute 23, 3
   9              		.eabi_attribute 24, 1
  10              		.eabi_attribute 25, 1
  11              		.eabi_attribute 26, 1
  12              		.eabi_attribute 30, 1
  13              		.eabi_attribute 34, 1
  14              		.eabi_attribute 18, 4
  15              		.file	"vl53l1_api_core.c"
  16              		.text
  17              	.Ltext0:
  18              		.cfi_sections	.debug_frame
  19              		.section	.text.VL53L1_software_reset,"ax",%progbits
  20              		.align	1
  21              		.global	VL53L1_software_reset
  22              		.syntax unified
  23              		.thumb
  24              		.thumb_func
  26              	VL53L1_software_reset:
  27              	.LVL0:
  28              	.LFB5:
  29              		.file 1 "Core/Src/vl53l1_api_core.c"
   1:Core/Src/vl53l1_api_core.c **** /*
   2:Core/Src/vl53l1_api_core.c **** * Copyright (c) 2017, STMicroelectronics - All Rights Reserved
   3:Core/Src/vl53l1_api_core.c **** *
   4:Core/Src/vl53l1_api_core.c **** * This file is part of VL53L1 Core and is dual licensed,
   5:Core/Src/vl53l1_api_core.c **** * either 'STMicroelectronics
   6:Core/Src/vl53l1_api_core.c **** * Proprietary license'
   7:Core/Src/vl53l1_api_core.c **** * or 'BSD 3-clause "New" or "Revised" License' , at your option.
   8:Core/Src/vl53l1_api_core.c **** *
   9:Core/Src/vl53l1_api_core.c **** ********************************************************************************
  10:Core/Src/vl53l1_api_core.c **** *
  11:Core/Src/vl53l1_api_core.c **** * 'STMicroelectronics Proprietary license'
  12:Core/Src/vl53l1_api_core.c **** *
  13:Core/Src/vl53l1_api_core.c **** ********************************************************************************
  14:Core/Src/vl53l1_api_core.c **** *
  15:Core/Src/vl53l1_api_core.c **** * License terms: STMicroelectronics Proprietary in accordance with licensing
  16:Core/Src/vl53l1_api_core.c **** * terms at www.st.com/sla0081
  17:Core/Src/vl53l1_api_core.c **** *
  18:Core/Src/vl53l1_api_core.c **** * STMicroelectronics confidential
  19:Core/Src/vl53l1_api_core.c **** * Reproduction and Communication of this document is strictly prohibited unless
  20:Core/Src/vl53l1_api_core.c **** * specifically authorized in writing by STMicroelectronics.
  21:Core/Src/vl53l1_api_core.c **** *
  22:Core/Src/vl53l1_api_core.c **** *
  23:Core/Src/vl53l1_api_core.c **** ********************************************************************************
  24:Core/Src/vl53l1_api_core.c **** *
  25:Core/Src/vl53l1_api_core.c **** * Alternatively, VL53L1 Core may be distributed under the terms of
  26:Core/Src/vl53l1_api_core.c **** * 'BSD 3-clause "New" or "Revised" License', in which case the following
  27:Core/Src/vl53l1_api_core.c **** * provisions apply instead of the ones mentioned above :
  28:Core/Src/vl53l1_api_core.c **** *
  29:Core/Src/vl53l1_api_core.c **** ********************************************************************************
ARM GAS  C:\Users\Lenovo\AppData\Local\Temp\ccZ6paZS.s 			page 2


  30:Core/Src/vl53l1_api_core.c **** *
  31:Core/Src/vl53l1_api_core.c **** * License terms: BSD 3-clause "New" or "Revised" License.
  32:Core/Src/vl53l1_api_core.c **** *
  33:Core/Src/vl53l1_api_core.c **** * Redistribution and use in source and binary forms, with or without
  34:Core/Src/vl53l1_api_core.c **** * modification, are permitted provided that the following conditions are met:
  35:Core/Src/vl53l1_api_core.c **** *
  36:Core/Src/vl53l1_api_core.c **** * 1. Redistributions of source code must retain the above copyright notice, this
  37:Core/Src/vl53l1_api_core.c **** * list of conditions and the following disclaimer.
  38:Core/Src/vl53l1_api_core.c **** *
  39:Core/Src/vl53l1_api_core.c **** * 2. Redistributions in binary form must reproduce the above copyright notice,
  40:Core/Src/vl53l1_api_core.c **** * this list of conditions and the following disclaimer in the documentation
  41:Core/Src/vl53l1_api_core.c **** * and/or other materials provided with the distribution.
  42:Core/Src/vl53l1_api_core.c **** *
  43:Core/Src/vl53l1_api_core.c **** * 3. Neither the name of the copyright holder nor the names of its contributors
  44:Core/Src/vl53l1_api_core.c **** * may be used to endorse or promote products derived from this software
  45:Core/Src/vl53l1_api_core.c **** * without specific prior written permission.
  46:Core/Src/vl53l1_api_core.c **** *
  47:Core/Src/vl53l1_api_core.c **** * THIS SOFTWARE IS PROVIDED BY THE COPYRIGHT HOLDERS AND CONTRIBUTORS "AS IS"
  48:Core/Src/vl53l1_api_core.c **** * AND ANY EXPRESS OR IMPLIED WARRANTIES, INCLUDING, BUT NOT LIMITED TO, THE
  49:Core/Src/vl53l1_api_core.c **** * IMPLIED WARRANTIES OF MERCHANTABILITY AND FITNESS FOR A PARTICULAR PURPOSE ARE
  50:Core/Src/vl53l1_api_core.c **** * DISCLAIMED. IN NO EVENT SHALL THE COPYRIGHT HOLDER OR CONTRIBUTORS BE LIABLE
  51:Core/Src/vl53l1_api_core.c **** * FOR ANY DIRECT, INDIRECT, INCIDENTAL, SPECIAL, EXEMPLARY, OR CONSEQUENTIAL
  52:Core/Src/vl53l1_api_core.c **** * DAMAGES (INCLUDING, BUT NOT LIMITED TO, PROCUREMENT OF SUBSTITUTE GOODS OR
  53:Core/Src/vl53l1_api_core.c **** * SERVICES; LOSS OF USE, DATA, OR PROFITS; OR BUSINESS INTERRUPTION) HOWEVER
  54:Core/Src/vl53l1_api_core.c **** * CAUSED AND ON ANY THEORY OF LIABILITY, WHETHER IN CONTRACT, STRICT LIABILITY,
  55:Core/Src/vl53l1_api_core.c **** * OR TORT (INCLUDING NEGLIGENCE OR OTHERWISE) ARISING IN ANY WAY OUT OF THE USE
  56:Core/Src/vl53l1_api_core.c **** * OF THIS SOFTWARE, EVEN IF ADVISED OF THE POSSIBILITY OF SUCH DAMAGE.
  57:Core/Src/vl53l1_api_core.c **** *
  58:Core/Src/vl53l1_api_core.c **** *
  59:Core/Src/vl53l1_api_core.c **** ********************************************************************************
  60:Core/Src/vl53l1_api_core.c **** *
  61:Core/Src/vl53l1_api_core.c **** */
  62:Core/Src/vl53l1_api_core.c **** 
  63:Core/Src/vl53l1_api_core.c **** /**
  64:Core/Src/vl53l1_api_core.c ****  * @file  vl53l1_api_core.c
  65:Core/Src/vl53l1_api_core.c ****  *
  66:Core/Src/vl53l1_api_core.c ****  * @brief EwokPlus25 low level API function definition
  67:Core/Src/vl53l1_api_core.c ****  */
  68:Core/Src/vl53l1_api_core.c **** 
  69:Core/Src/vl53l1_api_core.c **** 
  70:Core/Src/vl53l1_api_core.c **** #include "vl53l1_ll_def.h"
  71:Core/Src/vl53l1_api_core.c **** #include "vl53l1_ll_device.h"
  72:Core/Src/vl53l1_api_core.c **** #include "vl53l1_platform.h"
  73:Core/Src/vl53l1_api_core.c **** #include "vl53l1_register_map.h"
  74:Core/Src/vl53l1_api_core.c **** #include "vl53l1_register_settings.h"
  75:Core/Src/vl53l1_api_core.c **** #include "vl53l1_register_funcs.h"
  76:Core/Src/vl53l1_api_core.c **** #include "vl53l1_nvm_map.h"
  77:Core/Src/vl53l1_api_core.c **** #include "vl53l1_core.h"
  78:Core/Src/vl53l1_api_core.c **** #include "vl53l1_wait.h"
  79:Core/Src/vl53l1_api_core.c **** #include "vl53l1_api_preset_modes.h"
  80:Core/Src/vl53l1_api_core.c **** #include "vl53l1_silicon_core.h"
  81:Core/Src/vl53l1_api_core.c **** #include "vl53l1_api_core.h"
  82:Core/Src/vl53l1_api_core.c **** #include "vl53l1_tuning_parm_defaults.h"
  83:Core/Src/vl53l1_api_core.c **** 
  84:Core/Src/vl53l1_api_core.c **** #ifdef VL53L1_LOG_ENABLE
  85:Core/Src/vl53l1_api_core.c **** #include "vl53l1_api_debug.h"
  86:Core/Src/vl53l1_api_core.c **** #endif
ARM GAS  C:\Users\Lenovo\AppData\Local\Temp\ccZ6paZS.s 			page 3


  87:Core/Src/vl53l1_api_core.c **** 
  88:Core/Src/vl53l1_api_core.c **** #define LOG_FUNCTION_START(fmt, ...) \
  89:Core/Src/vl53l1_api_core.c **** 	_LOG_FUNCTION_START(VL53L1_TRACE_MODULE_CORE, fmt, ##__VA_ARGS__)
  90:Core/Src/vl53l1_api_core.c **** #define LOG_FUNCTION_END(status, ...) \
  91:Core/Src/vl53l1_api_core.c **** 	_LOG_FUNCTION_END(VL53L1_TRACE_MODULE_CORE, status, ##__VA_ARGS__)
  92:Core/Src/vl53l1_api_core.c **** #define LOG_FUNCTION_END_FMT(status, fmt, ...) \
  93:Core/Src/vl53l1_api_core.c **** 	_LOG_FUNCTION_END_FMT(VL53L1_TRACE_MODULE_CORE, status, \
  94:Core/Src/vl53l1_api_core.c **** 	fmt, ##__VA_ARGS__)
  95:Core/Src/vl53l1_api_core.c **** 
  96:Core/Src/vl53l1_api_core.c **** #define trace_print(level, ...) \
  97:Core/Src/vl53l1_api_core.c **** 	_LOG_TRACE_PRINT(VL53L1_TRACE_MODULE_CORE, \
  98:Core/Src/vl53l1_api_core.c **** 	level, VL53L1_TRACE_FUNCTION_NONE, ##__VA_ARGS__)
  99:Core/Src/vl53l1_api_core.c **** 
 100:Core/Src/vl53l1_api_core.c **** #define VL53L1_MAX_I2C_XFER_SIZE 256
 101:Core/Src/vl53l1_api_core.c **** 
 102:Core/Src/vl53l1_api_core.c **** #ifdef VL53L1_DEBUG
 103:Core/Src/vl53l1_api_core.c **** VL53L1_Error VL53L1_get_version(
 104:Core/Src/vl53l1_api_core.c **** 	VL53L1_DEV           Dev,
 105:Core/Src/vl53l1_api_core.c **** 	VL53L1_ll_version_t *pdata)
 106:Core/Src/vl53l1_api_core.c **** {
 107:Core/Src/vl53l1_api_core.c **** 	/*
 108:Core/Src/vl53l1_api_core.c **** 	 * respond with the #define values from version.h
 109:Core/Src/vl53l1_api_core.c **** 	 * using memcpy(dst, src, size in bytes)
 110:Core/Src/vl53l1_api_core.c **** 	 */
 111:Core/Src/vl53l1_api_core.c **** 
 112:Core/Src/vl53l1_api_core.c **** 	VL53L1_LLDriverData_t *pdev = VL53L1DevStructGetLLDriverHandle(Dev);
 113:Core/Src/vl53l1_api_core.c **** 
 114:Core/Src/vl53l1_api_core.c **** 	VL53L1_init_version(Dev);
 115:Core/Src/vl53l1_api_core.c **** 
 116:Core/Src/vl53l1_api_core.c **** 	memcpy(pdata, &(pdev->version), sizeof(VL53L1_ll_version_t));
 117:Core/Src/vl53l1_api_core.c **** 
 118:Core/Src/vl53l1_api_core.c **** 	return VL53L1_ERROR_NONE;
 119:Core/Src/vl53l1_api_core.c **** }
 120:Core/Src/vl53l1_api_core.c **** 
 121:Core/Src/vl53l1_api_core.c **** VL53L1_Error VL53L1_get_device_firmware_version(
 122:Core/Src/vl53l1_api_core.c **** 	VL53L1_DEV        Dev,
 123:Core/Src/vl53l1_api_core.c **** 	uint16_t         *pfw_version)
 124:Core/Src/vl53l1_api_core.c **** {
 125:Core/Src/vl53l1_api_core.c **** 	/*
 126:Core/Src/vl53l1_api_core.c **** 	 * Read Firmware version from device
 127:Core/Src/vl53l1_api_core.c **** 	 */
 128:Core/Src/vl53l1_api_core.c **** 
 129:Core/Src/vl53l1_api_core.c **** 	VL53L1_Error  status = VL53L1_ERROR_NONE;
 130:Core/Src/vl53l1_api_core.c **** 
 131:Core/Src/vl53l1_api_core.c **** 	LOG_FUNCTION_START("");
 132:Core/Src/vl53l1_api_core.c **** 
 133:Core/Src/vl53l1_api_core.c **** 	if (status == VL53L1_ERROR_NONE) /*lint !e774 always true*/
 134:Core/Src/vl53l1_api_core.c **** 		status = VL53L1_disable_firmware(Dev);
 135:Core/Src/vl53l1_api_core.c **** 
 136:Core/Src/vl53l1_api_core.c **** 	if (status == VL53L1_ERROR_NONE)
 137:Core/Src/vl53l1_api_core.c **** 		status = VL53L1_RdWord(
 138:Core/Src/vl53l1_api_core.c **** 				Dev,
 139:Core/Src/vl53l1_api_core.c **** 				VL53L1_MCU_GENERAL_PURPOSE__GP_0,
 140:Core/Src/vl53l1_api_core.c **** 				pfw_version);
 141:Core/Src/vl53l1_api_core.c **** 
 142:Core/Src/vl53l1_api_core.c **** 	if (status == VL53L1_ERROR_NONE)
 143:Core/Src/vl53l1_api_core.c **** 		status = VL53L1_enable_firmware(Dev);
ARM GAS  C:\Users\Lenovo\AppData\Local\Temp\ccZ6paZS.s 			page 4


 144:Core/Src/vl53l1_api_core.c **** 
 145:Core/Src/vl53l1_api_core.c **** 	LOG_FUNCTION_END(status);
 146:Core/Src/vl53l1_api_core.c **** 
 147:Core/Src/vl53l1_api_core.c **** 	return status;
 148:Core/Src/vl53l1_api_core.c **** }
 149:Core/Src/vl53l1_api_core.c **** #endif
 150:Core/Src/vl53l1_api_core.c **** 
 151:Core/Src/vl53l1_api_core.c **** 
 152:Core/Src/vl53l1_api_core.c **** VL53L1_Error VL53L1_data_init(
 153:Core/Src/vl53l1_api_core.c **** 	VL53L1_DEV        Dev,
 154:Core/Src/vl53l1_api_core.c **** 	uint8_t           read_p2p_data)
 155:Core/Src/vl53l1_api_core.c **** {
 156:Core/Src/vl53l1_api_core.c **** 	/*
 157:Core/Src/vl53l1_api_core.c **** 	 * Initialise pdev data structure
 158:Core/Src/vl53l1_api_core.c **** 	 */
 159:Core/Src/vl53l1_api_core.c **** 
 160:Core/Src/vl53l1_api_core.c **** 	VL53L1_Error status       = VL53L1_ERROR_NONE;
 161:Core/Src/vl53l1_api_core.c **** 	VL53L1_LLDriverData_t    *pdev =
 162:Core/Src/vl53l1_api_core.c **** 			VL53L1DevStructGetLLDriverHandle(Dev);
 163:Core/Src/vl53l1_api_core.c **** 
 164:Core/Src/vl53l1_api_core.c **** 	VL53L1_init_ll_driver_state(
 165:Core/Src/vl53l1_api_core.c **** 			Dev,
 166:Core/Src/vl53l1_api_core.c **** 			VL53L1_DEVICESTATE_UNKNOWN);
 167:Core/Src/vl53l1_api_core.c **** 
 168:Core/Src/vl53l1_api_core.c **** 	pdev->wait_method             = VL53L1_WAIT_METHOD_BLOCKING;
 169:Core/Src/vl53l1_api_core.c **** 	pdev->preset_mode             = VL53L1_DEVICEPRESETMODE_STANDARD_RANGING;
 170:Core/Src/vl53l1_api_core.c **** 	pdev->measurement_mode        = VL53L1_DEVICEMEASUREMENTMODE_STOP;
 171:Core/Src/vl53l1_api_core.c **** 
 172:Core/Src/vl53l1_api_core.c **** 	pdev->offset_calibration_mode =
 173:Core/Src/vl53l1_api_core.c **** 		VL53L1_OFFSETCALIBRATIONMODE__MM1_MM2__STANDARD;
 174:Core/Src/vl53l1_api_core.c **** 	pdev->offset_correction_mode  =
 175:Core/Src/vl53l1_api_core.c **** 		VL53L1_OFFSETCORRECTIONMODE__MM1_MM2_OFFSETS;
 176:Core/Src/vl53l1_api_core.c **** 
 177:Core/Src/vl53l1_api_core.c **** 	pdev->phasecal_config_timeout_us  =  1000;
 178:Core/Src/vl53l1_api_core.c **** 	pdev->mm_config_timeout_us        =  2000;
 179:Core/Src/vl53l1_api_core.c **** 	pdev->range_config_timeout_us     = 13000;
 180:Core/Src/vl53l1_api_core.c **** 	pdev->inter_measurement_period_ms =   100;
 181:Core/Src/vl53l1_api_core.c **** 	pdev->dss_config__target_total_rate_mcps = 0x0A00;
 182:Core/Src/vl53l1_api_core.c **** 	pdev->debug_mode                  =  0x00;
 183:Core/Src/vl53l1_api_core.c **** 
 184:Core/Src/vl53l1_api_core.c **** 	/* initialise gain calibration values to tuning parameter values */
 185:Core/Src/vl53l1_api_core.c **** 
 186:Core/Src/vl53l1_api_core.c **** 	pdev->gain_cal.standard_ranging_gain_factor =
 187:Core/Src/vl53l1_api_core.c **** 			VL53L1_TUNINGPARM_LITE_RANGING_GAIN_FACTOR_DEFAULT;
 188:Core/Src/vl53l1_api_core.c **** 
 189:Core/Src/vl53l1_api_core.c **** 	/*
 190:Core/Src/vl53l1_api_core.c **** 	 * Initialise version structure
 191:Core/Src/vl53l1_api_core.c **** 	 */
 192:Core/Src/vl53l1_api_core.c **** 	VL53L1_init_version(Dev);
 193:Core/Src/vl53l1_api_core.c **** 
 194:Core/Src/vl53l1_api_core.c **** 	/*
 195:Core/Src/vl53l1_api_core.c **** 	 *  For C-API one time initialization only read device G02 registers
 196:Core/Src/vl53l1_api_core.c **** 	 *  containing data copied from NVM
 197:Core/Src/vl53l1_api_core.c **** 	 *
 198:Core/Src/vl53l1_api_core.c **** 	 *  Contains the key NVM data e.g identification info fast oscillator
 199:Core/Src/vl53l1_api_core.c **** 	 *  freq, max trim and laser safety info
 200:Core/Src/vl53l1_api_core.c **** 	 */
ARM GAS  C:\Users\Lenovo\AppData\Local\Temp\ccZ6paZS.s 			page 5


 201:Core/Src/vl53l1_api_core.c **** 
 202:Core/Src/vl53l1_api_core.c **** 	if (read_p2p_data > 0 && status == VL53L1_ERROR_NONE) /*lint !e774 always true*/
 203:Core/Src/vl53l1_api_core.c **** 			status = VL53L1_read_p2p_data(Dev);
 204:Core/Src/vl53l1_api_core.c **** 
 205:Core/Src/vl53l1_api_core.c **** 	/* Initialise Ref SPAD Char configuration structure */
 206:Core/Src/vl53l1_api_core.c **** #ifndef VL53L1_NOCALIB
 207:Core/Src/vl53l1_api_core.c **** 	status =
 208:Core/Src/vl53l1_api_core.c **** 		VL53L1_init_refspadchar_config_struct(
 209:Core/Src/vl53l1_api_core.c **** 			&(pdev->refspadchar));
 210:Core/Src/vl53l1_api_core.c **** #endif
 211:Core/Src/vl53l1_api_core.c **** 
 212:Core/Src/vl53l1_api_core.c **** 	/* Initialise SPAD Self Check (SSC) configuration structure */
 213:Core/Src/vl53l1_api_core.c **** #ifndef VL53L1_NOCALIB
 214:Core/Src/vl53l1_api_core.c **** 	status =
 215:Core/Src/vl53l1_api_core.c **** 		VL53L1_init_ssc_config_struct(
 216:Core/Src/vl53l1_api_core.c **** 			&(pdev->ssc_cfg));
 217:Core/Src/vl53l1_api_core.c **** #endif
 218:Core/Src/vl53l1_api_core.c **** 
 219:Core/Src/vl53l1_api_core.c **** 	/* Initialise Private Xtalk configuration structure
 220:Core/Src/vl53l1_api_core.c **** 	 * - Fill with customer NVM data to begin
 221:Core/Src/vl53l1_api_core.c **** 	 */
 222:Core/Src/vl53l1_api_core.c **** 	status =
 223:Core/Src/vl53l1_api_core.c **** 		VL53L1_init_xtalk_config_struct(
 224:Core/Src/vl53l1_api_core.c **** 			&(pdev->customer),
 225:Core/Src/vl53l1_api_core.c **** 			&(pdev->xtalk_cfg));
 226:Core/Src/vl53l1_api_core.c **** 
 227:Core/Src/vl53l1_api_core.c **** 	/* Initialise Offset Calibration configuration structure
 228:Core/Src/vl53l1_api_core.c **** 	 */
 229:Core/Src/vl53l1_api_core.c **** #ifndef VL53L1_NOCALIB
 230:Core/Src/vl53l1_api_core.c **** 	status =
 231:Core/Src/vl53l1_api_core.c **** 		VL53L1_init_offset_cal_config_struct(
 232:Core/Src/vl53l1_api_core.c **** 		    &(pdev->offsetcal_cfg));
 233:Core/Src/vl53l1_api_core.c **** #endif
 234:Core/Src/vl53l1_api_core.c **** 
 235:Core/Src/vl53l1_api_core.c **** 	/* Initialise Tuning Parameter structure
 236:Core/Src/vl53l1_api_core.c **** 	 * - Added as part of Patch_AddingTuningParmStorage_11821
 237:Core/Src/vl53l1_api_core.c **** 	 */
 238:Core/Src/vl53l1_api_core.c **** 	status =
 239:Core/Src/vl53l1_api_core.c **** 		VL53L1_init_tuning_parm_storage_struct(
 240:Core/Src/vl53l1_api_core.c **** 			&(pdev->tuning_parms));
 241:Core/Src/vl53l1_api_core.c **** 
 242:Core/Src/vl53l1_api_core.c **** 	status = VL53L1_set_vhv_loopbound(Dev,
 243:Core/Src/vl53l1_api_core.c **** 		VL53L1_TUNINGPARM_VHV_LOOPBOUND_DEFAULT);
 244:Core/Src/vl53l1_api_core.c **** 
 245:Core/Src/vl53l1_api_core.c **** 	/*
 246:Core/Src/vl53l1_api_core.c **** 	 * Initialise default settings - much happen *after*
 247:Core/Src/vl53l1_api_core.c **** 	 * reading /setting  of static_nvm_managed
 248:Core/Src/vl53l1_api_core.c **** 	 */
 249:Core/Src/vl53l1_api_core.c **** 
 250:Core/Src/vl53l1_api_core.c **** 	if (status == VL53L1_ERROR_NONE)
 251:Core/Src/vl53l1_api_core.c **** 		status = VL53L1_set_preset_mode(
 252:Core/Src/vl53l1_api_core.c **** 						Dev,
 253:Core/Src/vl53l1_api_core.c **** 						pdev->preset_mode,
 254:Core/Src/vl53l1_api_core.c **** 						pdev->dss_config__target_total_rate_mcps,  /* 9.7 format 20Mcps */
 255:Core/Src/vl53l1_api_core.c **** 						pdev->phasecal_config_timeout_us,
 256:Core/Src/vl53l1_api_core.c **** 						pdev->mm_config_timeout_us,
 257:Core/Src/vl53l1_api_core.c **** 						pdev->range_config_timeout_us,
ARM GAS  C:\Users\Lenovo\AppData\Local\Temp\ccZ6paZS.s 			page 6


 258:Core/Src/vl53l1_api_core.c **** 						pdev->inter_measurement_period_ms);
 259:Core/Src/vl53l1_api_core.c **** 
 260:Core/Src/vl53l1_api_core.c **** 	/* Initial Low Power Auto Mode data structures */
 261:Core/Src/vl53l1_api_core.c **** 	/* Added for Patch_LowPowerAutoMode */
 262:Core/Src/vl53l1_api_core.c **** 	VL53L1_low_power_auto_data_init(
 263:Core/Src/vl53l1_api_core.c **** 			Dev
 264:Core/Src/vl53l1_api_core.c **** 			);
 265:Core/Src/vl53l1_api_core.c **** 
 266:Core/Src/vl53l1_api_core.c **** #ifdef VL53L1_LOG_ENABLE
 267:Core/Src/vl53l1_api_core.c **** 
 268:Core/Src/vl53l1_api_core.c **** 	/* Prints out the initial calibration data for debug */
 269:Core/Src/vl53l1_api_core.c **** 
 270:Core/Src/vl53l1_api_core.c **** 	VL53L1_print_static_nvm_managed(
 271:Core/Src/vl53l1_api_core.c **** 		&(pdev->stat_nvm),
 272:Core/Src/vl53l1_api_core.c **** 		"data_init():pdev->lldata.stat_nvm.",
 273:Core/Src/vl53l1_api_core.c **** 		VL53L1_TRACE_MODULE_DATA_INIT);
 274:Core/Src/vl53l1_api_core.c **** 
 275:Core/Src/vl53l1_api_core.c **** 	VL53L1_print_customer_nvm_managed(
 276:Core/Src/vl53l1_api_core.c **** 		&(pdev->customer),
 277:Core/Src/vl53l1_api_core.c **** 		"data_init():pdev->lldata.customer.",
 278:Core/Src/vl53l1_api_core.c **** 		VL53L1_TRACE_MODULE_DATA_INIT);
 279:Core/Src/vl53l1_api_core.c **** 
 280:Core/Src/vl53l1_api_core.c **** 	VL53L1_print_nvm_copy_data(
 281:Core/Src/vl53l1_api_core.c **** 		&(pdev->nvm_copy_data),
 282:Core/Src/vl53l1_api_core.c **** 		"data_init():pdev->lldata.nvm_copy_data.",
 283:Core/Src/vl53l1_api_core.c **** 		VL53L1_TRACE_MODULE_DATA_INIT);
 284:Core/Src/vl53l1_api_core.c **** 
 285:Core/Src/vl53l1_api_core.c **** 	VL53L1_print_additional_offset_cal_data(
 286:Core/Src/vl53l1_api_core.c **** 		&(pdev->add_off_cal_data),
 287:Core/Src/vl53l1_api_core.c **** 		"data_init():pdev->lldata.add_off_cal_data.",
 288:Core/Src/vl53l1_api_core.c **** 		VL53L1_TRACE_MODULE_DATA_INIT);
 289:Core/Src/vl53l1_api_core.c **** 
 290:Core/Src/vl53l1_api_core.c **** 	VL53L1_print_user_zone(
 291:Core/Src/vl53l1_api_core.c **** 		&(pdev->mm_roi),
 292:Core/Src/vl53l1_api_core.c **** 		"data_init():pdev->lldata.mm_roi.",
 293:Core/Src/vl53l1_api_core.c **** 		VL53L1_TRACE_MODULE_DATA_INIT);
 294:Core/Src/vl53l1_api_core.c **** 
 295:Core/Src/vl53l1_api_core.c **** 	VL53L1_print_optical_centre(
 296:Core/Src/vl53l1_api_core.c **** 		&(pdev->optical_centre),
 297:Core/Src/vl53l1_api_core.c **** 		"data_init():pdev->lldata.optical_centre.",
 298:Core/Src/vl53l1_api_core.c **** 		VL53L1_TRACE_MODULE_DATA_INIT);
 299:Core/Src/vl53l1_api_core.c **** 
 300:Core/Src/vl53l1_api_core.c **** 	VL53L1_print_cal_peak_rate_map(
 301:Core/Src/vl53l1_api_core.c **** 		&(pdev->cal_peak_rate_map),
 302:Core/Src/vl53l1_api_core.c **** 		"data_init():pdev->lldata.cal_peak_rate_map.",
 303:Core/Src/vl53l1_api_core.c **** 		VL53L1_TRACE_MODULE_DATA_INIT);
 304:Core/Src/vl53l1_api_core.c **** 
 305:Core/Src/vl53l1_api_core.c **** #endif
 306:Core/Src/vl53l1_api_core.c **** 
 307:Core/Src/vl53l1_api_core.c **** 	LOG_FUNCTION_END(status);
 308:Core/Src/vl53l1_api_core.c **** 
 309:Core/Src/vl53l1_api_core.c **** 	return status;
 310:Core/Src/vl53l1_api_core.c **** }
 311:Core/Src/vl53l1_api_core.c **** 
 312:Core/Src/vl53l1_api_core.c **** 
 313:Core/Src/vl53l1_api_core.c **** VL53L1_Error VL53L1_read_p2p_data(
 314:Core/Src/vl53l1_api_core.c **** 	VL53L1_DEV        Dev)
ARM GAS  C:\Users\Lenovo\AppData\Local\Temp\ccZ6paZS.s 			page 7


 315:Core/Src/vl53l1_api_core.c **** {
 316:Core/Src/vl53l1_api_core.c **** 
 317:Core/Src/vl53l1_api_core.c **** 	/*
 318:Core/Src/vl53l1_api_core.c **** 	 *  For C-API one time initialization only reads device
 319:Core/Src/vl53l1_api_core.c **** 	 *  G02 registers containing data copied from NVM
 320:Core/Src/vl53l1_api_core.c **** 	 *
 321:Core/Src/vl53l1_api_core.c **** 	 *  Contains the key NVM data e.g identification info
 322:Core/Src/vl53l1_api_core.c **** 	 *  fast oscillator freq, max trim and laser safety info
 323:Core/Src/vl53l1_api_core.c **** 	 */
 324:Core/Src/vl53l1_api_core.c **** 
 325:Core/Src/vl53l1_api_core.c **** 	VL53L1_Error status       = VL53L1_ERROR_NONE;
 326:Core/Src/vl53l1_api_core.c **** 	VL53L1_LLDriverData_t *pdev = VL53L1DevStructGetLLDriverHandle(Dev);
 327:Core/Src/vl53l1_api_core.c **** 
 328:Core/Src/vl53l1_api_core.c **** 	LOG_FUNCTION_START("");
 329:Core/Src/vl53l1_api_core.c **** 
 330:Core/Src/vl53l1_api_core.c **** 	if (status == VL53L1_ERROR_NONE)
 331:Core/Src/vl53l1_api_core.c **** 		status = VL53L1_get_static_nvm_managed(
 332:Core/Src/vl53l1_api_core.c **** 						Dev,
 333:Core/Src/vl53l1_api_core.c **** 						&(pdev->stat_nvm));
 334:Core/Src/vl53l1_api_core.c **** 
 335:Core/Src/vl53l1_api_core.c **** 	if (status == VL53L1_ERROR_NONE)
 336:Core/Src/vl53l1_api_core.c **** 		status = VL53L1_get_customer_nvm_managed(
 337:Core/Src/vl53l1_api_core.c **** 						Dev,
 338:Core/Src/vl53l1_api_core.c **** 						&(pdev->customer));
 339:Core/Src/vl53l1_api_core.c **** 
 340:Core/Src/vl53l1_api_core.c **** 	if (status == VL53L1_ERROR_NONE) {
 341:Core/Src/vl53l1_api_core.c **** 
 342:Core/Src/vl53l1_api_core.c **** 		status = VL53L1_get_nvm_copy_data(
 343:Core/Src/vl53l1_api_core.c **** 						Dev,
 344:Core/Src/vl53l1_api_core.c **** 						&(pdev->nvm_copy_data));
 345:Core/Src/vl53l1_api_core.c **** 
 346:Core/Src/vl53l1_api_core.c **** 		/* copy Return Good SPADs to buffer */
 347:Core/Src/vl53l1_api_core.c **** 		if (status == VL53L1_ERROR_NONE)
 348:Core/Src/vl53l1_api_core.c **** 			VL53L1_copy_rtn_good_spads_to_buffer(
 349:Core/Src/vl53l1_api_core.c **** 					&(pdev->nvm_copy_data),
 350:Core/Src/vl53l1_api_core.c **** 					&(pdev->rtn_good_spads[0]));
 351:Core/Src/vl53l1_api_core.c **** 	}
 352:Core/Src/vl53l1_api_core.c **** 
 353:Core/Src/vl53l1_api_core.c **** 	/*
 354:Core/Src/vl53l1_api_core.c **** 	 * read slow osc calibration value
 355:Core/Src/vl53l1_api_core.c **** 	 * counts per ms
 356:Core/Src/vl53l1_api_core.c **** 	 */
 357:Core/Src/vl53l1_api_core.c **** 	if (status == VL53L1_ERROR_NONE)
 358:Core/Src/vl53l1_api_core.c **** 		status =
 359:Core/Src/vl53l1_api_core.c **** 			VL53L1_RdWord(
 360:Core/Src/vl53l1_api_core.c **** 				Dev,
 361:Core/Src/vl53l1_api_core.c **** 				VL53L1_RESULT__OSC_CALIBRATE_VAL,
 362:Core/Src/vl53l1_api_core.c **** 				&(pdev->dbg_results.result__osc_calibrate_val));
 363:Core/Src/vl53l1_api_core.c **** 
 364:Core/Src/vl53l1_api_core.c **** 	/*
 365:Core/Src/vl53l1_api_core.c **** 	 * Check if there a sensible value for osc_measured__fast_osc__frequency
 366:Core/Src/vl53l1_api_core.c **** 	 */
 367:Core/Src/vl53l1_api_core.c **** 
 368:Core/Src/vl53l1_api_core.c **** 	if (pdev->stat_nvm.osc_measured__fast_osc__frequency < 0x1000) {
 369:Core/Src/vl53l1_api_core.c **** 		trace_print(
 370:Core/Src/vl53l1_api_core.c **** 			VL53L1_TRACE_LEVEL_WARNING,
 371:Core/Src/vl53l1_api_core.c **** 			"\nInvalid %s value (0x%04X) - forcing to 0x%04X\n\n",
ARM GAS  C:\Users\Lenovo\AppData\Local\Temp\ccZ6paZS.s 			page 8


 372:Core/Src/vl53l1_api_core.c **** 			"pdev->stat_nvm.osc_measured__fast_osc__frequency",
 373:Core/Src/vl53l1_api_core.c **** 			pdev->stat_nvm.osc_measured__fast_osc__frequency,
 374:Core/Src/vl53l1_api_core.c **** 			0xBCCC);
 375:Core/Src/vl53l1_api_core.c **** 		pdev->stat_nvm.osc_measured__fast_osc__frequency = 0xBCCC;
 376:Core/Src/vl53l1_api_core.c **** 	}
 377:Core/Src/vl53l1_api_core.c **** 
 378:Core/Src/vl53l1_api_core.c **** 	/*
 379:Core/Src/vl53l1_api_core.c **** 	 * Get MM ROI - contains optical centre as SPAD number
 380:Core/Src/vl53l1_api_core.c **** 	 */
 381:Core/Src/vl53l1_api_core.c **** 
 382:Core/Src/vl53l1_api_core.c **** 	if (status == VL53L1_ERROR_NONE)
 383:Core/Src/vl53l1_api_core.c **** 		status =
 384:Core/Src/vl53l1_api_core.c **** 			VL53L1_get_mode_mitigation_roi(
 385:Core/Src/vl53l1_api_core.c **** 				Dev,
 386:Core/Src/vl53l1_api_core.c **** 				&(pdev->mm_roi));
 387:Core/Src/vl53l1_api_core.c **** 
 388:Core/Src/vl53l1_api_core.c **** 	/* catch parts where the optical centre is
 389:Core/Src/vl53l1_api_core.c **** 	 * no programmed in to the NVM
 390:Core/Src/vl53l1_api_core.c **** 	 */
 391:Core/Src/vl53l1_api_core.c **** 
 392:Core/Src/vl53l1_api_core.c **** 	if (pdev->optical_centre.x_centre == 0 &&
 393:Core/Src/vl53l1_api_core.c **** 		pdev->optical_centre.y_centre == 0) {
 394:Core/Src/vl53l1_api_core.c **** 		pdev->optical_centre.x_centre =
 395:Core/Src/vl53l1_api_core.c **** 				pdev->mm_roi.x_centre << 4;
 396:Core/Src/vl53l1_api_core.c **** 		pdev->optical_centre.y_centre =
 397:Core/Src/vl53l1_api_core.c **** 				pdev->mm_roi.y_centre << 4;
 398:Core/Src/vl53l1_api_core.c **** 	}
 399:Core/Src/vl53l1_api_core.c **** 
 400:Core/Src/vl53l1_api_core.c **** 	LOG_FUNCTION_END(status);
 401:Core/Src/vl53l1_api_core.c **** 
 402:Core/Src/vl53l1_api_core.c **** 	return status;
 403:Core/Src/vl53l1_api_core.c **** }
 404:Core/Src/vl53l1_api_core.c **** 
 405:Core/Src/vl53l1_api_core.c **** 
 406:Core/Src/vl53l1_api_core.c **** VL53L1_Error VL53L1_software_reset(
 407:Core/Src/vl53l1_api_core.c **** 	VL53L1_DEV    Dev)
 408:Core/Src/vl53l1_api_core.c **** {
  30              		.loc 1 408 1 view -0
  31              		.cfi_startproc
  32              		@ args = 0, pretend = 0, frame = 0
  33              		@ frame_needed = 0, uses_anonymous_args = 0
  34              		.loc 1 408 1 is_stmt 0 view .LVU1
  35 0000 10B5     		push	{r4, lr}
  36              	.LCFI0:
  37              		.cfi_def_cfa_offset 8
  38              		.cfi_offset 4, -8
  39              		.cfi_offset 14, -4
  40 0002 0446     		mov	r4, r0
 409:Core/Src/vl53l1_api_core.c **** 	/**
 410:Core/Src/vl53l1_api_core.c **** 	 * Sets and clears the software reset register VL53L1_SOFT_RESET.
 411:Core/Src/vl53l1_api_core.c **** 	 * and waits for the firmware to boot
 412:Core/Src/vl53l1_api_core.c **** 	 */
 413:Core/Src/vl53l1_api_core.c **** 
 414:Core/Src/vl53l1_api_core.c **** 	VL53L1_Error status       = VL53L1_ERROR_NONE;
  41              		.loc 1 414 2 is_stmt 1 view .LVU2
  42              	.LVL1:
 415:Core/Src/vl53l1_api_core.c **** 
ARM GAS  C:\Users\Lenovo\AppData\Local\Temp\ccZ6paZS.s 			page 9


 416:Core/Src/vl53l1_api_core.c **** 	LOG_FUNCTION_START("");
  43              		.loc 1 416 24 view .LVU3
 417:Core/Src/vl53l1_api_core.c **** 
 418:Core/Src/vl53l1_api_core.c **** 	/* apply reset - note despite the name soft reset is active low! */
 419:Core/Src/vl53l1_api_core.c **** 	if (status == VL53L1_ERROR_NONE) /*lint !e774 always true*/
  44              		.loc 1 419 2 view .LVU4
 420:Core/Src/vl53l1_api_core.c **** 		status = VL53L1_WrByte(
  45              		.loc 1 420 3 view .LVU5
  46              		.loc 1 420 12 is_stmt 0 view .LVU6
  47 0004 0022     		movs	r2, #0
  48 0006 1146     		mov	r1, r2
  49 0008 FFF7FEFF 		bl	VL53L1_WrByte
  50              	.LVL2:
 421:Core/Src/vl53l1_api_core.c **** 						Dev,
 422:Core/Src/vl53l1_api_core.c **** 						VL53L1_SOFT_RESET,
 423:Core/Src/vl53l1_api_core.c **** 						0x00);
 424:Core/Src/vl53l1_api_core.c **** 
 425:Core/Src/vl53l1_api_core.c **** 	/* wait for a while before releasing the reset */
 426:Core/Src/vl53l1_api_core.c **** 	if (status == VL53L1_ERROR_NONE)
  51              		.loc 1 426 2 is_stmt 1 view .LVU7
  52              		.loc 1 426 5 is_stmt 0 view .LVU8
  53 000c 10B1     		cbz	r0, .L6
  54              	.L2:
  55              	.LVL3:
 427:Core/Src/vl53l1_api_core.c **** 		status =
 428:Core/Src/vl53l1_api_core.c **** 			VL53L1_WaitUs(
 429:Core/Src/vl53l1_api_core.c **** 				Dev,
 430:Core/Src/vl53l1_api_core.c **** 				VL53L1_SOFTWARE_RESET_DURATION_US);
 431:Core/Src/vl53l1_api_core.c **** 
 432:Core/Src/vl53l1_api_core.c **** 	/* release reset */
 433:Core/Src/vl53l1_api_core.c **** 	if (status == VL53L1_ERROR_NONE)
  56              		.loc 1 433 2 is_stmt 1 view .LVU9
  57              		.loc 1 433 5 is_stmt 0 view .LVU10
  58 000e 30B1     		cbz	r0, .L7
  59              	.L3:
 434:Core/Src/vl53l1_api_core.c **** 		status = VL53L1_WrByte(
 435:Core/Src/vl53l1_api_core.c **** 						Dev,
 436:Core/Src/vl53l1_api_core.c **** 						VL53L1_SOFT_RESET,
 437:Core/Src/vl53l1_api_core.c **** 						0x01);
 438:Core/Src/vl53l1_api_core.c **** 
 439:Core/Src/vl53l1_api_core.c **** 	/* wait for firmware boot to complete */
 440:Core/Src/vl53l1_api_core.c **** 	if (status == VL53L1_ERROR_NONE)
  60              		.loc 1 440 2 is_stmt 1 view .LVU11
  61              		.loc 1 440 5 is_stmt 0 view .LVU12
  62 0010 58B1     		cbz	r0, .L8
  63              	.L4:
 441:Core/Src/vl53l1_api_core.c **** 		status = VL53L1_wait_for_boot_completion(Dev);
 442:Core/Src/vl53l1_api_core.c **** 
 443:Core/Src/vl53l1_api_core.c **** 	LOG_FUNCTION_END(status);
  64              		.loc 1 443 26 is_stmt 1 view .LVU13
 444:Core/Src/vl53l1_api_core.c **** 
 445:Core/Src/vl53l1_api_core.c **** 	return status;
  65              		.loc 1 445 2 view .LVU14
 446:Core/Src/vl53l1_api_core.c **** }
  66              		.loc 1 446 1 is_stmt 0 view .LVU15
  67 0012 10BD     		pop	{r4, pc}
  68              	.LVL4:
ARM GAS  C:\Users\Lenovo\AppData\Local\Temp\ccZ6paZS.s 			page 10


  69              	.L6:
 427:Core/Src/vl53l1_api_core.c **** 			VL53L1_WaitUs(
  70              		.loc 1 427 3 is_stmt 1 view .LVU16
 428:Core/Src/vl53l1_api_core.c **** 				Dev,
  71              		.loc 1 428 4 is_stmt 0 view .LVU17
  72 0014 6421     		movs	r1, #100
  73 0016 2046     		mov	r0, r4
  74 0018 FFF7FEFF 		bl	VL53L1_WaitUs
  75              	.LVL5:
 428:Core/Src/vl53l1_api_core.c **** 				Dev,
  76              		.loc 1 428 4 view .LVU18
  77 001c F7E7     		b	.L2
  78              	.L7:
 434:Core/Src/vl53l1_api_core.c **** 						Dev,
  79              		.loc 1 434 3 is_stmt 1 view .LVU19
 434:Core/Src/vl53l1_api_core.c **** 						Dev,
  80              		.loc 1 434 12 is_stmt 0 view .LVU20
  81 001e 0122     		movs	r2, #1
  82 0020 0021     		movs	r1, #0
  83 0022 2046     		mov	r0, r4
  84              	.LVL6:
 434:Core/Src/vl53l1_api_core.c **** 						Dev,
  85              		.loc 1 434 12 view .LVU21
  86 0024 FFF7FEFF 		bl	VL53L1_WrByte
  87              	.LVL7:
 434:Core/Src/vl53l1_api_core.c **** 						Dev,
  88              		.loc 1 434 12 view .LVU22
  89 0028 F2E7     		b	.L3
  90              	.L8:
 441:Core/Src/vl53l1_api_core.c **** 
  91              		.loc 1 441 3 is_stmt 1 view .LVU23
 441:Core/Src/vl53l1_api_core.c **** 
  92              		.loc 1 441 12 is_stmt 0 view .LVU24
  93 002a 2046     		mov	r0, r4
  94              	.LVL8:
 441:Core/Src/vl53l1_api_core.c **** 
  95              		.loc 1 441 12 view .LVU25
  96 002c FFF7FEFF 		bl	VL53L1_wait_for_boot_completion
  97              	.LVL9:
 441:Core/Src/vl53l1_api_core.c **** 
  98              		.loc 1 441 12 view .LVU26
  99 0030 EFE7     		b	.L4
 100              		.cfi_endproc
 101              	.LFE5:
 103              		.section	.text.VL53L1_set_part_to_part_data,"ax",%progbits
 104              		.align	1
 105              		.global	VL53L1_set_part_to_part_data
 106              		.syntax unified
 107              		.thumb
 108              		.thumb_func
 110              	VL53L1_set_part_to_part_data:
 111              	.LVL10:
 112              	.LFB6:
 447:Core/Src/vl53l1_api_core.c **** 
 448:Core/Src/vl53l1_api_core.c **** 
 449:Core/Src/vl53l1_api_core.c **** VL53L1_Error VL53L1_set_part_to_part_data(
 450:Core/Src/vl53l1_api_core.c **** 	VL53L1_DEV                            Dev,
ARM GAS  C:\Users\Lenovo\AppData\Local\Temp\ccZ6paZS.s 			page 11


 451:Core/Src/vl53l1_api_core.c **** 	VL53L1_calibration_data_t            *pcal_data)
 452:Core/Src/vl53l1_api_core.c **** {
 113              		.loc 1 452 1 is_stmt 1 view -0
 114              		.cfi_startproc
 115              		@ args = 0, pretend = 0, frame = 0
 116              		@ frame_needed = 0, uses_anonymous_args = 0
 117              		.loc 1 452 1 is_stmt 0 view .LVU28
 118 0000 38B5     		push	{r3, r4, r5, lr}
 119              	.LCFI1:
 120              		.cfi_def_cfa_offset 16
 121              		.cfi_offset 3, -16
 122              		.cfi_offset 4, -12
 123              		.cfi_offset 5, -8
 124              		.cfi_offset 14, -4
 453:Core/Src/vl53l1_api_core.c **** 	/**
 454:Core/Src/vl53l1_api_core.c **** 	 * Uses memcpy to copy input data to pdev->customer
 455:Core/Src/vl53l1_api_core.c **** 	 */
 456:Core/Src/vl53l1_api_core.c **** 
 457:Core/Src/vl53l1_api_core.c **** 	VL53L1_Error  status = VL53L1_ERROR_NONE;
 125              		.loc 1 457 2 is_stmt 1 view .LVU29
 126              	.LVL11:
 458:Core/Src/vl53l1_api_core.c **** 	VL53L1_LLDriverData_t *pdev = VL53L1DevStructGetLLDriverHandle(Dev);
 127              		.loc 1 458 2 view .LVU30
 459:Core/Src/vl53l1_api_core.c **** 
 460:Core/Src/vl53l1_api_core.c **** 	uint32_t tempu32;
 128              		.loc 1 460 2 view .LVU31
 461:Core/Src/vl53l1_api_core.c **** 
 462:Core/Src/vl53l1_api_core.c **** 	LOG_FUNCTION_START("");
 129              		.loc 1 462 24 view .LVU32
 463:Core/Src/vl53l1_api_core.c **** 
 464:Core/Src/vl53l1_api_core.c **** 	if (pcal_data->struct_version !=
 130              		.loc 1 464 2 view .LVU33
 131              		.loc 1 464 15 is_stmt 0 view .LVU34
 132 0002 0A68     		ldr	r2, [r1]
 133              		.loc 1 464 5 view .LVU35
 134 0004 304B     		ldr	r3, .L17
 135 0006 9A42     		cmp	r2, r3
 136 0008 5AD1     		bne	.L14
 137 000a 0446     		mov	r4, r0
 465:Core/Src/vl53l1_api_core.c **** 		VL53L1_LL_CALIBRATION_DATA_STRUCT_VERSION) {
 466:Core/Src/vl53l1_api_core.c **** 		status = VL53L1_ERROR_INVALID_PARAMS;
 467:Core/Src/vl53l1_api_core.c **** 	}
 468:Core/Src/vl53l1_api_core.c **** 
 469:Core/Src/vl53l1_api_core.c **** 	if (status == VL53L1_ERROR_NONE) {
 138              		.loc 1 469 2 is_stmt 1 view .LVU36
 470:Core/Src/vl53l1_api_core.c **** 
 471:Core/Src/vl53l1_api_core.c **** 		/* memcpy(DEST, SRC, N)  */
 472:Core/Src/vl53l1_api_core.c **** 		memcpy(
 139              		.loc 1 472 3 view .LVU37
 140 000c 4A68     		ldr	r2, [r1, #4]	@ unaligned
 141 000e 8B68     		ldr	r3, [r1, #8]	@ unaligned
 142 0010 CD68     		ldr	r5, [r1, #12]	@ unaligned
 143 0012 0869     		ldr	r0, [r1, #16]	@ unaligned
 144              	.LVL12:
 145              		.loc 1 472 3 is_stmt 0 view .LVU38
 146 0014 C4F84220 		str	r2, [r4, #66]	@ unaligned
 147 0018 C4F84630 		str	r3, [r4, #70]	@ unaligned
ARM GAS  C:\Users\Lenovo\AppData\Local\Temp\ccZ6paZS.s 			page 12


 148 001c C4F84A50 		str	r5, [r4, #74]	@ unaligned
 149 0020 C4F84E00 		str	r0, [r4, #78]	@ unaligned
 150 0024 4A69     		ldr	r2, [r1, #20]	@ unaligned
 151 0026 8B69     		ldr	r3, [r1, #24]	@ unaligned
 152 0028 C4F85220 		str	r2, [r4, #82]	@ unaligned
 153 002c C4F85630 		str	r3, [r4, #86]	@ unaligned
 473:Core/Src/vl53l1_api_core.c **** 			&(pdev->customer),
 474:Core/Src/vl53l1_api_core.c **** 			&(pcal_data->customer),
 475:Core/Src/vl53l1_api_core.c **** 			sizeof(VL53L1_customer_nvm_managed_t));
 476:Core/Src/vl53l1_api_core.c **** 
 477:Core/Src/vl53l1_api_core.c **** 		/* memcpy(DEST, SRC, N)  */
 478:Core/Src/vl53l1_api_core.c **** 		memcpy(
 154              		.loc 1 478 3 is_stmt 1 view .LVU39
 155 0030 CA69     		ldr	r2, [r1, #28]	@ unaligned
 156 0032 0B6A     		ldr	r3, [r1, #32]	@ unaligned
 157 0034 C4F89420 		str	r2, [r4, #148]	@ unaligned
 158 0038 C4F89830 		str	r3, [r4, #152]	@ unaligned
 479:Core/Src/vl53l1_api_core.c **** 			&(pdev->add_off_cal_data),
 480:Core/Src/vl53l1_api_core.c **** 			&(pcal_data->add_off_cal_data),
 481:Core/Src/vl53l1_api_core.c **** 			sizeof(VL53L1_additional_offset_cal_data_t));
 482:Core/Src/vl53l1_api_core.c **** 
 483:Core/Src/vl53l1_api_core.c **** 		/* memcpy(DEST, SRC, N)  */
 484:Core/Src/vl53l1_api_core.c **** 		memcpy(
 159              		.loc 1 484 3 view .LVU40
 160 003c CB8C     		ldrh	r3, [r1, #38]	@ unaligned
 161 003e A4F89C30 		strh	r3, [r4, #156]	@ unaligned
 485:Core/Src/vl53l1_api_core.c **** 			&(pdev->gain_cal),
 486:Core/Src/vl53l1_api_core.c **** 			&(pcal_data->gain_cal),
 487:Core/Src/vl53l1_api_core.c **** 			sizeof(VL53L1_gain_calibration_data_t));
 488:Core/Src/vl53l1_api_core.c **** 
 489:Core/Src/vl53l1_api_core.c **** 		/* memcpy(DEST, SRC, N)  */
 490:Core/Src/vl53l1_api_core.c **** 		memcpy(
 162              		.loc 1 490 3 view .LVU41
 491:Core/Src/vl53l1_api_core.c **** 			&(pdev->cal_peak_rate_map),
 492:Core/Src/vl53l1_api_core.c **** 			&(pcal_data->cal_peak_rate_map),
 163              		.loc 1 492 4 is_stmt 0 view .LVU42
 164 0042 01F12803 		add	r3, r1, #40
 490:Core/Src/vl53l1_api_core.c **** 			&(pdev->cal_peak_rate_map),
 165              		.loc 1 490 3 view .LVU43
 166 0046 04F15A02 		add	r2, r4, #90
 167 004a 5831     		adds	r1, r1, #88
 168              	.LVL13:
 169              	.L11:
 490:Core/Src/vl53l1_api_core.c **** 			&(pdev->cal_peak_rate_map),
 170              		.loc 1 490 3 view .LVU44
 171 004c 1D68     		ldr	r5, [r3]	@ unaligned
 172 004e D3F804E0 		ldr	lr, [r3, #4]	@ unaligned
 173 0052 D3F808C0 		ldr	ip, [r3, #8]	@ unaligned
 174 0056 D868     		ldr	r0, [r3, #12]	@ unaligned
 175 0058 1560     		str	r5, [r2]	@ unaligned
 176 005a C2F804E0 		str	lr, [r2, #4]	@ unaligned
 177 005e C2F808C0 		str	ip, [r2, #8]	@ unaligned
 178 0062 D060     		str	r0, [r2, #12]	@ unaligned
 179 0064 1033     		adds	r3, r3, #16
 180 0066 1032     		adds	r2, r2, #16
 181 0068 8B42     		cmp	r3, r1
 182 006a EFD1     		bne	.L11
ARM GAS  C:\Users\Lenovo\AppData\Local\Temp\ccZ6paZS.s 			page 13


 183 006c 1868     		ldr	r0, [r3]	@ unaligned
 184 006e 5968     		ldr	r1, [r3, #4]	@ unaligned
 185              	.LVL14:
 490:Core/Src/vl53l1_api_core.c **** 			&(pdev->cal_peak_rate_map),
 186              		.loc 1 490 3 view .LVU45
 187 0070 1060     		str	r0, [r2]	@ unaligned
 188 0072 5160     		str	r1, [r2, #4]	@ unaligned
 189 0074 1B89     		ldrh	r3, [r3, #8]	@ unaligned
 190 0076 1381     		strh	r3, [r2, #8]	@ unaligned
 493:Core/Src/vl53l1_api_core.c **** 			sizeof(VL53L1_cal_peak_rate_map_t));
 494:Core/Src/vl53l1_api_core.c **** 
 495:Core/Src/vl53l1_api_core.c **** 		/*
 496:Core/Src/vl53l1_api_core.c **** 		 *  Update internal xtalk data structures
 497:Core/Src/vl53l1_api_core.c **** 		 */
 498:Core/Src/vl53l1_api_core.c **** 
 499:Core/Src/vl53l1_api_core.c **** 		pdev->xtalk_cfg.algo__crosstalk_compensation_plane_offset_kcps =
 191              		.loc 1 499 3 is_stmt 1 view .LVU46
 500:Core/Src/vl53l1_api_core.c **** 			pdev->customer.algo__crosstalk_compensation_plane_offset_kcps;
 192              		.loc 1 500 18 is_stmt 0 view .LVU47
 193 0078 B4F84C00 		ldrh	r0, [r4, #76]
 499:Core/Src/vl53l1_api_core.c **** 			pdev->customer.algo__crosstalk_compensation_plane_offset_kcps;
 194              		.loc 1 499 66 view .LVU48
 195 007c C4F82C01 		str	r0, [r4, #300]
 501:Core/Src/vl53l1_api_core.c **** 		pdev->xtalk_cfg.algo__crosstalk_compensation_x_plane_gradient_kcps =
 196              		.loc 1 501 3 is_stmt 1 view .LVU49
 502:Core/Src/vl53l1_api_core.c **** 			pdev->customer.algo__crosstalk_compensation_x_plane_gradient_kcps;
 197              		.loc 1 502 18 is_stmt 0 view .LVU50
 198 0080 B4F94E30 		ldrsh	r3, [r4, #78]
 501:Core/Src/vl53l1_api_core.c **** 		pdev->xtalk_cfg.algo__crosstalk_compensation_x_plane_gradient_kcps =
 199              		.loc 1 501 70 view .LVU51
 200 0084 A4F83031 		strh	r3, [r4, #304]	@ movhi
 503:Core/Src/vl53l1_api_core.c **** 		pdev->xtalk_cfg.algo__crosstalk_compensation_y_plane_gradient_kcps =
 201              		.loc 1 503 3 is_stmt 1 view .LVU52
 504:Core/Src/vl53l1_api_core.c **** 			pdev->customer.algo__crosstalk_compensation_y_plane_gradient_kcps;
 202              		.loc 1 504 18 is_stmt 0 view .LVU53
 203 0088 B4F95030 		ldrsh	r3, [r4, #80]
 503:Core/Src/vl53l1_api_core.c **** 		pdev->xtalk_cfg.algo__crosstalk_compensation_y_plane_gradient_kcps =
 204              		.loc 1 503 70 view .LVU54
 205 008c A4F83231 		strh	r3, [r4, #306]	@ movhi
 505:Core/Src/vl53l1_api_core.c **** 
 506:Core/Src/vl53l1_api_core.c **** 		/* Assess and update customer packet xtalk parameters */
 507:Core/Src/vl53l1_api_core.c **** 
 508:Core/Src/vl53l1_api_core.c **** 		if (pdev->xtalk_cfg.global_crosstalk_compensation_enable == 0x00) {
 206              		.loc 1 508 3 is_stmt 1 view .LVU55
 207              		.loc 1 508 22 is_stmt 0 view .LVU56
 208 0090 94F83C31 		ldrb	r3, [r4, #316]	@ zero_extendqisi2
 209              		.loc 1 508 6 view .LVU57
 210 0094 3BB9     		cbnz	r3, .L12
 509:Core/Src/vl53l1_api_core.c **** 			pdev->customer.algo__crosstalk_compensation_plane_offset_kcps =
 211              		.loc 1 509 4 is_stmt 1 view .LVU58
 212              		.loc 1 509 66 is_stmt 0 view .LVU59
 213 0096 0020     		movs	r0, #0
 214 0098 A4F84C00 		strh	r0, [r4, #76]	@ movhi
 510:Core/Src/vl53l1_api_core.c **** 				0x00;
 511:Core/Src/vl53l1_api_core.c **** 			pdev->customer.algo__crosstalk_compensation_x_plane_gradient_kcps =
 215              		.loc 1 511 4 is_stmt 1 view .LVU60
 216              		.loc 1 511 70 is_stmt 0 view .LVU61
ARM GAS  C:\Users\Lenovo\AppData\Local\Temp\ccZ6paZS.s 			page 14


 217 009c A4F84E00 		strh	r0, [r4, #78]	@ movhi
 512:Core/Src/vl53l1_api_core.c **** 				0x00;
 513:Core/Src/vl53l1_api_core.c **** 			pdev->customer.algo__crosstalk_compensation_y_plane_gradient_kcps =
 218              		.loc 1 513 4 is_stmt 1 view .LVU62
 219              		.loc 1 513 70 is_stmt 0 view .LVU63
 220 00a0 A4F85000 		strh	r0, [r4, #80]	@ movhi
 221              	.LVL15:
 222              	.L10:
 514:Core/Src/vl53l1_api_core.c **** 				0x00;
 515:Core/Src/vl53l1_api_core.c **** 		} else {
 516:Core/Src/vl53l1_api_core.c **** 			tempu32 = VL53L1_calc_crosstalk_plane_offset_with_margin(
 517:Core/Src/vl53l1_api_core.c **** 				pdev->xtalk_cfg.algo__crosstalk_compensation_plane_offset_kcps,
 518:Core/Src/vl53l1_api_core.c **** 				pdev->xtalk_cfg.lite_mode_crosstalk_margin_kcps);
 519:Core/Src/vl53l1_api_core.c **** 			if (tempu32 > 0xFFFF) {	/* clip to 16 bits */
 520:Core/Src/vl53l1_api_core.c **** 				tempu32 = 0xFFFF;
 521:Core/Src/vl53l1_api_core.c **** 			}
 522:Core/Src/vl53l1_api_core.c **** 			pdev->customer.algo__crosstalk_compensation_plane_offset_kcps =
 523:Core/Src/vl53l1_api_core.c **** 				(uint16_t)tempu32;
 524:Core/Src/vl53l1_api_core.c **** 		}
 525:Core/Src/vl53l1_api_core.c **** 	}
 526:Core/Src/vl53l1_api_core.c **** 
 527:Core/Src/vl53l1_api_core.c **** 	LOG_FUNCTION_END(status);
 223              		.loc 1 527 26 is_stmt 1 view .LVU64
 528:Core/Src/vl53l1_api_core.c **** 
 529:Core/Src/vl53l1_api_core.c **** 	return status;
 224              		.loc 1 529 2 view .LVU65
 530:Core/Src/vl53l1_api_core.c **** }
 225              		.loc 1 530 1 is_stmt 0 view .LVU66
 226 00a4 38BD     		pop	{r3, r4, r5, pc}
 227              	.LVL16:
 228              	.L12:
 516:Core/Src/vl53l1_api_core.c **** 				pdev->xtalk_cfg.algo__crosstalk_compensation_plane_offset_kcps,
 229              		.loc 1 516 4 is_stmt 1 view .LVU67
 516:Core/Src/vl53l1_api_core.c **** 				pdev->xtalk_cfg.algo__crosstalk_compensation_plane_offset_kcps,
 230              		.loc 1 516 14 is_stmt 0 view .LVU68
 231 00a6 B4F93E11 		ldrsh	r1, [r4, #318]
 232 00aa FFF7FEFF 		bl	VL53L1_calc_crosstalk_plane_offset_with_margin
 233              	.LVL17:
 519:Core/Src/vl53l1_api_core.c **** 				tempu32 = 0xFFFF;
 234              		.loc 1 519 4 is_stmt 1 view .LVU69
 519:Core/Src/vl53l1_api_core.c **** 				tempu32 = 0xFFFF;
 235              		.loc 1 519 7 is_stmt 0 view .LVU70
 236 00ae B0F5803F 		cmp	r0, #65536
 237 00b2 01D3     		bcc	.L13
 520:Core/Src/vl53l1_api_core.c **** 			}
 238              		.loc 1 520 13 view .LVU71
 239 00b4 4FF6FF70 		movw	r0, #65535
 240              	.LVL18:
 241              	.L13:
 522:Core/Src/vl53l1_api_core.c **** 				(uint16_t)tempu32;
 242              		.loc 1 522 4 is_stmt 1 view .LVU72
 522:Core/Src/vl53l1_api_core.c **** 				(uint16_t)tempu32;
 243              		.loc 1 522 66 is_stmt 0 view .LVU73
 244 00b8 A4F84C00 		strh	r0, [r4, #76]	@ movhi
 457:Core/Src/vl53l1_api_core.c **** 	VL53L1_LLDriverData_t *pdev = VL53L1DevStructGetLLDriverHandle(Dev);
 245              		.loc 1 457 16 view .LVU74
 246 00bc 0020     		movs	r0, #0
ARM GAS  C:\Users\Lenovo\AppData\Local\Temp\ccZ6paZS.s 			page 15


 247              	.LVL19:
 457:Core/Src/vl53l1_api_core.c **** 	VL53L1_LLDriverData_t *pdev = VL53L1DevStructGetLLDriverHandle(Dev);
 248              		.loc 1 457 16 view .LVU75
 249 00be F1E7     		b	.L10
 250              	.LVL20:
 251              	.L14:
 466:Core/Src/vl53l1_api_core.c **** 	}
 252              		.loc 1 466 10 view .LVU76
 253 00c0 6FF00300 		mvn	r0, #3
 254              	.LVL21:
 466:Core/Src/vl53l1_api_core.c **** 	}
 255              		.loc 1 466 10 view .LVU77
 256 00c4 EEE7     		b	.L10
 257              	.L18:
 258 00c6 00BF     		.align	2
 259              	.L17:
 260 00c8 0201ABEC 		.word	-324337406
 261              		.cfi_endproc
 262              	.LFE6:
 264              		.section	.text.VL53L1_get_part_to_part_data,"ax",%progbits
 265              		.align	1
 266              		.global	VL53L1_get_part_to_part_data
 267              		.syntax unified
 268              		.thumb
 269              		.thumb_func
 271              	VL53L1_get_part_to_part_data:
 272              	.LVL22:
 273              	.LFB7:
 531:Core/Src/vl53l1_api_core.c **** 
 532:Core/Src/vl53l1_api_core.c **** 
 533:Core/Src/vl53l1_api_core.c **** VL53L1_Error VL53L1_get_part_to_part_data(
 534:Core/Src/vl53l1_api_core.c **** 	VL53L1_DEV                      Dev,
 535:Core/Src/vl53l1_api_core.c **** 	VL53L1_calibration_data_t      *pcal_data)
 536:Core/Src/vl53l1_api_core.c **** {
 274              		.loc 1 536 1 is_stmt 1 view -0
 275              		.cfi_startproc
 276              		@ args = 0, pretend = 0, frame = 0
 277              		@ frame_needed = 0, uses_anonymous_args = 0
 278              		.loc 1 536 1 is_stmt 0 view .LVU79
 279 0000 10B5     		push	{r4, lr}
 280              	.LCFI2:
 281              		.cfi_def_cfa_offset 8
 282              		.cfi_offset 4, -8
 283              		.cfi_offset 14, -4
 537:Core/Src/vl53l1_api_core.c **** 	/**
 538:Core/Src/vl53l1_api_core.c **** 	 * Uses memcpy to copy pdev->customer to output data
 539:Core/Src/vl53l1_api_core.c **** 	 */
 540:Core/Src/vl53l1_api_core.c **** 
 541:Core/Src/vl53l1_api_core.c **** 	VL53L1_Error  status = VL53L1_ERROR_NONE;
 284              		.loc 1 541 2 is_stmt 1 view .LVU80
 285              	.LVL23:
 542:Core/Src/vl53l1_api_core.c **** 	VL53L1_LLDriverData_t *pdev = VL53L1DevStructGetLLDriverHandle(Dev);
 286              		.loc 1 542 2 view .LVU81
 543:Core/Src/vl53l1_api_core.c **** 
 544:Core/Src/vl53l1_api_core.c **** 	LOG_FUNCTION_START("");
 287              		.loc 1 544 24 view .LVU82
 545:Core/Src/vl53l1_api_core.c **** 
ARM GAS  C:\Users\Lenovo\AppData\Local\Temp\ccZ6paZS.s 			page 16


 546:Core/Src/vl53l1_api_core.c **** 	pcal_data->struct_version =
 288              		.loc 1 546 2 view .LVU83
 289              		.loc 1 546 28 is_stmt 0 view .LVU84
 290 0002 0B46     		mov	r3, r1
 291 0004 274A     		ldr	r2, .L24
 292 0006 43F8042B 		str	r2, [r3], #4
 547:Core/Src/vl53l1_api_core.c **** 			VL53L1_LL_CALIBRATION_DATA_STRUCT_VERSION;
 548:Core/Src/vl53l1_api_core.c **** 
 549:Core/Src/vl53l1_api_core.c **** 	/* memcpy(DEST, SRC, N)  */
 550:Core/Src/vl53l1_api_core.c **** 	memcpy(
 293              		.loc 1 550 2 is_stmt 1 view .LVU85
 294 000a D0F842C0 		ldr	ip, [r0, #66]	@ unaligned
 295 000e D0F84620 		ldr	r2, [r0, #70]	@ unaligned
 296 0012 D0F84A40 		ldr	r4, [r0, #74]	@ unaligned
 297 0016 D0F84EE0 		ldr	lr, [r0, #78]	@ unaligned
 298 001a C1F804C0 		str	ip, [r1, #4]	@ unaligned
 299 001e 5A60     		str	r2, [r3, #4]	@ unaligned
 300 0020 9C60     		str	r4, [r3, #8]	@ unaligned
 301 0022 C3F80CE0 		str	lr, [r3, #12]	@ unaligned
 302 0026 D0F852C0 		ldr	ip, [r0, #82]	@ unaligned
 303 002a D0F85620 		ldr	r2, [r0, #86]	@ unaligned
 304 002e C3F810C0 		str	ip, [r3, #16]	@ unaligned
 305 0032 5A61     		str	r2, [r3, #20]	@ unaligned
 551:Core/Src/vl53l1_api_core.c **** 		&(pcal_data->customer),
 552:Core/Src/vl53l1_api_core.c **** 		&(pdev->customer),
 553:Core/Src/vl53l1_api_core.c **** 		sizeof(VL53L1_customer_nvm_managed_t));
 554:Core/Src/vl53l1_api_core.c **** 
 555:Core/Src/vl53l1_api_core.c **** 	/* Overwrite Struct with xtalk config parameters */
 556:Core/Src/vl53l1_api_core.c **** 	/* - customer struct versions are not golden copy */
 557:Core/Src/vl53l1_api_core.c **** 
 558:Core/Src/vl53l1_api_core.c **** 	if (pdev->xtalk_cfg.algo__crosstalk_compensation_plane_offset_kcps > 0xFFFF) {
 306              		.loc 1 558 2 view .LVU86
 307              		.loc 1 558 21 is_stmt 0 view .LVU87
 308 0034 D0F82C31 		ldr	r3, [r0, #300]
 309              		.loc 1 558 5 view .LVU88
 310 0038 B3F5803F 		cmp	r3, #65536
 311 003c 30D3     		bcc	.L20
 559:Core/Src/vl53l1_api_core.c **** 		pcal_data->customer.algo__crosstalk_compensation_plane_offset_kcps =
 312              		.loc 1 559 3 is_stmt 1 view .LVU89
 313              		.loc 1 559 70 is_stmt 0 view .LVU90
 314 003e 4FF6FF73 		movw	r3, #65535
 315 0042 CB81     		strh	r3, [r1, #14]	@ movhi
 316              	.L21:
 560:Core/Src/vl53l1_api_core.c **** 			0xFFFF;
 561:Core/Src/vl53l1_api_core.c **** 	} else {
 562:Core/Src/vl53l1_api_core.c **** 		pcal_data->customer.algo__crosstalk_compensation_plane_offset_kcps =
 563:Core/Src/vl53l1_api_core.c **** 			(uint16_t)pdev->xtalk_cfg.algo__crosstalk_compensation_plane_offset_kcps;
 564:Core/Src/vl53l1_api_core.c **** 	}
 565:Core/Src/vl53l1_api_core.c **** 	pcal_data->customer.algo__crosstalk_compensation_x_plane_gradient_kcps =
 317              		.loc 1 565 2 is_stmt 1 view .LVU91
 566:Core/Src/vl53l1_api_core.c **** 		pdev->xtalk_cfg.algo__crosstalk_compensation_x_plane_gradient_kcps;
 318              		.loc 1 566 18 is_stmt 0 view .LVU92
 319 0044 B0F93031 		ldrsh	r3, [r0, #304]
 565:Core/Src/vl53l1_api_core.c **** 		pdev->xtalk_cfg.algo__crosstalk_compensation_x_plane_gradient_kcps;
 320              		.loc 1 565 73 view .LVU93
 321 0048 0B82     		strh	r3, [r1, #16]	@ movhi
 567:Core/Src/vl53l1_api_core.c **** 	pcal_data->customer.algo__crosstalk_compensation_y_plane_gradient_kcps =
ARM GAS  C:\Users\Lenovo\AppData\Local\Temp\ccZ6paZS.s 			page 17


 322              		.loc 1 567 2 is_stmt 1 view .LVU94
 568:Core/Src/vl53l1_api_core.c **** 		pdev->xtalk_cfg.algo__crosstalk_compensation_y_plane_gradient_kcps;
 323              		.loc 1 568 18 is_stmt 0 view .LVU95
 324 004a B0F93231 		ldrsh	r3, [r0, #306]
 567:Core/Src/vl53l1_api_core.c **** 	pcal_data->customer.algo__crosstalk_compensation_y_plane_gradient_kcps =
 325              		.loc 1 567 73 view .LVU96
 326 004e 4B82     		strh	r3, [r1, #18]	@ movhi
 569:Core/Src/vl53l1_api_core.c **** 
 570:Core/Src/vl53l1_api_core.c **** 	/* memcpy(DEST, SRC, N)  */
 571:Core/Src/vl53l1_api_core.c **** 	memcpy(
 327              		.loc 1 571 2 is_stmt 1 view .LVU97
 328 0050 D0F89420 		ldr	r2, [r0, #148]	@ unaligned
 329 0054 D0F89830 		ldr	r3, [r0, #152]	@ unaligned
 330 0058 CA61     		str	r2, [r1, #28]	@ unaligned
 331 005a 0B62     		str	r3, [r1, #32]	@ unaligned
 572:Core/Src/vl53l1_api_core.c **** 		&(pcal_data->add_off_cal_data),
 573:Core/Src/vl53l1_api_core.c **** 		&(pdev->add_off_cal_data),
 574:Core/Src/vl53l1_api_core.c **** 		sizeof(VL53L1_additional_offset_cal_data_t));
 575:Core/Src/vl53l1_api_core.c **** 
 576:Core/Src/vl53l1_api_core.c **** 	/* memcpy(DEST, SRC, N)  */
 577:Core/Src/vl53l1_api_core.c **** 	memcpy(
 332              		.loc 1 577 2 view .LVU98
 333 005c B0F8A230 		ldrh	r3, [r0, #162]	@ unaligned
 334 0060 8B84     		strh	r3, [r1, #36]	@ unaligned
 578:Core/Src/vl53l1_api_core.c **** 		&(pcal_data->optical_centre),
 579:Core/Src/vl53l1_api_core.c **** 		&(pdev->optical_centre),
 580:Core/Src/vl53l1_api_core.c **** 		sizeof(VL53L1_optical_centre_t));
 581:Core/Src/vl53l1_api_core.c **** 
 582:Core/Src/vl53l1_api_core.c **** 	/* memcpy(DEST, SRC, N)  */
 583:Core/Src/vl53l1_api_core.c **** 	memcpy(
 335              		.loc 1 583 2 view .LVU99
 336 0062 B0F89C30 		ldrh	r3, [r0, #156]	@ unaligned
 337 0066 CB84     		strh	r3, [r1, #38]	@ unaligned
 584:Core/Src/vl53l1_api_core.c **** 		&(pcal_data->gain_cal),
 585:Core/Src/vl53l1_api_core.c **** 		&(pdev->gain_cal),
 586:Core/Src/vl53l1_api_core.c **** 		sizeof(VL53L1_gain_calibration_data_t));
 587:Core/Src/vl53l1_api_core.c **** 
 588:Core/Src/vl53l1_api_core.c **** 	/* memcpy(DEST, SRC, N)  */
 589:Core/Src/vl53l1_api_core.c **** 	memcpy(
 338              		.loc 1 589 2 view .LVU100
 590:Core/Src/vl53l1_api_core.c **** 		&(pcal_data->cal_peak_rate_map),
 591:Core/Src/vl53l1_api_core.c **** 		&(pdev->cal_peak_rate_map),
 339              		.loc 1 591 3 is_stmt 0 view .LVU101
 340 0068 00F15A03 		add	r3, r0, #90
 589:Core/Src/vl53l1_api_core.c **** 		&(pcal_data->cal_peak_rate_map),
 341              		.loc 1 589 2 view .LVU102
 342 006c 2831     		adds	r1, r1, #40
 343              	.LVL24:
 589:Core/Src/vl53l1_api_core.c **** 		&(pcal_data->cal_peak_rate_map),
 344              		.loc 1 589 2 view .LVU103
 345 006e 8A30     		adds	r0, r0, #138
 346              	.LVL25:
 347              	.L22:
 589:Core/Src/vl53l1_api_core.c **** 		&(pcal_data->cal_peak_rate_map),
 348              		.loc 1 589 2 view .LVU104
 349 0070 D3F800E0 		ldr	lr, [r3]	@ unaligned
 350 0074 D3F804C0 		ldr	ip, [r3, #4]	@ unaligned
ARM GAS  C:\Users\Lenovo\AppData\Local\Temp\ccZ6paZS.s 			page 18


 351 0078 9C68     		ldr	r4, [r3, #8]	@ unaligned
 352 007a DA68     		ldr	r2, [r3, #12]	@ unaligned
 353 007c C1F800E0 		str	lr, [r1]	@ unaligned
 354 0080 C1F804C0 		str	ip, [r1, #4]	@ unaligned
 355 0084 8C60     		str	r4, [r1, #8]	@ unaligned
 356 0086 CA60     		str	r2, [r1, #12]	@ unaligned
 357 0088 1033     		adds	r3, r3, #16
 358 008a 1031     		adds	r1, r1, #16
 359 008c 8342     		cmp	r3, r0
 360 008e EFD1     		bne	.L22
 361 0090 1868     		ldr	r0, [r3]	@ unaligned
 362              	.LVL26:
 589:Core/Src/vl53l1_api_core.c **** 		&(pcal_data->cal_peak_rate_map),
 363              		.loc 1 589 2 view .LVU105
 364 0092 5A68     		ldr	r2, [r3, #4]	@ unaligned
 365 0094 0860     		str	r0, [r1]	@ unaligned
 366 0096 4A60     		str	r2, [r1, #4]	@ unaligned
 367 0098 1B89     		ldrh	r3, [r3, #8]	@ unaligned
 368 009a 0B81     		strh	r3, [r1, #8]	@ unaligned
 592:Core/Src/vl53l1_api_core.c **** 		sizeof(VL53L1_cal_peak_rate_map_t));
 593:Core/Src/vl53l1_api_core.c **** 
 594:Core/Src/vl53l1_api_core.c **** 	LOG_FUNCTION_END(status);
 369              		.loc 1 594 26 is_stmt 1 view .LVU106
 595:Core/Src/vl53l1_api_core.c **** 
 596:Core/Src/vl53l1_api_core.c **** 	return status;
 370              		.loc 1 596 2 view .LVU107
 597:Core/Src/vl53l1_api_core.c **** }
 371              		.loc 1 597 1 is_stmt 0 view .LVU108
 372 009c 0020     		movs	r0, #0
 373 009e 10BD     		pop	{r4, pc}
 374              	.LVL27:
 375              	.L20:
 562:Core/Src/vl53l1_api_core.c **** 			(uint16_t)pdev->xtalk_cfg.algo__crosstalk_compensation_plane_offset_kcps;
 376              		.loc 1 562 3 is_stmt 1 view .LVU109
 562:Core/Src/vl53l1_api_core.c **** 			(uint16_t)pdev->xtalk_cfg.algo__crosstalk_compensation_plane_offset_kcps;
 377              		.loc 1 562 70 is_stmt 0 view .LVU110
 378 00a0 CB81     		strh	r3, [r1, #14]	@ movhi
 379 00a2 CFE7     		b	.L21
 380              	.L25:
 381              		.align	2
 382              	.L24:
 383 00a4 0201ABEC 		.word	-324337406
 384              		.cfi_endproc
 385              	.LFE7:
 387              		.section	.text.VL53L1_set_inter_measurement_period_ms,"ax",%progbits
 388              		.align	1
 389              		.global	VL53L1_set_inter_measurement_period_ms
 390              		.syntax unified
 391              		.thumb
 392              		.thumb_func
 394              	VL53L1_set_inter_measurement_period_ms:
 395              	.LVL28:
 396              	.LFB8:
 598:Core/Src/vl53l1_api_core.c **** 
 599:Core/Src/vl53l1_api_core.c **** 
 600:Core/Src/vl53l1_api_core.c **** VL53L1_Error VL53L1_set_inter_measurement_period_ms(
 601:Core/Src/vl53l1_api_core.c **** 	VL53L1_DEV              Dev,
ARM GAS  C:\Users\Lenovo\AppData\Local\Temp\ccZ6paZS.s 			page 19


 602:Core/Src/vl53l1_api_core.c **** 	uint32_t                inter_measurement_period_ms)
 603:Core/Src/vl53l1_api_core.c **** {
 397              		.loc 1 603 1 is_stmt 1 view -0
 398              		.cfi_startproc
 399              		@ args = 0, pretend = 0, frame = 0
 400              		@ frame_needed = 0, uses_anonymous_args = 0
 401              		@ link register save eliminated.
 604:Core/Src/vl53l1_api_core.c **** 	/**
 605:Core/Src/vl53l1_api_core.c **** 	 * Convenience function for setting the inter measurement period
 606:Core/Src/vl53l1_api_core.c **** 	 */
 607:Core/Src/vl53l1_api_core.c **** 
 608:Core/Src/vl53l1_api_core.c **** 	VL53L1_Error  status = VL53L1_ERROR_NONE;
 402              		.loc 1 608 2 view .LVU112
 609:Core/Src/vl53l1_api_core.c **** 	VL53L1_LLDriverData_t *pdev = VL53L1DevStructGetLLDriverHandle(Dev);
 403              		.loc 1 609 2 view .LVU113
 610:Core/Src/vl53l1_api_core.c **** 
 611:Core/Src/vl53l1_api_core.c **** 	LOG_FUNCTION_START("");
 404              		.loc 1 611 24 view .LVU114
 612:Core/Src/vl53l1_api_core.c **** 
 613:Core/Src/vl53l1_api_core.c **** 	if (pdev->dbg_results.result__osc_calibrate_val == 0)
 405              		.loc 1 613 2 view .LVU115
 406              		.loc 1 613 23 is_stmt 0 view .LVU116
 407 0000 B0F8B432 		ldrh	r3, [r0, #692]
 408              		.loc 1 613 5 view .LVU117
 409 0004 33B1     		cbz	r3, .L28
 614:Core/Src/vl53l1_api_core.c **** 		status = VL53L1_ERROR_DIVISION_BY_ZERO;
 615:Core/Src/vl53l1_api_core.c **** 
 616:Core/Src/vl53l1_api_core.c **** 	if (status == VL53L1_ERROR_NONE) {
 410              		.loc 1 616 2 is_stmt 1 view .LVU118
 617:Core/Src/vl53l1_api_core.c **** 		pdev->inter_measurement_period_ms = inter_measurement_period_ms;
 411              		.loc 1 617 3 view .LVU119
 412              		.loc 1 617 37 is_stmt 0 view .LVU120
 413 0006 4161     		str	r1, [r0, #20]
 618:Core/Src/vl53l1_api_core.c **** 		pdev->tim_cfg.system__intermeasurement_period = \
 414              		.loc 1 618 3 is_stmt 1 view .LVU121
 619:Core/Src/vl53l1_api_core.c **** 			inter_measurement_period_ms *
 415              		.loc 1 619 32 is_stmt 0 view .LVU122
 416 0008 03FB01F1 		mul	r1, r3, r1
 417              	.LVL29:
 618:Core/Src/vl53l1_api_core.c **** 		pdev->tim_cfg.system__intermeasurement_period = \
 418              		.loc 1 618 49 view .LVU123
 419 000c C0F8AC11 		str	r1, [r0, #428]
 608:Core/Src/vl53l1_api_core.c **** 	VL53L1_LLDriverData_t *pdev = VL53L1DevStructGetLLDriverHandle(Dev);
 420              		.loc 1 608 16 view .LVU124
 421 0010 0020     		movs	r0, #0
 422              	.LVL30:
 608:Core/Src/vl53l1_api_core.c **** 	VL53L1_LLDriverData_t *pdev = VL53L1DevStructGetLLDriverHandle(Dev);
 423              		.loc 1 608 16 view .LVU125
 424 0012 7047     		bx	lr
 425              	.LVL31:
 426              	.L28:
 614:Core/Src/vl53l1_api_core.c **** 
 427              		.loc 1 614 10 view .LVU126
 428 0014 6FF00E00 		mvn	r0, #14
 429              	.LVL32:
 620:Core/Src/vl53l1_api_core.c **** 			(uint32_t)pdev->dbg_results.result__osc_calibrate_val;
 621:Core/Src/vl53l1_api_core.c **** 	}
ARM GAS  C:\Users\Lenovo\AppData\Local\Temp\ccZ6paZS.s 			page 20


 622:Core/Src/vl53l1_api_core.c **** 
 623:Core/Src/vl53l1_api_core.c **** 	LOG_FUNCTION_END(status);
 430              		.loc 1 623 26 is_stmt 1 view .LVU127
 624:Core/Src/vl53l1_api_core.c **** 
 625:Core/Src/vl53l1_api_core.c **** 	return status;
 431              		.loc 1 625 2 view .LVU128
 626:Core/Src/vl53l1_api_core.c **** }
 432              		.loc 1 626 1 is_stmt 0 view .LVU129
 433 0018 7047     		bx	lr
 434              		.cfi_endproc
 435              	.LFE8:
 437              		.section	.text.VL53L1_get_inter_measurement_period_ms,"ax",%progbits
 438              		.align	1
 439              		.global	VL53L1_get_inter_measurement_period_ms
 440              		.syntax unified
 441              		.thumb
 442              		.thumb_func
 444              	VL53L1_get_inter_measurement_period_ms:
 445              	.LVL33:
 446              	.LFB9:
 627:Core/Src/vl53l1_api_core.c **** 
 628:Core/Src/vl53l1_api_core.c **** 
 629:Core/Src/vl53l1_api_core.c **** VL53L1_Error VL53L1_get_inter_measurement_period_ms(
 630:Core/Src/vl53l1_api_core.c **** 	VL53L1_DEV              Dev,
 631:Core/Src/vl53l1_api_core.c **** 	uint32_t               *pinter_measurement_period_ms)
 632:Core/Src/vl53l1_api_core.c **** {
 447              		.loc 1 632 1 is_stmt 1 view -0
 448              		.cfi_startproc
 449              		@ args = 0, pretend = 0, frame = 0
 450              		@ frame_needed = 0, uses_anonymous_args = 0
 451              		@ link register save eliminated.
 633:Core/Src/vl53l1_api_core.c **** 	/**
 634:Core/Src/vl53l1_api_core.c **** 	 * Convenience function for getting the inter measurement period
 635:Core/Src/vl53l1_api_core.c **** 	 */
 636:Core/Src/vl53l1_api_core.c **** 
 637:Core/Src/vl53l1_api_core.c **** 	VL53L1_Error  status = VL53L1_ERROR_NONE;
 452              		.loc 1 637 2 view .LVU131
 638:Core/Src/vl53l1_api_core.c **** 	VL53L1_LLDriverData_t *pdev = VL53L1DevStructGetLLDriverHandle(Dev);
 453              		.loc 1 638 2 view .LVU132
 639:Core/Src/vl53l1_api_core.c **** 
 640:Core/Src/vl53l1_api_core.c **** 	LOG_FUNCTION_START("");
 454              		.loc 1 640 24 view .LVU133
 641:Core/Src/vl53l1_api_core.c **** 
 642:Core/Src/vl53l1_api_core.c **** 	if (pdev->dbg_results.result__osc_calibrate_val == 0)
 455              		.loc 1 642 2 view .LVU134
 456              		.loc 1 642 23 is_stmt 0 view .LVU135
 457 0000 B0F8B422 		ldrh	r2, [r0, #692]
 458              		.loc 1 642 5 view .LVU136
 459 0004 32B1     		cbz	r2, .L31
 643:Core/Src/vl53l1_api_core.c **** 		status = VL53L1_ERROR_DIVISION_BY_ZERO;
 644:Core/Src/vl53l1_api_core.c **** 
 645:Core/Src/vl53l1_api_core.c **** 	if (status == VL53L1_ERROR_NONE)
 460              		.loc 1 645 2 is_stmt 1 view .LVU137
 646:Core/Src/vl53l1_api_core.c **** 		*pinter_measurement_period_ms = \
 461              		.loc 1 646 3 view .LVU138
 647:Core/Src/vl53l1_api_core.c **** 			pdev->tim_cfg.system__intermeasurement_period /
 462              		.loc 1 647 17 is_stmt 0 view .LVU139
ARM GAS  C:\Users\Lenovo\AppData\Local\Temp\ccZ6paZS.s 			page 21


 463 0006 D0F8AC31 		ldr	r3, [r0, #428]
 464              		.loc 1 647 50 view .LVU140
 465 000a B3FBF2F3 		udiv	r3, r3, r2
 646:Core/Src/vl53l1_api_core.c **** 		*pinter_measurement_period_ms = \
 466              		.loc 1 646 33 view .LVU141
 467 000e 0B60     		str	r3, [r1]
 637:Core/Src/vl53l1_api_core.c **** 	VL53L1_LLDriverData_t *pdev = VL53L1DevStructGetLLDriverHandle(Dev);
 468              		.loc 1 637 16 view .LVU142
 469 0010 0020     		movs	r0, #0
 470              	.LVL34:
 637:Core/Src/vl53l1_api_core.c **** 	VL53L1_LLDriverData_t *pdev = VL53L1DevStructGetLLDriverHandle(Dev);
 471              		.loc 1 637 16 view .LVU143
 472 0012 7047     		bx	lr
 473              	.LVL35:
 474              	.L31:
 643:Core/Src/vl53l1_api_core.c **** 
 475              		.loc 1 643 10 view .LVU144
 476 0014 6FF00E00 		mvn	r0, #14
 477              	.LVL36:
 648:Core/Src/vl53l1_api_core.c **** 			(uint32_t)pdev->dbg_results.result__osc_calibrate_val;
 649:Core/Src/vl53l1_api_core.c **** 
 650:Core/Src/vl53l1_api_core.c **** 
 651:Core/Src/vl53l1_api_core.c **** 	LOG_FUNCTION_END(status);
 478              		.loc 1 651 26 is_stmt 1 view .LVU145
 652:Core/Src/vl53l1_api_core.c **** 
 653:Core/Src/vl53l1_api_core.c **** 	return status;
 479              		.loc 1 653 2 view .LVU146
 654:Core/Src/vl53l1_api_core.c **** }
 480              		.loc 1 654 1 is_stmt 0 view .LVU147
 481 0018 7047     		bx	lr
 482              		.cfi_endproc
 483              	.LFE9:
 485              		.section	.text.VL53L1_set_timeouts_us,"ax",%progbits
 486              		.align	1
 487              		.global	VL53L1_set_timeouts_us
 488              		.syntax unified
 489              		.thumb
 490              		.thumb_func
 492              	VL53L1_set_timeouts_us:
 493              	.LVL37:
 494              	.LFB10:
 655:Core/Src/vl53l1_api_core.c **** 
 656:Core/Src/vl53l1_api_core.c **** 
 657:Core/Src/vl53l1_api_core.c **** VL53L1_Error VL53L1_set_timeouts_us(
 658:Core/Src/vl53l1_api_core.c **** 	VL53L1_DEV          Dev,
 659:Core/Src/vl53l1_api_core.c **** 	uint32_t            phasecal_config_timeout_us,
 660:Core/Src/vl53l1_api_core.c **** 	uint32_t            mm_config_timeout_us,
 661:Core/Src/vl53l1_api_core.c **** 	uint32_t            range_config_timeout_us)
 662:Core/Src/vl53l1_api_core.c **** {
 495              		.loc 1 662 1 is_stmt 1 view -0
 496              		.cfi_startproc
 497              		@ args = 0, pretend = 0, frame = 0
 498              		@ frame_needed = 0, uses_anonymous_args = 0
 499              		.loc 1 662 1 is_stmt 0 view .LVU149
 500 0000 8446     		mov	ip, r0
 501 0002 0846     		mov	r0, r1
 502              	.LVL38:
ARM GAS  C:\Users\Lenovo\AppData\Local\Temp\ccZ6paZS.s 			page 22


 503              		.loc 1 662 1 view .LVU150
 504 0004 1146     		mov	r1, r2
 505              	.LVL39:
 506              		.loc 1 662 1 view .LVU151
 507 0006 1A46     		mov	r2, r3
 508              	.LVL40:
 663:Core/Src/vl53l1_api_core.c **** 	/**
 664:Core/Src/vl53l1_api_core.c **** 	 * Convenience function for setting the MM and range
 665:Core/Src/vl53l1_api_core.c **** 	 * timeouts
 666:Core/Src/vl53l1_api_core.c **** 	 */
 667:Core/Src/vl53l1_api_core.c **** 
 668:Core/Src/vl53l1_api_core.c **** 	VL53L1_Error  status = VL53L1_ERROR_NONE;
 509              		.loc 1 668 2 is_stmt 1 view .LVU152
 669:Core/Src/vl53l1_api_core.c **** 	VL53L1_LLDriverData_t *pdev =
 510              		.loc 1 669 2 view .LVU153
 670:Core/Src/vl53l1_api_core.c **** 			VL53L1DevStructGetLLDriverHandle(Dev);
 671:Core/Src/vl53l1_api_core.c **** 
 672:Core/Src/vl53l1_api_core.c **** 	LOG_FUNCTION_START("");
 511              		.loc 1 672 24 view .LVU154
 673:Core/Src/vl53l1_api_core.c **** 
 674:Core/Src/vl53l1_api_core.c **** 	if (pdev->stat_nvm.osc_measured__fast_osc__frequency == 0)
 512              		.loc 1 674 2 view .LVU155
 513              		.loc 1 674 20 is_stmt 0 view .LVU156
 514 0008 BCF85E31 		ldrh	r3, [ip, #350]
 515              	.LVL41:
 516              		.loc 1 674 5 view .LVU157
 517 000c 8BB1     		cbz	r3, .L34
 662:Core/Src/vl53l1_api_core.c **** 	/**
 518              		.loc 1 662 1 view .LVU158
 519 000e 10B5     		push	{r4, lr}
 520              	.LCFI3:
 521              		.cfi_def_cfa_offset 8
 522              		.cfi_offset 4, -8
 523              		.cfi_offset 14, -4
 524 0010 82B0     		sub	sp, sp, #8
 525              	.LCFI4:
 526              		.cfi_def_cfa_offset 16
 675:Core/Src/vl53l1_api_core.c **** 		status = VL53L1_ERROR_DIVISION_BY_ZERO;
 676:Core/Src/vl53l1_api_core.c **** 
 677:Core/Src/vl53l1_api_core.c **** 	if (status == VL53L1_ERROR_NONE) {
 527              		.loc 1 677 2 is_stmt 1 view .LVU159
 678:Core/Src/vl53l1_api_core.c **** 
 679:Core/Src/vl53l1_api_core.c **** 		pdev->phasecal_config_timeout_us = phasecal_config_timeout_us;
 528              		.loc 1 679 3 view .LVU160
 529              		.loc 1 679 36 is_stmt 0 view .LVU161
 530 0012 CCF80800 		str	r0, [ip, #8]
 680:Core/Src/vl53l1_api_core.c **** 		pdev->mm_config_timeout_us       = mm_config_timeout_us;
 531              		.loc 1 680 3 is_stmt 1 view .LVU162
 532              		.loc 1 680 36 is_stmt 0 view .LVU163
 533 0016 CCF80C10 		str	r1, [ip, #12]
 681:Core/Src/vl53l1_api_core.c **** 		pdev->range_config_timeout_us    = range_config_timeout_us;
 534              		.loc 1 681 3 is_stmt 1 view .LVU164
 535              		.loc 1 681 36 is_stmt 0 view .LVU165
 536 001a CCF81020 		str	r2, [ip, #16]
 682:Core/Src/vl53l1_api_core.c **** 
 683:Core/Src/vl53l1_api_core.c **** 		status =
 537              		.loc 1 683 3 is_stmt 1 view .LVU166
ARM GAS  C:\Users\Lenovo\AppData\Local\Temp\ccZ6paZS.s 			page 23


 684:Core/Src/vl53l1_api_core.c **** 			VL53L1_calc_timeout_register_values(
 538              		.loc 1 684 4 is_stmt 0 view .LVU167
 539 001e 0CF5CE74 		add	r4, ip, #412
 540 0022 0194     		str	r4, [sp, #4]
 541 0024 0CF5C274 		add	r4, ip, #388
 542 0028 0094     		str	r4, [sp]
 543 002a FFF7FEFF 		bl	VL53L1_calc_timeout_register_values
 544              	.LVL42:
 685:Core/Src/vl53l1_api_core.c **** 				phasecal_config_timeout_us,
 686:Core/Src/vl53l1_api_core.c **** 				mm_config_timeout_us,
 687:Core/Src/vl53l1_api_core.c **** 				range_config_timeout_us,
 688:Core/Src/vl53l1_api_core.c **** 				pdev->stat_nvm.osc_measured__fast_osc__frequency,
 689:Core/Src/vl53l1_api_core.c **** 				&(pdev->gen_cfg),
 690:Core/Src/vl53l1_api_core.c **** 				&(pdev->tim_cfg));
 691:Core/Src/vl53l1_api_core.c **** 	}
 692:Core/Src/vl53l1_api_core.c **** 
 693:Core/Src/vl53l1_api_core.c **** 	LOG_FUNCTION_END(status);
 545              		.loc 1 693 26 is_stmt 1 view .LVU168
 694:Core/Src/vl53l1_api_core.c **** 
 695:Core/Src/vl53l1_api_core.c **** 	return status;
 546              		.loc 1 695 2 view .LVU169
 696:Core/Src/vl53l1_api_core.c **** }
 547              		.loc 1 696 1 is_stmt 0 view .LVU170
 548 002e 02B0     		add	sp, sp, #8
 549              	.LCFI5:
 550              		.cfi_def_cfa_offset 8
 551              		@ sp needed
 552 0030 10BD     		pop	{r4, pc}
 553              	.LVL43:
 554              	.L34:
 555              	.LCFI6:
 556              		.cfi_def_cfa_offset 0
 557              		.cfi_restore 4
 558              		.cfi_restore 14
 675:Core/Src/vl53l1_api_core.c **** 
 559              		.loc 1 675 10 view .LVU171
 560 0032 6FF00E00 		mvn	r0, #14
 561              	.LVL44:
 693:Core/Src/vl53l1_api_core.c **** 
 562              		.loc 1 693 26 is_stmt 1 view .LVU172
 695:Core/Src/vl53l1_api_core.c **** }
 563              		.loc 1 695 2 view .LVU173
 564              		.loc 1 696 1 is_stmt 0 view .LVU174
 565 0036 7047     		bx	lr
 566              		.cfi_endproc
 567              	.LFE10:
 569              		.section	.text.VL53L1_get_timeouts_us,"ax",%progbits
 570              		.align	1
 571              		.global	VL53L1_get_timeouts_us
 572              		.syntax unified
 573              		.thumb
 574              		.thumb_func
 576              	VL53L1_get_timeouts_us:
 577              	.LVL45:
 578              	.LFB11:
 697:Core/Src/vl53l1_api_core.c **** 
 698:Core/Src/vl53l1_api_core.c **** 
ARM GAS  C:\Users\Lenovo\AppData\Local\Temp\ccZ6paZS.s 			page 24


 699:Core/Src/vl53l1_api_core.c **** VL53L1_Error VL53L1_get_timeouts_us(
 700:Core/Src/vl53l1_api_core.c **** 	VL53L1_DEV           Dev,
 701:Core/Src/vl53l1_api_core.c **** 	uint32_t            *pphasecal_config_timeout_us,
 702:Core/Src/vl53l1_api_core.c **** 	uint32_t            *pmm_config_timeout_us,
 703:Core/Src/vl53l1_api_core.c **** 	uint32_t			*prange_config_timeout_us)
 704:Core/Src/vl53l1_api_core.c **** {
 579              		.loc 1 704 1 is_stmt 1 view -0
 580              		.cfi_startproc
 581              		@ args = 0, pretend = 0, frame = 0
 582              		@ frame_needed = 0, uses_anonymous_args = 0
 583              		.loc 1 704 1 is_stmt 0 view .LVU176
 584 0000 2DE9F041 		push	{r4, r5, r6, r7, r8, lr}
 585              	.LCFI7:
 586              		.cfi_def_cfa_offset 24
 587              		.cfi_offset 4, -24
 588              		.cfi_offset 5, -20
 589              		.cfi_offset 6, -16
 590              		.cfi_offset 7, -12
 591              		.cfi_offset 8, -8
 592              		.cfi_offset 14, -4
 593 0004 0446     		mov	r4, r0
 705:Core/Src/vl53l1_api_core.c **** 	/**
 706:Core/Src/vl53l1_api_core.c **** 	 * Convenience function for getting the MM and range
 707:Core/Src/vl53l1_api_core.c **** 	 * timeouts
 708:Core/Src/vl53l1_api_core.c **** 	 */
 709:Core/Src/vl53l1_api_core.c **** 
 710:Core/Src/vl53l1_api_core.c **** 	VL53L1_Error  status = VL53L1_ERROR_NONE;
 594              		.loc 1 710 2 is_stmt 1 view .LVU177
 595              	.LVL46:
 711:Core/Src/vl53l1_api_core.c **** 	VL53L1_LLDriverData_t *pdev =
 596              		.loc 1 711 2 view .LVU178
 712:Core/Src/vl53l1_api_core.c **** 			VL53L1DevStructGetLLDriverHandle(Dev);
 713:Core/Src/vl53l1_api_core.c **** 
 714:Core/Src/vl53l1_api_core.c **** 	uint32_t  macro_period_us = 0;
 597              		.loc 1 714 2 view .LVU179
 715:Core/Src/vl53l1_api_core.c **** 	uint16_t  timeout_encoded = 0;
 598              		.loc 1 715 2 view .LVU180
 716:Core/Src/vl53l1_api_core.c **** 
 717:Core/Src/vl53l1_api_core.c **** 	LOG_FUNCTION_START("");
 599              		.loc 1 717 24 view .LVU181
 718:Core/Src/vl53l1_api_core.c **** 
 719:Core/Src/vl53l1_api_core.c **** 	if (pdev->stat_nvm.osc_measured__fast_osc__frequency == 0)
 600              		.loc 1 719 2 view .LVU182
 601              		.loc 1 719 20 is_stmt 0 view .LVU183
 602 0006 B0F85E01 		ldrh	r0, [r0, #350]
 603              	.LVL47:
 604              		.loc 1 719 5 view .LVU184
 605 000a 70B3     		cbz	r0, .L41
 606 000c 8846     		mov	r8, r1
 607 000e 1746     		mov	r7, r2
 608 0010 1E46     		mov	r6, r3
 720:Core/Src/vl53l1_api_core.c **** 		status = VL53L1_ERROR_DIVISION_BY_ZERO;
 721:Core/Src/vl53l1_api_core.c **** 
 722:Core/Src/vl53l1_api_core.c **** 	if (status == VL53L1_ERROR_NONE) {
 609              		.loc 1 722 2 is_stmt 1 view .LVU185
 723:Core/Src/vl53l1_api_core.c **** 
 724:Core/Src/vl53l1_api_core.c **** 		/* Update Macro Period for Range A VCSEL Period */
ARM GAS  C:\Users\Lenovo\AppData\Local\Temp\ccZ6paZS.s 			page 25


 725:Core/Src/vl53l1_api_core.c **** 		macro_period_us =
 610              		.loc 1 725 3 view .LVU186
 726:Core/Src/vl53l1_api_core.c **** 			VL53L1_calc_macro_period_us(
 611              		.loc 1 726 4 is_stmt 0 view .LVU187
 612 0012 94F8A211 		ldrb	r1, [r4, #418]	@ zero_extendqisi2
 613              	.LVL48:
 614              		.loc 1 726 4 view .LVU188
 615 0016 FFF7FEFF 		bl	VL53L1_calc_macro_period_us
 616              	.LVL49:
 617              		.loc 1 726 4 view .LVU189
 618 001a 0546     		mov	r5, r0
 619              	.LVL50:
 727:Core/Src/vl53l1_api_core.c **** 				pdev->stat_nvm.osc_measured__fast_osc__frequency,
 728:Core/Src/vl53l1_api_core.c **** 				pdev->tim_cfg.range_config__vcsel_period_a);
 729:Core/Src/vl53l1_api_core.c **** 
 730:Core/Src/vl53l1_api_core.c **** 		/*  Get Phase Cal Timing A timeout */
 731:Core/Src/vl53l1_api_core.c **** 
 732:Core/Src/vl53l1_api_core.c **** 		*pphasecal_config_timeout_us =
 620              		.loc 1 732 3 is_stmt 1 view .LVU190
 733:Core/Src/vl53l1_api_core.c **** 			VL53L1_calc_timeout_us(
 621              		.loc 1 733 4 is_stmt 0 view .LVU191
 622 001c 0146     		mov	r1, r0
 623 001e 94F88B01 		ldrb	r0, [r4, #395]	@ zero_extendqisi2
 624              	.LVL51:
 625              		.loc 1 733 4 view .LVU192
 626 0022 FFF7FEFF 		bl	VL53L1_calc_timeout_us
 627              	.LVL52:
 732:Core/Src/vl53l1_api_core.c **** 			VL53L1_calc_timeout_us(
 628              		.loc 1 732 32 view .LVU193
 629 0026 C8F80000 		str	r0, [r8]
 734:Core/Src/vl53l1_api_core.c **** 				(uint32_t)pdev->gen_cfg.phasecal_config__timeout_macrop,
 735:Core/Src/vl53l1_api_core.c **** 				macro_period_us);
 736:Core/Src/vl53l1_api_core.c **** 
 737:Core/Src/vl53l1_api_core.c **** 		/*  Get MM Timing A timeout */
 738:Core/Src/vl53l1_api_core.c **** 
 739:Core/Src/vl53l1_api_core.c **** 		timeout_encoded =
 630              		.loc 1 739 3 is_stmt 1 view .LVU194
 631              		.loc 1 739 19 is_stmt 0 view .LVU195
 632 002a 94F89C31 		ldrb	r3, [r4, #412]	@ zero_extendqisi2
 633              	.LVL53:
 740:Core/Src/vl53l1_api_core.c **** 			(uint16_t)pdev->tim_cfg.mm_config__timeout_macrop_a_hi;
 741:Core/Src/vl53l1_api_core.c **** 		timeout_encoded = (timeout_encoded << 8) +
 634              		.loc 1 741 3 is_stmt 1 view .LVU196
 742:Core/Src/vl53l1_api_core.c **** 			(uint16_t)pdev->tim_cfg.mm_config__timeout_macrop_a_lo;
 635              		.loc 1 742 27 is_stmt 0 view .LVU197
 636 002e 94F89D01 		ldrb	r0, [r4, #413]	@ zero_extendqisi2
 741:Core/Src/vl53l1_api_core.c **** 			(uint16_t)pdev->tim_cfg.mm_config__timeout_macrop_a_lo;
 637              		.loc 1 741 19 view .LVU198
 638 0032 00EB0320 		add	r0, r0, r3, lsl #8
 639              	.LVL54:
 743:Core/Src/vl53l1_api_core.c **** 
 744:Core/Src/vl53l1_api_core.c **** 		*pmm_config_timeout_us =
 640              		.loc 1 744 3 is_stmt 1 view .LVU199
 745:Core/Src/vl53l1_api_core.c **** 			VL53L1_calc_decoded_timeout_us(
 641              		.loc 1 745 4 is_stmt 0 view .LVU200
 642 0036 2946     		mov	r1, r5
 643 0038 80B2     		uxth	r0, r0
ARM GAS  C:\Users\Lenovo\AppData\Local\Temp\ccZ6paZS.s 			page 26


 644              		.loc 1 745 4 view .LVU201
 645 003a FFF7FEFF 		bl	VL53L1_calc_decoded_timeout_us
 646              	.LVL55:
 744:Core/Src/vl53l1_api_core.c **** 			VL53L1_calc_decoded_timeout_us(
 647              		.loc 1 744 26 view .LVU202
 648 003e 3860     		str	r0, [r7]
 746:Core/Src/vl53l1_api_core.c **** 				timeout_encoded,
 747:Core/Src/vl53l1_api_core.c **** 				macro_period_us);
 748:Core/Src/vl53l1_api_core.c **** 
 749:Core/Src/vl53l1_api_core.c **** 		/* Get Range Timing A timeout */
 750:Core/Src/vl53l1_api_core.c **** 
 751:Core/Src/vl53l1_api_core.c **** 		timeout_encoded =
 649              		.loc 1 751 3 is_stmt 1 view .LVU203
 650              		.loc 1 751 19 is_stmt 0 view .LVU204
 651 0040 94F8A031 		ldrb	r3, [r4, #416]	@ zero_extendqisi2
 652              	.LVL56:
 752:Core/Src/vl53l1_api_core.c **** 			(uint16_t)pdev->tim_cfg.range_config__timeout_macrop_a_hi;
 753:Core/Src/vl53l1_api_core.c **** 		timeout_encoded = (timeout_encoded << 8) +
 653              		.loc 1 753 3 is_stmt 1 view .LVU205
 754:Core/Src/vl53l1_api_core.c **** 			(uint16_t)pdev->tim_cfg.range_config__timeout_macrop_a_lo;
 654              		.loc 1 754 27 is_stmt 0 view .LVU206
 655 0044 94F8A101 		ldrb	r0, [r4, #417]	@ zero_extendqisi2
 753:Core/Src/vl53l1_api_core.c **** 			(uint16_t)pdev->tim_cfg.range_config__timeout_macrop_a_lo;
 656              		.loc 1 753 19 view .LVU207
 657 0048 00EB0320 		add	r0, r0, r3, lsl #8
 658              	.LVL57:
 755:Core/Src/vl53l1_api_core.c **** 
 756:Core/Src/vl53l1_api_core.c **** 		*prange_config_timeout_us =
 659              		.loc 1 756 3 is_stmt 1 view .LVU208
 757:Core/Src/vl53l1_api_core.c **** 			VL53L1_calc_decoded_timeout_us(
 660              		.loc 1 757 4 is_stmt 0 view .LVU209
 661 004c 2946     		mov	r1, r5
 662 004e 80B2     		uxth	r0, r0
 663              		.loc 1 757 4 view .LVU210
 664 0050 FFF7FEFF 		bl	VL53L1_calc_decoded_timeout_us
 665              	.LVL58:
 756:Core/Src/vl53l1_api_core.c **** 			VL53L1_calc_decoded_timeout_us(
 666              		.loc 1 756 29 view .LVU211
 667 0054 3060     		str	r0, [r6]
 758:Core/Src/vl53l1_api_core.c **** 				timeout_encoded,
 759:Core/Src/vl53l1_api_core.c **** 				macro_period_us);
 760:Core/Src/vl53l1_api_core.c **** 
 761:Core/Src/vl53l1_api_core.c **** 		pdev->phasecal_config_timeout_us = *pphasecal_config_timeout_us;
 668              		.loc 1 761 3 is_stmt 1 view .LVU212
 669              		.loc 1 761 38 is_stmt 0 view .LVU213
 670 0056 D8F80030 		ldr	r3, [r8]
 671              		.loc 1 761 36 view .LVU214
 672 005a A360     		str	r3, [r4, #8]
 762:Core/Src/vl53l1_api_core.c **** 		pdev->mm_config_timeout_us       = *pmm_config_timeout_us;
 673              		.loc 1 762 3 is_stmt 1 view .LVU215
 674              		.loc 1 762 38 is_stmt 0 view .LVU216
 675 005c 3B68     		ldr	r3, [r7]
 676              		.loc 1 762 36 view .LVU217
 677 005e E360     		str	r3, [r4, #12]
 763:Core/Src/vl53l1_api_core.c **** 		pdev->range_config_timeout_us    = *prange_config_timeout_us;
 678              		.loc 1 763 3 is_stmt 1 view .LVU218
 679              		.loc 1 763 38 is_stmt 0 view .LVU219
ARM GAS  C:\Users\Lenovo\AppData\Local\Temp\ccZ6paZS.s 			page 27


 680 0060 3368     		ldr	r3, [r6]
 681              		.loc 1 763 36 view .LVU220
 682 0062 2361     		str	r3, [r4, #16]
 710:Core/Src/vl53l1_api_core.c **** 	VL53L1_LLDriverData_t *pdev =
 683              		.loc 1 710 16 view .LVU221
 684 0064 0020     		movs	r0, #0
 685              	.LVL59:
 686              	.L40:
 764:Core/Src/vl53l1_api_core.c **** 
 765:Core/Src/vl53l1_api_core.c **** 	}
 766:Core/Src/vl53l1_api_core.c **** 
 767:Core/Src/vl53l1_api_core.c **** 	LOG_FUNCTION_END(status);
 687              		.loc 1 767 26 is_stmt 1 view .LVU222
 768:Core/Src/vl53l1_api_core.c **** 
 769:Core/Src/vl53l1_api_core.c **** 	return status;
 688              		.loc 1 769 2 view .LVU223
 770:Core/Src/vl53l1_api_core.c **** }
 689              		.loc 1 770 1 is_stmt 0 view .LVU224
 690 0066 BDE8F081 		pop	{r4, r5, r6, r7, r8, pc}
 691              	.LVL60:
 692              	.L41:
 720:Core/Src/vl53l1_api_core.c **** 
 693              		.loc 1 720 10 view .LVU225
 694 006a 6FF00E00 		mvn	r0, #14
 695 006e FAE7     		b	.L40
 696              		.cfi_endproc
 697              	.LFE11:
 699              		.section	.text.VL53L1_set_calibration_repeat_period,"ax",%progbits
 700              		.align	1
 701              		.global	VL53L1_set_calibration_repeat_period
 702              		.syntax unified
 703              		.thumb
 704              		.thumb_func
 706              	VL53L1_set_calibration_repeat_period:
 707              	.LVL61:
 708              	.LFB12:
 771:Core/Src/vl53l1_api_core.c **** 
 772:Core/Src/vl53l1_api_core.c **** 
 773:Core/Src/vl53l1_api_core.c **** VL53L1_Error VL53L1_set_calibration_repeat_period(
 774:Core/Src/vl53l1_api_core.c **** 	VL53L1_DEV          Dev,
 775:Core/Src/vl53l1_api_core.c **** 	uint16_t            cal_config__repeat_period)
 776:Core/Src/vl53l1_api_core.c **** {
 709              		.loc 1 776 1 is_stmt 1 view -0
 710              		.cfi_startproc
 711              		@ args = 0, pretend = 0, frame = 0
 712              		@ frame_needed = 0, uses_anonymous_args = 0
 713              		@ link register save eliminated.
 777:Core/Src/vl53l1_api_core.c **** 	/**
 778:Core/Src/vl53l1_api_core.c **** 	 * Convenience function for setting calibration repeat period
 779:Core/Src/vl53l1_api_core.c **** 	 */
 780:Core/Src/vl53l1_api_core.c **** 
 781:Core/Src/vl53l1_api_core.c **** 	VL53L1_Error  status = VL53L1_ERROR_NONE;
 714              		.loc 1 781 2 view .LVU227
 782:Core/Src/vl53l1_api_core.c **** 	VL53L1_LLDriverData_t *pdev =
 715              		.loc 1 782 2 view .LVU228
 783:Core/Src/vl53l1_api_core.c **** 		VL53L1DevStructGetLLDriverHandle(Dev);
 784:Core/Src/vl53l1_api_core.c **** 
ARM GAS  C:\Users\Lenovo\AppData\Local\Temp\ccZ6paZS.s 			page 28


 785:Core/Src/vl53l1_api_core.c **** 	pdev->gen_cfg.cal_config__repeat_rate = cal_config__repeat_period;
 716              		.loc 1 785 2 view .LVU229
 717              		.loc 1 785 40 is_stmt 0 view .LVU230
 718 0000 A0F88811 		strh	r1, [r0, #392]	@ movhi
 786:Core/Src/vl53l1_api_core.c **** 
 787:Core/Src/vl53l1_api_core.c **** 	return status;
 719              		.loc 1 787 2 is_stmt 1 view .LVU231
 788:Core/Src/vl53l1_api_core.c **** 
 789:Core/Src/vl53l1_api_core.c **** }
 720              		.loc 1 789 1 is_stmt 0 view .LVU232
 721 0004 0020     		movs	r0, #0
 722              	.LVL62:
 723              		.loc 1 789 1 view .LVU233
 724 0006 7047     		bx	lr
 725              		.cfi_endproc
 726              	.LFE12:
 728              		.section	.text.VL53L1_get_calibration_repeat_period,"ax",%progbits
 729              		.align	1
 730              		.global	VL53L1_get_calibration_repeat_period
 731              		.syntax unified
 732              		.thumb
 733              		.thumb_func
 735              	VL53L1_get_calibration_repeat_period:
 736              	.LVL63:
 737              	.LFB13:
 790:Core/Src/vl53l1_api_core.c **** 
 791:Core/Src/vl53l1_api_core.c **** 
 792:Core/Src/vl53l1_api_core.c **** VL53L1_Error VL53L1_get_calibration_repeat_period(
 793:Core/Src/vl53l1_api_core.c **** 	VL53L1_DEV          Dev,
 794:Core/Src/vl53l1_api_core.c **** 	uint16_t           *pcal_config__repeat_period)
 795:Core/Src/vl53l1_api_core.c **** {
 738              		.loc 1 795 1 is_stmt 1 view -0
 739              		.cfi_startproc
 740              		@ args = 0, pretend = 0, frame = 0
 741              		@ frame_needed = 0, uses_anonymous_args = 0
 742              		@ link register save eliminated.
 796:Core/Src/vl53l1_api_core.c **** 	/**
 797:Core/Src/vl53l1_api_core.c **** 	 * Convenience function for getting calibration repeat period
 798:Core/Src/vl53l1_api_core.c **** 	 */
 799:Core/Src/vl53l1_api_core.c **** 
 800:Core/Src/vl53l1_api_core.c **** 	VL53L1_Error  status = VL53L1_ERROR_NONE;
 743              		.loc 1 800 2 view .LVU235
 801:Core/Src/vl53l1_api_core.c **** 	VL53L1_LLDriverData_t *pdev =
 744              		.loc 1 801 2 view .LVU236
 802:Core/Src/vl53l1_api_core.c **** 		VL53L1DevStructGetLLDriverHandle(Dev);
 803:Core/Src/vl53l1_api_core.c **** 
 804:Core/Src/vl53l1_api_core.c **** 	*pcal_config__repeat_period = pdev->gen_cfg.cal_config__repeat_rate;
 745              		.loc 1 804 2 view .LVU237
 746              		.loc 1 804 45 is_stmt 0 view .LVU238
 747 0000 B0F88831 		ldrh	r3, [r0, #392]
 748              		.loc 1 804 30 view .LVU239
 749 0004 0B80     		strh	r3, [r1]	@ movhi
 805:Core/Src/vl53l1_api_core.c **** 
 806:Core/Src/vl53l1_api_core.c **** 	return status;
 750              		.loc 1 806 2 is_stmt 1 view .LVU240
 807:Core/Src/vl53l1_api_core.c **** 
 808:Core/Src/vl53l1_api_core.c **** }
ARM GAS  C:\Users\Lenovo\AppData\Local\Temp\ccZ6paZS.s 			page 29


 751              		.loc 1 808 1 is_stmt 0 view .LVU241
 752 0006 0020     		movs	r0, #0
 753              	.LVL64:
 754              		.loc 1 808 1 view .LVU242
 755 0008 7047     		bx	lr
 756              		.cfi_endproc
 757              	.LFE13:
 759              		.section	.text.VL53L1_set_sequence_config_bit,"ax",%progbits
 760              		.align	1
 761              		.global	VL53L1_set_sequence_config_bit
 762              		.syntax unified
 763              		.thumb
 764              		.thumb_func
 766              	VL53L1_set_sequence_config_bit:
 767              	.LVL65:
 768              	.LFB14:
 809:Core/Src/vl53l1_api_core.c **** 
 810:Core/Src/vl53l1_api_core.c **** 
 811:Core/Src/vl53l1_api_core.c **** VL53L1_Error VL53L1_set_sequence_config_bit(
 812:Core/Src/vl53l1_api_core.c **** 	VL53L1_DEV                    Dev,
 813:Core/Src/vl53l1_api_core.c **** 	VL53L1_DeviceSequenceConfig   bit_id,
 814:Core/Src/vl53l1_api_core.c **** 	uint8_t                       value)
 815:Core/Src/vl53l1_api_core.c **** {
 769              		.loc 1 815 1 is_stmt 1 view -0
 770              		.cfi_startproc
 771              		@ args = 0, pretend = 0, frame = 0
 772              		@ frame_needed = 0, uses_anonymous_args = 0
 773              		@ link register save eliminated.
 816:Core/Src/vl53l1_api_core.c **** 	/**
 817:Core/Src/vl53l1_api_core.c **** 	 * Convenience function for setting sequence
 818:Core/Src/vl53l1_api_core.c **** 	 * config enable bits
 819:Core/Src/vl53l1_api_core.c **** 	 */
 820:Core/Src/vl53l1_api_core.c **** 
 821:Core/Src/vl53l1_api_core.c **** 	VL53L1_Error  status = VL53L1_ERROR_NONE;
 774              		.loc 1 821 2 view .LVU244
 822:Core/Src/vl53l1_api_core.c **** 	VL53L1_LLDriverData_t *pdev =
 775              		.loc 1 822 2 view .LVU245
 823:Core/Src/vl53l1_api_core.c **** 		VL53L1DevStructGetLLDriverHandle(Dev);
 824:Core/Src/vl53l1_api_core.c **** 
 825:Core/Src/vl53l1_api_core.c **** 	uint8_t  bit_mask        = 0x01;
 776              		.loc 1 825 2 view .LVU246
 826:Core/Src/vl53l1_api_core.c **** 	uint8_t  clr_mask        = 0xFF  - bit_mask;
 777              		.loc 1 826 2 view .LVU247
 827:Core/Src/vl53l1_api_core.c **** 	uint8_t  bit_value       = value & bit_mask;
 778              		.loc 1 827 2 view .LVU248
 779              		.loc 1 827 11 is_stmt 0 view .LVU249
 780 0000 02F00102 		and	r2, r2, #1
 781              	.LVL66:
 828:Core/Src/vl53l1_api_core.c **** 
 829:Core/Src/vl53l1_api_core.c **** 	if (bit_id <= VL53L1_DEVICESEQUENCECONFIG_RANGE) {
 782              		.loc 1 829 2 is_stmt 1 view .LVU250
 783              		.loc 1 829 5 is_stmt 0 view .LVU251
 784 0004 0729     		cmp	r1, #7
 785 0006 11D8     		bhi	.L48
 830:Core/Src/vl53l1_api_core.c **** 
 831:Core/Src/vl53l1_api_core.c **** 		if (bit_id > 0) {
 786              		.loc 1 831 3 is_stmt 1 view .LVU252
ARM GAS  C:\Users\Lenovo\AppData\Local\Temp\ccZ6paZS.s 			page 30


 787              		.loc 1 831 6 is_stmt 0 view .LVU253
 788 0008 39B1     		cbz	r1, .L49
 832:Core/Src/vl53l1_api_core.c **** 			bit_mask  = 0x01 << bit_id;
 789              		.loc 1 832 4 is_stmt 1 view .LVU254
 790              		.loc 1 832 21 is_stmt 0 view .LVU255
 791 000a 0123     		movs	r3, #1
 792 000c 8B40     		lsls	r3, r3, r1
 793              		.loc 1 832 14 view .LVU256
 794 000e DBB2     		uxtb	r3, r3
 795              	.LVL67:
 833:Core/Src/vl53l1_api_core.c **** 			bit_value = bit_value << bit_id;
 796              		.loc 1 833 4 is_stmt 1 view .LVU257
 797              		.loc 1 833 26 is_stmt 0 view .LVU258
 798 0010 8A40     		lsls	r2, r2, r1
 799              	.LVL68:
 800              		.loc 1 833 14 view .LVU259
 801 0012 D2B2     		uxtb	r2, r2
 802              	.LVL69:
 834:Core/Src/vl53l1_api_core.c **** 			clr_mask  = 0xFF  - bit_mask;
 803              		.loc 1 834 4 is_stmt 1 view .LVU260
 804              		.loc 1 834 14 is_stmt 0 view .LVU261
 805 0014 DB43     		mvns	r3, r3
 806              	.LVL70:
 807              		.loc 1 834 14 view .LVU262
 808 0016 DBB2     		uxtb	r3, r3
 809              	.LVL71:
 810              		.loc 1 834 14 view .LVU263
 811 0018 00E0     		b	.L47
 812              	.LVL72:
 813              	.L49:
 826:Core/Src/vl53l1_api_core.c **** 	uint8_t  bit_value       = value & bit_mask;
 814              		.loc 1 826 11 view .LVU264
 815 001a FE23     		movs	r3, #254
 816              	.LVL73:
 817              	.L47:
 835:Core/Src/vl53l1_api_core.c **** 		}
 836:Core/Src/vl53l1_api_core.c **** 
 837:Core/Src/vl53l1_api_core.c **** 		pdev->dyn_cfg.system__sequence_config = \
 818              		.loc 1 837 3 is_stmt 1 view .LVU265
 838:Core/Src/vl53l1_api_core.c **** 			(pdev->dyn_cfg.system__sequence_config & clr_mask) | \
 819              		.loc 1 838 18 is_stmt 0 view .LVU266
 820 001c 90F8C511 		ldrb	r1, [r0, #453]	@ zero_extendqisi2
 821              	.LVL74:
 837:Core/Src/vl53l1_api_core.c **** 			(pdev->dyn_cfg.system__sequence_config & clr_mask) | \
 822              		.loc 1 837 41 view .LVU267
 823 0020 0B40     		ands	r3, r3, r1
 824              	.LVL75:
 837:Core/Src/vl53l1_api_core.c **** 			(pdev->dyn_cfg.system__sequence_config & clr_mask) | \
 825              		.loc 1 837 41 view .LVU268
 826 0022 1A43     		orrs	r2, r2, r3
 827              	.LVL76:
 837:Core/Src/vl53l1_api_core.c **** 			(pdev->dyn_cfg.system__sequence_config & clr_mask) | \
 828              		.loc 1 837 41 view .LVU269
 829 0024 80F8C521 		strb	r2, [r0, #453]
 821:Core/Src/vl53l1_api_core.c **** 	VL53L1_LLDriverData_t *pdev =
 830              		.loc 1 821 16 view .LVU270
 831 0028 0020     		movs	r0, #0
ARM GAS  C:\Users\Lenovo\AppData\Local\Temp\ccZ6paZS.s 			page 31


 832              	.LVL77:
 821:Core/Src/vl53l1_api_core.c **** 	VL53L1_LLDriverData_t *pdev =
 833              		.loc 1 821 16 view .LVU271
 834 002a 7047     		bx	lr
 835              	.LVL78:
 836              	.L48:
 839:Core/Src/vl53l1_api_core.c **** 			bit_value;
 840:Core/Src/vl53l1_api_core.c **** 
 841:Core/Src/vl53l1_api_core.c **** 	} else {
 842:Core/Src/vl53l1_api_core.c **** 		status = VL53L1_ERROR_INVALID_PARAMS;
 837              		.loc 1 842 10 view .LVU272
 838 002c 6FF00300 		mvn	r0, #3
 839              	.LVL79:
 843:Core/Src/vl53l1_api_core.c **** 	}
 844:Core/Src/vl53l1_api_core.c **** 
 845:Core/Src/vl53l1_api_core.c **** 	return status;
 840              		.loc 1 845 2 is_stmt 1 view .LVU273
 846:Core/Src/vl53l1_api_core.c **** 
 847:Core/Src/vl53l1_api_core.c **** }
 841              		.loc 1 847 1 is_stmt 0 view .LVU274
 842 0030 7047     		bx	lr
 843              		.cfi_endproc
 844              	.LFE14:
 846              		.section	.text.VL53L1_get_sequence_config_bit,"ax",%progbits
 847              		.align	1
 848              		.global	VL53L1_get_sequence_config_bit
 849              		.syntax unified
 850              		.thumb
 851              		.thumb_func
 853              	VL53L1_get_sequence_config_bit:
 854              	.LVL80:
 855              	.LFB15:
 848:Core/Src/vl53l1_api_core.c **** 
 849:Core/Src/vl53l1_api_core.c **** 
 850:Core/Src/vl53l1_api_core.c **** VL53L1_Error VL53L1_get_sequence_config_bit(
 851:Core/Src/vl53l1_api_core.c **** 	VL53L1_DEV                    Dev,
 852:Core/Src/vl53l1_api_core.c **** 	VL53L1_DeviceSequenceConfig   bit_id,
 853:Core/Src/vl53l1_api_core.c **** 	uint8_t                      *pvalue)
 854:Core/Src/vl53l1_api_core.c **** {
 856              		.loc 1 854 1 is_stmt 1 view -0
 857              		.cfi_startproc
 858              		@ args = 0, pretend = 0, frame = 0
 859              		@ frame_needed = 0, uses_anonymous_args = 0
 860              		@ link register save eliminated.
 855:Core/Src/vl53l1_api_core.c **** 	/**
 856:Core/Src/vl53l1_api_core.c **** 	 * Convenience function for getting sequence
 857:Core/Src/vl53l1_api_core.c **** 	 * config enable bits
 858:Core/Src/vl53l1_api_core.c **** 	 */
 859:Core/Src/vl53l1_api_core.c **** 
 860:Core/Src/vl53l1_api_core.c **** 	VL53L1_Error  status = VL53L1_ERROR_NONE;
 861              		.loc 1 860 2 view .LVU276
 861:Core/Src/vl53l1_api_core.c **** 	VL53L1_LLDriverData_t *pdev =
 862              		.loc 1 861 2 view .LVU277
 862:Core/Src/vl53l1_api_core.c **** 		VL53L1DevStructGetLLDriverHandle(Dev);
 863:Core/Src/vl53l1_api_core.c **** 
 864:Core/Src/vl53l1_api_core.c **** 	uint8_t  bit_mask        = 0x01;
 863              		.loc 1 864 2 view .LVU278
ARM GAS  C:\Users\Lenovo\AppData\Local\Temp\ccZ6paZS.s 			page 32


 865:Core/Src/vl53l1_api_core.c **** 
 866:Core/Src/vl53l1_api_core.c **** 	if (bit_id <= VL53L1_DEVICESEQUENCECONFIG_RANGE) {
 864              		.loc 1 866 2 view .LVU279
 865              		.loc 1 866 5 is_stmt 0 view .LVU280
 866 0000 0729     		cmp	r1, #7
 867 0002 12D8     		bhi	.L53
 867:Core/Src/vl53l1_api_core.c **** 
 868:Core/Src/vl53l1_api_core.c **** 		if (bit_id > 0) {
 868              		.loc 1 868 3 is_stmt 1 view .LVU281
 869              		.loc 1 868 6 is_stmt 0 view .LVU282
 870 0004 21B1     		cbz	r1, .L54
 869:Core/Src/vl53l1_api_core.c **** 			bit_mask  = 0x01 << bit_id;
 871              		.loc 1 869 4 is_stmt 1 view .LVU283
 872              		.loc 1 869 21 is_stmt 0 view .LVU284
 873 0006 0123     		movs	r3, #1
 874 0008 8B40     		lsls	r3, r3, r1
 875              		.loc 1 869 14 view .LVU285
 876 000a 5FFA83FC 		uxtb	ip, r3
 877              	.LVL81:
 878              		.loc 1 869 14 view .LVU286
 879 000e 01E0     		b	.L52
 880              	.LVL82:
 881              	.L54:
 864:Core/Src/vl53l1_api_core.c **** 
 882              		.loc 1 864 11 view .LVU287
 883 0010 4FF0010C 		mov	ip, #1
 884              	.LVL83:
 885              	.L52:
 870:Core/Src/vl53l1_api_core.c **** 		}
 871:Core/Src/vl53l1_api_core.c **** 
 872:Core/Src/vl53l1_api_core.c **** 		*pvalue =
 886              		.loc 1 872 3 is_stmt 1 view .LVU288
 873:Core/Src/vl53l1_api_core.c **** 			pdev->dyn_cfg.system__sequence_config & bit_mask;
 887              		.loc 1 873 17 is_stmt 0 view .LVU289
 888 0014 90F8C531 		ldrb	r3, [r0, #453]	@ zero_extendqisi2
 872:Core/Src/vl53l1_api_core.c **** 			pdev->dyn_cfg.system__sequence_config & bit_mask;
 889              		.loc 1 872 11 view .LVU290
 890 0018 03EA0C03 		and	r3, r3, ip
 891 001c 1370     		strb	r3, [r2]
 874:Core/Src/vl53l1_api_core.c **** 
 875:Core/Src/vl53l1_api_core.c **** 		if (bit_id > 0) {
 892              		.loc 1 875 3 is_stmt 1 view .LVU291
 893              		.loc 1 875 6 is_stmt 0 view .LVU292
 894 001e 39B1     		cbz	r1, .L55
 876:Core/Src/vl53l1_api_core.c **** 			*pvalue  = *pvalue >> bit_id;
 895              		.loc 1 876 4 is_stmt 1 view .LVU293
 896              		.loc 1 876 23 is_stmt 0 view .LVU294
 897 0020 43FA01F1 		asr	r1, r3, r1
 898              	.LVL84:
 899              		.loc 1 876 13 view .LVU295
 900 0024 1170     		strb	r1, [r2]
 860:Core/Src/vl53l1_api_core.c **** 	VL53L1_LLDriverData_t *pdev =
 901              		.loc 1 860 16 view .LVU296
 902 0026 0020     		movs	r0, #0
 903              	.LVL85:
 860:Core/Src/vl53l1_api_core.c **** 	VL53L1_LLDriverData_t *pdev =
 904              		.loc 1 860 16 view .LVU297
ARM GAS  C:\Users\Lenovo\AppData\Local\Temp\ccZ6paZS.s 			page 33


 905 0028 7047     		bx	lr
 906              	.LVL86:
 907              	.L53:
 877:Core/Src/vl53l1_api_core.c **** 		}
 878:Core/Src/vl53l1_api_core.c **** 
 879:Core/Src/vl53l1_api_core.c **** 	} else {
 880:Core/Src/vl53l1_api_core.c **** 		status = VL53L1_ERROR_INVALID_PARAMS;
 908              		.loc 1 880 10 view .LVU298
 909 002a 6FF00300 		mvn	r0, #3
 910              	.LVL87:
 911              		.loc 1 880 10 view .LVU299
 912 002e 7047     		bx	lr
 913              	.LVL88:
 914              	.L55:
 860:Core/Src/vl53l1_api_core.c **** 	VL53L1_LLDriverData_t *pdev =
 915              		.loc 1 860 16 view .LVU300
 916 0030 0020     		movs	r0, #0
 917              	.LVL89:
 881:Core/Src/vl53l1_api_core.c **** 	}
 882:Core/Src/vl53l1_api_core.c **** 
 883:Core/Src/vl53l1_api_core.c **** 	return status;
 918              		.loc 1 883 2 is_stmt 1 view .LVU301
 884:Core/Src/vl53l1_api_core.c **** }
 919              		.loc 1 884 1 is_stmt 0 view .LVU302
 920 0032 7047     		bx	lr
 921              		.cfi_endproc
 922              	.LFE15:
 924              		.section	.text.VL53L1_set_interrupt_polarity,"ax",%progbits
 925              		.align	1
 926              		.global	VL53L1_set_interrupt_polarity
 927              		.syntax unified
 928              		.thumb
 929              		.thumb_func
 931              	VL53L1_set_interrupt_polarity:
 932              	.LVL90:
 933              	.LFB16:
 885:Core/Src/vl53l1_api_core.c **** 
 886:Core/Src/vl53l1_api_core.c **** 
 887:Core/Src/vl53l1_api_core.c **** VL53L1_Error VL53L1_set_interrupt_polarity(
 888:Core/Src/vl53l1_api_core.c **** 	VL53L1_DEV                      Dev,
 889:Core/Src/vl53l1_api_core.c **** 	VL53L1_DeviceInterruptPolarity  interrupt_polarity)
 890:Core/Src/vl53l1_api_core.c **** {
 934              		.loc 1 890 1 is_stmt 1 view -0
 935              		.cfi_startproc
 936              		@ args = 0, pretend = 0, frame = 0
 937              		@ frame_needed = 0, uses_anonymous_args = 0
 938              		@ link register save eliminated.
 891:Core/Src/vl53l1_api_core.c **** 	/**
 892:Core/Src/vl53l1_api_core.c **** 	 * Convenience function for setting interrupt polarity
 893:Core/Src/vl53l1_api_core.c **** 	 */
 894:Core/Src/vl53l1_api_core.c **** 
 895:Core/Src/vl53l1_api_core.c **** 	VL53L1_Error  status = VL53L1_ERROR_NONE;
 939              		.loc 1 895 2 view .LVU304
 896:Core/Src/vl53l1_api_core.c **** 	VL53L1_LLDriverData_t *pdev =
 940              		.loc 1 896 2 view .LVU305
 897:Core/Src/vl53l1_api_core.c **** 		VL53L1DevStructGetLLDriverHandle(Dev);
 898:Core/Src/vl53l1_api_core.c **** 
ARM GAS  C:\Users\Lenovo\AppData\Local\Temp\ccZ6paZS.s 			page 34


 899:Core/Src/vl53l1_api_core.c **** 	pdev->stat_cfg.gpio_hv_mux__ctrl = \
 941              		.loc 1 899 2 view .LVU306
 900:Core/Src/vl53l1_api_core.c **** 			(pdev->stat_cfg.gpio_hv_mux__ctrl & \
 942              		.loc 1 900 19 is_stmt 0 view .LVU307
 943 0000 90F97031 		ldrsb	r3, [r0, #368]
 944              		.loc 1 900 38 view .LVU308
 945 0004 23F01003 		bic	r3, r3, #16
 901:Core/Src/vl53l1_api_core.c **** 			 VL53L1_DEVICEINTERRUPTPOLARITY_CLEAR_MASK) | \
 902:Core/Src/vl53l1_api_core.c **** 			(interrupt_polarity & \
 946              		.loc 1 902 24 view .LVU309
 947 0008 01F01001 		and	r1, r1, #16
 948              	.LVL91:
 901:Core/Src/vl53l1_api_core.c **** 			 VL53L1_DEVICEINTERRUPTPOLARITY_CLEAR_MASK) | \
 949              		.loc 1 901 48 view .LVU310
 950 000c 0B43     		orrs	r3, r3, r1
 899:Core/Src/vl53l1_api_core.c **** 			(pdev->stat_cfg.gpio_hv_mux__ctrl & \
 951              		.loc 1 899 35 view .LVU311
 952 000e 80F87031 		strb	r3, [r0, #368]
 903:Core/Src/vl53l1_api_core.c **** 			 VL53L1_DEVICEINTERRUPTPOLARITY_BIT_MASK);
 904:Core/Src/vl53l1_api_core.c **** 
 905:Core/Src/vl53l1_api_core.c **** 	return status;
 953              		.loc 1 905 2 is_stmt 1 view .LVU312
 906:Core/Src/vl53l1_api_core.c **** 
 907:Core/Src/vl53l1_api_core.c **** }
 954              		.loc 1 907 1 is_stmt 0 view .LVU313
 955 0012 0020     		movs	r0, #0
 956              	.LVL92:
 957              		.loc 1 907 1 view .LVU314
 958 0014 7047     		bx	lr
 959              		.cfi_endproc
 960              	.LFE16:
 962              		.section	.text.VL53L1_set_refspadchar_config_struct,"ax",%progbits
 963              		.align	1
 964              		.global	VL53L1_set_refspadchar_config_struct
 965              		.syntax unified
 966              		.thumb
 967              		.thumb_func
 969              	VL53L1_set_refspadchar_config_struct:
 970              	.LVL93:
 971              	.LFB17:
 908:Core/Src/vl53l1_api_core.c **** 
 909:Core/Src/vl53l1_api_core.c **** 
 910:Core/Src/vl53l1_api_core.c **** #ifndef VL53L1_NOCALIB
 911:Core/Src/vl53l1_api_core.c **** VL53L1_Error VL53L1_set_refspadchar_config_struct(
 912:Core/Src/vl53l1_api_core.c **** 	VL53L1_DEV                     Dev,
 913:Core/Src/vl53l1_api_core.c **** 	VL53L1_refspadchar_config_t   *pdata)
 914:Core/Src/vl53l1_api_core.c **** {
 972              		.loc 1 914 1 is_stmt 1 view -0
 973              		.cfi_startproc
 974              		@ args = 0, pretend = 0, frame = 0
 975              		@ frame_needed = 0, uses_anonymous_args = 0
 976              		@ link register save eliminated.
 915:Core/Src/vl53l1_api_core.c **** 	/*
 916:Core/Src/vl53l1_api_core.c **** 	 * Allows user config of Ref SPAD Char data structure
 917:Core/Src/vl53l1_api_core.c **** 	 */
 918:Core/Src/vl53l1_api_core.c **** 
 919:Core/Src/vl53l1_api_core.c **** 	VL53L1_Error  status = VL53L1_ERROR_NONE;
ARM GAS  C:\Users\Lenovo\AppData\Local\Temp\ccZ6paZS.s 			page 35


 977              		.loc 1 919 2 view .LVU316
 920:Core/Src/vl53l1_api_core.c **** 	VL53L1_LLDriverData_t *pdev =
 978              		.loc 1 920 2 view .LVU317
 921:Core/Src/vl53l1_api_core.c **** 		VL53L1DevStructGetLLDriverHandle(Dev);
 922:Core/Src/vl53l1_api_core.c **** 
 923:Core/Src/vl53l1_api_core.c **** 	LOG_FUNCTION_START("");
 979              		.loc 1 923 24 view .LVU318
 924:Core/Src/vl53l1_api_core.c **** 
 925:Core/Src/vl53l1_api_core.c **** 	pdev->refspadchar.device_test_mode = pdata->device_test_mode;
 980              		.loc 1 925 2 view .LVU319
 981              		.loc 1 925 44 is_stmt 0 view .LVU320
 982 0000 0B78     		ldrb	r3, [r1]	@ zero_extendqisi2
 983              		.loc 1 925 37 view .LVU321
 984 0002 80F81031 		strb	r3, [r0, #272]
 926:Core/Src/vl53l1_api_core.c **** 	pdev->refspadchar.vcsel_period     = pdata->vcsel_period;
 985              		.loc 1 926 2 is_stmt 1 view .LVU322
 986              		.loc 1 926 44 is_stmt 0 view .LVU323
 987 0006 4B78     		ldrb	r3, [r1, #1]	@ zero_extendqisi2
 988              		.loc 1 926 37 view .LVU324
 989 0008 80F81131 		strb	r3, [r0, #273]
 927:Core/Src/vl53l1_api_core.c **** 	pdev->refspadchar.timeout_us       = pdata->timeout_us;
 990              		.loc 1 927 2 is_stmt 1 view .LVU325
 991              		.loc 1 927 44 is_stmt 0 view .LVU326
 992 000c 4B68     		ldr	r3, [r1, #4]
 993              		.loc 1 927 37 view .LVU327
 994 000e C0F81431 		str	r3, [r0, #276]
 928:Core/Src/vl53l1_api_core.c **** 	pdev->refspadchar.target_count_rate_mcps    =
 995              		.loc 1 928 2 is_stmt 1 view .LVU328
 929:Core/Src/vl53l1_api_core.c **** 			pdata->target_count_rate_mcps;
 996              		.loc 1 929 9 is_stmt 0 view .LVU329
 997 0012 0B89     		ldrh	r3, [r1, #8]
 928:Core/Src/vl53l1_api_core.c **** 	pdev->refspadchar.target_count_rate_mcps    =
 998              		.loc 1 928 46 view .LVU330
 999 0014 A0F81831 		strh	r3, [r0, #280]	@ movhi
 930:Core/Src/vl53l1_api_core.c **** 	pdev->refspadchar.min_count_rate_limit_mcps =
 1000              		.loc 1 930 2 is_stmt 1 view .LVU331
 931:Core/Src/vl53l1_api_core.c **** 			pdata->min_count_rate_limit_mcps;
 1001              		.loc 1 931 9 is_stmt 0 view .LVU332
 1002 0018 4B89     		ldrh	r3, [r1, #10]
 930:Core/Src/vl53l1_api_core.c **** 	pdev->refspadchar.min_count_rate_limit_mcps =
 1003              		.loc 1 930 46 view .LVU333
 1004 001a A0F81A31 		strh	r3, [r0, #282]	@ movhi
 932:Core/Src/vl53l1_api_core.c **** 	pdev->refspadchar.max_count_rate_limit_mcps =
 1005              		.loc 1 932 2 is_stmt 1 view .LVU334
 933:Core/Src/vl53l1_api_core.c **** 			pdata->max_count_rate_limit_mcps;
 1006              		.loc 1 933 9 is_stmt 0 view .LVU335
 1007 001e 8B89     		ldrh	r3, [r1, #12]
 932:Core/Src/vl53l1_api_core.c **** 	pdev->refspadchar.max_count_rate_limit_mcps =
 1008              		.loc 1 932 46 view .LVU336
 1009 0020 A0F81C31 		strh	r3, [r0, #284]	@ movhi
 934:Core/Src/vl53l1_api_core.c **** 
 935:Core/Src/vl53l1_api_core.c **** 	LOG_FUNCTION_END(status);
 1010              		.loc 1 935 26 is_stmt 1 view .LVU337
 936:Core/Src/vl53l1_api_core.c **** 
 937:Core/Src/vl53l1_api_core.c **** 	return status;
 1011              		.loc 1 937 2 view .LVU338
 938:Core/Src/vl53l1_api_core.c **** }
ARM GAS  C:\Users\Lenovo\AppData\Local\Temp\ccZ6paZS.s 			page 36


 1012              		.loc 1 938 1 is_stmt 0 view .LVU339
 1013 0024 0020     		movs	r0, #0
 1014              	.LVL94:
 1015              		.loc 1 938 1 view .LVU340
 1016 0026 7047     		bx	lr
 1017              		.cfi_endproc
 1018              	.LFE17:
 1020              		.section	.text.VL53L1_get_refspadchar_config_struct,"ax",%progbits
 1021              		.align	1
 1022              		.global	VL53L1_get_refspadchar_config_struct
 1023              		.syntax unified
 1024              		.thumb
 1025              		.thumb_func
 1027              	VL53L1_get_refspadchar_config_struct:
 1028              	.LVL95:
 1029              	.LFB18:
 939:Core/Src/vl53l1_api_core.c **** #endif
 940:Core/Src/vl53l1_api_core.c **** 
 941:Core/Src/vl53l1_api_core.c **** #ifndef VL53L1_NOCALIB
 942:Core/Src/vl53l1_api_core.c **** VL53L1_Error VL53L1_get_refspadchar_config_struct(
 943:Core/Src/vl53l1_api_core.c **** 	VL53L1_DEV                     Dev,
 944:Core/Src/vl53l1_api_core.c **** 	VL53L1_refspadchar_config_t   *pdata)
 945:Core/Src/vl53l1_api_core.c **** {
 1030              		.loc 1 945 1 is_stmt 1 view -0
 1031              		.cfi_startproc
 1032              		@ args = 0, pretend = 0, frame = 0
 1033              		@ frame_needed = 0, uses_anonymous_args = 0
 1034              		@ link register save eliminated.
 946:Core/Src/vl53l1_api_core.c **** 	/*
 947:Core/Src/vl53l1_api_core.c **** 	 * Allows user config of Ref SPAD Char data structure
 948:Core/Src/vl53l1_api_core.c **** 	 */
 949:Core/Src/vl53l1_api_core.c **** 
 950:Core/Src/vl53l1_api_core.c **** 	VL53L1_Error  status = VL53L1_ERROR_NONE;
 1035              		.loc 1 950 2 view .LVU342
 951:Core/Src/vl53l1_api_core.c **** 	VL53L1_LLDriverData_t *pdev =
 1036              		.loc 1 951 2 view .LVU343
 952:Core/Src/vl53l1_api_core.c **** 		VL53L1DevStructGetLLDriverHandle(Dev);
 953:Core/Src/vl53l1_api_core.c **** 
 954:Core/Src/vl53l1_api_core.c **** 	LOG_FUNCTION_START("");
 1037              		.loc 1 954 24 view .LVU344
 955:Core/Src/vl53l1_api_core.c **** 
 956:Core/Src/vl53l1_api_core.c **** 	pdata->device_test_mode       = pdev->refspadchar.device_test_mode;
 1038              		.loc 1 956 2 view .LVU345
 1039              		.loc 1 956 51 is_stmt 0 view .LVU346
 1040 0000 90F81031 		ldrb	r3, [r0, #272]	@ zero_extendqisi2
 1041              		.loc 1 956 32 view .LVU347
 1042 0004 0B70     		strb	r3, [r1]
 957:Core/Src/vl53l1_api_core.c **** 	pdata->vcsel_period           = pdev->refspadchar.vcsel_period;
 1043              		.loc 1 957 2 is_stmt 1 view .LVU348
 1044              		.loc 1 957 51 is_stmt 0 view .LVU349
 1045 0006 90F81131 		ldrb	r3, [r0, #273]	@ zero_extendqisi2
 1046              		.loc 1 957 32 view .LVU350
 1047 000a 4B70     		strb	r3, [r1, #1]
 958:Core/Src/vl53l1_api_core.c **** 	pdata->timeout_us             = pdev->refspadchar.timeout_us;
 1048              		.loc 1 958 2 is_stmt 1 view .LVU351
 1049              		.loc 1 958 51 is_stmt 0 view .LVU352
 1050 000c D0F81431 		ldr	r3, [r0, #276]
ARM GAS  C:\Users\Lenovo\AppData\Local\Temp\ccZ6paZS.s 			page 37


 1051              		.loc 1 958 32 view .LVU353
 1052 0010 4B60     		str	r3, [r1, #4]
 959:Core/Src/vl53l1_api_core.c **** 	pdata->target_count_rate_mcps = pdev->refspadchar.target_count_rate_mcps;
 1053              		.loc 1 959 2 is_stmt 1 view .LVU354
 1054              		.loc 1 959 51 is_stmt 0 view .LVU355
 1055 0012 B0F81831 		ldrh	r3, [r0, #280]
 1056              		.loc 1 959 32 view .LVU356
 1057 0016 0B81     		strh	r3, [r1, #8]	@ movhi
 960:Core/Src/vl53l1_api_core.c **** 	pdata->min_count_rate_limit_mcps =
 1058              		.loc 1 960 2 is_stmt 1 view .LVU357
 961:Core/Src/vl53l1_api_core.c **** 			pdev->refspadchar.min_count_rate_limit_mcps;
 1059              		.loc 1 961 21 is_stmt 0 view .LVU358
 1060 0018 B0F81A31 		ldrh	r3, [r0, #282]
 960:Core/Src/vl53l1_api_core.c **** 	pdata->min_count_rate_limit_mcps =
 1061              		.loc 1 960 35 view .LVU359
 1062 001c 4B81     		strh	r3, [r1, #10]	@ movhi
 962:Core/Src/vl53l1_api_core.c **** 	pdata->max_count_rate_limit_mcps =
 1063              		.loc 1 962 2 is_stmt 1 view .LVU360
 963:Core/Src/vl53l1_api_core.c **** 			pdev->refspadchar.max_count_rate_limit_mcps;
 1064              		.loc 1 963 21 is_stmt 0 view .LVU361
 1065 001e B0F81C31 		ldrh	r3, [r0, #284]
 962:Core/Src/vl53l1_api_core.c **** 	pdata->max_count_rate_limit_mcps =
 1066              		.loc 1 962 35 view .LVU362
 1067 0022 8B81     		strh	r3, [r1, #12]	@ movhi
 964:Core/Src/vl53l1_api_core.c **** 
 965:Core/Src/vl53l1_api_core.c **** 	LOG_FUNCTION_END(status);
 1068              		.loc 1 965 26 is_stmt 1 view .LVU363
 966:Core/Src/vl53l1_api_core.c **** 
 967:Core/Src/vl53l1_api_core.c **** 	return status;
 1069              		.loc 1 967 2 view .LVU364
 968:Core/Src/vl53l1_api_core.c **** }
 1070              		.loc 1 968 1 is_stmt 0 view .LVU365
 1071 0024 0020     		movs	r0, #0
 1072              	.LVL96:
 1073              		.loc 1 968 1 view .LVU366
 1074 0026 7047     		bx	lr
 1075              		.cfi_endproc
 1076              	.LFE18:
 1078              		.section	.text.VL53L1_set_range_ignore_threshold,"ax",%progbits
 1079              		.align	1
 1080              		.global	VL53L1_set_range_ignore_threshold
 1081              		.syntax unified
 1082              		.thumb
 1083              		.thumb_func
 1085              	VL53L1_set_range_ignore_threshold:
 1086              	.LVL97:
 1087              	.LFB19:
 969:Core/Src/vl53l1_api_core.c **** #endif
 970:Core/Src/vl53l1_api_core.c **** 
 971:Core/Src/vl53l1_api_core.c **** 
 972:Core/Src/vl53l1_api_core.c **** VL53L1_Error VL53L1_set_range_ignore_threshold(
 973:Core/Src/vl53l1_api_core.c **** 	VL53L1_DEV              Dev,
 974:Core/Src/vl53l1_api_core.c **** 	uint8_t                 range_ignore_thresh_mult,
 975:Core/Src/vl53l1_api_core.c **** 	uint16_t                range_ignore_threshold_mcps)
 976:Core/Src/vl53l1_api_core.c **** {
 1088              		.loc 1 976 1 is_stmt 1 view -0
 1089              		.cfi_startproc
ARM GAS  C:\Users\Lenovo\AppData\Local\Temp\ccZ6paZS.s 			page 38


 1090              		@ args = 0, pretend = 0, frame = 0
 1091              		@ frame_needed = 0, uses_anonymous_args = 0
 1092              		@ link register save eliminated.
 977:Core/Src/vl53l1_api_core.c **** 	/**
 978:Core/Src/vl53l1_api_core.c **** 	 * Convenience function for setting Range Ignore Threshold
 979:Core/Src/vl53l1_api_core.c **** 	 */
 980:Core/Src/vl53l1_api_core.c **** 
 981:Core/Src/vl53l1_api_core.c **** 	VL53L1_Error  status = VL53L1_ERROR_NONE;
 1093              		.loc 1 981 2 view .LVU368
 982:Core/Src/vl53l1_api_core.c **** 	VL53L1_LLDriverData_t *pdev =
 1094              		.loc 1 982 2 view .LVU369
 983:Core/Src/vl53l1_api_core.c **** 		VL53L1DevStructGetLLDriverHandle(Dev);
 984:Core/Src/vl53l1_api_core.c **** 
 985:Core/Src/vl53l1_api_core.c **** 	pdev->xtalk_cfg.crosstalk_range_ignore_threshold_rate_mcps =
 1095              		.loc 1 985 2 view .LVU370
 1096              		.loc 1 985 61 is_stmt 0 view .LVU371
 1097 0000 A0F84221 		strh	r2, [r0, #322]	@ movhi
 986:Core/Src/vl53l1_api_core.c **** 		range_ignore_threshold_mcps;
 987:Core/Src/vl53l1_api_core.c **** 
 988:Core/Src/vl53l1_api_core.c **** 	pdev->xtalk_cfg.crosstalk_range_ignore_threshold_mult =
 1098              		.loc 1 988 2 is_stmt 1 view .LVU372
 1099              		.loc 1 988 56 is_stmt 0 view .LVU373
 1100 0004 80F84011 		strb	r1, [r0, #320]
 989:Core/Src/vl53l1_api_core.c **** 		range_ignore_thresh_mult;
 990:Core/Src/vl53l1_api_core.c **** 
 991:Core/Src/vl53l1_api_core.c **** 	return status;
 1101              		.loc 1 991 2 is_stmt 1 view .LVU374
 992:Core/Src/vl53l1_api_core.c **** 
 993:Core/Src/vl53l1_api_core.c **** }
 1102              		.loc 1 993 1 is_stmt 0 view .LVU375
 1103 0008 0020     		movs	r0, #0
 1104              	.LVL98:
 1105              		.loc 1 993 1 view .LVU376
 1106 000a 7047     		bx	lr
 1107              		.cfi_endproc
 1108              	.LFE19:
 1110              		.section	.text.VL53L1_get_range_ignore_threshold,"ax",%progbits
 1111              		.align	1
 1112              		.global	VL53L1_get_range_ignore_threshold
 1113              		.syntax unified
 1114              		.thumb
 1115              		.thumb_func
 1117              	VL53L1_get_range_ignore_threshold:
 1118              	.LVL99:
 1119              	.LFB20:
 994:Core/Src/vl53l1_api_core.c **** 
 995:Core/Src/vl53l1_api_core.c **** VL53L1_Error VL53L1_get_range_ignore_threshold(
 996:Core/Src/vl53l1_api_core.c **** 	VL53L1_DEV              Dev,
 997:Core/Src/vl53l1_api_core.c **** 	uint8_t                *prange_ignore_thresh_mult,
 998:Core/Src/vl53l1_api_core.c **** 	uint16_t               *prange_ignore_threshold_mcps_internal,
 999:Core/Src/vl53l1_api_core.c **** 	uint16_t               *prange_ignore_threshold_mcps_current)
1000:Core/Src/vl53l1_api_core.c **** {
 1120              		.loc 1 1000 1 is_stmt 1 view -0
 1121              		.cfi_startproc
 1122              		@ args = 0, pretend = 0, frame = 0
 1123              		@ frame_needed = 0, uses_anonymous_args = 0
 1124              		@ link register save eliminated.
ARM GAS  C:\Users\Lenovo\AppData\Local\Temp\ccZ6paZS.s 			page 39


1001:Core/Src/vl53l1_api_core.c **** 	/**
1002:Core/Src/vl53l1_api_core.c **** 	 * Convenience function for retrieving Range Ignore Threshold
1003:Core/Src/vl53l1_api_core.c **** 	 * - Returns both the calculated internal value
1004:Core/Src/vl53l1_api_core.c **** 	 * - and the value currently applied to device reg settings
1005:Core/Src/vl53l1_api_core.c **** 	 *
1006:Core/Src/vl53l1_api_core.c **** 	 * Values both in fixed point 3.13 Mcps per spad
1007:Core/Src/vl53l1_api_core.c **** 	 *
1008:Core/Src/vl53l1_api_core.c **** 	 */
1009:Core/Src/vl53l1_api_core.c **** 
1010:Core/Src/vl53l1_api_core.c **** 	VL53L1_Error  status = VL53L1_ERROR_NONE;
 1125              		.loc 1 1010 2 view .LVU378
1011:Core/Src/vl53l1_api_core.c **** 	VL53L1_LLDriverData_t *pdev =
 1126              		.loc 1 1011 2 view .LVU379
1012:Core/Src/vl53l1_api_core.c **** 		VL53L1DevStructGetLLDriverHandle(Dev);
1013:Core/Src/vl53l1_api_core.c **** 
1014:Core/Src/vl53l1_api_core.c **** 	*prange_ignore_thresh_mult =
 1127              		.loc 1 1014 2 view .LVU380
1015:Core/Src/vl53l1_api_core.c **** 	    pdev->xtalk_cfg.crosstalk_range_ignore_threshold_mult;
 1128              		.loc 1 1015 21 is_stmt 0 view .LVU381
 1129 0000 90F840C1 		ldrb	ip, [r0, #320]	@ zero_extendqisi2
1014:Core/Src/vl53l1_api_core.c **** 	    pdev->xtalk_cfg.crosstalk_range_ignore_threshold_mult;
 1130              		.loc 1 1014 29 view .LVU382
 1131 0004 81F800C0 		strb	ip, [r1]
1016:Core/Src/vl53l1_api_core.c **** 
1017:Core/Src/vl53l1_api_core.c **** 	*prange_ignore_threshold_mcps_current =
 1132              		.loc 1 1017 2 is_stmt 1 view .LVU383
1018:Core/Src/vl53l1_api_core.c **** 		pdev->stat_cfg.algo__range_ignore_threshold_mcps;
 1133              		.loc 1 1018 17 is_stmt 0 view .LVU384
 1134 0008 B0F87C11 		ldrh	r1, [r0, #380]
 1135              	.LVL100:
1017:Core/Src/vl53l1_api_core.c **** 		pdev->stat_cfg.algo__range_ignore_threshold_mcps;
 1136              		.loc 1 1017 40 view .LVU385
 1137 000c 1980     		strh	r1, [r3]	@ movhi
1019:Core/Src/vl53l1_api_core.c **** 
1020:Core/Src/vl53l1_api_core.c **** 	*prange_ignore_threshold_mcps_internal =
 1138              		.loc 1 1020 2 is_stmt 1 view .LVU386
1021:Core/Src/vl53l1_api_core.c **** 		pdev->xtalk_cfg.crosstalk_range_ignore_threshold_rate_mcps;
 1139              		.loc 1 1021 18 is_stmt 0 view .LVU387
 1140 000e B0F84231 		ldrh	r3, [r0, #322]
 1141              	.LVL101:
1020:Core/Src/vl53l1_api_core.c **** 		pdev->xtalk_cfg.crosstalk_range_ignore_threshold_rate_mcps;
 1142              		.loc 1 1020 41 view .LVU388
 1143 0012 1380     		strh	r3, [r2]	@ movhi
1022:Core/Src/vl53l1_api_core.c **** 
1023:Core/Src/vl53l1_api_core.c **** 	return status;
 1144              		.loc 1 1023 2 is_stmt 1 view .LVU389
1024:Core/Src/vl53l1_api_core.c **** 
1025:Core/Src/vl53l1_api_core.c **** }
 1145              		.loc 1 1025 1 is_stmt 0 view .LVU390
 1146 0014 0020     		movs	r0, #0
 1147              	.LVL102:
 1148              		.loc 1 1025 1 view .LVU391
 1149 0016 7047     		bx	lr
 1150              		.cfi_endproc
 1151              	.LFE20:
 1153              		.section	.text.VL53L1_get_interrupt_polarity,"ax",%progbits
 1154              		.align	1
ARM GAS  C:\Users\Lenovo\AppData\Local\Temp\ccZ6paZS.s 			page 40


 1155              		.global	VL53L1_get_interrupt_polarity
 1156              		.syntax unified
 1157              		.thumb
 1158              		.thumb_func
 1160              	VL53L1_get_interrupt_polarity:
 1161              	.LVL103:
 1162              	.LFB21:
1026:Core/Src/vl53l1_api_core.c **** 
1027:Core/Src/vl53l1_api_core.c **** 
1028:Core/Src/vl53l1_api_core.c **** 
1029:Core/Src/vl53l1_api_core.c **** VL53L1_Error VL53L1_get_interrupt_polarity(
1030:Core/Src/vl53l1_api_core.c **** 	VL53L1_DEV                       Dev,
1031:Core/Src/vl53l1_api_core.c **** 	VL53L1_DeviceInterruptPolarity  *pinterrupt_polarity)
1032:Core/Src/vl53l1_api_core.c **** {
 1163              		.loc 1 1032 1 is_stmt 1 view -0
 1164              		.cfi_startproc
 1165              		@ args = 0, pretend = 0, frame = 0
 1166              		@ frame_needed = 0, uses_anonymous_args = 0
 1167              		@ link register save eliminated.
1033:Core/Src/vl53l1_api_core.c **** 	/**
1034:Core/Src/vl53l1_api_core.c **** 	 * Convenience function for getting interrupt polarity
1035:Core/Src/vl53l1_api_core.c **** 	 */
1036:Core/Src/vl53l1_api_core.c **** 
1037:Core/Src/vl53l1_api_core.c **** 	VL53L1_Error  status = VL53L1_ERROR_NONE;
 1168              		.loc 1 1037 2 view .LVU393
1038:Core/Src/vl53l1_api_core.c **** 	VL53L1_LLDriverData_t *pdev =
 1169              		.loc 1 1038 2 view .LVU394
1039:Core/Src/vl53l1_api_core.c **** 		VL53L1DevStructGetLLDriverHandle(Dev);
1040:Core/Src/vl53l1_api_core.c **** 
1041:Core/Src/vl53l1_api_core.c **** 	*pinterrupt_polarity = \
 1170              		.loc 1 1041 2 view .LVU395
1042:Core/Src/vl53l1_api_core.c **** 		pdev->stat_cfg.gpio_hv_mux__ctrl & \
 1171              		.loc 1 1042 17 is_stmt 0 view .LVU396
 1172 0000 90F87031 		ldrb	r3, [r0, #368]	@ zero_extendqisi2
 1173              		.loc 1 1042 36 view .LVU397
 1174 0004 03F01003 		and	r3, r3, #16
1041:Core/Src/vl53l1_api_core.c **** 		pdev->stat_cfg.gpio_hv_mux__ctrl & \
 1175              		.loc 1 1041 23 view .LVU398
 1176 0008 0B70     		strb	r3, [r1]
1043:Core/Src/vl53l1_api_core.c **** 		VL53L1_DEVICEINTERRUPTPOLARITY_BIT_MASK ;
1044:Core/Src/vl53l1_api_core.c **** 
1045:Core/Src/vl53l1_api_core.c **** 	return status;
 1177              		.loc 1 1045 2 is_stmt 1 view .LVU399
1046:Core/Src/vl53l1_api_core.c **** 
1047:Core/Src/vl53l1_api_core.c **** }
 1178              		.loc 1 1047 1 is_stmt 0 view .LVU400
 1179 000a 0020     		movs	r0, #0
 1180              	.LVL104:
 1181              		.loc 1 1047 1 view .LVU401
 1182 000c 7047     		bx	lr
 1183              		.cfi_endproc
 1184              	.LFE21:
 1186              		.section	.text.VL53L1_set_user_zone,"ax",%progbits
 1187              		.align	1
 1188              		.global	VL53L1_set_user_zone
 1189              		.syntax unified
 1190              		.thumb
ARM GAS  C:\Users\Lenovo\AppData\Local\Temp\ccZ6paZS.s 			page 41


 1191              		.thumb_func
 1193              	VL53L1_set_user_zone:
 1194              	.LVL105:
 1195              	.LFB22:
1048:Core/Src/vl53l1_api_core.c **** 
1049:Core/Src/vl53l1_api_core.c **** 
1050:Core/Src/vl53l1_api_core.c **** VL53L1_Error VL53L1_set_user_zone(
1051:Core/Src/vl53l1_api_core.c **** 	VL53L1_DEV              Dev,
1052:Core/Src/vl53l1_api_core.c **** 	VL53L1_user_zone_t     *puser_zone)
1053:Core/Src/vl53l1_api_core.c **** {
 1196              		.loc 1 1053 1 is_stmt 1 view -0
 1197              		.cfi_startproc
 1198              		@ args = 0, pretend = 0, frame = 0
 1199              		@ frame_needed = 0, uses_anonymous_args = 0
 1200              		.loc 1 1053 1 is_stmt 0 view .LVU403
 1201 0000 38B5     		push	{r3, r4, r5, lr}
 1202              	.LCFI8:
 1203              		.cfi_def_cfa_offset 16
 1204              		.cfi_offset 3, -16
 1205              		.cfi_offset 4, -12
 1206              		.cfi_offset 5, -8
 1207              		.cfi_offset 14, -4
 1208 0002 0546     		mov	r5, r0
 1209 0004 0C46     		mov	r4, r1
1054:Core/Src/vl53l1_api_core.c **** 	/**
1055:Core/Src/vl53l1_api_core.c **** 	 * Convenience function for setting the user ROI
1056:Core/Src/vl53l1_api_core.c **** 	 */
1057:Core/Src/vl53l1_api_core.c **** 
1058:Core/Src/vl53l1_api_core.c **** 	VL53L1_Error  status = VL53L1_ERROR_NONE;
 1210              		.loc 1 1058 2 is_stmt 1 view .LVU404
 1211              	.LVL106:
1059:Core/Src/vl53l1_api_core.c **** 	VL53L1_LLDriverData_t *pdev = VL53L1DevStructGetLLDriverHandle(Dev);
 1212              		.loc 1 1059 2 view .LVU405
1060:Core/Src/vl53l1_api_core.c **** 
1061:Core/Src/vl53l1_api_core.c **** 	LOG_FUNCTION_START("");
 1213              		.loc 1 1061 24 view .LVU406
1062:Core/Src/vl53l1_api_core.c **** 
1063:Core/Src/vl53l1_api_core.c **** 	/* convert (row,col) location into a SPAD number */
1064:Core/Src/vl53l1_api_core.c **** 	VL53L1_encode_row_col(
 1214              		.loc 1 1064 2 view .LVU407
 1215 0006 00F2C312 		addw	r2, r0, #451
 1216 000a 0978     		ldrb	r1, [r1]	@ zero_extendqisi2
 1217              	.LVL107:
 1218              		.loc 1 1064 2 is_stmt 0 view .LVU408
 1219 000c 6078     		ldrb	r0, [r4, #1]	@ zero_extendqisi2
 1220              	.LVL108:
 1221              		.loc 1 1064 2 view .LVU409
 1222 000e FFF7FEFF 		bl	VL53L1_encode_row_col
 1223              	.LVL109:
1065:Core/Src/vl53l1_api_core.c **** 		puser_zone->y_centre,
1066:Core/Src/vl53l1_api_core.c **** 		puser_zone->x_centre,
1067:Core/Src/vl53l1_api_core.c **** 		&(pdev->dyn_cfg.roi_config__user_roi_centre_spad));
1068:Core/Src/vl53l1_api_core.c **** 
1069:Core/Src/vl53l1_api_core.c **** 	/* merge x and y sizes */
1070:Core/Src/vl53l1_api_core.c **** 	VL53L1_encode_zone_size(
 1224              		.loc 1 1070 2 is_stmt 1 view .LVU410
 1225 0012 05F5E272 		add	r2, r5, #452
ARM GAS  C:\Users\Lenovo\AppData\Local\Temp\ccZ6paZS.s 			page 42


 1226 0016 E178     		ldrb	r1, [r4, #3]	@ zero_extendqisi2
 1227 0018 A078     		ldrb	r0, [r4, #2]	@ zero_extendqisi2
 1228 001a FFF7FEFF 		bl	VL53L1_encode_zone_size
 1229              	.LVL110:
1071:Core/Src/vl53l1_api_core.c **** 		puser_zone->width,
1072:Core/Src/vl53l1_api_core.c **** 		puser_zone->height,
1073:Core/Src/vl53l1_api_core.c **** 		&(pdev->dyn_cfg.roi_config__user_roi_requested_global_xy_size));
1074:Core/Src/vl53l1_api_core.c **** 
1075:Core/Src/vl53l1_api_core.c **** 	/* need to add checks to ensure ROI is within array */
1076:Core/Src/vl53l1_api_core.c **** 
1077:Core/Src/vl53l1_api_core.c **** 	LOG_FUNCTION_END(status);
 1230              		.loc 1 1077 26 view .LVU411
1078:Core/Src/vl53l1_api_core.c **** 
1079:Core/Src/vl53l1_api_core.c **** 	return status;
 1231              		.loc 1 1079 2 view .LVU412
1080:Core/Src/vl53l1_api_core.c **** }
 1232              		.loc 1 1080 1 is_stmt 0 view .LVU413
 1233 001e 0020     		movs	r0, #0
 1234 0020 38BD     		pop	{r3, r4, r5, pc}
 1235              		.loc 1 1080 1 view .LVU414
 1236              		.cfi_endproc
 1237              	.LFE22:
 1239              		.section	.text.VL53L1_get_user_zone,"ax",%progbits
 1240              		.align	1
 1241              		.global	VL53L1_get_user_zone
 1242              		.syntax unified
 1243              		.thumb
 1244              		.thumb_func
 1246              	VL53L1_get_user_zone:
 1247              	.LVL111:
 1248              	.LFB23:
1081:Core/Src/vl53l1_api_core.c **** 
1082:Core/Src/vl53l1_api_core.c **** 
1083:Core/Src/vl53l1_api_core.c **** VL53L1_Error VL53L1_get_user_zone(
1084:Core/Src/vl53l1_api_core.c **** 	VL53L1_DEV              Dev,
1085:Core/Src/vl53l1_api_core.c **** 	VL53L1_user_zone_t     *puser_zone)
1086:Core/Src/vl53l1_api_core.c **** {
 1249              		.loc 1 1086 1 is_stmt 1 view -0
 1250              		.cfi_startproc
 1251              		@ args = 0, pretend = 0, frame = 0
 1252              		@ frame_needed = 0, uses_anonymous_args = 0
 1253              		.loc 1 1086 1 is_stmt 0 view .LVU416
 1254 0000 38B5     		push	{r3, r4, r5, lr}
 1255              	.LCFI9:
 1256              		.cfi_def_cfa_offset 16
 1257              		.cfi_offset 3, -16
 1258              		.cfi_offset 4, -12
 1259              		.cfi_offset 5, -8
 1260              		.cfi_offset 14, -4
 1261 0002 0546     		mov	r5, r0
 1262 0004 0C46     		mov	r4, r1
1087:Core/Src/vl53l1_api_core.c **** 	/**
1088:Core/Src/vl53l1_api_core.c **** 	 * Convenience function for getting the user ROI
1089:Core/Src/vl53l1_api_core.c **** 	 */
1090:Core/Src/vl53l1_api_core.c **** 
1091:Core/Src/vl53l1_api_core.c **** 	VL53L1_Error  status = VL53L1_ERROR_NONE;
 1263              		.loc 1 1091 2 is_stmt 1 view .LVU417
ARM GAS  C:\Users\Lenovo\AppData\Local\Temp\ccZ6paZS.s 			page 43


 1264              	.LVL112:
1092:Core/Src/vl53l1_api_core.c **** 	VL53L1_LLDriverData_t *pdev = VL53L1DevStructGetLLDriverHandle(Dev);
 1265              		.loc 1 1092 2 view .LVU418
1093:Core/Src/vl53l1_api_core.c **** 
1094:Core/Src/vl53l1_api_core.c **** 	LOG_FUNCTION_START("");
 1266              		.loc 1 1094 24 view .LVU419
1095:Core/Src/vl53l1_api_core.c **** 
1096:Core/Src/vl53l1_api_core.c **** 	/* convert SPAD number into (row,col) location*/
1097:Core/Src/vl53l1_api_core.c **** 	VL53L1_decode_row_col(
 1267              		.loc 1 1097 2 view .LVU420
 1268 0006 0A46     		mov	r2, r1
 1269 0008 0131     		adds	r1, r1, #1
 1270              	.LVL113:
 1271              		.loc 1 1097 2 is_stmt 0 view .LVU421
 1272 000a 90F8C301 		ldrb	r0, [r0, #451]	@ zero_extendqisi2
 1273              	.LVL114:
 1274              		.loc 1 1097 2 view .LVU422
 1275 000e FFF7FEFF 		bl	VL53L1_decode_row_col
 1276              	.LVL115:
1098:Core/Src/vl53l1_api_core.c **** 			pdev->dyn_cfg.roi_config__user_roi_centre_spad,
1099:Core/Src/vl53l1_api_core.c **** 			&(puser_zone->y_centre),
1100:Core/Src/vl53l1_api_core.c **** 			&(puser_zone->x_centre));
1101:Core/Src/vl53l1_api_core.c **** 
1102:Core/Src/vl53l1_api_core.c **** 	/* extract x and y sizes */
1103:Core/Src/vl53l1_api_core.c **** 	VL53L1_decode_zone_size(
 1277              		.loc 1 1103 2 is_stmt 1 view .LVU423
 1278 0012 E21C     		adds	r2, r4, #3
 1279 0014 A11C     		adds	r1, r4, #2
 1280 0016 95F8C401 		ldrb	r0, [r5, #452]	@ zero_extendqisi2
 1281 001a FFF7FEFF 		bl	VL53L1_decode_zone_size
 1282              	.LVL116:
1104:Core/Src/vl53l1_api_core.c **** 		pdev->dyn_cfg.roi_config__user_roi_requested_global_xy_size,
1105:Core/Src/vl53l1_api_core.c **** 		&(puser_zone->width),
1106:Core/Src/vl53l1_api_core.c **** 		&(puser_zone->height));
1107:Core/Src/vl53l1_api_core.c **** 
1108:Core/Src/vl53l1_api_core.c **** 	LOG_FUNCTION_END(status);
 1283              		.loc 1 1108 26 view .LVU424
1109:Core/Src/vl53l1_api_core.c **** 
1110:Core/Src/vl53l1_api_core.c **** 	return status;
 1284              		.loc 1 1110 2 view .LVU425
1111:Core/Src/vl53l1_api_core.c **** }
 1285              		.loc 1 1111 1 is_stmt 0 view .LVU426
 1286 001e 0020     		movs	r0, #0
 1287 0020 38BD     		pop	{r3, r4, r5, pc}
 1288              		.loc 1 1111 1 view .LVU427
 1289              		.cfi_endproc
 1290              	.LFE23:
 1292              		.section	.text.VL53L1_get_mode_mitigation_roi,"ax",%progbits
 1293              		.align	1
 1294              		.global	VL53L1_get_mode_mitigation_roi
 1295              		.syntax unified
 1296              		.thumb
 1297              		.thumb_func
 1299              	VL53L1_get_mode_mitigation_roi:
 1300              	.LVL117:
 1301              	.LFB24:
1112:Core/Src/vl53l1_api_core.c **** 
ARM GAS  C:\Users\Lenovo\AppData\Local\Temp\ccZ6paZS.s 			page 44


1113:Core/Src/vl53l1_api_core.c **** 
1114:Core/Src/vl53l1_api_core.c **** 
1115:Core/Src/vl53l1_api_core.c **** VL53L1_Error VL53L1_get_mode_mitigation_roi(
1116:Core/Src/vl53l1_api_core.c **** 	VL53L1_DEV              Dev,
1117:Core/Src/vl53l1_api_core.c **** 	VL53L1_user_zone_t     *pmm_roi)
1118:Core/Src/vl53l1_api_core.c **** {
 1302              		.loc 1 1118 1 is_stmt 1 view -0
 1303              		.cfi_startproc
 1304              		@ args = 0, pretend = 0, frame = 8
 1305              		@ frame_needed = 0, uses_anonymous_args = 0
 1306              		.loc 1 1118 1 is_stmt 0 view .LVU429
 1307 0000 70B5     		push	{r4, r5, r6, lr}
 1308              	.LCFI10:
 1309              		.cfi_def_cfa_offset 16
 1310              		.cfi_offset 4, -16
 1311              		.cfi_offset 5, -12
 1312              		.cfi_offset 6, -8
 1313              		.cfi_offset 14, -4
 1314 0002 82B0     		sub	sp, sp, #8
 1315              	.LCFI11:
 1316              		.cfi_def_cfa_offset 24
 1317 0004 0546     		mov	r5, r0
 1318 0006 0C46     		mov	r4, r1
1119:Core/Src/vl53l1_api_core.c **** 	/**
1120:Core/Src/vl53l1_api_core.c **** 	 * Convenience function for getting the mode mitigation ROI
1121:Core/Src/vl53l1_api_core.c **** 	 */
1122:Core/Src/vl53l1_api_core.c **** 
1123:Core/Src/vl53l1_api_core.c **** 	VL53L1_Error  status = VL53L1_ERROR_NONE;
 1319              		.loc 1 1123 2 is_stmt 1 view .LVU430
 1320              	.LVL118:
1124:Core/Src/vl53l1_api_core.c **** 	VL53L1_LLDriverData_t *pdev = VL53L1DevStructGetLLDriverHandle(Dev);
 1321              		.loc 1 1124 2 view .LVU431
1125:Core/Src/vl53l1_api_core.c **** 
1126:Core/Src/vl53l1_api_core.c **** 	uint8_t  x       = 0;
 1322              		.loc 1 1126 2 view .LVU432
 1323              		.loc 1 1126 11 is_stmt 0 view .LVU433
 1324 0008 0026     		movs	r6, #0
 1325 000a 8DF80760 		strb	r6, [sp, #7]
1127:Core/Src/vl53l1_api_core.c **** 	uint8_t  y       = 0;
 1326              		.loc 1 1127 2 is_stmt 1 view .LVU434
 1327              		.loc 1 1127 11 is_stmt 0 view .LVU435
 1328 000e 8DF80660 		strb	r6, [sp, #6]
1128:Core/Src/vl53l1_api_core.c **** 	uint8_t  xy_size = 0;
 1329              		.loc 1 1128 2 is_stmt 1 view .LVU436
 1330              	.LVL119:
1129:Core/Src/vl53l1_api_core.c **** 
1130:Core/Src/vl53l1_api_core.c **** 	LOG_FUNCTION_START("");
 1331              		.loc 1 1130 24 view .LVU437
1131:Core/Src/vl53l1_api_core.c **** 
1132:Core/Src/vl53l1_api_core.c **** 	/* convert SPAD number into (row,col) location */
1133:Core/Src/vl53l1_api_core.c **** 	VL53L1_decode_row_col(
 1332              		.loc 1 1133 2 view .LVU438
 1333 0012 0DF10702 		add	r2, sp, #7
 1334 0016 0DF10601 		add	r1, sp, #6
 1335              	.LVL120:
 1336              		.loc 1 1133 2 is_stmt 0 view .LVU439
 1337 001a 90F82A02 		ldrb	r0, [r0, #554]	@ zero_extendqisi2
ARM GAS  C:\Users\Lenovo\AppData\Local\Temp\ccZ6paZS.s 			page 45


 1338              	.LVL121:
 1339              		.loc 1 1133 2 view .LVU440
 1340 001e FFF7FEFF 		bl	VL53L1_decode_row_col
 1341              	.LVL122:
1134:Core/Src/vl53l1_api_core.c **** 			pdev->nvm_copy_data.roi_config__mode_roi_centre_spad,
1135:Core/Src/vl53l1_api_core.c **** 			&y,
1136:Core/Src/vl53l1_api_core.c **** 			&x);
1137:Core/Src/vl53l1_api_core.c **** 
1138:Core/Src/vl53l1_api_core.c **** 	pmm_roi->x_centre = x;
 1342              		.loc 1 1138 2 is_stmt 1 view .LVU441
 1343              		.loc 1 1138 20 is_stmt 0 view .LVU442
 1344 0022 9DF80730 		ldrb	r3, [sp, #7]	@ zero_extendqisi2
 1345 0026 2370     		strb	r3, [r4]
1139:Core/Src/vl53l1_api_core.c **** 	pmm_roi->y_centre = y;
 1346              		.loc 1 1139 2 is_stmt 1 view .LVU443
 1347              		.loc 1 1139 20 is_stmt 0 view .LVU444
 1348 0028 9DF80630 		ldrb	r3, [sp, #6]	@ zero_extendqisi2
 1349 002c 6370     		strb	r3, [r4, #1]
1140:Core/Src/vl53l1_api_core.c **** 
1141:Core/Src/vl53l1_api_core.c **** 	/* extract x and y sizes
1142:Core/Src/vl53l1_api_core.c **** 	 *
1143:Core/Src/vl53l1_api_core.c **** 	 * Important: the sense of the device width and height is swapped
1144:Core/Src/vl53l1_api_core.c **** 	 * versus the API sense
1145:Core/Src/vl53l1_api_core.c **** 	 *
1146:Core/Src/vl53l1_api_core.c **** 	 * MS Nibble = height
1147:Core/Src/vl53l1_api_core.c **** 	 * LS Nibble = width
1148:Core/Src/vl53l1_api_core.c **** 	 */
1149:Core/Src/vl53l1_api_core.c **** 	xy_size = pdev->nvm_copy_data.roi_config__mode_roi_xy_size;
 1350              		.loc 1 1149 2 is_stmt 1 view .LVU445
 1351              		.loc 1 1149 10 is_stmt 0 view .LVU446
 1352 002e 95F82B32 		ldrb	r3, [r5, #555]	@ zero_extendqisi2
 1353              	.LVL123:
1150:Core/Src/vl53l1_api_core.c **** 
1151:Core/Src/vl53l1_api_core.c **** 	pmm_roi->height = xy_size >> 4;
 1354              		.loc 1 1151 2 is_stmt 1 view .LVU447
 1355              		.loc 1 1151 18 is_stmt 0 view .LVU448
 1356 0032 1A09     		lsrs	r2, r3, #4
 1357 0034 E270     		strb	r2, [r4, #3]
1152:Core/Src/vl53l1_api_core.c **** 	pmm_roi->width  = xy_size & 0x0F;
 1358              		.loc 1 1152 2 is_stmt 1 view .LVU449
 1359              		.loc 1 1152 28 is_stmt 0 view .LVU450
 1360 0036 03F00F03 		and	r3, r3, #15
 1361              	.LVL124:
 1362              		.loc 1 1152 18 view .LVU451
 1363 003a A370     		strb	r3, [r4, #2]
1153:Core/Src/vl53l1_api_core.c **** 
1154:Core/Src/vl53l1_api_core.c **** 	LOG_FUNCTION_END(status);
 1364              		.loc 1 1154 26 is_stmt 1 view .LVU452
1155:Core/Src/vl53l1_api_core.c **** 
1156:Core/Src/vl53l1_api_core.c **** 	return status;
 1365              		.loc 1 1156 2 view .LVU453
1157:Core/Src/vl53l1_api_core.c **** }
 1366              		.loc 1 1157 1 is_stmt 0 view .LVU454
 1367 003c 3046     		mov	r0, r6
 1368 003e 02B0     		add	sp, sp, #8
 1369              	.LCFI12:
 1370              		.cfi_def_cfa_offset 16
ARM GAS  C:\Users\Lenovo\AppData\Local\Temp\ccZ6paZS.s 			page 46


 1371              		@ sp needed
 1372 0040 70BD     		pop	{r4, r5, r6, pc}
 1373              		.loc 1 1157 1 view .LVU455
 1374              		.cfi_endproc
 1375              	.LFE24:
 1377              		.section	.text.VL53L1_read_p2p_data,"ax",%progbits
 1378              		.align	1
 1379              		.global	VL53L1_read_p2p_data
 1380              		.syntax unified
 1381              		.thumb
 1382              		.thumb_func
 1384              	VL53L1_read_p2p_data:
 1385              	.LVL125:
 1386              	.LFB4:
 315:Core/Src/vl53l1_api_core.c **** 
 1387              		.loc 1 315 1 is_stmt 1 view -0
 1388              		.cfi_startproc
 1389              		@ args = 0, pretend = 0, frame = 0
 1390              		@ frame_needed = 0, uses_anonymous_args = 0
 315:Core/Src/vl53l1_api_core.c **** 
 1391              		.loc 1 315 1 is_stmt 0 view .LVU457
 1392 0000 70B5     		push	{r4, r5, r6, lr}
 1393              	.LCFI13:
 1394              		.cfi_def_cfa_offset 16
 1395              		.cfi_offset 4, -16
 1396              		.cfi_offset 5, -12
 1397              		.cfi_offset 6, -8
 1398              		.cfi_offset 14, -4
 1399 0002 0446     		mov	r4, r0
 325:Core/Src/vl53l1_api_core.c **** 	VL53L1_LLDriverData_t *pdev = VL53L1DevStructGetLLDriverHandle(Dev);
 1400              		.loc 1 325 2 is_stmt 1 view .LVU458
 1401              	.LVL126:
 326:Core/Src/vl53l1_api_core.c **** 
 1402              		.loc 1 326 2 view .LVU459
 328:Core/Src/vl53l1_api_core.c **** 
 1403              		.loc 1 328 24 view .LVU460
 330:Core/Src/vl53l1_api_core.c **** 		status = VL53L1_get_static_nvm_managed(
 1404              		.loc 1 330 2 view .LVU461
 331:Core/Src/vl53l1_api_core.c **** 						Dev,
 1405              		.loc 1 331 3 view .LVU462
 331:Core/Src/vl53l1_api_core.c **** 						Dev,
 1406              		.loc 1 331 12 is_stmt 0 view .LVU463
 1407 0004 00F5AC71 		add	r1, r0, #344
 1408 0008 FFF7FEFF 		bl	VL53L1_get_static_nvm_managed
 1409              	.LVL127:
 335:Core/Src/vl53l1_api_core.c **** 		status = VL53L1_get_customer_nvm_managed(
 1410              		.loc 1 335 2 is_stmt 1 view .LVU464
 335:Core/Src/vl53l1_api_core.c **** 		status = VL53L1_get_customer_nvm_managed(
 1411              		.loc 1 335 5 is_stmt 0 view .LVU465
 1412 000c 0546     		mov	r5, r0
 1413 000e D0B1     		cbz	r0, .L76
 1414              	.LVL128:
 1415              	.L69:
 340:Core/Src/vl53l1_api_core.c **** 
 1416              		.loc 1 340 2 is_stmt 1 view .LVU466
 340:Core/Src/vl53l1_api_core.c **** 
 1417              		.loc 1 340 5 is_stmt 0 view .LVU467
ARM GAS  C:\Users\Lenovo\AppData\Local\Temp\ccZ6paZS.s 			page 47


 1418 0010 05B3     		cbz	r5, .L77
 1419              	.LVL129:
 1420              	.L70:
 357:Core/Src/vl53l1_api_core.c **** 		status =
 1421              		.loc 1 357 2 is_stmt 1 view .LVU468
 357:Core/Src/vl53l1_api_core.c **** 		status =
 1422              		.loc 1 357 5 is_stmt 0 view .LVU469
 1423 0012 75B3     		cbz	r5, .L78
 1424              	.L71:
 368:Core/Src/vl53l1_api_core.c **** 		trace_print(
 1425              		.loc 1 368 2 is_stmt 1 view .LVU470
 368:Core/Src/vl53l1_api_core.c **** 		trace_print(
 1426              		.loc 1 368 20 is_stmt 0 view .LVU471
 1427 0014 B4F85E31 		ldrh	r3, [r4, #350]
 368:Core/Src/vl53l1_api_core.c **** 		trace_print(
 1428              		.loc 1 368 5 view .LVU472
 1429 0018 B3F5805F 		cmp	r3, #4096
 1430 001c 03D2     		bcs	.L72
 374:Core/Src/vl53l1_api_core.c **** 		pdev->stat_nvm.osc_measured__fast_osc__frequency = 0xBCCC;
 1431              		.loc 1 374 11 is_stmt 1 view .LVU473
 375:Core/Src/vl53l1_api_core.c **** 	}
 1432              		.loc 1 375 3 view .LVU474
 375:Core/Src/vl53l1_api_core.c **** 	}
 1433              		.loc 1 375 52 is_stmt 0 view .LVU475
 1434 001e 4BF6CC43 		movw	r3, #48332
 1435 0022 A4F85E31 		strh	r3, [r4, #350]	@ movhi
 1436              	.L72:
 382:Core/Src/vl53l1_api_core.c **** 		status =
 1437              		.loc 1 382 2 is_stmt 1 view .LVU476
 382:Core/Src/vl53l1_api_core.c **** 		status =
 1438              		.loc 1 382 5 is_stmt 0 view .LVU477
 1439 0026 65B3     		cbz	r5, .L79
 1440              	.L73:
 392:Core/Src/vl53l1_api_core.c **** 		pdev->optical_centre.y_centre == 0) {
 1441              		.loc 1 392 2 is_stmt 1 view .LVU478
 392:Core/Src/vl53l1_api_core.c **** 		pdev->optical_centre.y_centre == 0) {
 1442              		.loc 1 392 41 is_stmt 0 view .LVU479
 1443 0028 B4F8A230 		ldrh	r3, [r4, #162]	@ unaligned
 392:Core/Src/vl53l1_api_core.c **** 		pdev->optical_centre.y_centre == 0) {
 1444              		.loc 1 392 5 view .LVU480
 1445 002c 4BB9     		cbnz	r3, .L74
 394:Core/Src/vl53l1_api_core.c **** 				pdev->mm_roi.x_centre << 4;
 1446              		.loc 1 394 3 is_stmt 1 view .LVU481
 395:Core/Src/vl53l1_api_core.c **** 		pdev->optical_centre.y_centre =
 1447              		.loc 1 395 17 is_stmt 0 view .LVU482
 1448 002e 94F89E30 		ldrb	r3, [r4, #158]	@ zero_extendqisi2
 395:Core/Src/vl53l1_api_core.c **** 		pdev->optical_centre.y_centre =
 1449              		.loc 1 395 27 view .LVU483
 1450 0032 1B01     		lsls	r3, r3, #4
 394:Core/Src/vl53l1_api_core.c **** 				pdev->mm_roi.x_centre << 4;
 1451              		.loc 1 394 33 view .LVU484
 1452 0034 84F8A230 		strb	r3, [r4, #162]
 396:Core/Src/vl53l1_api_core.c **** 				pdev->mm_roi.y_centre << 4;
 1453              		.loc 1 396 3 is_stmt 1 view .LVU485
 397:Core/Src/vl53l1_api_core.c **** 	}
 1454              		.loc 1 397 17 is_stmt 0 view .LVU486
 1455 0038 94F89F30 		ldrb	r3, [r4, #159]	@ zero_extendqisi2
ARM GAS  C:\Users\Lenovo\AppData\Local\Temp\ccZ6paZS.s 			page 48


 397:Core/Src/vl53l1_api_core.c **** 	}
 1456              		.loc 1 397 27 view .LVU487
 1457 003c 1B01     		lsls	r3, r3, #4
 396:Core/Src/vl53l1_api_core.c **** 				pdev->mm_roi.y_centre << 4;
 1458              		.loc 1 396 33 view .LVU488
 1459 003e 84F8A330 		strb	r3, [r4, #163]
 1460              	.L74:
 400:Core/Src/vl53l1_api_core.c **** 
 1461              		.loc 1 400 26 is_stmt 1 view .LVU489
 402:Core/Src/vl53l1_api_core.c **** }
 1462              		.loc 1 402 2 view .LVU490
 403:Core/Src/vl53l1_api_core.c **** 
 1463              		.loc 1 403 1 is_stmt 0 view .LVU491
 1464 0042 2846     		mov	r0, r5
 1465 0044 70BD     		pop	{r4, r5, r6, pc}
 1466              	.LVL130:
 1467              	.L76:
 336:Core/Src/vl53l1_api_core.c **** 						Dev,
 1468              		.loc 1 336 3 is_stmt 1 view .LVU492
 336:Core/Src/vl53l1_api_core.c **** 						Dev,
 1469              		.loc 1 336 12 is_stmt 0 view .LVU493
 1470 0046 04F14201 		add	r1, r4, #66
 1471 004a 2046     		mov	r0, r4
 1472              	.LVL131:
 336:Core/Src/vl53l1_api_core.c **** 						Dev,
 1473              		.loc 1 336 12 view .LVU494
 1474 004c FFF7FEFF 		bl	VL53L1_get_customer_nvm_managed
 1475              	.LVL132:
 1476 0050 0546     		mov	r5, r0
 1477              	.LVL133:
 336:Core/Src/vl53l1_api_core.c **** 						Dev,
 1478              		.loc 1 336 12 view .LVU495
 1479 0052 DDE7     		b	.L69
 1480              	.L77:
 342:Core/Src/vl53l1_api_core.c **** 						Dev,
 1481              		.loc 1 342 3 is_stmt 1 view .LVU496
 342:Core/Src/vl53l1_api_core.c **** 						Dev,
 1482              		.loc 1 342 12 is_stmt 0 view .LVU497
 1483 0054 04F5FD76 		add	r6, r4, #506
 1484 0058 3146     		mov	r1, r6
 1485 005a 2046     		mov	r0, r4
 1486 005c FFF7FEFF 		bl	VL53L1_get_nvm_copy_data
 1487              	.LVL134:
 347:Core/Src/vl53l1_api_core.c **** 			VL53L1_copy_rtn_good_spads_to_buffer(
 1488              		.loc 1 347 3 is_stmt 1 view .LVU498
 347:Core/Src/vl53l1_api_core.c **** 			VL53L1_copy_rtn_good_spads_to_buffer(
 1489              		.loc 1 347 6 is_stmt 0 view .LVU499
 1490 0060 0546     		mov	r5, r0
 1491 0062 0028     		cmp	r0, #0
 1492 0064 D5D1     		bne	.L70
 348:Core/Src/vl53l1_api_core.c **** 					&(pdev->nvm_copy_data),
 1493              		.loc 1 348 4 is_stmt 1 view .LVU500
 1494 0066 04F1F001 		add	r1, r4, #240
 1495 006a 3046     		mov	r0, r6
 1496              	.LVL135:
 348:Core/Src/vl53l1_api_core.c **** 					&(pdev->nvm_copy_data),
 1497              		.loc 1 348 4 is_stmt 0 view .LVU501
ARM GAS  C:\Users\Lenovo\AppData\Local\Temp\ccZ6paZS.s 			page 49


 1498 006c FFF7FEFF 		bl	VL53L1_copy_rtn_good_spads_to_buffer
 1499              	.LVL136:
 1500 0070 CFE7     		b	.L70
 1501              	.LVL137:
 1502              	.L78:
 358:Core/Src/vl53l1_api_core.c **** 			VL53L1_RdWord(
 1503              		.loc 1 358 3 is_stmt 1 view .LVU502
 359:Core/Src/vl53l1_api_core.c **** 				Dev,
 1504              		.loc 1 359 4 is_stmt 0 view .LVU503
 1505 0072 04F52D72 		add	r2, r4, #692
 1506 0076 DE21     		movs	r1, #222
 1507 0078 2046     		mov	r0, r4
 1508 007a FFF7FEFF 		bl	VL53L1_RdWord
 1509              	.LVL138:
 1510 007e 0546     		mov	r5, r0
 1511              	.LVL139:
 359:Core/Src/vl53l1_api_core.c **** 				Dev,
 1512              		.loc 1 359 4 view .LVU504
 1513 0080 C8E7     		b	.L71
 1514              	.L79:
 383:Core/Src/vl53l1_api_core.c **** 			VL53L1_get_mode_mitigation_roi(
 1515              		.loc 1 383 3 is_stmt 1 view .LVU505
 384:Core/Src/vl53l1_api_core.c **** 				Dev,
 1516              		.loc 1 384 4 is_stmt 0 view .LVU506
 1517 0082 04F19E01 		add	r1, r4, #158
 1518 0086 2046     		mov	r0, r4
 1519 0088 FFF7FEFF 		bl	VL53L1_get_mode_mitigation_roi
 1520              	.LVL140:
 1521 008c 0546     		mov	r5, r0
 1522              	.LVL141:
 384:Core/Src/vl53l1_api_core.c **** 				Dev,
 1523              		.loc 1 384 4 view .LVU507
 1524 008e CBE7     		b	.L73
 1525              		.cfi_endproc
 1526              	.LFE4:
 1528              		.section	.text.VL53L1_get_preset_mode_timing_cfg,"ax",%progbits
 1529              		.align	1
 1530              		.global	VL53L1_get_preset_mode_timing_cfg
 1531              		.syntax unified
 1532              		.thumb
 1533              		.thumb_func
 1535              	VL53L1_get_preset_mode_timing_cfg:
 1536              	.LVL142:
 1537              	.LFB25:
1158:Core/Src/vl53l1_api_core.c **** 
1159:Core/Src/vl53l1_api_core.c **** VL53L1_Error VL53L1_get_preset_mode_timing_cfg(
1160:Core/Src/vl53l1_api_core.c **** 	VL53L1_DEV                   Dev,
1161:Core/Src/vl53l1_api_core.c **** 	VL53L1_DevicePresetModes     device_preset_mode,
1162:Core/Src/vl53l1_api_core.c **** 	uint16_t                    *pdss_config__target_total_rate_mcps,
1163:Core/Src/vl53l1_api_core.c **** 	uint32_t                    *pphasecal_config_timeout_us,
1164:Core/Src/vl53l1_api_core.c **** 	uint32_t                    *pmm_config_timeout_us,
1165:Core/Src/vl53l1_api_core.c **** 	uint32_t                    *prange_config_timeout_us)
1166:Core/Src/vl53l1_api_core.c **** {
 1538              		.loc 1 1166 1 is_stmt 1 view -0
 1539              		.cfi_startproc
 1540              		@ args = 8, pretend = 0, frame = 0
 1541              		@ frame_needed = 0, uses_anonymous_args = 0
ARM GAS  C:\Users\Lenovo\AppData\Local\Temp\ccZ6paZS.s 			page 50


 1542              		@ link register save eliminated.
1167:Core/Src/vl53l1_api_core.c **** 	VL53L1_Error  status = VL53L1_ERROR_NONE;
 1543              		.loc 1 1167 2 view .LVU509
1168:Core/Src/vl53l1_api_core.c **** 	VL53L1_LLDriverData_t *pdev = VL53L1DevStructGetLLDriverHandle(Dev);
 1544              		.loc 1 1168 2 view .LVU510
1169:Core/Src/vl53l1_api_core.c **** 
1170:Core/Src/vl53l1_api_core.c **** 	LOG_FUNCTION_START("");
 1545              		.loc 1 1170 24 view .LVU511
1171:Core/Src/vl53l1_api_core.c **** 
1172:Core/Src/vl53l1_api_core.c **** 
1173:Core/Src/vl53l1_api_core.c **** 	switch (device_preset_mode) {
 1546              		.loc 1 1173 2 view .LVU512
 1547 0000 0139     		subs	r1, r1, #1
 1548              	.LVL143:
 1549              		.loc 1 1173 2 is_stmt 0 view .LVU513
 1550 0002 2529     		cmp	r1, #37
 1551 0004 44D8     		bhi	.L86
 1552 0006 DFE801F0 		tbb	[pc, r1]
 1553              	.L83:
 1554 000a 13       		.byte	(.L85-.L83)/2
 1555 000b 13       		.byte	(.L85-.L83)/2
 1556 000c 13       		.byte	(.L85-.L83)/2
 1557 000d 13       		.byte	(.L85-.L83)/2
 1558 000e 13       		.byte	(.L85-.L83)/2
 1559 000f 23       		.byte	(.L84-.L83)/2
 1560 0010 23       		.byte	(.L84-.L83)/2
 1561 0011 23       		.byte	(.L84-.L83)/2
 1562 0012 43       		.byte	(.L86-.L83)/2
 1563 0013 43       		.byte	(.L86-.L83)/2
 1564 0014 43       		.byte	(.L86-.L83)/2
 1565 0015 43       		.byte	(.L86-.L83)/2
 1566 0016 43       		.byte	(.L86-.L83)/2
 1567 0017 43       		.byte	(.L86-.L83)/2
 1568 0018 43       		.byte	(.L86-.L83)/2
 1569 0019 43       		.byte	(.L86-.L83)/2
 1570 001a 13       		.byte	(.L85-.L83)/2
 1571 001b 23       		.byte	(.L84-.L83)/2
 1572 001c 43       		.byte	(.L86-.L83)/2
 1573 001d 43       		.byte	(.L86-.L83)/2
 1574 001e 43       		.byte	(.L86-.L83)/2
 1575 001f 43       		.byte	(.L86-.L83)/2
 1576 0020 43       		.byte	(.L86-.L83)/2
 1577 0021 43       		.byte	(.L86-.L83)/2
 1578 0022 43       		.byte	(.L86-.L83)/2
 1579 0023 43       		.byte	(.L86-.L83)/2
 1580 0024 43       		.byte	(.L86-.L83)/2
 1581 0025 43       		.byte	(.L86-.L83)/2
 1582 0026 43       		.byte	(.L86-.L83)/2
 1583 0027 43       		.byte	(.L86-.L83)/2
 1584 0028 43       		.byte	(.L86-.L83)/2
 1585 0029 43       		.byte	(.L86-.L83)/2
 1586 002a 43       		.byte	(.L86-.L83)/2
 1587 002b 43       		.byte	(.L86-.L83)/2
 1588 002c 43       		.byte	(.L86-.L83)/2
 1589 002d 33       		.byte	(.L82-.L83)/2
 1590 002e 33       		.byte	(.L82-.L83)/2
 1591 002f 33       		.byte	(.L82-.L83)/2
ARM GAS  C:\Users\Lenovo\AppData\Local\Temp\ccZ6paZS.s 			page 51


 1592              		.p2align 1
 1593              	.L85:
1174:Core/Src/vl53l1_api_core.c **** 
1175:Core/Src/vl53l1_api_core.c **** 	case VL53L1_DEVICEPRESETMODE_STANDARD_RANGING:
1176:Core/Src/vl53l1_api_core.c **** 	case VL53L1_DEVICEPRESETMODE_STANDARD_RANGING_SHORT_RANGE:
1177:Core/Src/vl53l1_api_core.c **** 	case VL53L1_DEVICEPRESETMODE_STANDARD_RANGING_LONG_RANGE:
1178:Core/Src/vl53l1_api_core.c **** 	case VL53L1_DEVICEPRESETMODE_STANDARD_RANGING_MM1_CAL:
1179:Core/Src/vl53l1_api_core.c **** 	case VL53L1_DEVICEPRESETMODE_STANDARD_RANGING_MM2_CAL:
1180:Core/Src/vl53l1_api_core.c **** 	case VL53L1_DEVICEPRESETMODE_OLT:
1181:Core/Src/vl53l1_api_core.c **** 		*pdss_config__target_total_rate_mcps =
 1594              		.loc 1 1181 3 is_stmt 1 view .LVU514
1182:Core/Src/vl53l1_api_core.c **** 				pdev->tuning_parms.tp_dss_target_lite_mcps;
 1595              		.loc 1 1182 23 is_stmt 0 view .LVU515
 1596 0030 B0F8CA10 		ldrh	r1, [r0, #202]
1181:Core/Src/vl53l1_api_core.c **** 				pdev->tuning_parms.tp_dss_target_lite_mcps;
 1597              		.loc 1 1181 40 view .LVU516
 1598 0034 1180     		strh	r1, [r2]	@ movhi
1183:Core/Src/vl53l1_api_core.c **** 		*pphasecal_config_timeout_us =
 1599              		.loc 1 1183 3 is_stmt 1 view .LVU517
1184:Core/Src/vl53l1_api_core.c **** 				pdev->tuning_parms.tp_phasecal_timeout_lite_us;
 1600              		.loc 1 1184 23 is_stmt 0 view .LVU518
 1601 0036 D0F8D020 		ldr	r2, [r0, #208]
 1602              	.LVL144:
1183:Core/Src/vl53l1_api_core.c **** 		*pphasecal_config_timeout_us =
 1603              		.loc 1 1183 32 view .LVU519
 1604 003a 1A60     		str	r2, [r3]
1185:Core/Src/vl53l1_api_core.c **** 		*pmm_config_timeout_us =
 1605              		.loc 1 1185 3 is_stmt 1 view .LVU520
1186:Core/Src/vl53l1_api_core.c **** 				pdev->tuning_parms.tp_mm_timeout_lite_us;
 1606              		.loc 1 1186 23 is_stmt 0 view .LVU521
 1607 003c D0F8D830 		ldr	r3, [r0, #216]
 1608              	.LVL145:
1185:Core/Src/vl53l1_api_core.c **** 		*pmm_config_timeout_us =
 1609              		.loc 1 1185 26 view .LVU522
 1610 0040 009A     		ldr	r2, [sp]
 1611 0042 1360     		str	r3, [r2]
1187:Core/Src/vl53l1_api_core.c **** 		*prange_config_timeout_us =
 1612              		.loc 1 1187 3 is_stmt 1 view .LVU523
1188:Core/Src/vl53l1_api_core.c **** 				pdev->tuning_parms.tp_range_timeout_lite_us;
 1613              		.loc 1 1188 23 is_stmt 0 view .LVU524
 1614 0044 D0F8E430 		ldr	r3, [r0, #228]
1187:Core/Src/vl53l1_api_core.c **** 		*prange_config_timeout_us =
 1615              		.loc 1 1187 29 view .LVU525
 1616 0048 019A     		ldr	r2, [sp, #4]
 1617 004a 1360     		str	r3, [r2]
1189:Core/Src/vl53l1_api_core.c **** 	break;
 1618              		.loc 1 1189 2 is_stmt 1 view .LVU526
1167:Core/Src/vl53l1_api_core.c **** 	VL53L1_LLDriverData_t *pdev = VL53L1DevStructGetLLDriverHandle(Dev);
 1619              		.loc 1 1167 16 is_stmt 0 view .LVU527
 1620 004c 0020     		movs	r0, #0
 1621              	.LVL146:
 1622              		.loc 1 1189 2 view .LVU528
 1623 004e 7047     		bx	lr
 1624              	.LVL147:
 1625              	.L84:
1190:Core/Src/vl53l1_api_core.c **** 
1191:Core/Src/vl53l1_api_core.c **** 	case VL53L1_DEVICEPRESETMODE_TIMED_RANGING:
ARM GAS  C:\Users\Lenovo\AppData\Local\Temp\ccZ6paZS.s 			page 52


1192:Core/Src/vl53l1_api_core.c **** 	case VL53L1_DEVICEPRESETMODE_TIMED_RANGING_SHORT_RANGE:
1193:Core/Src/vl53l1_api_core.c **** 	case VL53L1_DEVICEPRESETMODE_TIMED_RANGING_LONG_RANGE:
1194:Core/Src/vl53l1_api_core.c **** 	case VL53L1_DEVICEPRESETMODE_SINGLESHOT_RANGING:
1195:Core/Src/vl53l1_api_core.c **** 		*pdss_config__target_total_rate_mcps =
 1626              		.loc 1 1195 3 is_stmt 1 view .LVU529
1196:Core/Src/vl53l1_api_core.c **** 				pdev->tuning_parms.tp_dss_target_timed_mcps;
 1627              		.loc 1 1196 23 is_stmt 0 view .LVU530
 1628 0050 B0F8CC10 		ldrh	r1, [r0, #204]
1195:Core/Src/vl53l1_api_core.c **** 				pdev->tuning_parms.tp_dss_target_timed_mcps;
 1629              		.loc 1 1195 40 view .LVU531
 1630 0054 1180     		strh	r1, [r2]	@ movhi
1197:Core/Src/vl53l1_api_core.c **** 		*pphasecal_config_timeout_us =
 1631              		.loc 1 1197 3 is_stmt 1 view .LVU532
1198:Core/Src/vl53l1_api_core.c **** 				pdev->tuning_parms.tp_phasecal_timeout_timed_us;
 1632              		.loc 1 1198 23 is_stmt 0 view .LVU533
 1633 0056 D0F8D420 		ldr	r2, [r0, #212]
 1634              	.LVL148:
1197:Core/Src/vl53l1_api_core.c **** 		*pphasecal_config_timeout_us =
 1635              		.loc 1 1197 32 view .LVU534
 1636 005a 1A60     		str	r2, [r3]
1199:Core/Src/vl53l1_api_core.c **** 		*pmm_config_timeout_us =
 1637              		.loc 1 1199 3 is_stmt 1 view .LVU535
1200:Core/Src/vl53l1_api_core.c **** 				pdev->tuning_parms.tp_mm_timeout_timed_us;
 1638              		.loc 1 1200 23 is_stmt 0 view .LVU536
 1639 005c D0F8DC30 		ldr	r3, [r0, #220]
 1640              	.LVL149:
1199:Core/Src/vl53l1_api_core.c **** 		*pmm_config_timeout_us =
 1641              		.loc 1 1199 26 view .LVU537
 1642 0060 009A     		ldr	r2, [sp]
 1643 0062 1360     		str	r3, [r2]
1201:Core/Src/vl53l1_api_core.c **** 		*prange_config_timeout_us =
 1644              		.loc 1 1201 3 is_stmt 1 view .LVU538
1202:Core/Src/vl53l1_api_core.c **** 				pdev->tuning_parms.tp_range_timeout_timed_us;
 1645              		.loc 1 1202 23 is_stmt 0 view .LVU539
 1646 0064 D0F8E830 		ldr	r3, [r0, #232]
1201:Core/Src/vl53l1_api_core.c **** 		*prange_config_timeout_us =
 1647              		.loc 1 1201 29 view .LVU540
 1648 0068 019A     		ldr	r2, [sp, #4]
 1649 006a 1360     		str	r3, [r2]
1203:Core/Src/vl53l1_api_core.c **** 	break;
 1650              		.loc 1 1203 2 is_stmt 1 view .LVU541
1167:Core/Src/vl53l1_api_core.c **** 	VL53L1_LLDriverData_t *pdev = VL53L1DevStructGetLLDriverHandle(Dev);
 1651              		.loc 1 1167 16 is_stmt 0 view .LVU542
 1652 006c 0020     		movs	r0, #0
 1653              	.LVL150:
 1654              		.loc 1 1203 2 view .LVU543
 1655 006e 7047     		bx	lr
 1656              	.LVL151:
 1657              	.L82:
1204:Core/Src/vl53l1_api_core.c **** 
1205:Core/Src/vl53l1_api_core.c **** 	case VL53L1_DEVICEPRESETMODE_LOWPOWERAUTO_SHORT_RANGE:
1206:Core/Src/vl53l1_api_core.c **** 	case VL53L1_DEVICEPRESETMODE_LOWPOWERAUTO_MEDIUM_RANGE:
1207:Core/Src/vl53l1_api_core.c **** 	case VL53L1_DEVICEPRESETMODE_LOWPOWERAUTO_LONG_RANGE:
1208:Core/Src/vl53l1_api_core.c **** 		*pdss_config__target_total_rate_mcps =
 1658              		.loc 1 1208 3 is_stmt 1 view .LVU544
1209:Core/Src/vl53l1_api_core.c **** 				pdev->tuning_parms.tp_dss_target_timed_mcps;
 1659              		.loc 1 1209 23 is_stmt 0 view .LVU545
ARM GAS  C:\Users\Lenovo\AppData\Local\Temp\ccZ6paZS.s 			page 53


 1660 0070 B0F8CC10 		ldrh	r1, [r0, #204]
1208:Core/Src/vl53l1_api_core.c **** 				pdev->tuning_parms.tp_dss_target_timed_mcps;
 1661              		.loc 1 1208 40 view .LVU546
 1662 0074 1180     		strh	r1, [r2]	@ movhi
1210:Core/Src/vl53l1_api_core.c **** 		*pphasecal_config_timeout_us =
 1663              		.loc 1 1210 3 is_stmt 1 view .LVU547
1211:Core/Src/vl53l1_api_core.c **** 				pdev->tuning_parms.tp_phasecal_timeout_timed_us;
 1664              		.loc 1 1211 23 is_stmt 0 view .LVU548
 1665 0076 D0F8D420 		ldr	r2, [r0, #212]
 1666              	.LVL152:
1210:Core/Src/vl53l1_api_core.c **** 		*pphasecal_config_timeout_us =
 1667              		.loc 1 1210 32 view .LVU549
 1668 007a 1A60     		str	r2, [r3]
1212:Core/Src/vl53l1_api_core.c **** 		*pmm_config_timeout_us =
 1669              		.loc 1 1212 3 is_stmt 1 view .LVU550
1213:Core/Src/vl53l1_api_core.c **** 				pdev->tuning_parms.tp_mm_timeout_lpa_us;
 1670              		.loc 1 1213 23 is_stmt 0 view .LVU551
 1671 007c D0F8E030 		ldr	r3, [r0, #224]
 1672              	.LVL153:
1212:Core/Src/vl53l1_api_core.c **** 		*pmm_config_timeout_us =
 1673              		.loc 1 1212 26 view .LVU552
 1674 0080 009A     		ldr	r2, [sp]
 1675 0082 1360     		str	r3, [r2]
1214:Core/Src/vl53l1_api_core.c **** 		*prange_config_timeout_us =
 1676              		.loc 1 1214 3 is_stmt 1 view .LVU553
1215:Core/Src/vl53l1_api_core.c **** 				pdev->tuning_parms.tp_range_timeout_lpa_us;
 1677              		.loc 1 1215 23 is_stmt 0 view .LVU554
 1678 0084 D0F8EC30 		ldr	r3, [r0, #236]
1214:Core/Src/vl53l1_api_core.c **** 		*prange_config_timeout_us =
 1679              		.loc 1 1214 29 view .LVU555
 1680 0088 019A     		ldr	r2, [sp, #4]
 1681 008a 1360     		str	r3, [r2]
1216:Core/Src/vl53l1_api_core.c **** 	break;
 1682              		.loc 1 1216 2 is_stmt 1 view .LVU556
1167:Core/Src/vl53l1_api_core.c **** 	VL53L1_LLDriverData_t *pdev = VL53L1DevStructGetLLDriverHandle(Dev);
 1683              		.loc 1 1167 16 is_stmt 0 view .LVU557
 1684 008c 0020     		movs	r0, #0
 1685              	.LVL154:
 1686              		.loc 1 1216 2 view .LVU558
 1687 008e 7047     		bx	lr
 1688              	.LVL155:
 1689              	.L86:
1173:Core/Src/vl53l1_api_core.c **** 
 1690              		.loc 1 1173 2 view .LVU559
 1691 0090 6FF00300 		mvn	r0, #3
 1692              	.LVL156:
1217:Core/Src/vl53l1_api_core.c **** 
1218:Core/Src/vl53l1_api_core.c **** 	default:
1219:Core/Src/vl53l1_api_core.c **** 		status = VL53L1_ERROR_INVALID_PARAMS;
1220:Core/Src/vl53l1_api_core.c **** 		break;
1221:Core/Src/vl53l1_api_core.c **** 
1222:Core/Src/vl53l1_api_core.c **** 	}
1223:Core/Src/vl53l1_api_core.c **** 
1224:Core/Src/vl53l1_api_core.c **** 	LOG_FUNCTION_END(status);
 1693              		.loc 1 1224 26 is_stmt 1 view .LVU560
1225:Core/Src/vl53l1_api_core.c **** 
1226:Core/Src/vl53l1_api_core.c **** 	return status;
ARM GAS  C:\Users\Lenovo\AppData\Local\Temp\ccZ6paZS.s 			page 54


 1694              		.loc 1 1226 2 view .LVU561
1227:Core/Src/vl53l1_api_core.c **** }
 1695              		.loc 1 1227 1 is_stmt 0 view .LVU562
 1696 0094 7047     		bx	lr
 1697              		.cfi_endproc
 1698              	.LFE25:
 1700              		.section	.text.VL53L1_set_preset_mode,"ax",%progbits
 1701              		.align	1
 1702              		.global	VL53L1_set_preset_mode
 1703              		.syntax unified
 1704              		.thumb
 1705              		.thumb_func
 1707              	VL53L1_set_preset_mode:
 1708              	.LVL157:
 1709              	.LFB26:
1228:Core/Src/vl53l1_api_core.c **** 
1229:Core/Src/vl53l1_api_core.c **** 
1230:Core/Src/vl53l1_api_core.c **** VL53L1_Error VL53L1_set_preset_mode(
1231:Core/Src/vl53l1_api_core.c **** 	VL53L1_DEV                   Dev,
1232:Core/Src/vl53l1_api_core.c **** 	VL53L1_DevicePresetModes     device_preset_mode,
1233:Core/Src/vl53l1_api_core.c **** 	uint16_t                     dss_config__target_total_rate_mcps,
1234:Core/Src/vl53l1_api_core.c **** 	uint32_t                     phasecal_config_timeout_us,
1235:Core/Src/vl53l1_api_core.c **** 	uint32_t                     mm_config_timeout_us,
1236:Core/Src/vl53l1_api_core.c **** 	uint32_t                     range_config_timeout_us,
1237:Core/Src/vl53l1_api_core.c **** 	uint32_t                     inter_measurement_period_ms)
1238:Core/Src/vl53l1_api_core.c **** {
 1710              		.loc 1 1238 1 is_stmt 1 view -0
 1711              		.cfi_startproc
 1712              		@ args = 12, pretend = 0, frame = 16
 1713              		@ frame_needed = 0, uses_anonymous_args = 0
 1714              		.loc 1 1238 1 is_stmt 0 view .LVU564
 1715 0000 2DE9F04F 		push	{r4, r5, r6, r7, r8, r9, r10, fp, lr}
 1716              	.LCFI14:
 1717              		.cfi_def_cfa_offset 36
 1718              		.cfi_offset 4, -36
 1719              		.cfi_offset 5, -32
 1720              		.cfi_offset 6, -28
 1721              		.cfi_offset 7, -24
 1722              		.cfi_offset 8, -20
 1723              		.cfi_offset 9, -16
 1724              		.cfi_offset 10, -12
 1725              		.cfi_offset 11, -8
 1726              		.cfi_offset 14, -4
 1727 0004 89B0     		sub	sp, sp, #36
 1728              	.LCFI15:
 1729              		.cfi_def_cfa_offset 72
 1730 0006 0446     		mov	r4, r0
 1731 0008 0D46     		mov	r5, r1
 1732 000a 0592     		str	r2, [sp, #20]
 1733 000c 0693     		str	r3, [sp, #24]
1239:Core/Src/vl53l1_api_core.c **** 	/**
1240:Core/Src/vl53l1_api_core.c **** 	 * Initializes static and dynamic data structures for
1241:Core/Src/vl53l1_api_core.c **** 	 * the provided preset mode
1242:Core/Src/vl53l1_api_core.c **** 	 */
1243:Core/Src/vl53l1_api_core.c **** 
1244:Core/Src/vl53l1_api_core.c **** 	VL53L1_Error  status = VL53L1_ERROR_NONE;
 1734              		.loc 1 1244 2 is_stmt 1 view .LVU565
ARM GAS  C:\Users\Lenovo\AppData\Local\Temp\ccZ6paZS.s 			page 55


 1735              	.LVL158:
1245:Core/Src/vl53l1_api_core.c **** 	VL53L1_LLDriverData_t *pdev =
 1736              		.loc 1 1245 2 view .LVU566
1246:Core/Src/vl53l1_api_core.c **** 			VL53L1DevStructGetLLDriverHandle(Dev);
1247:Core/Src/vl53l1_api_core.c **** 
1248:Core/Src/vl53l1_api_core.c **** 	VL53L1_static_config_t        *pstatic       = &(pdev->stat_cfg);
 1737              		.loc 1 1248 2 view .LVU567
 1738              		.loc 1 1248 33 is_stmt 0 view .LVU568
 1739 000e 00F5B276 		add	r6, r0, #356
 1740              	.LVL159:
1249:Core/Src/vl53l1_api_core.c **** 	VL53L1_general_config_t       *pgeneral      = &(pdev->gen_cfg);
 1741              		.loc 1 1249 2 is_stmt 1 view .LVU569
 1742              		.loc 1 1249 33 is_stmt 0 view .LVU570
 1743 0012 00F5C277 		add	r7, r0, #388
 1744              	.LVL160:
1250:Core/Src/vl53l1_api_core.c **** 	VL53L1_timing_config_t        *ptiming       = &(pdev->tim_cfg);
 1745              		.loc 1 1250 2 is_stmt 1 view .LVU571
 1746              		.loc 1 1250 33 is_stmt 0 view .LVU572
 1747 0016 00F5CE78 		add	r8, r0, #412
 1748              	.LVL161:
1251:Core/Src/vl53l1_api_core.c **** 	VL53L1_dynamic_config_t       *pdynamic      = &(pdev->dyn_cfg);
 1749              		.loc 1 1251 2 is_stmt 1 view .LVU573
 1750              		.loc 1 1251 33 is_stmt 0 view .LVU574
 1751 001a 00F5DA79 		add	r9, r0, #436
 1752              	.LVL162:
1252:Core/Src/vl53l1_api_core.c **** 	VL53L1_system_control_t       *psystem       = &(pdev->sys_ctrl);
 1753              		.loc 1 1252 2 is_stmt 1 view .LVU575
 1754              		.loc 1 1252 33 is_stmt 0 view .LVU576
 1755 001e 00F5E47A 		add	r10, r0, #456
 1756              	.LVL163:
1253:Core/Src/vl53l1_api_core.c **** 	VL53L1_tuning_parm_storage_t  *ptuning_parms = &(pdev->tuning_parms);
 1757              		.loc 1 1253 2 is_stmt 1 view .LVU577
 1758              		.loc 1 1253 33 is_stmt 0 view .LVU578
 1759 0022 00F1A40B 		add	fp, r0, #164
 1760              	.LVL164:
1254:Core/Src/vl53l1_api_core.c **** 	VL53L1_low_power_auto_data_t  *plpadata      =
 1761              		.loc 1 1254 2 is_stmt 1 view .LVU579
 1762              		.loc 1 1254 33 is_stmt 0 view .LVU580
 1763 0026 00F53973 		add	r3, r0, #740
 1764              	.LVL165:
 1765              		.loc 1 1254 33 view .LVU581
 1766 002a 0793     		str	r3, [sp, #28]
 1767              	.LVL166:
1255:Core/Src/vl53l1_api_core.c **** 					&(pdev->low_power_auto_data);
1256:Core/Src/vl53l1_api_core.c **** 
1257:Core/Src/vl53l1_api_core.c **** 	LOG_FUNCTION_START("");
 1768              		.loc 1 1257 24 is_stmt 1 view .LVU582
1258:Core/Src/vl53l1_api_core.c **** 
1259:Core/Src/vl53l1_api_core.c **** 	/* save input settings */
1260:Core/Src/vl53l1_api_core.c **** 	pdev->preset_mode                 = device_preset_mode;
 1769              		.loc 1 1260 2 view .LVU583
 1770              		.loc 1 1260 36 is_stmt 0 view .LVU584
 1771 002c 4170     		strb	r1, [r0, #1]
1261:Core/Src/vl53l1_api_core.c **** 	pdev->mm_config_timeout_us        = mm_config_timeout_us;
 1772              		.loc 1 1261 2 is_stmt 1 view .LVU585
 1773              		.loc 1 1261 36 is_stmt 0 view .LVU586
 1774 002e 129B     		ldr	r3, [sp, #72]
ARM GAS  C:\Users\Lenovo\AppData\Local\Temp\ccZ6paZS.s 			page 56


 1775              	.LVL167:
 1776              		.loc 1 1261 36 view .LVU587
 1777 0030 C360     		str	r3, [r0, #12]
1262:Core/Src/vl53l1_api_core.c **** 	pdev->range_config_timeout_us     = range_config_timeout_us;
 1778              		.loc 1 1262 2 is_stmt 1 view .LVU588
 1779              		.loc 1 1262 36 is_stmt 0 view .LVU589
 1780 0032 139B     		ldr	r3, [sp, #76]
 1781 0034 0361     		str	r3, [r0, #16]
1263:Core/Src/vl53l1_api_core.c **** 	pdev->inter_measurement_period_ms = inter_measurement_period_ms;
 1782              		.loc 1 1263 2 is_stmt 1 view .LVU590
 1783              		.loc 1 1263 36 is_stmt 0 view .LVU591
 1784 0036 149B     		ldr	r3, [sp, #80]
 1785 0038 4361     		str	r3, [r0, #20]
1264:Core/Src/vl53l1_api_core.c **** 
1265:Core/Src/vl53l1_api_core.c **** 	/* Reset LL Driver state variables */
1266:Core/Src/vl53l1_api_core.c **** 
1267:Core/Src/vl53l1_api_core.c **** 	VL53L1_init_ll_driver_state(
 1786              		.loc 1 1267 2 is_stmt 1 view .LVU592
 1787 003a 0321     		movs	r1, #3
 1788              	.LVL168:
 1789              		.loc 1 1267 2 is_stmt 0 view .LVU593
 1790 003c FFF7FEFF 		bl	VL53L1_init_ll_driver_state
 1791              	.LVL169:
1268:Core/Src/vl53l1_api_core.c **** 			Dev,
1269:Core/Src/vl53l1_api_core.c **** 			VL53L1_DEVICESTATE_SW_STANDBY);
1270:Core/Src/vl53l1_api_core.c **** 
1271:Core/Src/vl53l1_api_core.c **** 	/* apply selected preset */
1272:Core/Src/vl53l1_api_core.c **** 
1273:Core/Src/vl53l1_api_core.c **** 	switch (device_preset_mode) {
 1792              		.loc 1 1273 2 is_stmt 1 view .LVU594
 1793 0040 013D     		subs	r5, r5, #1
 1794 0042 252D     		cmp	r5, #37
 1795 0044 00F2B180 		bhi	.L106
 1796 0048 DFE805F0 		tbb	[pc, r5]
 1797              	.L90:
 1798 004c 13       		.byte	(.L102-.L90)/2
 1799 004d 25       		.byte	(.L101-.L90)/2
 1800 004e 30       		.byte	(.L100-.L90)/2
 1801 004f 3B       		.byte	(.L99-.L90)/2
 1802 0050 46       		.byte	(.L98-.L90)/2
 1803 0051 51       		.byte	(.L97-.L90)/2
 1804 0052 5C       		.byte	(.L96-.L90)/2
 1805 0053 67       		.byte	(.L95-.L90)/2
 1806 0054 AF       		.byte	(.L106-.L90)/2
 1807 0055 AF       		.byte	(.L106-.L90)/2
 1808 0056 AF       		.byte	(.L106-.L90)/2
 1809 0057 AF       		.byte	(.L106-.L90)/2
 1810 0058 AF       		.byte	(.L106-.L90)/2
 1811 0059 AF       		.byte	(.L106-.L90)/2
 1812 005a AF       		.byte	(.L106-.L90)/2
 1813 005b AF       		.byte	(.L106-.L90)/2
 1814 005c 72       		.byte	(.L94-.L90)/2
 1815 005d 7D       		.byte	(.L93-.L90)/2
 1816 005e AF       		.byte	(.L106-.L90)/2
 1817 005f AF       		.byte	(.L106-.L90)/2
 1818 0060 AF       		.byte	(.L106-.L90)/2
 1819 0061 AF       		.byte	(.L106-.L90)/2
ARM GAS  C:\Users\Lenovo\AppData\Local\Temp\ccZ6paZS.s 			page 57


 1820 0062 AF       		.byte	(.L106-.L90)/2
 1821 0063 AF       		.byte	(.L106-.L90)/2
 1822 0064 AF       		.byte	(.L106-.L90)/2
 1823 0065 AF       		.byte	(.L106-.L90)/2
 1824 0066 AF       		.byte	(.L106-.L90)/2
 1825 0067 AF       		.byte	(.L106-.L90)/2
 1826 0068 AF       		.byte	(.L106-.L90)/2
 1827 0069 AF       		.byte	(.L106-.L90)/2
 1828 006a AF       		.byte	(.L106-.L90)/2
 1829 006b AF       		.byte	(.L106-.L90)/2
 1830 006c AF       		.byte	(.L106-.L90)/2
 1831 006d AF       		.byte	(.L106-.L90)/2
 1832 006e AF       		.byte	(.L106-.L90)/2
 1833 006f 88       		.byte	(.L92-.L90)/2
 1834 0070 95       		.byte	(.L91-.L90)/2
 1835 0071 A2       		.byte	(.L89-.L90)/2
 1836              		.p2align 1
 1837              	.L102:
1274:Core/Src/vl53l1_api_core.c **** 
1275:Core/Src/vl53l1_api_core.c **** 	case VL53L1_DEVICEPRESETMODE_STANDARD_RANGING:
1276:Core/Src/vl53l1_api_core.c **** 		status = VL53L1_preset_mode_standard_ranging(
 1838              		.loc 1 1276 3 view .LVU595
 1839              		.loc 1 1276 12 is_stmt 0 view .LVU596
 1840 0072 CDF804B0 		str	fp, [sp, #4]
 1841 0076 CDF800A0 		str	r10, [sp]
 1842 007a 4B46     		mov	r3, r9
 1843 007c 4246     		mov	r2, r8
 1844 007e 3946     		mov	r1, r7
 1845 0080 3046     		mov	r0, r6
 1846 0082 FFF7FEFF 		bl	VL53L1_preset_mode_standard_ranging
 1847              	.LVL170:
1277:Core/Src/vl53l1_api_core.c **** 					pstatic,
1278:Core/Src/vl53l1_api_core.c **** 					pgeneral,
1279:Core/Src/vl53l1_api_core.c **** 					ptiming,
1280:Core/Src/vl53l1_api_core.c **** 					pdynamic,
1281:Core/Src/vl53l1_api_core.c **** 					psystem,
1282:Core/Src/vl53l1_api_core.c **** 					ptuning_parms);
1283:Core/Src/vl53l1_api_core.c **** 		break;
 1848              		.loc 1 1283 3 is_stmt 1 view .LVU597
 1849              	.L103:
1284:Core/Src/vl53l1_api_core.c **** 
1285:Core/Src/vl53l1_api_core.c **** 	case VL53L1_DEVICEPRESETMODE_STANDARD_RANGING_SHORT_RANGE:
1286:Core/Src/vl53l1_api_core.c **** 		status = VL53L1_preset_mode_standard_ranging_short_range(
1287:Core/Src/vl53l1_api_core.c **** 					pstatic,
1288:Core/Src/vl53l1_api_core.c **** 					pgeneral,
1289:Core/Src/vl53l1_api_core.c **** 					ptiming,
1290:Core/Src/vl53l1_api_core.c **** 					pdynamic,
1291:Core/Src/vl53l1_api_core.c **** 					psystem,
1292:Core/Src/vl53l1_api_core.c **** 					ptuning_parms);
1293:Core/Src/vl53l1_api_core.c **** 		break;
1294:Core/Src/vl53l1_api_core.c **** 
1295:Core/Src/vl53l1_api_core.c **** 	case VL53L1_DEVICEPRESETMODE_STANDARD_RANGING_LONG_RANGE:
1296:Core/Src/vl53l1_api_core.c **** 		status = VL53L1_preset_mode_standard_ranging_long_range(
1297:Core/Src/vl53l1_api_core.c **** 					pstatic,
1298:Core/Src/vl53l1_api_core.c **** 					pgeneral,
1299:Core/Src/vl53l1_api_core.c **** 					ptiming,
1300:Core/Src/vl53l1_api_core.c **** 					pdynamic,
ARM GAS  C:\Users\Lenovo\AppData\Local\Temp\ccZ6paZS.s 			page 58


1301:Core/Src/vl53l1_api_core.c **** 					psystem,
1302:Core/Src/vl53l1_api_core.c **** 					ptuning_parms);
1303:Core/Src/vl53l1_api_core.c **** 		break;
1304:Core/Src/vl53l1_api_core.c **** 
1305:Core/Src/vl53l1_api_core.c **** #ifndef VL53L1_NOCALIB
1306:Core/Src/vl53l1_api_core.c **** 	case VL53L1_DEVICEPRESETMODE_STANDARD_RANGING_MM1_CAL:
1307:Core/Src/vl53l1_api_core.c **** 		status = VL53L1_preset_mode_standard_ranging_mm1_cal(
1308:Core/Src/vl53l1_api_core.c **** 					pstatic,
1309:Core/Src/vl53l1_api_core.c **** 					pgeneral,
1310:Core/Src/vl53l1_api_core.c **** 					ptiming,
1311:Core/Src/vl53l1_api_core.c **** 					pdynamic,
1312:Core/Src/vl53l1_api_core.c **** 					psystem,
1313:Core/Src/vl53l1_api_core.c **** 					ptuning_parms);
1314:Core/Src/vl53l1_api_core.c **** 		break;
1315:Core/Src/vl53l1_api_core.c **** 
1316:Core/Src/vl53l1_api_core.c **** 	case VL53L1_DEVICEPRESETMODE_STANDARD_RANGING_MM2_CAL:
1317:Core/Src/vl53l1_api_core.c **** 		status = VL53L1_preset_mode_standard_ranging_mm2_cal(
1318:Core/Src/vl53l1_api_core.c **** 					pstatic,
1319:Core/Src/vl53l1_api_core.c **** 					pgeneral,
1320:Core/Src/vl53l1_api_core.c **** 					ptiming,
1321:Core/Src/vl53l1_api_core.c **** 					pdynamic,
1322:Core/Src/vl53l1_api_core.c **** 					psystem,
1323:Core/Src/vl53l1_api_core.c **** 					ptuning_parms);
1324:Core/Src/vl53l1_api_core.c **** 		break;
1325:Core/Src/vl53l1_api_core.c **** #endif
1326:Core/Src/vl53l1_api_core.c **** 
1327:Core/Src/vl53l1_api_core.c **** 	case VL53L1_DEVICEPRESETMODE_TIMED_RANGING:
1328:Core/Src/vl53l1_api_core.c **** 		status = VL53L1_preset_mode_timed_ranging(
1329:Core/Src/vl53l1_api_core.c **** 					pstatic,
1330:Core/Src/vl53l1_api_core.c **** 					pgeneral,
1331:Core/Src/vl53l1_api_core.c **** 					ptiming,
1332:Core/Src/vl53l1_api_core.c **** 					pdynamic,
1333:Core/Src/vl53l1_api_core.c **** 					psystem,
1334:Core/Src/vl53l1_api_core.c **** 					ptuning_parms);
1335:Core/Src/vl53l1_api_core.c **** 		break;
1336:Core/Src/vl53l1_api_core.c **** 
1337:Core/Src/vl53l1_api_core.c **** 	case VL53L1_DEVICEPRESETMODE_TIMED_RANGING_SHORT_RANGE:
1338:Core/Src/vl53l1_api_core.c **** 		status = VL53L1_preset_mode_timed_ranging_short_range(
1339:Core/Src/vl53l1_api_core.c **** 					pstatic,
1340:Core/Src/vl53l1_api_core.c **** 					pgeneral,
1341:Core/Src/vl53l1_api_core.c **** 					ptiming,
1342:Core/Src/vl53l1_api_core.c **** 					pdynamic,
1343:Core/Src/vl53l1_api_core.c **** 					psystem,
1344:Core/Src/vl53l1_api_core.c **** 					ptuning_parms);
1345:Core/Src/vl53l1_api_core.c **** 		break;
1346:Core/Src/vl53l1_api_core.c **** 
1347:Core/Src/vl53l1_api_core.c **** 	case VL53L1_DEVICEPRESETMODE_TIMED_RANGING_LONG_RANGE:
1348:Core/Src/vl53l1_api_core.c **** 		status = VL53L1_preset_mode_timed_ranging_long_range(
1349:Core/Src/vl53l1_api_core.c **** 					pstatic,
1350:Core/Src/vl53l1_api_core.c **** 					pgeneral,
1351:Core/Src/vl53l1_api_core.c **** 					ptiming,
1352:Core/Src/vl53l1_api_core.c **** 					pdynamic,
1353:Core/Src/vl53l1_api_core.c **** 					psystem,
1354:Core/Src/vl53l1_api_core.c **** 					ptuning_parms);
1355:Core/Src/vl53l1_api_core.c **** 		break;
1356:Core/Src/vl53l1_api_core.c **** 
1357:Core/Src/vl53l1_api_core.c **** 	case VL53L1_DEVICEPRESETMODE_OLT:
ARM GAS  C:\Users\Lenovo\AppData\Local\Temp\ccZ6paZS.s 			page 59


1358:Core/Src/vl53l1_api_core.c **** 		status = VL53L1_preset_mode_olt(
1359:Core/Src/vl53l1_api_core.c **** 					pstatic,
1360:Core/Src/vl53l1_api_core.c **** 					pgeneral,
1361:Core/Src/vl53l1_api_core.c **** 					ptiming,
1362:Core/Src/vl53l1_api_core.c **** 					pdynamic,
1363:Core/Src/vl53l1_api_core.c **** 					psystem,
1364:Core/Src/vl53l1_api_core.c **** 					ptuning_parms);
1365:Core/Src/vl53l1_api_core.c **** 		break;
1366:Core/Src/vl53l1_api_core.c **** 
1367:Core/Src/vl53l1_api_core.c **** 	case VL53L1_DEVICEPRESETMODE_SINGLESHOT_RANGING:
1368:Core/Src/vl53l1_api_core.c **** 		status = VL53L1_preset_mode_singleshot_ranging(
1369:Core/Src/vl53l1_api_core.c **** 					pstatic,
1370:Core/Src/vl53l1_api_core.c **** 					pgeneral,
1371:Core/Src/vl53l1_api_core.c **** 					ptiming,
1372:Core/Src/vl53l1_api_core.c **** 					pdynamic,
1373:Core/Src/vl53l1_api_core.c **** 					psystem,
1374:Core/Src/vl53l1_api_core.c **** 					ptuning_parms);
1375:Core/Src/vl53l1_api_core.c **** 		break;
1376:Core/Src/vl53l1_api_core.c **** 
1377:Core/Src/vl53l1_api_core.c **** 	case VL53L1_DEVICEPRESETMODE_LOWPOWERAUTO_SHORT_RANGE:
1378:Core/Src/vl53l1_api_core.c **** 		status = VL53L1_preset_mode_low_power_auto_short_ranging(
1379:Core/Src/vl53l1_api_core.c **** 					pstatic,
1380:Core/Src/vl53l1_api_core.c **** 					pgeneral,
1381:Core/Src/vl53l1_api_core.c **** 					ptiming,
1382:Core/Src/vl53l1_api_core.c **** 					pdynamic,
1383:Core/Src/vl53l1_api_core.c **** 					psystem,
1384:Core/Src/vl53l1_api_core.c **** 					ptuning_parms,
1385:Core/Src/vl53l1_api_core.c **** 					plpadata);
1386:Core/Src/vl53l1_api_core.c **** 		break;
1387:Core/Src/vl53l1_api_core.c **** 
1388:Core/Src/vl53l1_api_core.c **** 	case VL53L1_DEVICEPRESETMODE_LOWPOWERAUTO_MEDIUM_RANGE:
1389:Core/Src/vl53l1_api_core.c **** 		status = VL53L1_preset_mode_low_power_auto_ranging(
1390:Core/Src/vl53l1_api_core.c **** 					pstatic,
1391:Core/Src/vl53l1_api_core.c **** 					pgeneral,
1392:Core/Src/vl53l1_api_core.c **** 					ptiming,
1393:Core/Src/vl53l1_api_core.c **** 					pdynamic,
1394:Core/Src/vl53l1_api_core.c **** 					psystem,
1395:Core/Src/vl53l1_api_core.c **** 					ptuning_parms,
1396:Core/Src/vl53l1_api_core.c **** 					plpadata);
1397:Core/Src/vl53l1_api_core.c **** 		break;
1398:Core/Src/vl53l1_api_core.c **** 
1399:Core/Src/vl53l1_api_core.c **** 	case VL53L1_DEVICEPRESETMODE_LOWPOWERAUTO_LONG_RANGE:
1400:Core/Src/vl53l1_api_core.c **** 		status = VL53L1_preset_mode_low_power_auto_long_ranging(
1401:Core/Src/vl53l1_api_core.c **** 					pstatic,
1402:Core/Src/vl53l1_api_core.c **** 					pgeneral,
1403:Core/Src/vl53l1_api_core.c **** 					ptiming,
1404:Core/Src/vl53l1_api_core.c **** 					pdynamic,
1405:Core/Src/vl53l1_api_core.c **** 					psystem,
1406:Core/Src/vl53l1_api_core.c **** 					ptuning_parms,
1407:Core/Src/vl53l1_api_core.c **** 					plpadata);
1408:Core/Src/vl53l1_api_core.c **** 		break;
1409:Core/Src/vl53l1_api_core.c **** 
1410:Core/Src/vl53l1_api_core.c **** 	default:
1411:Core/Src/vl53l1_api_core.c **** 		status = VL53L1_ERROR_INVALID_PARAMS;
1412:Core/Src/vl53l1_api_core.c **** 		break;
1413:Core/Src/vl53l1_api_core.c **** 
1414:Core/Src/vl53l1_api_core.c **** 	}
ARM GAS  C:\Users\Lenovo\AppData\Local\Temp\ccZ6paZS.s 			page 60


1415:Core/Src/vl53l1_api_core.c **** 
1416:Core/Src/vl53l1_api_core.c **** 	/* update DSS target */
1417:Core/Src/vl53l1_api_core.c **** 
1418:Core/Src/vl53l1_api_core.c **** 	if (status == VL53L1_ERROR_NONE) {
 1850              		.loc 1 1418 2 view .LVU598
 1851              		.loc 1 1418 5 is_stmt 0 view .LVU599
 1852 0086 0028     		cmp	r0, #0
 1853 0088 40F09180 		bne	.L88
1419:Core/Src/vl53l1_api_core.c **** 
1420:Core/Src/vl53l1_api_core.c **** 		pstatic->dss_config__target_total_rate_mcps =
 1854              		.loc 1 1420 3 is_stmt 1 view .LVU600
 1855              		.loc 1 1420 47 is_stmt 0 view .LVU601
 1856 008c 059B     		ldr	r3, [sp, #20]
 1857 008e A4F86431 		strh	r3, [r4, #356]	@ movhi
1421:Core/Src/vl53l1_api_core.c **** 				dss_config__target_total_rate_mcps;
1422:Core/Src/vl53l1_api_core.c **** 		pdev->dss_config__target_total_rate_mcps    =
 1858              		.loc 1 1422 3 is_stmt 1 view .LVU602
 1859              		.loc 1 1422 47 is_stmt 0 view .LVU603
 1860 0092 2383     		strh	r3, [r4, #24]	@ movhi
 1861 0094 8BE0     		b	.L88
 1862              	.LVL171:
 1863              	.L101:
1286:Core/Src/vl53l1_api_core.c **** 					pstatic,
 1864              		.loc 1 1286 3 is_stmt 1 view .LVU604
1286:Core/Src/vl53l1_api_core.c **** 					pstatic,
 1865              		.loc 1 1286 12 is_stmt 0 view .LVU605
 1866 0096 CDF804B0 		str	fp, [sp, #4]
 1867 009a CDF800A0 		str	r10, [sp]
 1868 009e 4B46     		mov	r3, r9
 1869 00a0 4246     		mov	r2, r8
 1870 00a2 3946     		mov	r1, r7
 1871 00a4 3046     		mov	r0, r6
 1872 00a6 FFF7FEFF 		bl	VL53L1_preset_mode_standard_ranging_short_range
 1873              	.LVL172:
1293:Core/Src/vl53l1_api_core.c **** 
 1874              		.loc 1 1293 3 is_stmt 1 view .LVU606
 1875 00aa ECE7     		b	.L103
 1876              	.LVL173:
 1877              	.L100:
1296:Core/Src/vl53l1_api_core.c **** 					pstatic,
 1878              		.loc 1 1296 3 view .LVU607
1296:Core/Src/vl53l1_api_core.c **** 					pstatic,
 1879              		.loc 1 1296 12 is_stmt 0 view .LVU608
 1880 00ac CDF804B0 		str	fp, [sp, #4]
 1881 00b0 CDF800A0 		str	r10, [sp]
 1882 00b4 4B46     		mov	r3, r9
 1883 00b6 4246     		mov	r2, r8
 1884 00b8 3946     		mov	r1, r7
 1885 00ba 3046     		mov	r0, r6
 1886 00bc FFF7FEFF 		bl	VL53L1_preset_mode_standard_ranging_long_range
 1887              	.LVL174:
1303:Core/Src/vl53l1_api_core.c **** 
 1888              		.loc 1 1303 3 is_stmt 1 view .LVU609
 1889 00c0 E1E7     		b	.L103
 1890              	.LVL175:
 1891              	.L99:
1307:Core/Src/vl53l1_api_core.c **** 					pstatic,
ARM GAS  C:\Users\Lenovo\AppData\Local\Temp\ccZ6paZS.s 			page 61


 1892              		.loc 1 1307 3 view .LVU610
1307:Core/Src/vl53l1_api_core.c **** 					pstatic,
 1893              		.loc 1 1307 12 is_stmt 0 view .LVU611
 1894 00c2 CDF804B0 		str	fp, [sp, #4]
 1895 00c6 CDF800A0 		str	r10, [sp]
 1896 00ca 4B46     		mov	r3, r9
 1897 00cc 4246     		mov	r2, r8
 1898 00ce 3946     		mov	r1, r7
 1899 00d0 3046     		mov	r0, r6
 1900 00d2 FFF7FEFF 		bl	VL53L1_preset_mode_standard_ranging_mm1_cal
 1901              	.LVL176:
1314:Core/Src/vl53l1_api_core.c **** 
 1902              		.loc 1 1314 3 is_stmt 1 view .LVU612
 1903 00d6 D6E7     		b	.L103
 1904              	.LVL177:
 1905              	.L98:
1317:Core/Src/vl53l1_api_core.c **** 					pstatic,
 1906              		.loc 1 1317 3 view .LVU613
1317:Core/Src/vl53l1_api_core.c **** 					pstatic,
 1907              		.loc 1 1317 12 is_stmt 0 view .LVU614
 1908 00d8 CDF804B0 		str	fp, [sp, #4]
 1909 00dc CDF800A0 		str	r10, [sp]
 1910 00e0 4B46     		mov	r3, r9
 1911 00e2 4246     		mov	r2, r8
 1912 00e4 3946     		mov	r1, r7
 1913 00e6 3046     		mov	r0, r6
 1914 00e8 FFF7FEFF 		bl	VL53L1_preset_mode_standard_ranging_mm2_cal
 1915              	.LVL178:
1324:Core/Src/vl53l1_api_core.c **** #endif
 1916              		.loc 1 1324 3 is_stmt 1 view .LVU615
 1917 00ec CBE7     		b	.L103
 1918              	.LVL179:
 1919              	.L97:
1328:Core/Src/vl53l1_api_core.c **** 					pstatic,
 1920              		.loc 1 1328 3 view .LVU616
1328:Core/Src/vl53l1_api_core.c **** 					pstatic,
 1921              		.loc 1 1328 12 is_stmt 0 view .LVU617
 1922 00ee CDF804B0 		str	fp, [sp, #4]
 1923 00f2 CDF800A0 		str	r10, [sp]
 1924 00f6 4B46     		mov	r3, r9
 1925 00f8 4246     		mov	r2, r8
 1926 00fa 3946     		mov	r1, r7
 1927 00fc 3046     		mov	r0, r6
 1928 00fe FFF7FEFF 		bl	VL53L1_preset_mode_timed_ranging
 1929              	.LVL180:
1335:Core/Src/vl53l1_api_core.c **** 
 1930              		.loc 1 1335 3 is_stmt 1 view .LVU618
 1931 0102 C0E7     		b	.L103
 1932              	.LVL181:
 1933              	.L96:
1338:Core/Src/vl53l1_api_core.c **** 					pstatic,
 1934              		.loc 1 1338 3 view .LVU619
1338:Core/Src/vl53l1_api_core.c **** 					pstatic,
 1935              		.loc 1 1338 12 is_stmt 0 view .LVU620
 1936 0104 CDF804B0 		str	fp, [sp, #4]
 1937 0108 CDF800A0 		str	r10, [sp]
 1938 010c 4B46     		mov	r3, r9
ARM GAS  C:\Users\Lenovo\AppData\Local\Temp\ccZ6paZS.s 			page 62


 1939 010e 4246     		mov	r2, r8
 1940 0110 3946     		mov	r1, r7
 1941 0112 3046     		mov	r0, r6
 1942 0114 FFF7FEFF 		bl	VL53L1_preset_mode_timed_ranging_short_range
 1943              	.LVL182:
1345:Core/Src/vl53l1_api_core.c **** 
 1944              		.loc 1 1345 3 is_stmt 1 view .LVU621
 1945 0118 B5E7     		b	.L103
 1946              	.LVL183:
 1947              	.L95:
1348:Core/Src/vl53l1_api_core.c **** 					pstatic,
 1948              		.loc 1 1348 3 view .LVU622
1348:Core/Src/vl53l1_api_core.c **** 					pstatic,
 1949              		.loc 1 1348 12 is_stmt 0 view .LVU623
 1950 011a CDF804B0 		str	fp, [sp, #4]
 1951 011e CDF800A0 		str	r10, [sp]
 1952 0122 4B46     		mov	r3, r9
 1953 0124 4246     		mov	r2, r8
 1954 0126 3946     		mov	r1, r7
 1955 0128 3046     		mov	r0, r6
 1956 012a FFF7FEFF 		bl	VL53L1_preset_mode_timed_ranging_long_range
 1957              	.LVL184:
1355:Core/Src/vl53l1_api_core.c **** 
 1958              		.loc 1 1355 3 is_stmt 1 view .LVU624
 1959 012e AAE7     		b	.L103
 1960              	.LVL185:
 1961              	.L94:
1358:Core/Src/vl53l1_api_core.c **** 					pstatic,
 1962              		.loc 1 1358 3 view .LVU625
1358:Core/Src/vl53l1_api_core.c **** 					pstatic,
 1963              		.loc 1 1358 12 is_stmt 0 view .LVU626
 1964 0130 CDF804B0 		str	fp, [sp, #4]
 1965 0134 CDF800A0 		str	r10, [sp]
 1966 0138 4B46     		mov	r3, r9
 1967 013a 4246     		mov	r2, r8
 1968 013c 3946     		mov	r1, r7
 1969 013e 3046     		mov	r0, r6
 1970 0140 FFF7FEFF 		bl	VL53L1_preset_mode_olt
 1971              	.LVL186:
1365:Core/Src/vl53l1_api_core.c **** 
 1972              		.loc 1 1365 3 is_stmt 1 view .LVU627
 1973 0144 9FE7     		b	.L103
 1974              	.LVL187:
 1975              	.L93:
1368:Core/Src/vl53l1_api_core.c **** 					pstatic,
 1976              		.loc 1 1368 3 view .LVU628
1368:Core/Src/vl53l1_api_core.c **** 					pstatic,
 1977              		.loc 1 1368 12 is_stmt 0 view .LVU629
 1978 0146 CDF804B0 		str	fp, [sp, #4]
 1979 014a CDF800A0 		str	r10, [sp]
 1980 014e 4B46     		mov	r3, r9
 1981 0150 4246     		mov	r2, r8
 1982 0152 3946     		mov	r1, r7
 1983 0154 3046     		mov	r0, r6
 1984 0156 FFF7FEFF 		bl	VL53L1_preset_mode_singleshot_ranging
 1985              	.LVL188:
1375:Core/Src/vl53l1_api_core.c **** 
ARM GAS  C:\Users\Lenovo\AppData\Local\Temp\ccZ6paZS.s 			page 63


 1986              		.loc 1 1375 3 is_stmt 1 view .LVU630
 1987 015a 94E7     		b	.L103
 1988              	.LVL189:
 1989              	.L92:
1378:Core/Src/vl53l1_api_core.c **** 					pstatic,
 1990              		.loc 1 1378 3 view .LVU631
1378:Core/Src/vl53l1_api_core.c **** 					pstatic,
 1991              		.loc 1 1378 12 is_stmt 0 view .LVU632
 1992 015c 079B     		ldr	r3, [sp, #28]
 1993 015e 0293     		str	r3, [sp, #8]
 1994 0160 CDF804B0 		str	fp, [sp, #4]
 1995 0164 CDF800A0 		str	r10, [sp]
 1996 0168 4B46     		mov	r3, r9
 1997 016a 4246     		mov	r2, r8
 1998 016c 3946     		mov	r1, r7
 1999 016e 3046     		mov	r0, r6
 2000 0170 FFF7FEFF 		bl	VL53L1_preset_mode_low_power_auto_short_ranging
 2001              	.LVL190:
1386:Core/Src/vl53l1_api_core.c **** 
 2002              		.loc 1 1386 3 is_stmt 1 view .LVU633
 2003 0174 87E7     		b	.L103
 2004              	.LVL191:
 2005              	.L91:
1389:Core/Src/vl53l1_api_core.c **** 					pstatic,
 2006              		.loc 1 1389 3 view .LVU634
1389:Core/Src/vl53l1_api_core.c **** 					pstatic,
 2007              		.loc 1 1389 12 is_stmt 0 view .LVU635
 2008 0176 079B     		ldr	r3, [sp, #28]
 2009 0178 0293     		str	r3, [sp, #8]
 2010 017a CDF804B0 		str	fp, [sp, #4]
 2011 017e CDF800A0 		str	r10, [sp]
 2012 0182 4B46     		mov	r3, r9
 2013 0184 4246     		mov	r2, r8
 2014 0186 3946     		mov	r1, r7
 2015 0188 3046     		mov	r0, r6
 2016 018a FFF7FEFF 		bl	VL53L1_preset_mode_low_power_auto_ranging
 2017              	.LVL192:
1397:Core/Src/vl53l1_api_core.c **** 
 2018              		.loc 1 1397 3 is_stmt 1 view .LVU636
 2019 018e 7AE7     		b	.L103
 2020              	.LVL193:
 2021              	.L89:
1400:Core/Src/vl53l1_api_core.c **** 					pstatic,
 2022              		.loc 1 1400 3 view .LVU637
1400:Core/Src/vl53l1_api_core.c **** 					pstatic,
 2023              		.loc 1 1400 12 is_stmt 0 view .LVU638
 2024 0190 079B     		ldr	r3, [sp, #28]
 2025 0192 0293     		str	r3, [sp, #8]
 2026 0194 CDF804B0 		str	fp, [sp, #4]
 2027 0198 CDF800A0 		str	r10, [sp]
 2028 019c 4B46     		mov	r3, r9
 2029 019e 4246     		mov	r2, r8
 2030 01a0 3946     		mov	r1, r7
 2031 01a2 3046     		mov	r0, r6
 2032 01a4 FFF7FEFF 		bl	VL53L1_preset_mode_low_power_auto_long_ranging
 2033              	.LVL194:
1408:Core/Src/vl53l1_api_core.c **** 
ARM GAS  C:\Users\Lenovo\AppData\Local\Temp\ccZ6paZS.s 			page 64


 2034              		.loc 1 1408 3 is_stmt 1 view .LVU639
 2035 01a8 6DE7     		b	.L103
 2036              	.LVL195:
 2037              	.L106:
1273:Core/Src/vl53l1_api_core.c **** 
 2038              		.loc 1 1273 2 is_stmt 0 view .LVU640
 2039 01aa 6FF00300 		mvn	r0, #3
 2040              	.LVL196:
 2041              	.L88:
1423:Core/Src/vl53l1_api_core.c **** 				dss_config__target_total_rate_mcps;
1424:Core/Src/vl53l1_api_core.c **** 
1425:Core/Src/vl53l1_api_core.c **** 	}
1426:Core/Src/vl53l1_api_core.c **** 
1427:Core/Src/vl53l1_api_core.c **** 	/*
1428:Core/Src/vl53l1_api_core.c **** 	 * Update the register timeout values based on input
1429:Core/Src/vl53l1_api_core.c **** 	 * real time values and preset mode VCSEL periods
1430:Core/Src/vl53l1_api_core.c **** 	 */
1431:Core/Src/vl53l1_api_core.c **** 
1432:Core/Src/vl53l1_api_core.c **** 	if (status == VL53L1_ERROR_NONE)
 2042              		.loc 1 1432 2 is_stmt 1 view .LVU641
 2043              		.loc 1 1432 5 is_stmt 0 view .LVU642
 2044 01ae 18B1     		cbz	r0, .L108
 2045              	.L104:
 2046              	.LVL197:
1433:Core/Src/vl53l1_api_core.c **** 		status =
1434:Core/Src/vl53l1_api_core.c **** 			VL53L1_set_timeouts_us(
1435:Core/Src/vl53l1_api_core.c **** 				Dev,
1436:Core/Src/vl53l1_api_core.c **** 				phasecal_config_timeout_us,
1437:Core/Src/vl53l1_api_core.c **** 				mm_config_timeout_us,
1438:Core/Src/vl53l1_api_core.c **** 				range_config_timeout_us);
1439:Core/Src/vl53l1_api_core.c **** 
1440:Core/Src/vl53l1_api_core.c **** 	if (status == VL53L1_ERROR_NONE)
 2047              		.loc 1 1440 2 is_stmt 1 view .LVU643
 2048              		.loc 1 1440 5 is_stmt 0 view .LVU644
 2049 01b0 48B1     		cbz	r0, .L109
 2050              	.L105:
1441:Core/Src/vl53l1_api_core.c **** 		status =
1442:Core/Src/vl53l1_api_core.c **** 			VL53L1_set_inter_measurement_period_ms(
1443:Core/Src/vl53l1_api_core.c **** 				Dev,
1444:Core/Src/vl53l1_api_core.c **** 				inter_measurement_period_ms);
1445:Core/Src/vl53l1_api_core.c **** 
1446:Core/Src/vl53l1_api_core.c **** 	LOG_FUNCTION_END(status);
 2051              		.loc 1 1446 26 is_stmt 1 view .LVU645
1447:Core/Src/vl53l1_api_core.c **** 
1448:Core/Src/vl53l1_api_core.c **** 	return status;
 2052              		.loc 1 1448 2 view .LVU646
1449:Core/Src/vl53l1_api_core.c **** }
 2053              		.loc 1 1449 1 is_stmt 0 view .LVU647
 2054 01b2 09B0     		add	sp, sp, #36
 2055              	.LCFI16:
 2056              		.cfi_remember_state
 2057              		.cfi_def_cfa_offset 36
 2058              		@ sp needed
 2059 01b4 BDE8F08F 		pop	{r4, r5, r6, r7, r8, r9, r10, fp, pc}
 2060              	.LVL198:
 2061              	.L108:
 2062              	.LCFI17:
ARM GAS  C:\Users\Lenovo\AppData\Local\Temp\ccZ6paZS.s 			page 65


 2063              		.cfi_restore_state
1433:Core/Src/vl53l1_api_core.c **** 			VL53L1_set_timeouts_us(
 2064              		.loc 1 1433 3 is_stmt 1 view .LVU648
1434:Core/Src/vl53l1_api_core.c **** 				Dev,
 2065              		.loc 1 1434 4 is_stmt 0 view .LVU649
 2066 01b8 139B     		ldr	r3, [sp, #76]
 2067 01ba 129A     		ldr	r2, [sp, #72]
 2068 01bc 0699     		ldr	r1, [sp, #24]
 2069 01be 2046     		mov	r0, r4
 2070 01c0 FFF7FEFF 		bl	VL53L1_set_timeouts_us
 2071              	.LVL199:
1434:Core/Src/vl53l1_api_core.c **** 				Dev,
 2072              		.loc 1 1434 4 view .LVU650
 2073 01c4 F4E7     		b	.L104
 2074              	.L109:
1441:Core/Src/vl53l1_api_core.c **** 			VL53L1_set_inter_measurement_period_ms(
 2075              		.loc 1 1441 3 is_stmt 1 view .LVU651
1442:Core/Src/vl53l1_api_core.c **** 				Dev,
 2076              		.loc 1 1442 4 is_stmt 0 view .LVU652
 2077 01c6 1499     		ldr	r1, [sp, #80]
 2078 01c8 2046     		mov	r0, r4
 2079              	.LVL200:
1442:Core/Src/vl53l1_api_core.c **** 				Dev,
 2080              		.loc 1 1442 4 view .LVU653
 2081 01ca FFF7FEFF 		bl	VL53L1_set_inter_measurement_period_ms
 2082              	.LVL201:
1442:Core/Src/vl53l1_api_core.c **** 				Dev,
 2083              		.loc 1 1442 4 view .LVU654
 2084 01ce F0E7     		b	.L105
 2085              		.cfi_endproc
 2086              	.LFE26:
 2088              		.section	.text.VL53L1_enable_xtalk_compensation,"ax",%progbits
 2089              		.align	1
 2090              		.global	VL53L1_enable_xtalk_compensation
 2091              		.syntax unified
 2092              		.thumb
 2093              		.thumb_func
 2095              	VL53L1_enable_xtalk_compensation:
 2096              	.LVL202:
 2097              	.LFB27:
1450:Core/Src/vl53l1_api_core.c **** 
1451:Core/Src/vl53l1_api_core.c **** 
1452:Core/Src/vl53l1_api_core.c **** VL53L1_Error  VL53L1_enable_xtalk_compensation(
1453:Core/Src/vl53l1_api_core.c **** 	VL53L1_DEV                 Dev)
1454:Core/Src/vl53l1_api_core.c **** {
 2098              		.loc 1 1454 1 is_stmt 1 view -0
 2099              		.cfi_startproc
 2100              		@ args = 0, pretend = 0, frame = 0
 2101              		@ frame_needed = 0, uses_anonymous_args = 0
 2102              		.loc 1 1454 1 is_stmt 0 view .LVU656
 2103 0000 10B5     		push	{r4, lr}
 2104              	.LCFI18:
 2105              		.cfi_def_cfa_offset 8
 2106              		.cfi_offset 4, -8
 2107              		.cfi_offset 14, -4
 2108 0002 0446     		mov	r4, r0
1455:Core/Src/vl53l1_api_core.c **** 	/**
ARM GAS  C:\Users\Lenovo\AppData\Local\Temp\ccZ6paZS.s 			page 66


1456:Core/Src/vl53l1_api_core.c **** 	 * Currently a very simple function to copy
1457:Core/Src/vl53l1_api_core.c **** 	 * private xtalk parms into customer section and apply to device
1458:Core/Src/vl53l1_api_core.c **** 	 *
1459:Core/Src/vl53l1_api_core.c **** 	 */
1460:Core/Src/vl53l1_api_core.c **** 
1461:Core/Src/vl53l1_api_core.c **** 	VL53L1_Error status = VL53L1_ERROR_NONE;
 2109              		.loc 1 1461 2 is_stmt 1 view .LVU657
 2110              	.LVL203:
1462:Core/Src/vl53l1_api_core.c **** 	uint32_t tempu32;
 2111              		.loc 1 1462 2 view .LVU658
1463:Core/Src/vl53l1_api_core.c **** 
1464:Core/Src/vl53l1_api_core.c **** 	VL53L1_LLDriverData_t *pdev = VL53L1DevStructGetLLDriverHandle(Dev);
 2112              		.loc 1 1464 2 view .LVU659
1465:Core/Src/vl53l1_api_core.c **** 
1466:Core/Src/vl53l1_api_core.c **** 	LOG_FUNCTION_START("");
 2113              		.loc 1 1466 24 view .LVU660
1467:Core/Src/vl53l1_api_core.c **** 
1468:Core/Src/vl53l1_api_core.c **** 	/* Fill Public customer NVM data with Xtalk parms */
1469:Core/Src/vl53l1_api_core.c **** 	tempu32 = VL53L1_calc_crosstalk_plane_offset_with_margin(
 2114              		.loc 1 1469 2 view .LVU661
 2115              		.loc 1 1469 12 is_stmt 0 view .LVU662
 2116 0004 B0F93E11 		ldrsh	r1, [r0, #318]
 2117 0008 D0F82C01 		ldr	r0, [r0, #300]
 2118              	.LVL204:
 2119              		.loc 1 1469 12 view .LVU663
 2120 000c FFF7FEFF 		bl	VL53L1_calc_crosstalk_plane_offset_with_margin
 2121              	.LVL205:
1470:Core/Src/vl53l1_api_core.c **** 		pdev->xtalk_cfg.algo__crosstalk_compensation_plane_offset_kcps,
1471:Core/Src/vl53l1_api_core.c **** 		pdev->xtalk_cfg.lite_mode_crosstalk_margin_kcps);
1472:Core/Src/vl53l1_api_core.c **** 	if (tempu32 > 0xFFFF) {
 2122              		.loc 1 1472 2 is_stmt 1 view .LVU664
 2123              		.loc 1 1472 5 is_stmt 0 view .LVU665
 2124 0010 B0F5803F 		cmp	r0, #65536
 2125 0014 01D3     		bcc	.L111
1473:Core/Src/vl53l1_api_core.c **** 		tempu32 = 0xFFFF;
 2126              		.loc 1 1473 11 view .LVU666
 2127 0016 4FF6FF70 		movw	r0, #65535
 2128              	.LVL206:
 2129              	.L111:
1474:Core/Src/vl53l1_api_core.c **** 	}
1475:Core/Src/vl53l1_api_core.c **** 	pdev->customer.algo__crosstalk_compensation_plane_offset_kcps =
 2130              		.loc 1 1475 2 is_stmt 1 view .LVU667
 2131              		.loc 1 1475 64 is_stmt 0 view .LVU668
 2132 001a A4F84C00 		strh	r0, [r4, #76]	@ movhi
1476:Core/Src/vl53l1_api_core.c **** 		(uint16_t)tempu32;
1477:Core/Src/vl53l1_api_core.c **** 
1478:Core/Src/vl53l1_api_core.c **** 	pdev->customer.algo__crosstalk_compensation_x_plane_gradient_kcps =
 2133              		.loc 1 1478 2 is_stmt 1 view .LVU669
1479:Core/Src/vl53l1_api_core.c **** 		pdev->xtalk_cfg.algo__crosstalk_compensation_x_plane_gradient_kcps;
 2134              		.loc 1 1479 18 is_stmt 0 view .LVU670
 2135 001e B4F93011 		ldrsh	r1, [r4, #304]
1478:Core/Src/vl53l1_api_core.c **** 		pdev->xtalk_cfg.algo__crosstalk_compensation_x_plane_gradient_kcps;
 2136              		.loc 1 1478 68 view .LVU671
 2137 0022 A4F84E10 		strh	r1, [r4, #78]	@ movhi
1480:Core/Src/vl53l1_api_core.c **** 
1481:Core/Src/vl53l1_api_core.c **** 	pdev->customer.algo__crosstalk_compensation_y_plane_gradient_kcps =
 2138              		.loc 1 1481 2 is_stmt 1 view .LVU672
ARM GAS  C:\Users\Lenovo\AppData\Local\Temp\ccZ6paZS.s 			page 67


1482:Core/Src/vl53l1_api_core.c **** 		pdev->xtalk_cfg.algo__crosstalk_compensation_y_plane_gradient_kcps;
 2139              		.loc 1 1482 18 is_stmt 0 view .LVU673
 2140 0026 B4F93221 		ldrsh	r2, [r4, #306]
1481:Core/Src/vl53l1_api_core.c **** 		pdev->xtalk_cfg.algo__crosstalk_compensation_y_plane_gradient_kcps;
 2141              		.loc 1 1481 68 view .LVU674
 2142 002a A4F85020 		strh	r2, [r4, #80]	@ movhi
1483:Core/Src/vl53l1_api_core.c **** 
1484:Core/Src/vl53l1_api_core.c **** 	/* Enable Xtalk compensation */
1485:Core/Src/vl53l1_api_core.c **** 	pdev->xtalk_cfg.global_crosstalk_compensation_enable = 0x01;
 2143              		.loc 1 1485 2 is_stmt 1 view .LVU675
 2144              		.loc 1 1485 55 is_stmt 0 view .LVU676
 2145 002e 0123     		movs	r3, #1
 2146 0030 84F83C31 		strb	r3, [r4, #316]
1486:Core/Src/vl53l1_api_core.c **** 
1487:Core/Src/vl53l1_api_core.c **** 	/* Update Range Ignore Threshold Xtalk Parameter */
1488:Core/Src/vl53l1_api_core.c **** 
1489:Core/Src/vl53l1_api_core.c **** 	if (status == VL53L1_ERROR_NONE) {
 2147              		.loc 1 1489 2 is_stmt 1 view .LVU677
1490:Core/Src/vl53l1_api_core.c **** 		pdev->xtalk_cfg.crosstalk_range_ignore_threshold_rate_mcps =
 2148              		.loc 1 1490 3 view .LVU678
1491:Core/Src/vl53l1_api_core.c **** 			VL53L1_calc_range_ignore_threshold(
 2149              		.loc 1 1491 4 is_stmt 0 view .LVU679
 2150 0034 94F84031 		ldrb	r3, [r4, #320]	@ zero_extendqisi2
 2151 0038 D4F82C01 		ldr	r0, [r4, #300]
 2152              	.LVL207:
 2153              		.loc 1 1491 4 view .LVU680
 2154 003c FFF7FEFF 		bl	VL53L1_calc_range_ignore_threshold
 2155              	.LVL208:
1490:Core/Src/vl53l1_api_core.c **** 		pdev->xtalk_cfg.crosstalk_range_ignore_threshold_rate_mcps =
 2156              		.loc 1 1490 62 view .LVU681
 2157 0040 A4F84201 		strh	r0, [r4, #322]	@ movhi
1492:Core/Src/vl53l1_api_core.c **** 				pdev->xtalk_cfg.algo__crosstalk_compensation_plane_offset_kcps,
1493:Core/Src/vl53l1_api_core.c **** 				pdev->xtalk_cfg.algo__crosstalk_compensation_x_plane_gradient_kcps,
1494:Core/Src/vl53l1_api_core.c **** 				pdev->xtalk_cfg.algo__crosstalk_compensation_y_plane_gradient_kcps,
1495:Core/Src/vl53l1_api_core.c **** 				pdev->xtalk_cfg.crosstalk_range_ignore_threshold_mult);
1496:Core/Src/vl53l1_api_core.c **** 	}
1497:Core/Src/vl53l1_api_core.c **** 
1498:Core/Src/vl53l1_api_core.c **** 	/* Apply to device */
1499:Core/Src/vl53l1_api_core.c **** 
1500:Core/Src/vl53l1_api_core.c **** 	if (status == VL53L1_ERROR_NONE) /*lint !e774 always true*/
 2158              		.loc 1 1500 2 is_stmt 1 view .LVU682
1501:Core/Src/vl53l1_api_core.c **** 		status =
 2159              		.loc 1 1501 3 view .LVU683
1502:Core/Src/vl53l1_api_core.c **** 			VL53L1_set_customer_nvm_managed(
 2160              		.loc 1 1502 4 is_stmt 0 view .LVU684
 2161 0044 04F14201 		add	r1, r4, #66
 2162 0048 2046     		mov	r0, r4
 2163 004a FFF7FEFF 		bl	VL53L1_set_customer_nvm_managed
 2164              	.LVL209:
1503:Core/Src/vl53l1_api_core.c **** 				Dev,
1504:Core/Src/vl53l1_api_core.c **** 				&(pdev->customer));
1505:Core/Src/vl53l1_api_core.c **** 
1506:Core/Src/vl53l1_api_core.c **** 	LOG_FUNCTION_END(status);
 2165              		.loc 1 1506 26 is_stmt 1 view .LVU685
1507:Core/Src/vl53l1_api_core.c **** 
1508:Core/Src/vl53l1_api_core.c **** 	return status;
 2166              		.loc 1 1508 2 view .LVU686
ARM GAS  C:\Users\Lenovo\AppData\Local\Temp\ccZ6paZS.s 			page 68


1509:Core/Src/vl53l1_api_core.c **** 
1510:Core/Src/vl53l1_api_core.c **** }
 2167              		.loc 1 1510 1 is_stmt 0 view .LVU687
 2168 004e 10BD     		pop	{r4, pc}
 2169              		.loc 1 1510 1 view .LVU688
 2170              		.cfi_endproc
 2171              	.LFE27:
 2173              		.section	.text.VL53L1_get_xtalk_compensation_enable,"ax",%progbits
 2174              		.align	1
 2175              		.global	VL53L1_get_xtalk_compensation_enable
 2176              		.syntax unified
 2177              		.thumb
 2178              		.thumb_func
 2180              	VL53L1_get_xtalk_compensation_enable:
 2181              	.LVL210:
 2182              	.LFB28:
1511:Core/Src/vl53l1_api_core.c **** 
1512:Core/Src/vl53l1_api_core.c **** void VL53L1_get_xtalk_compensation_enable(
1513:Core/Src/vl53l1_api_core.c **** 	VL53L1_DEV    Dev,
1514:Core/Src/vl53l1_api_core.c **** 	uint8_t       *pcrosstalk_compensation_enable)
1515:Core/Src/vl53l1_api_core.c **** {
 2183              		.loc 1 1515 1 is_stmt 1 view -0
 2184              		.cfi_startproc
 2185              		@ args = 0, pretend = 0, frame = 0
 2186              		@ frame_needed = 0, uses_anonymous_args = 0
 2187              		@ link register save eliminated.
1516:Core/Src/vl53l1_api_core.c **** 	/**
1517:Core/Src/vl53l1_api_core.c **** 	 * Currently a very simple function to return
1518:Core/Src/vl53l1_api_core.c **** 	 *
1519:Core/Src/vl53l1_api_core.c **** 	 * - this flags whether xtalk compensation is enabled for all modes
1520:Core/Src/vl53l1_api_core.c **** 	 * or not.
1521:Core/Src/vl53l1_api_core.c **** 	 *
1522:Core/Src/vl53l1_api_core.c **** 	 * #1 - Enabled
1523:Core/Src/vl53l1_api_core.c **** 	 * #0 - Disabled
1524:Core/Src/vl53l1_api_core.c **** 	 *
1525:Core/Src/vl53l1_api_core.c **** 	 */
1526:Core/Src/vl53l1_api_core.c **** 
1527:Core/Src/vl53l1_api_core.c **** 	VL53L1_LLDriverData_t *pdev = VL53L1DevStructGetLLDriverHandle(Dev);
 2188              		.loc 1 1527 2 view .LVU690
1528:Core/Src/vl53l1_api_core.c **** 
1529:Core/Src/vl53l1_api_core.c **** 	LOG_FUNCTION_START("");
 2189              		.loc 1 1529 24 view .LVU691
1530:Core/Src/vl53l1_api_core.c **** 
1531:Core/Src/vl53l1_api_core.c **** 	/* Extract Xtalk Compensation Enable Status*/
1532:Core/Src/vl53l1_api_core.c **** 
1533:Core/Src/vl53l1_api_core.c **** 	*pcrosstalk_compensation_enable =
 2190              		.loc 1 1533 2 view .LVU692
1534:Core/Src/vl53l1_api_core.c **** 		pdev->xtalk_cfg.global_crosstalk_compensation_enable;
 2191              		.loc 1 1534 18 is_stmt 0 view .LVU693
 2192 0000 90F83C31 		ldrb	r3, [r0, #316]	@ zero_extendqisi2
1533:Core/Src/vl53l1_api_core.c **** 		pdev->xtalk_cfg.global_crosstalk_compensation_enable;
 2193              		.loc 1 1533 34 view .LVU694
 2194 0004 0B70     		strb	r3, [r1]
1535:Core/Src/vl53l1_api_core.c **** 
1536:Core/Src/vl53l1_api_core.c **** }
 2195              		.loc 1 1536 1 view .LVU695
 2196 0006 7047     		bx	lr
ARM GAS  C:\Users\Lenovo\AppData\Local\Temp\ccZ6paZS.s 			page 69


 2197              		.cfi_endproc
 2198              	.LFE28:
 2200              		.section	.text.VL53L1_get_lite_xtalk_margin_kcps,"ax",%progbits
 2201              		.align	1
 2202              		.global	VL53L1_get_lite_xtalk_margin_kcps
 2203              		.syntax unified
 2204              		.thumb
 2205              		.thumb_func
 2207              	VL53L1_get_lite_xtalk_margin_kcps:
 2208              	.LVL211:
 2209              	.LFB29:
1537:Core/Src/vl53l1_api_core.c **** 
1538:Core/Src/vl53l1_api_core.c **** 
1539:Core/Src/vl53l1_api_core.c **** VL53L1_Error VL53L1_get_lite_xtalk_margin_kcps(
1540:Core/Src/vl53l1_api_core.c **** 	VL53L1_DEV                          Dev,
1541:Core/Src/vl53l1_api_core.c **** 	int16_t                           *pxtalk_margin)
1542:Core/Src/vl53l1_api_core.c **** {
 2210              		.loc 1 1542 1 is_stmt 1 view -0
 2211              		.cfi_startproc
 2212              		@ args = 0, pretend = 0, frame = 0
 2213              		@ frame_needed = 0, uses_anonymous_args = 0
 2214              		@ link register save eliminated.
1543:Core/Src/vl53l1_api_core.c **** 
1544:Core/Src/vl53l1_api_core.c **** 	/*
1545:Core/Src/vl53l1_api_core.c **** 	 * Gets the Xtalk Margin Factor  in Kcps (fixed point 9.7)
1546:Core/Src/vl53l1_api_core.c **** 	 */
1547:Core/Src/vl53l1_api_core.c **** 
1548:Core/Src/vl53l1_api_core.c **** 	VL53L1_Error  status = VL53L1_ERROR_NONE;
 2215              		.loc 1 1548 2 view .LVU697
1549:Core/Src/vl53l1_api_core.c **** 
1550:Core/Src/vl53l1_api_core.c **** 	VL53L1_LLDriverData_t *pdev = VL53L1DevStructGetLLDriverHandle(Dev);
 2216              		.loc 1 1550 2 view .LVU698
1551:Core/Src/vl53l1_api_core.c **** 
1552:Core/Src/vl53l1_api_core.c **** 	LOG_FUNCTION_START("");
 2217              		.loc 1 1552 24 view .LVU699
1553:Core/Src/vl53l1_api_core.c **** 
1554:Core/Src/vl53l1_api_core.c **** 	*pxtalk_margin = pdev->xtalk_cfg.lite_mode_crosstalk_margin_kcps;
 2218              		.loc 1 1554 2 view .LVU700
 2219              		.loc 1 1554 34 is_stmt 0 view .LVU701
 2220 0000 B0F93E31 		ldrsh	r3, [r0, #318]
 2221              		.loc 1 1554 17 view .LVU702
 2222 0004 0B80     		strh	r3, [r1]	@ movhi
1555:Core/Src/vl53l1_api_core.c **** 
1556:Core/Src/vl53l1_api_core.c **** 	LOG_FUNCTION_END(status);
 2223              		.loc 1 1556 26 is_stmt 1 view .LVU703
1557:Core/Src/vl53l1_api_core.c **** 
1558:Core/Src/vl53l1_api_core.c **** 	return status;
 2224              		.loc 1 1558 2 view .LVU704
1559:Core/Src/vl53l1_api_core.c **** 
1560:Core/Src/vl53l1_api_core.c **** }
 2225              		.loc 1 1560 1 is_stmt 0 view .LVU705
 2226 0006 0020     		movs	r0, #0
 2227              	.LVL212:
 2228              		.loc 1 1560 1 view .LVU706
 2229 0008 7047     		bx	lr
 2230              		.cfi_endproc
 2231              	.LFE29:
ARM GAS  C:\Users\Lenovo\AppData\Local\Temp\ccZ6paZS.s 			page 70


 2233              		.section	.text.VL53L1_set_lite_xtalk_margin_kcps,"ax",%progbits
 2234              		.align	1
 2235              		.global	VL53L1_set_lite_xtalk_margin_kcps
 2236              		.syntax unified
 2237              		.thumb
 2238              		.thumb_func
 2240              	VL53L1_set_lite_xtalk_margin_kcps:
 2241              	.LVL213:
 2242              	.LFB30:
1561:Core/Src/vl53l1_api_core.c **** 
1562:Core/Src/vl53l1_api_core.c **** VL53L1_Error VL53L1_set_lite_xtalk_margin_kcps(
1563:Core/Src/vl53l1_api_core.c **** 	VL53L1_DEV                     Dev,
1564:Core/Src/vl53l1_api_core.c **** 	int16_t                        xtalk_margin)
1565:Core/Src/vl53l1_api_core.c **** {
 2243              		.loc 1 1565 1 is_stmt 1 view -0
 2244              		.cfi_startproc
 2245              		@ args = 0, pretend = 0, frame = 0
 2246              		@ frame_needed = 0, uses_anonymous_args = 0
 2247              		@ link register save eliminated.
1566:Core/Src/vl53l1_api_core.c **** 
1567:Core/Src/vl53l1_api_core.c **** 	/*
1568:Core/Src/vl53l1_api_core.c **** 	 * Sets the offset calibration mode
1569:Core/Src/vl53l1_api_core.c **** 	 */
1570:Core/Src/vl53l1_api_core.c **** 
1571:Core/Src/vl53l1_api_core.c **** 	VL53L1_Error  status = VL53L1_ERROR_NONE;
 2248              		.loc 1 1571 2 view .LVU708
1572:Core/Src/vl53l1_api_core.c **** 
1573:Core/Src/vl53l1_api_core.c **** 	VL53L1_LLDriverData_t *pdev = VL53L1DevStructGetLLDriverHandle(Dev);
 2249              		.loc 1 1573 2 view .LVU709
1574:Core/Src/vl53l1_api_core.c **** 
1575:Core/Src/vl53l1_api_core.c **** 	LOG_FUNCTION_START("");
 2250              		.loc 1 1575 24 view .LVU710
1576:Core/Src/vl53l1_api_core.c **** 
1577:Core/Src/vl53l1_api_core.c **** 	pdev->xtalk_cfg.lite_mode_crosstalk_margin_kcps = xtalk_margin;
 2251              		.loc 1 1577 2 view .LVU711
 2252              		.loc 1 1577 50 is_stmt 0 view .LVU712
 2253 0000 A0F83E11 		strh	r1, [r0, #318]	@ movhi
1578:Core/Src/vl53l1_api_core.c **** 
1579:Core/Src/vl53l1_api_core.c **** 	LOG_FUNCTION_END(status);
 2254              		.loc 1 1579 26 is_stmt 1 view .LVU713
1580:Core/Src/vl53l1_api_core.c **** 
1581:Core/Src/vl53l1_api_core.c **** 	return status;
 2255              		.loc 1 1581 2 view .LVU714
1582:Core/Src/vl53l1_api_core.c **** }
 2256              		.loc 1 1582 1 is_stmt 0 view .LVU715
 2257 0004 0020     		movs	r0, #0
 2258              	.LVL214:
 2259              		.loc 1 1582 1 view .LVU716
 2260 0006 7047     		bx	lr
 2261              		.cfi_endproc
 2262              	.LFE30:
 2264              		.section	.text.VL53L1_restore_xtalk_nvm_default,"ax",%progbits
 2265              		.align	1
 2266              		.global	VL53L1_restore_xtalk_nvm_default
 2267              		.syntax unified
 2268              		.thumb
 2269              		.thumb_func
ARM GAS  C:\Users\Lenovo\AppData\Local\Temp\ccZ6paZS.s 			page 71


 2271              	VL53L1_restore_xtalk_nvm_default:
 2272              	.LVL215:
 2273              	.LFB31:
1583:Core/Src/vl53l1_api_core.c **** 
1584:Core/Src/vl53l1_api_core.c **** 
1585:Core/Src/vl53l1_api_core.c **** VL53L1_Error VL53L1_restore_xtalk_nvm_default(
1586:Core/Src/vl53l1_api_core.c **** 	VL53L1_DEV                     Dev)
1587:Core/Src/vl53l1_api_core.c **** {
 2274              		.loc 1 1587 1 is_stmt 1 view -0
 2275              		.cfi_startproc
 2276              		@ args = 0, pretend = 0, frame = 0
 2277              		@ frame_needed = 0, uses_anonymous_args = 0
 2278              		@ link register save eliminated.
1588:Core/Src/vl53l1_api_core.c **** 
1589:Core/Src/vl53l1_api_core.c **** 	/*
1590:Core/Src/vl53l1_api_core.c **** 	 * Returns xtalk rate values to defaults as extracted from device NVM
1591:Core/Src/vl53l1_api_core.c **** 	 */
1592:Core/Src/vl53l1_api_core.c **** 
1593:Core/Src/vl53l1_api_core.c **** 	VL53L1_Error  status = VL53L1_ERROR_NONE;
 2279              		.loc 1 1593 2 view .LVU718
1594:Core/Src/vl53l1_api_core.c **** 
1595:Core/Src/vl53l1_api_core.c **** 	VL53L1_LLDriverData_t *pdev = VL53L1DevStructGetLLDriverHandle(Dev);
 2280              		.loc 1 1595 2 view .LVU719
1596:Core/Src/vl53l1_api_core.c **** 
1597:Core/Src/vl53l1_api_core.c **** 	LOG_FUNCTION_START("");
 2281              		.loc 1 1597 24 view .LVU720
1598:Core/Src/vl53l1_api_core.c **** 
1599:Core/Src/vl53l1_api_core.c **** 	pdev->xtalk_cfg.algo__crosstalk_compensation_plane_offset_kcps =
 2282              		.loc 1 1599 2 view .LVU721
1600:Core/Src/vl53l1_api_core.c **** 		pdev->xtalk_cfg.nvm_default__crosstalk_compensation_plane_offset_kcps;
 2283              		.loc 1 1600 18 is_stmt 0 view .LVU722
 2284 0000 D0F83431 		ldr	r3, [r0, #308]
1599:Core/Src/vl53l1_api_core.c **** 		pdev->xtalk_cfg.nvm_default__crosstalk_compensation_plane_offset_kcps;
 2285              		.loc 1 1599 65 view .LVU723
 2286 0004 C0F82C31 		str	r3, [r0, #300]
1601:Core/Src/vl53l1_api_core.c **** 	pdev->xtalk_cfg.algo__crosstalk_compensation_x_plane_gradient_kcps =
 2287              		.loc 1 1601 2 is_stmt 1 view .LVU724
1602:Core/Src/vl53l1_api_core.c **** 		pdev->xtalk_cfg.nvm_default__crosstalk_compensation_x_plane_gradient_kcps;
 2288              		.loc 1 1602 18 is_stmt 0 view .LVU725
 2289 0008 B0F93831 		ldrsh	r3, [r0, #312]
1601:Core/Src/vl53l1_api_core.c **** 	pdev->xtalk_cfg.algo__crosstalk_compensation_x_plane_gradient_kcps =
 2290              		.loc 1 1601 69 view .LVU726
 2291 000c A0F83031 		strh	r3, [r0, #304]	@ movhi
1603:Core/Src/vl53l1_api_core.c **** 	pdev->xtalk_cfg.algo__crosstalk_compensation_y_plane_gradient_kcps =
 2292              		.loc 1 1603 2 is_stmt 1 view .LVU727
1604:Core/Src/vl53l1_api_core.c **** 		pdev->xtalk_cfg.nvm_default__crosstalk_compensation_y_plane_gradient_kcps;
 2293              		.loc 1 1604 18 is_stmt 0 view .LVU728
 2294 0010 B0F93A31 		ldrsh	r3, [r0, #314]
1603:Core/Src/vl53l1_api_core.c **** 	pdev->xtalk_cfg.algo__crosstalk_compensation_y_plane_gradient_kcps =
 2295              		.loc 1 1603 69 view .LVU729
 2296 0014 A0F83231 		strh	r3, [r0, #306]	@ movhi
1605:Core/Src/vl53l1_api_core.c **** 
1606:Core/Src/vl53l1_api_core.c **** 	LOG_FUNCTION_END(status);
 2297              		.loc 1 1606 26 is_stmt 1 view .LVU730
1607:Core/Src/vl53l1_api_core.c **** 
1608:Core/Src/vl53l1_api_core.c **** 	return status;
 2298              		.loc 1 1608 2 view .LVU731
ARM GAS  C:\Users\Lenovo\AppData\Local\Temp\ccZ6paZS.s 			page 72


1609:Core/Src/vl53l1_api_core.c **** }
 2299              		.loc 1 1609 1 is_stmt 0 view .LVU732
 2300 0018 0020     		movs	r0, #0
 2301              	.LVL216:
 2302              		.loc 1 1609 1 view .LVU733
 2303 001a 7047     		bx	lr
 2304              		.cfi_endproc
 2305              	.LFE31:
 2307              		.section	.text.VL53L1_disable_xtalk_compensation,"ax",%progbits
 2308              		.align	1
 2309              		.global	VL53L1_disable_xtalk_compensation
 2310              		.syntax unified
 2311              		.thumb
 2312              		.thumb_func
 2314              	VL53L1_disable_xtalk_compensation:
 2315              	.LVL217:
 2316              	.LFB32:
1610:Core/Src/vl53l1_api_core.c **** 
1611:Core/Src/vl53l1_api_core.c **** VL53L1_Error  VL53L1_disable_xtalk_compensation(
1612:Core/Src/vl53l1_api_core.c **** 	VL53L1_DEV                 Dev)
1613:Core/Src/vl53l1_api_core.c **** {
 2317              		.loc 1 1613 1 is_stmt 1 view -0
 2318              		.cfi_startproc
 2319              		@ args = 0, pretend = 0, frame = 0
 2320              		@ frame_needed = 0, uses_anonymous_args = 0
 2321              		.loc 1 1613 1 is_stmt 0 view .LVU735
 2322 0000 08B5     		push	{r3, lr}
 2323              	.LCFI19:
 2324              		.cfi_def_cfa_offset 8
 2325              		.cfi_offset 3, -8
 2326              		.cfi_offset 14, -4
 2327 0002 0146     		mov	r1, r0
1614:Core/Src/vl53l1_api_core.c **** 	/**
1615:Core/Src/vl53l1_api_core.c **** 	 * Currently a very simple function to clear
1616:Core/Src/vl53l1_api_core.c **** 	 * customer xtalk parms and apply to device
1617:Core/Src/vl53l1_api_core.c **** 	 *
1618:Core/Src/vl53l1_api_core.c **** 	 */
1619:Core/Src/vl53l1_api_core.c **** 
1620:Core/Src/vl53l1_api_core.c **** 	VL53L1_Error status = VL53L1_ERROR_NONE;
 2328              		.loc 1 1620 2 is_stmt 1 view .LVU736
 2329              	.LVL218:
1621:Core/Src/vl53l1_api_core.c **** 
1622:Core/Src/vl53l1_api_core.c **** 	VL53L1_LLDriverData_t *pdev = VL53L1DevStructGetLLDriverHandle(Dev);
 2330              		.loc 1 1622 2 view .LVU737
1623:Core/Src/vl53l1_api_core.c **** 
1624:Core/Src/vl53l1_api_core.c **** 	LOG_FUNCTION_START("");
 2331              		.loc 1 1624 24 view .LVU738
1625:Core/Src/vl53l1_api_core.c **** 
1626:Core/Src/vl53l1_api_core.c **** 	/* Fill Public customer NVM data with Xtalk parms */
1627:Core/Src/vl53l1_api_core.c **** 	pdev->customer.algo__crosstalk_compensation_plane_offset_kcps =
 2332              		.loc 1 1627 2 view .LVU739
 2333              		.loc 1 1627 64 is_stmt 0 view .LVU740
 2334 0004 0023     		movs	r3, #0
 2335 0006 A0F84C30 		strh	r3, [r0, #76]	@ movhi
1628:Core/Src/vl53l1_api_core.c **** 		0x00;
1629:Core/Src/vl53l1_api_core.c **** 
1630:Core/Src/vl53l1_api_core.c **** 	pdev->customer.algo__crosstalk_compensation_x_plane_gradient_kcps =
ARM GAS  C:\Users\Lenovo\AppData\Local\Temp\ccZ6paZS.s 			page 73


 2336              		.loc 1 1630 2 is_stmt 1 view .LVU741
 2337              		.loc 1 1630 68 is_stmt 0 view .LVU742
 2338 000a A0F84E30 		strh	r3, [r0, #78]	@ movhi
1631:Core/Src/vl53l1_api_core.c **** 		0x00;
1632:Core/Src/vl53l1_api_core.c **** 
1633:Core/Src/vl53l1_api_core.c **** 	pdev->customer.algo__crosstalk_compensation_y_plane_gradient_kcps =
 2339              		.loc 1 1633 2 is_stmt 1 view .LVU743
 2340              		.loc 1 1633 68 is_stmt 0 view .LVU744
 2341 000e A0F85030 		strh	r3, [r0, #80]	@ movhi
1634:Core/Src/vl53l1_api_core.c **** 		0x00;
1635:Core/Src/vl53l1_api_core.c **** 
1636:Core/Src/vl53l1_api_core.c **** 
1637:Core/Src/vl53l1_api_core.c **** 	/* Disable Global Xtalk comnpensation */
1638:Core/Src/vl53l1_api_core.c **** 	pdev->xtalk_cfg.global_crosstalk_compensation_enable = 0x00;
 2342              		.loc 1 1638 2 is_stmt 1 view .LVU745
 2343              		.loc 1 1638 55 is_stmt 0 view .LVU746
 2344 0012 80F83C31 		strb	r3, [r0, #316]
1639:Core/Src/vl53l1_api_core.c **** 
1640:Core/Src/vl53l1_api_core.c **** 	/* Update Range Ignore Threshold Xtalk Parameter */
1641:Core/Src/vl53l1_api_core.c **** 
1642:Core/Src/vl53l1_api_core.c **** 	if (status == VL53L1_ERROR_NONE) {
 2345              		.loc 1 1642 2 is_stmt 1 view .LVU747
1643:Core/Src/vl53l1_api_core.c **** 		pdev->xtalk_cfg.crosstalk_range_ignore_threshold_rate_mcps =
 2346              		.loc 1 1643 3 view .LVU748
 2347              		.loc 1 1643 62 is_stmt 0 view .LVU749
 2348 0016 A0F84231 		strh	r3, [r0, #322]	@ movhi
1644:Core/Src/vl53l1_api_core.c **** 			0x0000;
1645:Core/Src/vl53l1_api_core.c **** 	}
1646:Core/Src/vl53l1_api_core.c **** 
1647:Core/Src/vl53l1_api_core.c **** 	/* Apply to device */
1648:Core/Src/vl53l1_api_core.c **** 
1649:Core/Src/vl53l1_api_core.c **** 	if (status == VL53L1_ERROR_NONE) { /*lint !e774 always true*/
 2349              		.loc 1 1649 2 is_stmt 1 view .LVU750
1650:Core/Src/vl53l1_api_core.c **** 		status =
 2350              		.loc 1 1650 3 view .LVU751
1651:Core/Src/vl53l1_api_core.c **** 			VL53L1_set_customer_nvm_managed(
 2351              		.loc 1 1651 4 is_stmt 0 view .LVU752
 2352 001a 4231     		adds	r1, r1, #66
 2353 001c FFF7FEFF 		bl	VL53L1_set_customer_nvm_managed
 2354              	.LVL219:
1652:Core/Src/vl53l1_api_core.c **** 				Dev,
1653:Core/Src/vl53l1_api_core.c **** 				&(pdev->customer));
1654:Core/Src/vl53l1_api_core.c **** 	}
1655:Core/Src/vl53l1_api_core.c **** 	LOG_FUNCTION_END(status);
 2355              		.loc 1 1655 26 is_stmt 1 view .LVU753
1656:Core/Src/vl53l1_api_core.c **** 
1657:Core/Src/vl53l1_api_core.c **** 	return status;
 2356              		.loc 1 1657 2 view .LVU754
1658:Core/Src/vl53l1_api_core.c **** 
1659:Core/Src/vl53l1_api_core.c **** }
 2357              		.loc 1 1659 1 is_stmt 0 view .LVU755
 2358 0020 08BD     		pop	{r3, pc}
 2359              		.cfi_endproc
 2360              	.LFE32:
 2362              		.section	.text.VL53L1_get_lite_sigma_threshold,"ax",%progbits
 2363              		.align	1
 2364              		.global	VL53L1_get_lite_sigma_threshold
ARM GAS  C:\Users\Lenovo\AppData\Local\Temp\ccZ6paZS.s 			page 74


 2365              		.syntax unified
 2366              		.thumb
 2367              		.thumb_func
 2369              	VL53L1_get_lite_sigma_threshold:
 2370              	.LVL220:
 2371              	.LFB33:
1660:Core/Src/vl53l1_api_core.c **** 
1661:Core/Src/vl53l1_api_core.c **** VL53L1_Error VL53L1_get_lite_sigma_threshold(
1662:Core/Src/vl53l1_api_core.c **** 	VL53L1_DEV                          Dev,
1663:Core/Src/vl53l1_api_core.c **** 	uint16_t                           *plite_sigma)
1664:Core/Src/vl53l1_api_core.c **** {
 2372              		.loc 1 1664 1 is_stmt 1 view -0
 2373              		.cfi_startproc
 2374              		@ args = 0, pretend = 0, frame = 0
 2375              		@ frame_needed = 0, uses_anonymous_args = 0
 2376              		@ link register save eliminated.
1665:Core/Src/vl53l1_api_core.c **** 
1666:Core/Src/vl53l1_api_core.c **** 	/*
1667:Core/Src/vl53l1_api_core.c **** 	 * Gets the Sigma Threshold value for Lite Mode
1668:Core/Src/vl53l1_api_core.c **** 	 *
1669:Core/Src/vl53l1_api_core.c **** 	 * (fixed point 14.2)
1670:Core/Src/vl53l1_api_core.c **** 	 */
1671:Core/Src/vl53l1_api_core.c **** 
1672:Core/Src/vl53l1_api_core.c **** 	VL53L1_Error  status = VL53L1_ERROR_NONE;
 2377              		.loc 1 1672 2 view .LVU757
1673:Core/Src/vl53l1_api_core.c **** 
1674:Core/Src/vl53l1_api_core.c **** 	VL53L1_LLDriverData_t *pdev = VL53L1DevStructGetLLDriverHandle(Dev);
 2378              		.loc 1 1674 2 view .LVU758
1675:Core/Src/vl53l1_api_core.c **** 
1676:Core/Src/vl53l1_api_core.c **** 	LOG_FUNCTION_START("");
 2379              		.loc 1 1676 24 view .LVU759
1677:Core/Src/vl53l1_api_core.c **** 
1678:Core/Src/vl53l1_api_core.c **** 	*plite_sigma =
 2380              		.loc 1 1678 2 view .LVU760
1679:Core/Src/vl53l1_api_core.c **** 			pdev->tim_cfg.range_config__sigma_thresh;
 2381              		.loc 1 1679 17 is_stmt 0 view .LVU761
 2382 0000 B0F8A631 		ldrh	r3, [r0, #422]
1678:Core/Src/vl53l1_api_core.c **** 			pdev->tim_cfg.range_config__sigma_thresh;
 2383              		.loc 1 1678 15 view .LVU762
 2384 0004 0B80     		strh	r3, [r1]	@ movhi
1680:Core/Src/vl53l1_api_core.c **** 
1681:Core/Src/vl53l1_api_core.c **** 	LOG_FUNCTION_END(status);
 2385              		.loc 1 1681 26 is_stmt 1 view .LVU763
1682:Core/Src/vl53l1_api_core.c **** 
1683:Core/Src/vl53l1_api_core.c **** 	return status;
 2386              		.loc 1 1683 2 view .LVU764
1684:Core/Src/vl53l1_api_core.c **** 
1685:Core/Src/vl53l1_api_core.c **** }
 2387              		.loc 1 1685 1 is_stmt 0 view .LVU765
 2388 0006 0020     		movs	r0, #0
 2389              	.LVL221:
 2390              		.loc 1 1685 1 view .LVU766
 2391 0008 7047     		bx	lr
 2392              		.cfi_endproc
 2393              	.LFE33:
 2395              		.section	.text.VL53L1_set_lite_sigma_threshold,"ax",%progbits
 2396              		.align	1
ARM GAS  C:\Users\Lenovo\AppData\Local\Temp\ccZ6paZS.s 			page 75


 2397              		.global	VL53L1_set_lite_sigma_threshold
 2398              		.syntax unified
 2399              		.thumb
 2400              		.thumb_func
 2402              	VL53L1_set_lite_sigma_threshold:
 2403              	.LVL222:
 2404              	.LFB34:
1686:Core/Src/vl53l1_api_core.c **** 
1687:Core/Src/vl53l1_api_core.c **** VL53L1_Error VL53L1_set_lite_sigma_threshold(
1688:Core/Src/vl53l1_api_core.c **** 	VL53L1_DEV                          Dev,
1689:Core/Src/vl53l1_api_core.c **** 	uint16_t                           lite_sigma)
1690:Core/Src/vl53l1_api_core.c **** {
 2405              		.loc 1 1690 1 is_stmt 1 view -0
 2406              		.cfi_startproc
 2407              		@ args = 0, pretend = 0, frame = 0
 2408              		@ frame_needed = 0, uses_anonymous_args = 0
 2409              		@ link register save eliminated.
1691:Core/Src/vl53l1_api_core.c **** 
1692:Core/Src/vl53l1_api_core.c **** 	/*
1693:Core/Src/vl53l1_api_core.c **** 	 * Sets the Sigma threshold value for Lite mode
1694:Core/Src/vl53l1_api_core.c **** 	 *
1695:Core/Src/vl53l1_api_core.c **** 	 * (fixed point 14.2)
1696:Core/Src/vl53l1_api_core.c **** 	 */
1697:Core/Src/vl53l1_api_core.c **** 
1698:Core/Src/vl53l1_api_core.c **** 	VL53L1_Error  status = VL53L1_ERROR_NONE;
 2410              		.loc 1 1698 2 view .LVU768
1699:Core/Src/vl53l1_api_core.c **** 
1700:Core/Src/vl53l1_api_core.c **** 	VL53L1_LLDriverData_t *pdev = VL53L1DevStructGetLLDriverHandle(Dev);
 2411              		.loc 1 1700 2 view .LVU769
1701:Core/Src/vl53l1_api_core.c **** 
1702:Core/Src/vl53l1_api_core.c **** 	LOG_FUNCTION_START("");
 2412              		.loc 1 1702 24 view .LVU770
1703:Core/Src/vl53l1_api_core.c **** 
1704:Core/Src/vl53l1_api_core.c **** 	pdev->tim_cfg.range_config__sigma_thresh = lite_sigma;
 2413              		.loc 1 1704 2 view .LVU771
 2414              		.loc 1 1704 43 is_stmt 0 view .LVU772
 2415 0000 A0F8A611 		strh	r1, [r0, #422]	@ movhi
1705:Core/Src/vl53l1_api_core.c **** 
1706:Core/Src/vl53l1_api_core.c **** 	LOG_FUNCTION_END(status);
 2416              		.loc 1 1706 26 is_stmt 1 view .LVU773
1707:Core/Src/vl53l1_api_core.c **** 
1708:Core/Src/vl53l1_api_core.c **** 	return status;
 2417              		.loc 1 1708 2 view .LVU774
1709:Core/Src/vl53l1_api_core.c **** 
1710:Core/Src/vl53l1_api_core.c **** }
 2418              		.loc 1 1710 1 is_stmt 0 view .LVU775
 2419 0004 0020     		movs	r0, #0
 2420              	.LVL223:
 2421              		.loc 1 1710 1 view .LVU776
 2422 0006 7047     		bx	lr
 2423              		.cfi_endproc
 2424              	.LFE34:
 2426              		.section	.text.VL53L1_get_lite_min_count_rate,"ax",%progbits
 2427              		.align	1
 2428              		.global	VL53L1_get_lite_min_count_rate
 2429              		.syntax unified
 2430              		.thumb
ARM GAS  C:\Users\Lenovo\AppData\Local\Temp\ccZ6paZS.s 			page 76


 2431              		.thumb_func
 2433              	VL53L1_get_lite_min_count_rate:
 2434              	.LVL224:
 2435              	.LFB35:
1711:Core/Src/vl53l1_api_core.c **** 
1712:Core/Src/vl53l1_api_core.c **** VL53L1_Error VL53L1_get_lite_min_count_rate(
1713:Core/Src/vl53l1_api_core.c **** 	VL53L1_DEV                          Dev,
1714:Core/Src/vl53l1_api_core.c **** 	uint16_t                           *plite_mincountrate)
1715:Core/Src/vl53l1_api_core.c **** {
 2436              		.loc 1 1715 1 is_stmt 1 view -0
 2437              		.cfi_startproc
 2438              		@ args = 0, pretend = 0, frame = 0
 2439              		@ frame_needed = 0, uses_anonymous_args = 0
 2440              		@ link register save eliminated.
1716:Core/Src/vl53l1_api_core.c **** 
1717:Core/Src/vl53l1_api_core.c **** 	/*
1718:Core/Src/vl53l1_api_core.c **** 	 * Gets the Min Count Rate value for Lite Mode
1719:Core/Src/vl53l1_api_core.c **** 	 *
1720:Core/Src/vl53l1_api_core.c **** 	 * (fixed point 9.7 Mcps)
1721:Core/Src/vl53l1_api_core.c **** 	 */
1722:Core/Src/vl53l1_api_core.c **** 
1723:Core/Src/vl53l1_api_core.c **** 	VL53L1_Error  status = VL53L1_ERROR_NONE;
 2441              		.loc 1 1723 2 view .LVU778
1724:Core/Src/vl53l1_api_core.c **** 
1725:Core/Src/vl53l1_api_core.c **** 	VL53L1_LLDriverData_t *pdev = VL53L1DevStructGetLLDriverHandle(Dev);
 2442              		.loc 1 1725 2 view .LVU779
1726:Core/Src/vl53l1_api_core.c **** 
1727:Core/Src/vl53l1_api_core.c **** 	LOG_FUNCTION_START("");
 2443              		.loc 1 1727 24 view .LVU780
1728:Core/Src/vl53l1_api_core.c **** 
1729:Core/Src/vl53l1_api_core.c **** 	*plite_mincountrate =
 2444              		.loc 1 1729 2 view .LVU781
1730:Core/Src/vl53l1_api_core.c **** 			pdev->tim_cfg.range_config__min_count_rate_rtn_limit_mcps;
 2445              		.loc 1 1730 17 is_stmt 0 view .LVU782
 2446 0000 B0F8A831 		ldrh	r3, [r0, #424]
1729:Core/Src/vl53l1_api_core.c **** 			pdev->tim_cfg.range_config__min_count_rate_rtn_limit_mcps;
 2447              		.loc 1 1729 22 view .LVU783
 2448 0004 0B80     		strh	r3, [r1]	@ movhi
1731:Core/Src/vl53l1_api_core.c **** 
1732:Core/Src/vl53l1_api_core.c **** 	LOG_FUNCTION_END(status);
 2449              		.loc 1 1732 26 is_stmt 1 view .LVU784
1733:Core/Src/vl53l1_api_core.c **** 
1734:Core/Src/vl53l1_api_core.c **** 	return status;
 2450              		.loc 1 1734 2 view .LVU785
1735:Core/Src/vl53l1_api_core.c **** 
1736:Core/Src/vl53l1_api_core.c **** }
 2451              		.loc 1 1736 1 is_stmt 0 view .LVU786
 2452 0006 0020     		movs	r0, #0
 2453              	.LVL225:
 2454              		.loc 1 1736 1 view .LVU787
 2455 0008 7047     		bx	lr
 2456              		.cfi_endproc
 2457              	.LFE35:
 2459              		.section	.text.VL53L1_set_lite_min_count_rate,"ax",%progbits
 2460              		.align	1
 2461              		.global	VL53L1_set_lite_min_count_rate
 2462              		.syntax unified
ARM GAS  C:\Users\Lenovo\AppData\Local\Temp\ccZ6paZS.s 			page 77


 2463              		.thumb
 2464              		.thumb_func
 2466              	VL53L1_set_lite_min_count_rate:
 2467              	.LVL226:
 2468              	.LFB36:
1737:Core/Src/vl53l1_api_core.c **** 
1738:Core/Src/vl53l1_api_core.c **** VL53L1_Error VL53L1_set_lite_min_count_rate(
1739:Core/Src/vl53l1_api_core.c **** 	VL53L1_DEV                          Dev,
1740:Core/Src/vl53l1_api_core.c **** 	uint16_t                            lite_mincountrate)
1741:Core/Src/vl53l1_api_core.c **** {
 2469              		.loc 1 1741 1 is_stmt 1 view -0
 2470              		.cfi_startproc
 2471              		@ args = 0, pretend = 0, frame = 0
 2472              		@ frame_needed = 0, uses_anonymous_args = 0
 2473              		@ link register save eliminated.
1742:Core/Src/vl53l1_api_core.c **** 
1743:Core/Src/vl53l1_api_core.c **** 	/*
1744:Core/Src/vl53l1_api_core.c **** 	 * Sets the Min COunt Rate value for Lite mode
1745:Core/Src/vl53l1_api_core.c **** 	 *
1746:Core/Src/vl53l1_api_core.c **** 	 * (fixed point 19.7Mcps)
1747:Core/Src/vl53l1_api_core.c **** 	 */
1748:Core/Src/vl53l1_api_core.c **** 
1749:Core/Src/vl53l1_api_core.c **** 	VL53L1_Error  status = VL53L1_ERROR_NONE;
 2474              		.loc 1 1749 2 view .LVU789
1750:Core/Src/vl53l1_api_core.c **** 
1751:Core/Src/vl53l1_api_core.c **** 	VL53L1_LLDriverData_t *pdev = VL53L1DevStructGetLLDriverHandle(Dev);
 2475              		.loc 1 1751 2 view .LVU790
1752:Core/Src/vl53l1_api_core.c **** 
1753:Core/Src/vl53l1_api_core.c **** 	LOG_FUNCTION_START("");
 2476              		.loc 1 1753 24 view .LVU791
1754:Core/Src/vl53l1_api_core.c **** 
1755:Core/Src/vl53l1_api_core.c **** 	pdev->tim_cfg.range_config__min_count_rate_rtn_limit_mcps =
 2477              		.loc 1 1755 2 view .LVU792
 2478              		.loc 1 1755 60 is_stmt 0 view .LVU793
 2479 0000 A0F8A811 		strh	r1, [r0, #424]	@ movhi
1756:Core/Src/vl53l1_api_core.c **** 		lite_mincountrate;
1757:Core/Src/vl53l1_api_core.c **** 
1758:Core/Src/vl53l1_api_core.c **** 	LOG_FUNCTION_END(status);
 2480              		.loc 1 1758 26 is_stmt 1 view .LVU794
1759:Core/Src/vl53l1_api_core.c **** 
1760:Core/Src/vl53l1_api_core.c **** 	return status;
 2481              		.loc 1 1760 2 view .LVU795
1761:Core/Src/vl53l1_api_core.c **** 
1762:Core/Src/vl53l1_api_core.c **** }
 2482              		.loc 1 1762 1 is_stmt 0 view .LVU796
 2483 0004 0020     		movs	r0, #0
 2484              	.LVL227:
 2485              		.loc 1 1762 1 view .LVU797
 2486 0006 7047     		bx	lr
 2487              		.cfi_endproc
 2488              	.LFE36:
 2490              		.section	.text.VL53L1_get_vhv_loopbound,"ax",%progbits
 2491              		.align	1
 2492              		.global	VL53L1_get_vhv_loopbound
 2493              		.syntax unified
 2494              		.thumb
 2495              		.thumb_func
ARM GAS  C:\Users\Lenovo\AppData\Local\Temp\ccZ6paZS.s 			page 78


 2497              	VL53L1_get_vhv_loopbound:
 2498              	.LVL228:
 2499              	.LFB37:
1763:Core/Src/vl53l1_api_core.c **** 
1764:Core/Src/vl53l1_api_core.c **** VL53L1_Error VL53L1_get_vhv_loopbound(
1765:Core/Src/vl53l1_api_core.c **** 	VL53L1_DEV                   Dev,
1766:Core/Src/vl53l1_api_core.c **** 	uint8_t                     *pvhv_loopbound)
1767:Core/Src/vl53l1_api_core.c **** {
 2500              		.loc 1 1767 1 is_stmt 1 view -0
 2501              		.cfi_startproc
 2502              		@ args = 0, pretend = 0, frame = 0
 2503              		@ frame_needed = 0, uses_anonymous_args = 0
 2504              		@ link register save eliminated.
1768:Core/Src/vl53l1_api_core.c **** 
1769:Core/Src/vl53l1_api_core.c **** 	/*
1770:Core/Src/vl53l1_api_core.c **** 	 * Gets the VHV Loop bound parm
1771:Core/Src/vl53l1_api_core.c **** 	 * - extracts only bits 7:2 from internal stat nvm parm
1772:Core/Src/vl53l1_api_core.c **** 	 */
1773:Core/Src/vl53l1_api_core.c **** 
1774:Core/Src/vl53l1_api_core.c **** 	VL53L1_Error  status = VL53L1_ERROR_NONE;
 2505              		.loc 1 1774 2 view .LVU799
1775:Core/Src/vl53l1_api_core.c **** 
1776:Core/Src/vl53l1_api_core.c **** 	VL53L1_LLDriverData_t *pdev = VL53L1DevStructGetLLDriverHandle(Dev);
 2506              		.loc 1 1776 2 view .LVU800
1777:Core/Src/vl53l1_api_core.c **** 
1778:Core/Src/vl53l1_api_core.c **** 	LOG_FUNCTION_START("");
 2507              		.loc 1 1778 24 view .LVU801
1779:Core/Src/vl53l1_api_core.c **** 
1780:Core/Src/vl53l1_api_core.c **** 	*pvhv_loopbound = pdev->stat_nvm.vhv_config__timeout_macrop_loop_bound / 4 ;
 2508              		.loc 1 1780 2 view .LVU802
 2509              		.loc 1 1780 34 is_stmt 0 view .LVU803
 2510 0000 90F86031 		ldrb	r3, [r0, #352]	@ zero_extendqisi2
 2511              		.loc 1 1780 18 view .LVU804
 2512 0004 9B08     		lsrs	r3, r3, #2
 2513 0006 0B70     		strb	r3, [r1]
1781:Core/Src/vl53l1_api_core.c **** 
1782:Core/Src/vl53l1_api_core.c **** 	LOG_FUNCTION_END(status);
 2514              		.loc 1 1782 26 is_stmt 1 view .LVU805
1783:Core/Src/vl53l1_api_core.c **** 
1784:Core/Src/vl53l1_api_core.c **** 	return status;
 2515              		.loc 1 1784 2 view .LVU806
1785:Core/Src/vl53l1_api_core.c **** 
1786:Core/Src/vl53l1_api_core.c **** }
 2516              		.loc 1 1786 1 is_stmt 0 view .LVU807
 2517 0008 0020     		movs	r0, #0
 2518              	.LVL229:
 2519              		.loc 1 1786 1 view .LVU808
 2520 000a 7047     		bx	lr
 2521              		.cfi_endproc
 2522              	.LFE37:
 2524              		.section	.text.VL53L1_set_vhv_loopbound,"ax",%progbits
 2525              		.align	1
 2526              		.global	VL53L1_set_vhv_loopbound
 2527              		.syntax unified
 2528              		.thumb
 2529              		.thumb_func
 2531              	VL53L1_set_vhv_loopbound:
ARM GAS  C:\Users\Lenovo\AppData\Local\Temp\ccZ6paZS.s 			page 79


 2532              	.LVL230:
 2533              	.LFB38:
1787:Core/Src/vl53l1_api_core.c **** 
1788:Core/Src/vl53l1_api_core.c **** 
1789:Core/Src/vl53l1_api_core.c **** 
1790:Core/Src/vl53l1_api_core.c **** VL53L1_Error VL53L1_set_vhv_loopbound(
1791:Core/Src/vl53l1_api_core.c **** 	VL53L1_DEV                   Dev,
1792:Core/Src/vl53l1_api_core.c **** 	uint8_t                      vhv_loopbound)
1793:Core/Src/vl53l1_api_core.c **** {
 2534              		.loc 1 1793 1 is_stmt 1 view -0
 2535              		.cfi_startproc
 2536              		@ args = 0, pretend = 0, frame = 0
 2537              		@ frame_needed = 0, uses_anonymous_args = 0
 2538              		@ link register save eliminated.
1794:Core/Src/vl53l1_api_core.c **** 
1795:Core/Src/vl53l1_api_core.c **** 	/*
1796:Core/Src/vl53l1_api_core.c **** 	 * Sets the VHV Loop bound parm
1797:Core/Src/vl53l1_api_core.c **** 	 * - sets only bits 7:2
1798:Core/Src/vl53l1_api_core.c **** 	 * - bits 1:0 remain unchanged
1799:Core/Src/vl53l1_api_core.c **** 	 * - ensure that any change here is followed by a
1800:Core/Src/vl53l1_api_core.c **** 	 * init_and_start_range with full i2c packet
1801:Core/Src/vl53l1_api_core.c **** 	 * configuration.
1802:Core/Src/vl53l1_api_core.c **** 	 */
1803:Core/Src/vl53l1_api_core.c **** 
1804:Core/Src/vl53l1_api_core.c **** 	VL53L1_Error  status = VL53L1_ERROR_NONE;
 2539              		.loc 1 1804 2 view .LVU810
1805:Core/Src/vl53l1_api_core.c **** 
1806:Core/Src/vl53l1_api_core.c **** 	VL53L1_LLDriverData_t *pdev = VL53L1DevStructGetLLDriverHandle(Dev);
 2540              		.loc 1 1806 2 view .LVU811
1807:Core/Src/vl53l1_api_core.c **** 
1808:Core/Src/vl53l1_api_core.c **** 	LOG_FUNCTION_START("");
 2541              		.loc 1 1808 24 view .LVU812
1809:Core/Src/vl53l1_api_core.c **** 
1810:Core/Src/vl53l1_api_core.c **** 	pdev->stat_nvm.vhv_config__timeout_macrop_loop_bound =
 2542              		.loc 1 1810 2 view .LVU813
1811:Core/Src/vl53l1_api_core.c **** 			(pdev->stat_nvm.vhv_config__timeout_macrop_loop_bound & 0x03) +
 2543              		.loc 1 1811 19 is_stmt 0 view .LVU814
 2544 0000 90F86031 		ldrb	r3, [r0, #352]	@ zero_extendqisi2
 2545              		.loc 1 1811 58 view .LVU815
 2546 0004 03F00303 		and	r3, r3, #3
 2547              		.loc 1 1811 66 view .LVU816
 2548 0008 03EB8103 		add	r3, r3, r1, lsl #2
1810:Core/Src/vl53l1_api_core.c **** 			(pdev->stat_nvm.vhv_config__timeout_macrop_loop_bound & 0x03) +
 2549              		.loc 1 1810 55 view .LVU817
 2550 000c 80F86031 		strb	r3, [r0, #352]
1812:Core/Src/vl53l1_api_core.c **** 			(vhv_loopbound * 4);
1813:Core/Src/vl53l1_api_core.c **** 
1814:Core/Src/vl53l1_api_core.c **** 	LOG_FUNCTION_END(status);
 2551              		.loc 1 1814 26 is_stmt 1 view .LVU818
1815:Core/Src/vl53l1_api_core.c **** 
1816:Core/Src/vl53l1_api_core.c **** 	return status;
 2552              		.loc 1 1816 2 view .LVU819
1817:Core/Src/vl53l1_api_core.c **** 
1818:Core/Src/vl53l1_api_core.c **** }
 2553              		.loc 1 1818 1 is_stmt 0 view .LVU820
 2554 0010 0020     		movs	r0, #0
 2555              	.LVL231:
ARM GAS  C:\Users\Lenovo\AppData\Local\Temp\ccZ6paZS.s 			page 80


 2556              		.loc 1 1818 1 view .LVU821
 2557 0012 7047     		bx	lr
 2558              		.cfi_endproc
 2559              	.LFE38:
 2561              		.section	.text.VL53L1_data_init,"ax",%progbits
 2562              		.align	1
 2563              		.global	VL53L1_data_init
 2564              		.syntax unified
 2565              		.thumb
 2566              		.thumb_func
 2568              	VL53L1_data_init:
 2569              	.LVL232:
 2570              	.LFB3:
 155:Core/Src/vl53l1_api_core.c **** 	/*
 2571              		.loc 1 155 1 is_stmt 1 view -0
 2572              		.cfi_startproc
 2573              		@ args = 0, pretend = 0, frame = 0
 2574              		@ frame_needed = 0, uses_anonymous_args = 0
 155:Core/Src/vl53l1_api_core.c **** 	/*
 2575              		.loc 1 155 1 is_stmt 0 view .LVU823
 2576 0000 30B5     		push	{r4, r5, lr}
 2577              	.LCFI20:
 2578              		.cfi_def_cfa_offset 12
 2579              		.cfi_offset 4, -12
 2580              		.cfi_offset 5, -8
 2581              		.cfi_offset 14, -4
 2582 0002 85B0     		sub	sp, sp, #20
 2583              	.LCFI21:
 2584              		.cfi_def_cfa_offset 32
 2585 0004 0446     		mov	r4, r0
 2586 0006 0D46     		mov	r5, r1
 160:Core/Src/vl53l1_api_core.c **** 	VL53L1_LLDriverData_t    *pdev =
 2587              		.loc 1 160 2 is_stmt 1 view .LVU824
 2588              	.LVL233:
 161:Core/Src/vl53l1_api_core.c **** 			VL53L1DevStructGetLLDriverHandle(Dev);
 2589              		.loc 1 161 2 view .LVU825
 164:Core/Src/vl53l1_api_core.c **** 			Dev,
 2590              		.loc 1 164 2 view .LVU826
 2591 0008 6221     		movs	r1, #98
 2592              	.LVL234:
 164:Core/Src/vl53l1_api_core.c **** 			Dev,
 2593              		.loc 1 164 2 is_stmt 0 view .LVU827
 2594 000a FFF7FEFF 		bl	VL53L1_init_ll_driver_state
 2595              	.LVL235:
 168:Core/Src/vl53l1_api_core.c **** 	pdev->preset_mode             = VL53L1_DEVICEPRESETMODE_STANDARD_RANGING;
 2596              		.loc 1 168 2 is_stmt 1 view .LVU828
 168:Core/Src/vl53l1_api_core.c **** 	pdev->preset_mode             = VL53L1_DEVICEPRESETMODE_STANDARD_RANGING;
 2597              		.loc 1 168 32 is_stmt 0 view .LVU829
 2598 000e 0023     		movs	r3, #0
 2599 0010 2370     		strb	r3, [r4]
 169:Core/Src/vl53l1_api_core.c **** 	pdev->measurement_mode        = VL53L1_DEVICEMEASUREMENTMODE_STOP;
 2600              		.loc 1 169 2 is_stmt 1 view .LVU830
 169:Core/Src/vl53l1_api_core.c **** 	pdev->measurement_mode        = VL53L1_DEVICEMEASUREMENTMODE_STOP;
 2601              		.loc 1 169 32 is_stmt 0 view .LVU831
 2602 0012 0122     		movs	r2, #1
 2603 0014 6270     		strb	r2, [r4, #1]
 170:Core/Src/vl53l1_api_core.c **** 
ARM GAS  C:\Users\Lenovo\AppData\Local\Temp\ccZ6paZS.s 			page 81


 2604              		.loc 1 170 2 is_stmt 1 view .LVU832
 170:Core/Src/vl53l1_api_core.c **** 
 2605              		.loc 1 170 32 is_stmt 0 view .LVU833
 2606 0016 A370     		strb	r3, [r4, #2]
 172:Core/Src/vl53l1_api_core.c **** 		VL53L1_OFFSETCALIBRATIONMODE__MM1_MM2__STANDARD;
 2607              		.loc 1 172 2 is_stmt 1 view .LVU834
 172:Core/Src/vl53l1_api_core.c **** 		VL53L1_OFFSETCALIBRATIONMODE__MM1_MM2__STANDARD;
 2608              		.loc 1 172 32 is_stmt 0 view .LVU835
 2609 0018 E270     		strb	r2, [r4, #3]
 174:Core/Src/vl53l1_api_core.c **** 		VL53L1_OFFSETCORRECTIONMODE__MM1_MM2_OFFSETS;
 2610              		.loc 1 174 2 is_stmt 1 view .LVU836
 174:Core/Src/vl53l1_api_core.c **** 		VL53L1_OFFSETCORRECTIONMODE__MM1_MM2_OFFSETS;
 2611              		.loc 1 174 32 is_stmt 0 view .LVU837
 2612 001a 2271     		strb	r2, [r4, #4]
 177:Core/Src/vl53l1_api_core.c **** 	pdev->mm_config_timeout_us        =  2000;
 2613              		.loc 1 177 2 is_stmt 1 view .LVU838
 177:Core/Src/vl53l1_api_core.c **** 	pdev->mm_config_timeout_us        =  2000;
 2614              		.loc 1 177 36 is_stmt 0 view .LVU839
 2615 001c 4FF47A72 		mov	r2, #1000
 2616 0020 A260     		str	r2, [r4, #8]
 178:Core/Src/vl53l1_api_core.c **** 	pdev->range_config_timeout_us     = 13000;
 2617              		.loc 1 178 2 is_stmt 1 view .LVU840
 178:Core/Src/vl53l1_api_core.c **** 	pdev->range_config_timeout_us     = 13000;
 2618              		.loc 1 178 36 is_stmt 0 view .LVU841
 2619 0022 4FF4FA62 		mov	r2, #2000
 2620 0026 E260     		str	r2, [r4, #12]
 179:Core/Src/vl53l1_api_core.c **** 	pdev->inter_measurement_period_ms =   100;
 2621              		.loc 1 179 2 is_stmt 1 view .LVU842
 179:Core/Src/vl53l1_api_core.c **** 	pdev->inter_measurement_period_ms =   100;
 2622              		.loc 1 179 36 is_stmt 0 view .LVU843
 2623 0028 43F2C822 		movw	r2, #13000
 2624 002c 2261     		str	r2, [r4, #16]
 180:Core/Src/vl53l1_api_core.c **** 	pdev->dss_config__target_total_rate_mcps = 0x0A00;
 2625              		.loc 1 180 2 is_stmt 1 view .LVU844
 180:Core/Src/vl53l1_api_core.c **** 	pdev->dss_config__target_total_rate_mcps = 0x0A00;
 2626              		.loc 1 180 36 is_stmt 0 view .LVU845
 2627 002e 6422     		movs	r2, #100
 2628 0030 6261     		str	r2, [r4, #20]
 181:Core/Src/vl53l1_api_core.c **** 	pdev->debug_mode                  =  0x00;
 2629              		.loc 1 181 2 is_stmt 1 view .LVU846
 181:Core/Src/vl53l1_api_core.c **** 	pdev->debug_mode                  =  0x00;
 2630              		.loc 1 181 43 is_stmt 0 view .LVU847
 2631 0032 4FF42062 		mov	r2, #2560
 2632 0036 2283     		strh	r2, [r4, #24]	@ movhi
 182:Core/Src/vl53l1_api_core.c **** 
 2633              		.loc 1 182 2 is_stmt 1 view .LVU848
 182:Core/Src/vl53l1_api_core.c **** 
 2634              		.loc 1 182 36 is_stmt 0 view .LVU849
 2635 0038 84F82130 		strb	r3, [r4, #33]
 186:Core/Src/vl53l1_api_core.c **** 			VL53L1_TUNINGPARM_LITE_RANGING_GAIN_FACTOR_DEFAULT;
 2636              		.loc 1 186 2 is_stmt 1 view .LVU850
 186:Core/Src/vl53l1_api_core.c **** 			VL53L1_TUNINGPARM_LITE_RANGING_GAIN_FACTOR_DEFAULT;
 2637              		.loc 1 186 46 is_stmt 0 view .LVU851
 2638 003c 40F2DB73 		movw	r3, #2011
 2639 0040 A4F89C30 		strh	r3, [r4, #156]	@ movhi
 192:Core/Src/vl53l1_api_core.c **** 
 2640              		.loc 1 192 2 is_stmt 1 view .LVU852
ARM GAS  C:\Users\Lenovo\AppData\Local\Temp\ccZ6paZS.s 			page 82


 2641 0044 2046     		mov	r0, r4
 2642 0046 FFF7FEFF 		bl	VL53L1_init_version
 2643              	.LVL236:
 202:Core/Src/vl53l1_api_core.c **** 			status = VL53L1_read_p2p_data(Dev);
 2644              		.loc 1 202 2 view .LVU853
 202:Core/Src/vl53l1_api_core.c **** 			status = VL53L1_read_p2p_data(Dev);
 2645              		.loc 1 202 5 is_stmt 0 view .LVU854
 2646 004a 0DBB     		cbnz	r5, .L130
 2647              	.LVL237:
 2648              	.L127:
 207:Core/Src/vl53l1_api_core.c **** 		VL53L1_init_refspadchar_config_struct(
 2649              		.loc 1 207 2 is_stmt 1 view .LVU855
 208:Core/Src/vl53l1_api_core.c **** 			&(pdev->refspadchar));
 2650              		.loc 1 208 3 is_stmt 0 view .LVU856
 2651 004c 04F58870 		add	r0, r4, #272
 2652 0050 FFF7FEFF 		bl	VL53L1_init_refspadchar_config_struct
 2653              	.LVL238:
 214:Core/Src/vl53l1_api_core.c **** 		VL53L1_init_ssc_config_struct(
 2654              		.loc 1 214 2 is_stmt 1 view .LVU857
 215:Core/Src/vl53l1_api_core.c **** 			&(pdev->ssc_cfg));
 2655              		.loc 1 215 3 is_stmt 0 view .LVU858
 2656 0054 04F59070 		add	r0, r4, #288
 2657 0058 FFF7FEFF 		bl	VL53L1_init_ssc_config_struct
 2658              	.LVL239:
 222:Core/Src/vl53l1_api_core.c **** 		VL53L1_init_xtalk_config_struct(
 2659              		.loc 1 222 2 is_stmt 1 view .LVU859
 223:Core/Src/vl53l1_api_core.c **** 			&(pdev->customer),
 2660              		.loc 1 223 3 is_stmt 0 view .LVU860
 2661 005c 04F59671 		add	r1, r4, #300
 2662 0060 04F14200 		add	r0, r4, #66
 2663 0064 FFF7FEFF 		bl	VL53L1_init_xtalk_config_struct
 2664              	.LVL240:
 230:Core/Src/vl53l1_api_core.c **** 		VL53L1_init_offset_cal_config_struct(
 2665              		.loc 1 230 2 is_stmt 1 view .LVU861
 231:Core/Src/vl53l1_api_core.c **** 		    &(pdev->offsetcal_cfg));
 2666              		.loc 1 231 3 is_stmt 0 view .LVU862
 2667 0068 04F5A270 		add	r0, r4, #324
 2668 006c FFF7FEFF 		bl	VL53L1_init_offset_cal_config_struct
 2669              	.LVL241:
 238:Core/Src/vl53l1_api_core.c **** 		VL53L1_init_tuning_parm_storage_struct(
 2670              		.loc 1 238 2 is_stmt 1 view .LVU863
 239:Core/Src/vl53l1_api_core.c **** 			&(pdev->tuning_parms));
 2671              		.loc 1 239 3 is_stmt 0 view .LVU864
 2672 0070 04F1A400 		add	r0, r4, #164
 2673 0074 FFF7FEFF 		bl	VL53L1_init_tuning_parm_storage_struct
 2674              	.LVL242:
 242:Core/Src/vl53l1_api_core.c **** 		VL53L1_TUNINGPARM_VHV_LOOPBOUND_DEFAULT);
 2675              		.loc 1 242 2 is_stmt 1 view .LVU865
 242:Core/Src/vl53l1_api_core.c **** 		VL53L1_TUNINGPARM_VHV_LOOPBOUND_DEFAULT);
 2676              		.loc 1 242 11 is_stmt 0 view .LVU866
 2677 0078 2021     		movs	r1, #32
 2678 007a 2046     		mov	r0, r4
 2679 007c FFF7FEFF 		bl	VL53L1_set_vhv_loopbound
 2680              	.LVL243:
 250:Core/Src/vl53l1_api_core.c **** 		status = VL53L1_set_preset_mode(
 2681              		.loc 1 250 2 is_stmt 1 view .LVU867
 250:Core/Src/vl53l1_api_core.c **** 		status = VL53L1_set_preset_mode(
ARM GAS  C:\Users\Lenovo\AppData\Local\Temp\ccZ6paZS.s 			page 83


 2682              		.loc 1 250 5 is_stmt 0 view .LVU868
 2683 0080 0546     		mov	r5, r0
 2684 0082 48B1     		cbz	r0, .L131
 2685              	.LVL244:
 2686              	.L128:
 262:Core/Src/vl53l1_api_core.c **** 			Dev
 2687              		.loc 1 262 2 is_stmt 1 view .LVU869
 2688 0084 2046     		mov	r0, r4
 2689 0086 FFF7FEFF 		bl	VL53L1_low_power_auto_data_init
 2690              	.LVL245:
 307:Core/Src/vl53l1_api_core.c **** 
 2691              		.loc 1 307 26 view .LVU870
 309:Core/Src/vl53l1_api_core.c **** }
 2692              		.loc 1 309 2 view .LVU871
 310:Core/Src/vl53l1_api_core.c **** 
 2693              		.loc 1 310 1 is_stmt 0 view .LVU872
 2694 008a 2846     		mov	r0, r5
 2695 008c 05B0     		add	sp, sp, #20
 2696              	.LCFI22:
 2697              		.cfi_remember_state
 2698              		.cfi_def_cfa_offset 12
 2699              		@ sp needed
 2700 008e 30BD     		pop	{r4, r5, pc}
 2701              	.LVL246:
 2702              	.L130:
 2703              	.LCFI23:
 2704              		.cfi_restore_state
 203:Core/Src/vl53l1_api_core.c **** 
 2705              		.loc 1 203 4 is_stmt 1 view .LVU873
 203:Core/Src/vl53l1_api_core.c **** 
 2706              		.loc 1 203 13 is_stmt 0 view .LVU874
 2707 0090 2046     		mov	r0, r4
 2708 0092 FFF7FEFF 		bl	VL53L1_read_p2p_data
 2709              	.LVL247:
 203:Core/Src/vl53l1_api_core.c **** 
 2710              		.loc 1 203 13 view .LVU875
 2711 0096 D9E7     		b	.L127
 2712              	.LVL248:
 2713              	.L131:
 251:Core/Src/vl53l1_api_core.c **** 						Dev,
 2714              		.loc 1 251 3 is_stmt 1 view .LVU876
 251:Core/Src/vl53l1_api_core.c **** 						Dev,
 2715              		.loc 1 251 12 is_stmt 0 view .LVU877
 2716 0098 6369     		ldr	r3, [r4, #20]
 2717 009a 0293     		str	r3, [sp, #8]
 2718 009c 2369     		ldr	r3, [r4, #16]
 2719 009e 0193     		str	r3, [sp, #4]
 2720 00a0 E368     		ldr	r3, [r4, #12]
 2721 00a2 0093     		str	r3, [sp]
 2722 00a4 A368     		ldr	r3, [r4, #8]
 2723 00a6 228B     		ldrh	r2, [r4, #24]
 2724 00a8 6178     		ldrb	r1, [r4, #1]	@ zero_extendqisi2
 2725 00aa 2046     		mov	r0, r4
 2726              	.LVL249:
 251:Core/Src/vl53l1_api_core.c **** 						Dev,
 2727              		.loc 1 251 12 view .LVU878
 2728 00ac FFF7FEFF 		bl	VL53L1_set_preset_mode
ARM GAS  C:\Users\Lenovo\AppData\Local\Temp\ccZ6paZS.s 			page 84


 2729              	.LVL250:
 2730 00b0 0546     		mov	r5, r0
 2731              	.LVL251:
 251:Core/Src/vl53l1_api_core.c **** 						Dev,
 2732              		.loc 1 251 12 view .LVU879
 2733 00b2 E7E7     		b	.L128
 2734              		.cfi_endproc
 2735              	.LFE3:
 2737              		.section	.text.VL53L1_get_vhv_config,"ax",%progbits
 2738              		.align	1
 2739              		.global	VL53L1_get_vhv_config
 2740              		.syntax unified
 2741              		.thumb
 2742              		.thumb_func
 2744              	VL53L1_get_vhv_config:
 2745              	.LVL252:
 2746              	.LFB39:
1819:Core/Src/vl53l1_api_core.c **** 
1820:Core/Src/vl53l1_api_core.c **** 
1821:Core/Src/vl53l1_api_core.c **** 
1822:Core/Src/vl53l1_api_core.c **** VL53L1_Error VL53L1_get_vhv_config(
1823:Core/Src/vl53l1_api_core.c **** 	VL53L1_DEV                   Dev,
1824:Core/Src/vl53l1_api_core.c **** 	uint8_t                     *pvhv_init_en,
1825:Core/Src/vl53l1_api_core.c **** 	uint8_t                     *pvhv_init_value)
1826:Core/Src/vl53l1_api_core.c **** {
 2747              		.loc 1 1826 1 is_stmt 1 view -0
 2748              		.cfi_startproc
 2749              		@ args = 0, pretend = 0, frame = 0
 2750              		@ frame_needed = 0, uses_anonymous_args = 0
 2751              		@ link register save eliminated.
1827:Core/Src/vl53l1_api_core.c **** 
1828:Core/Src/vl53l1_api_core.c **** 	/*
1829:Core/Src/vl53l1_api_core.c **** 	 * Gets the VHV config init data
1830:Core/Src/vl53l1_api_core.c **** 	 */
1831:Core/Src/vl53l1_api_core.c **** 
1832:Core/Src/vl53l1_api_core.c **** 	/*!<
1833:Core/Src/vl53l1_api_core.c **** 		info: \n
1834:Core/Src/vl53l1_api_core.c **** 			- msb =  7
1835:Core/Src/vl53l1_api_core.c **** 			- lsb =  0
1836:Core/Src/vl53l1_api_core.c **** 			- i2c_size =  1
1837:Core/Src/vl53l1_api_core.c **** 
1838:Core/Src/vl53l1_api_core.c **** 		fields: \n
1839:Core/Src/vl53l1_api_core.c **** 			-   [7] = vhv0_init_enable
1840:Core/Src/vl53l1_api_core.c **** 			- [5:0] = vhv0_init_value
1841:Core/Src/vl53l1_api_core.c **** 	*/
1842:Core/Src/vl53l1_api_core.c **** 
1843:Core/Src/vl53l1_api_core.c **** 	VL53L1_Error  status = VL53L1_ERROR_NONE;
 2752              		.loc 1 1843 2 view .LVU881
1844:Core/Src/vl53l1_api_core.c **** 
1845:Core/Src/vl53l1_api_core.c **** 	VL53L1_LLDriverData_t *pdev = VL53L1DevStructGetLLDriverHandle(Dev);
 2753              		.loc 1 1845 2 view .LVU882
1846:Core/Src/vl53l1_api_core.c **** 
1847:Core/Src/vl53l1_api_core.c **** 	LOG_FUNCTION_START("");
 2754              		.loc 1 1847 24 view .LVU883
1848:Core/Src/vl53l1_api_core.c **** 
1849:Core/Src/vl53l1_api_core.c **** 	*pvhv_init_en    = (pdev->stat_nvm.vhv_config__init & 0x80) >> 7;
 2755              		.loc 1 1849 2 view .LVU884
ARM GAS  C:\Users\Lenovo\AppData\Local\Temp\ccZ6paZS.s 			page 85


 2756              		.loc 1 1849 36 is_stmt 0 view .LVU885
 2757 0000 90F86331 		ldrb	r3, [r0, #355]	@ zero_extendqisi2
 2758              		.loc 1 1849 62 view .LVU886
 2759 0004 DB09     		lsrs	r3, r3, #7
 2760              		.loc 1 1849 19 view .LVU887
 2761 0006 0B70     		strb	r3, [r1]
1850:Core/Src/vl53l1_api_core.c **** 	*pvhv_init_value =
 2762              		.loc 1 1850 2 is_stmt 1 view .LVU888
1851:Core/Src/vl53l1_api_core.c **** 			(pdev->stat_nvm.vhv_config__init & 0x7F);
 2763              		.loc 1 1851 19 is_stmt 0 view .LVU889
 2764 0008 90F86331 		ldrb	r3, [r0, #355]	@ zero_extendqisi2
 2765              		.loc 1 1851 37 view .LVU890
 2766 000c 03F07F03 		and	r3, r3, #127
1850:Core/Src/vl53l1_api_core.c **** 	*pvhv_init_value =
 2767              		.loc 1 1850 19 view .LVU891
 2768 0010 1370     		strb	r3, [r2]
1852:Core/Src/vl53l1_api_core.c **** 
1853:Core/Src/vl53l1_api_core.c **** 	LOG_FUNCTION_END(status);
 2769              		.loc 1 1853 26 is_stmt 1 view .LVU892
1854:Core/Src/vl53l1_api_core.c **** 
1855:Core/Src/vl53l1_api_core.c **** 	return status;
 2770              		.loc 1 1855 2 view .LVU893
1856:Core/Src/vl53l1_api_core.c **** 
1857:Core/Src/vl53l1_api_core.c **** }
 2771              		.loc 1 1857 1 is_stmt 0 view .LVU894
 2772 0012 0020     		movs	r0, #0
 2773              	.LVL253:
 2774              		.loc 1 1857 1 view .LVU895
 2775 0014 7047     		bx	lr
 2776              		.cfi_endproc
 2777              	.LFE39:
 2779              		.section	.text.VL53L1_set_vhv_config,"ax",%progbits
 2780              		.align	1
 2781              		.global	VL53L1_set_vhv_config
 2782              		.syntax unified
 2783              		.thumb
 2784              		.thumb_func
 2786              	VL53L1_set_vhv_config:
 2787              	.LVL254:
 2788              	.LFB40:
1858:Core/Src/vl53l1_api_core.c **** 
1859:Core/Src/vl53l1_api_core.c **** 
1860:Core/Src/vl53l1_api_core.c **** 
1861:Core/Src/vl53l1_api_core.c **** VL53L1_Error VL53L1_set_vhv_config(
1862:Core/Src/vl53l1_api_core.c **** 	VL53L1_DEV                   Dev,
1863:Core/Src/vl53l1_api_core.c **** 	uint8_t                      vhv_init_en,
1864:Core/Src/vl53l1_api_core.c **** 	uint8_t                      vhv_init_value)
1865:Core/Src/vl53l1_api_core.c **** {
 2789              		.loc 1 1865 1 is_stmt 1 view -0
 2790              		.cfi_startproc
 2791              		@ args = 0, pretend = 0, frame = 0
 2792              		@ frame_needed = 0, uses_anonymous_args = 0
 2793              		@ link register save eliminated.
1866:Core/Src/vl53l1_api_core.c **** 
1867:Core/Src/vl53l1_api_core.c **** 	/*
1868:Core/Src/vl53l1_api_core.c **** 	 * Sets the VHV Config init
1869:Core/Src/vl53l1_api_core.c **** 	 */
ARM GAS  C:\Users\Lenovo\AppData\Local\Temp\ccZ6paZS.s 			page 86


1870:Core/Src/vl53l1_api_core.c **** 
1871:Core/Src/vl53l1_api_core.c **** 	VL53L1_Error  status = VL53L1_ERROR_NONE;
 2794              		.loc 1 1871 2 view .LVU897
1872:Core/Src/vl53l1_api_core.c **** 
1873:Core/Src/vl53l1_api_core.c **** 	VL53L1_LLDriverData_t *pdev = VL53L1DevStructGetLLDriverHandle(Dev);
 2795              		.loc 1 1873 2 view .LVU898
1874:Core/Src/vl53l1_api_core.c **** 
1875:Core/Src/vl53l1_api_core.c **** 	LOG_FUNCTION_START("");
 2796              		.loc 1 1875 24 view .LVU899
1876:Core/Src/vl53l1_api_core.c **** 
1877:Core/Src/vl53l1_api_core.c **** 	pdev->stat_nvm.vhv_config__init =
 2797              		.loc 1 1877 2 view .LVU900
1878:Core/Src/vl53l1_api_core.c **** 		((vhv_init_en   & 0x01) << 7) +
1879:Core/Src/vl53l1_api_core.c **** 		(vhv_init_value & 0x7F);
 2798              		.loc 1 1879 19 is_stmt 0 view .LVU901
 2799 0000 02F07F02 		and	r2, r2, #127
 2800              	.LVL255:
1878:Core/Src/vl53l1_api_core.c **** 		((vhv_init_en   & 0x01) << 7) +
 2801              		.loc 1 1878 33 view .LVU902
 2802 0004 02EBC112 		add	r2, r2, r1, lsl #7
1877:Core/Src/vl53l1_api_core.c **** 		((vhv_init_en   & 0x01) << 7) +
 2803              		.loc 1 1877 34 view .LVU903
 2804 0008 80F86321 		strb	r2, [r0, #355]
1880:Core/Src/vl53l1_api_core.c **** 
1881:Core/Src/vl53l1_api_core.c **** 	LOG_FUNCTION_END(status);
 2805              		.loc 1 1881 26 is_stmt 1 view .LVU904
1882:Core/Src/vl53l1_api_core.c **** 
1883:Core/Src/vl53l1_api_core.c **** 	return status;
 2806              		.loc 1 1883 2 view .LVU905
1884:Core/Src/vl53l1_api_core.c **** 
1885:Core/Src/vl53l1_api_core.c **** }
 2807              		.loc 1 1885 1 is_stmt 0 view .LVU906
 2808 000c 0020     		movs	r0, #0
 2809              	.LVL256:
 2810              		.loc 1 1885 1 view .LVU907
 2811 000e 7047     		bx	lr
 2812              		.cfi_endproc
 2813              	.LFE40:
 2815              		.section	.text.VL53L1_init_and_start_range,"ax",%progbits
 2816              		.align	1
 2817              		.global	VL53L1_init_and_start_range
 2818              		.syntax unified
 2819              		.thumb
 2820              		.thumb_func
 2822              	VL53L1_init_and_start_range:
 2823              	.LVL257:
 2824              	.LFB41:
1886:Core/Src/vl53l1_api_core.c **** 
1887:Core/Src/vl53l1_api_core.c **** 
1888:Core/Src/vl53l1_api_core.c **** 
1889:Core/Src/vl53l1_api_core.c **** VL53L1_Error VL53L1_init_and_start_range(
1890:Core/Src/vl53l1_api_core.c **** 	VL53L1_DEV                     Dev,
1891:Core/Src/vl53l1_api_core.c **** 	uint8_t                        measurement_mode,
1892:Core/Src/vl53l1_api_core.c **** 	VL53L1_DeviceConfigLevel       device_config_level)
1893:Core/Src/vl53l1_api_core.c **** {
 2825              		.loc 1 1893 1 is_stmt 1 view -0
 2826              		.cfi_startproc
ARM GAS  C:\Users\Lenovo\AppData\Local\Temp\ccZ6paZS.s 			page 87


 2827              		@ args = 0, pretend = 0, frame = 264
 2828              		@ frame_needed = 0, uses_anonymous_args = 0
 2829              		.loc 1 1893 1 is_stmt 0 view .LVU909
 2830 0000 2DE9F04F 		push	{r4, r5, r6, r7, r8, r9, r10, fp, lr}
 2831              	.LCFI24:
 2832              		.cfi_def_cfa_offset 36
 2833              		.cfi_offset 4, -36
 2834              		.cfi_offset 5, -32
 2835              		.cfi_offset 6, -28
 2836              		.cfi_offset 7, -24
 2837              		.cfi_offset 8, -20
 2838              		.cfi_offset 9, -16
 2839              		.cfi_offset 10, -12
 2840              		.cfi_offset 11, -8
 2841              		.cfi_offset 14, -4
 2842 0004 C3B0     		sub	sp, sp, #268
 2843              	.LCFI25:
 2844              		.cfi_def_cfa_offset 304
 2845 0006 0446     		mov	r4, r0
 2846 0008 1646     		mov	r6, r2
1894:Core/Src/vl53l1_api_core.c **** 	/*
1895:Core/Src/vl53l1_api_core.c **** 	 * Builds and sends a single I2C multiple byte transaction to
1896:Core/Src/vl53l1_api_core.c **** 	 * initialize the device and start a range measurement.
1897:Core/Src/vl53l1_api_core.c **** 	 *
1898:Core/Src/vl53l1_api_core.c **** 	 * The level of initialization is controlled by the
1899:Core/Src/vl53l1_api_core.c **** 	 * device_config_level input parameter
1900:Core/Src/vl53l1_api_core.c **** 	 *
1901:Core/Src/vl53l1_api_core.c **** 	 * system_control is always sent as the last byte of this
1902:Core/Src/vl53l1_api_core.c **** 	 * register group (mode_start) either triggers the range
1903:Core/Src/vl53l1_api_core.c **** 	 * or enables the next range
1904:Core/Src/vl53l1_api_core.c **** 	 */
1905:Core/Src/vl53l1_api_core.c **** 
1906:Core/Src/vl53l1_api_core.c **** 	VL53L1_Error status = VL53L1_ERROR_NONE;
 2847              		.loc 1 1906 2 is_stmt 1 view .LVU910
 2848              	.LVL258:
1907:Core/Src/vl53l1_api_core.c **** 	VL53L1_LLDriverData_t *pdev = VL53L1DevStructGetLLDriverHandle(Dev);
 2849              		.loc 1 1907 2 view .LVU911
1908:Core/Src/vl53l1_api_core.c **** 
1909:Core/Src/vl53l1_api_core.c **** 	uint8_t buffer[VL53L1_MAX_I2C_XFER_SIZE];
 2850              		.loc 1 1909 2 view .LVU912
1910:Core/Src/vl53l1_api_core.c **** 
1911:Core/Src/vl53l1_api_core.c **** 	VL53L1_static_nvm_managed_t   *pstatic_nvm   = &(pdev->stat_nvm);
 2851              		.loc 1 1911 2 view .LVU913
 2852              		.loc 1 1911 33 is_stmt 0 view .LVU914
 2853 000a 00F5AC70 		add	r0, r0, #344
 2854              	.LVL259:
1912:Core/Src/vl53l1_api_core.c **** 	VL53L1_customer_nvm_managed_t *pcustomer_nvm = &(pdev->customer);
 2855              		.loc 1 1912 2 is_stmt 1 view .LVU915
 2856              		.loc 1 1912 33 is_stmt 0 view .LVU916
 2857 000e 04F1420B 		add	fp, r4, #66
 2858              	.LVL260:
1913:Core/Src/vl53l1_api_core.c **** 	VL53L1_static_config_t        *pstatic       = &(pdev->stat_cfg);
 2859              		.loc 1 1913 2 is_stmt 1 view .LVU917
 2860              		.loc 1 1913 33 is_stmt 0 view .LVU918
 2861 0012 04F5B273 		add	r3, r4, #356
 2862 0016 0093     		str	r3, [sp]
 2863              	.LVL261:
ARM GAS  C:\Users\Lenovo\AppData\Local\Temp\ccZ6paZS.s 			page 88


1914:Core/Src/vl53l1_api_core.c **** 	VL53L1_general_config_t       *pgeneral      = &(pdev->gen_cfg);
 2864              		.loc 1 1914 2 is_stmt 1 view .LVU919
 2865              		.loc 1 1914 33 is_stmt 0 view .LVU920
 2866 0018 04F5C273 		add	r3, r4, #388
 2867              	.LVL262:
 2868              		.loc 1 1914 33 view .LVU921
 2869 001c 0193     		str	r3, [sp, #4]
 2870              	.LVL263:
1915:Core/Src/vl53l1_api_core.c **** 	VL53L1_timing_config_t        *ptiming       = &(pdev->tim_cfg);
 2871              		.loc 1 1915 2 is_stmt 1 view .LVU922
 2872              		.loc 1 1915 33 is_stmt 0 view .LVU923
 2873 001e 04F5CE7A 		add	r10, r4, #412
 2874              	.LVL264:
1916:Core/Src/vl53l1_api_core.c **** 	VL53L1_dynamic_config_t       *pdynamic      = &(pdev->dyn_cfg);
 2875              		.loc 1 1916 2 is_stmt 1 view .LVU924
 2876              		.loc 1 1916 33 is_stmt 0 view .LVU925
 2877 0022 04F5DA79 		add	r9, r4, #436
 2878              	.LVL265:
1917:Core/Src/vl53l1_api_core.c **** 	VL53L1_system_control_t       *psystem       = &(pdev->sys_ctrl);
 2879              		.loc 1 1917 2 is_stmt 1 view .LVU926
 2880              		.loc 1 1917 33 is_stmt 0 view .LVU927
 2881 0026 04F5E478 		add	r8, r4, #456
 2882              	.LVL266:
1918:Core/Src/vl53l1_api_core.c **** 
1919:Core/Src/vl53l1_api_core.c **** 	VL53L1_ll_driver_state_t  *pstate   = &(pdev->ll_state);
 2883              		.loc 1 1919 2 is_stmt 1 view .LVU928
1920:Core/Src/vl53l1_api_core.c **** 
1921:Core/Src/vl53l1_api_core.c **** 	uint8_t  *pbuffer                   = &buffer[0];
 2884              		.loc 1 1921 2 view .LVU929
1922:Core/Src/vl53l1_api_core.c **** 	uint16_t i                          = 0;
 2885              		.loc 1 1922 2 view .LVU930
1923:Core/Src/vl53l1_api_core.c **** 	uint16_t i2c_index                  = 0;
 2886              		.loc 1 1923 2 view .LVU931
1924:Core/Src/vl53l1_api_core.c **** 	uint16_t i2c_buffer_offset_bytes    = 0;
 2887              		.loc 1 1924 2 view .LVU932
1925:Core/Src/vl53l1_api_core.c **** 	uint16_t i2c_buffer_size_bytes      = 0;
 2888              		.loc 1 1925 2 view .LVU933
1926:Core/Src/vl53l1_api_core.c **** 
1927:Core/Src/vl53l1_api_core.c **** 	LOG_FUNCTION_START("");
 2889              		.loc 1 1927 24 view .LVU934
1928:Core/Src/vl53l1_api_core.c **** 
1929:Core/Src/vl53l1_api_core.c **** 	/* save measurement mode */
1930:Core/Src/vl53l1_api_core.c **** 	pdev->measurement_mode = measurement_mode;
 2890              		.loc 1 1930 2 view .LVU935
 2891              		.loc 1 1930 25 is_stmt 0 view .LVU936
 2892 002a A170     		strb	r1, [r4, #2]
1931:Core/Src/vl53l1_api_core.c **** 
1932:Core/Src/vl53l1_api_core.c **** 	/* Merge measurement mode with mode_start */
1933:Core/Src/vl53l1_api_core.c **** 
1934:Core/Src/vl53l1_api_core.c **** 	psystem->system__mode_start =
 2893              		.loc 1 1934 2 is_stmt 1 view .LVU937
1935:Core/Src/vl53l1_api_core.c **** 		(psystem->system__mode_start &
 2894              		.loc 1 1935 11 is_stmt 0 view .LVU938
 2895 002c 94F9CC31 		ldrsb	r3, [r4, #460]
 2896              	.LVL267:
 2897              		.loc 1 1935 32 view .LVU939
 2898 0030 03F00F03 		and	r3, r3, #15
ARM GAS  C:\Users\Lenovo\AppData\Local\Temp\ccZ6paZS.s 			page 89


1936:Core/Src/vl53l1_api_core.c **** 		VL53L1_DEVICEMEASUREMENTMODE_STOP_MASK) |
 2899              		.loc 1 1936 43 view .LVU940
 2900 0034 1943     		orrs	r1, r1, r3
 2901              	.LVL268:
1934:Core/Src/vl53l1_api_core.c **** 		(psystem->system__mode_start &
 2902              		.loc 1 1934 30 view .LVU941
 2903 0036 84F8CC11 		strb	r1, [r4, #460]
1937:Core/Src/vl53l1_api_core.c **** 		measurement_mode;
1938:Core/Src/vl53l1_api_core.c **** 
1939:Core/Src/vl53l1_api_core.c **** 	/* copy in rit from xtalk config */
1940:Core/Src/vl53l1_api_core.c **** 
1941:Core/Src/vl53l1_api_core.c **** 	pdev->stat_cfg.algo__range_ignore_threshold_mcps =
 2904              		.loc 1 1941 2 is_stmt 1 view .LVU942
1942:Core/Src/vl53l1_api_core.c **** 		pdev->xtalk_cfg.crosstalk_range_ignore_threshold_rate_mcps;
 2905              		.loc 1 1942 18 is_stmt 0 view .LVU943
 2906 003a B4F84231 		ldrh	r3, [r4, #322]
1941:Core/Src/vl53l1_api_core.c **** 		pdev->xtalk_cfg.crosstalk_range_ignore_threshold_rate_mcps;
 2907              		.loc 1 1941 51 view .LVU944
 2908 003e A4F87C31 		strh	r3, [r4, #380]	@ movhi
1943:Core/Src/vl53l1_api_core.c **** 
1944:Core/Src/vl53l1_api_core.c **** 	/* Start Patch_LowPowerAutoMode */
1945:Core/Src/vl53l1_api_core.c **** 
1946:Core/Src/vl53l1_api_core.c **** 	/* doing this ensures stop_range followed by a get_device_results does
1947:Core/Src/vl53l1_api_core.c **** 	 * not mess up the counters */
1948:Core/Src/vl53l1_api_core.c **** 
1949:Core/Src/vl53l1_api_core.c **** 	if (pdev->low_power_auto_data.low_power_auto_range_count == 0xFF) {
 2909              		.loc 1 1949 2 is_stmt 1 view .LVU945
 2910              		.loc 1 1949 31 is_stmt 0 view .LVU946
 2911 0042 94F8E632 		ldrb	r3, [r4, #742]	@ zero_extendqisi2
 2912              		.loc 1 1949 5 view .LVU947
 2913 0046 FF2B     		cmp	r3, #255
 2914 0048 19D0     		beq	.L165
 2915              	.L135:
1950:Core/Src/vl53l1_api_core.c **** 		pdev->low_power_auto_data.low_power_auto_range_count = 0x0;
1951:Core/Src/vl53l1_api_core.c **** 	}
1952:Core/Src/vl53l1_api_core.c **** 
1953:Core/Src/vl53l1_api_core.c **** 	/* For Presence. Override threshold config */
1954:Core/Src/vl53l1_api_core.c **** 	if ((pdev->low_power_auto_data.is_low_power_auto_mode == 1) &&
 2916              		.loc 1 1954 2 is_stmt 1 view .LVU948
 2917              		.loc 1 1954 62 is_stmt 0 view .LVU949
 2918 004a D4F8E432 		ldr	r3, [r4, #740]
 2919 004e 23F07F43 		bic	r3, r3, #-16777216
 2920 0052 23F0FF03 		bic	r3, r3, #255
 2921              		.loc 1 1954 5 view .LVU950
 2922 0056 B3F5807F 		cmp	r3, #256
 2923 005a 14D0     		beq	.L166
 2924              	.L136:
 2925              	.LVL269:
1955:Core/Src/vl53l1_api_core.c **** 		(pdev->low_power_auto_data.low_power_auto_range_count == 0)) {
1956:Core/Src/vl53l1_api_core.c **** 		/* save interrupt config */
1957:Core/Src/vl53l1_api_core.c **** 		pdev->low_power_auto_data.saved_interrupt_config =
1958:Core/Src/vl53l1_api_core.c **** 			pdev->gen_cfg.system__interrupt_config_gpio;
1959:Core/Src/vl53l1_api_core.c **** 		/* set intr_new_measure_ready */
1960:Core/Src/vl53l1_api_core.c **** 		pdev->gen_cfg.system__interrupt_config_gpio = 1 << 5;
1961:Core/Src/vl53l1_api_core.c **** 		/* check MM1/MM2 disabled? */
1962:Core/Src/vl53l1_api_core.c **** 		if ((pdev->dyn_cfg.system__sequence_config & (
1963:Core/Src/vl53l1_api_core.c **** 			VL53L1_SEQUENCE_MM1_EN | VL53L1_SEQUENCE_MM2_EN)) ==
ARM GAS  C:\Users\Lenovo\AppData\Local\Temp\ccZ6paZS.s 			page 90


1964:Core/Src/vl53l1_api_core.c **** 				0x0) {
1965:Core/Src/vl53l1_api_core.c **** 			pdev->customer.algo__part_to_part_range_offset_mm =
1966:Core/Src/vl53l1_api_core.c **** 				pdev->customer.mm_config__outer_offset_mm * 4;
1967:Core/Src/vl53l1_api_core.c **** 		} else {
1968:Core/Src/vl53l1_api_core.c **** 			pdev->customer.algo__part_to_part_range_offset_mm = 0x0;
1969:Core/Src/vl53l1_api_core.c **** 		}
1970:Core/Src/vl53l1_api_core.c **** 
1971:Core/Src/vl53l1_api_core.c **** 		/* make sure config gets written out */
1972:Core/Src/vl53l1_api_core.c **** 		if (device_config_level <
1973:Core/Src/vl53l1_api_core.c **** 				VL53L1_DEVICECONFIGLEVEL_CUSTOMER_ONWARDS) {
1974:Core/Src/vl53l1_api_core.c **** 			device_config_level =
1975:Core/Src/vl53l1_api_core.c **** 				VL53L1_DEVICECONFIGLEVEL_CUSTOMER_ONWARDS;
1976:Core/Src/vl53l1_api_core.c **** 		}
1977:Core/Src/vl53l1_api_core.c **** 	}
1978:Core/Src/vl53l1_api_core.c **** 
1979:Core/Src/vl53l1_api_core.c **** 	if ((pdev->low_power_auto_data.is_low_power_auto_mode == 1) &&
 2926              		.loc 1 1979 2 is_stmt 1 view .LVU951
 2927              		.loc 1 1979 62 is_stmt 0 view .LVU952
 2928 005c D4F8E432 		ldr	r3, [r4, #740]
 2929 0060 23F07F43 		bic	r3, r3, #-16777216
 2930 0064 23F0FF03 		bic	r3, r3, #255
 2931              		.loc 1 1979 5 view .LVU953
 2932 0068 654A     		ldr	r2, .L177
 2933 006a 9342     		cmp	r3, r2
 2934 006c 24D0     		beq	.L167
1980:Core/Src/vl53l1_api_core.c **** 		(pdev->low_power_auto_data.low_power_auto_range_count == 1)) {
1981:Core/Src/vl53l1_api_core.c **** 		/* restore interrupt config */
1982:Core/Src/vl53l1_api_core.c **** 		pdev->gen_cfg.system__interrupt_config_gpio =
1983:Core/Src/vl53l1_api_core.c **** 			pdev->low_power_auto_data.saved_interrupt_config;
1984:Core/Src/vl53l1_api_core.c **** 
1985:Core/Src/vl53l1_api_core.c **** 		/* make sure config gets written out including VHV config */
1986:Core/Src/vl53l1_api_core.c **** 		device_config_level = VL53L1_DEVICECONFIGLEVEL_FULL;
1987:Core/Src/vl53l1_api_core.c **** 	}
1988:Core/Src/vl53l1_api_core.c **** 
1989:Core/Src/vl53l1_api_core.c **** 	/* End Patch_LowPowerAutoMode */
1990:Core/Src/vl53l1_api_core.c **** 
1991:Core/Src/vl53l1_api_core.c **** 	/*
1992:Core/Src/vl53l1_api_core.c **** 	 * Determine Initial I2C index
1993:Core/Src/vl53l1_api_core.c **** 	 */
1994:Core/Src/vl53l1_api_core.c **** 
1995:Core/Src/vl53l1_api_core.c **** 	switch (device_config_level) {
 2935              		.loc 1 1995 2 is_stmt 1 view .LVU954
 2936 006e 731E     		subs	r3, r6, #1
 2937 0070 052B     		cmp	r3, #5
 2938 0072 37D8     		bhi	.L141
 2939 0074 DFE803F0 		tbb	[pc, r3]
 2940              	.L143:
 2941 0078 34       		.byte	(.L147-.L143)/2
 2942 0079 32       		.byte	(.L146-.L143)/2
 2943 007a 30       		.byte	(.L145-.L143)/2
 2944 007b 2E       		.byte	(.L144-.L143)/2
 2945 007c 38       		.byte	(.L162-.L143)/2
 2946 007d 2C       		.byte	(.L142-.L143)/2
 2947              	.LVL270:
 2948              		.p2align 1
 2949              	.L165:
1950:Core/Src/vl53l1_api_core.c **** 	}
ARM GAS  C:\Users\Lenovo\AppData\Local\Temp\ccZ6paZS.s 			page 91


 2950              		.loc 1 1950 3 view .LVU955
1950:Core/Src/vl53l1_api_core.c **** 	}
 2951              		.loc 1 1950 56 is_stmt 0 view .LVU956
 2952 007e 0023     		movs	r3, #0
 2953 0080 84F8E632 		strb	r3, [r4, #742]
 2954 0084 E1E7     		b	.L135
 2955              	.L166:
1957:Core/Src/vl53l1_api_core.c **** 			pdev->gen_cfg.system__interrupt_config_gpio;
 2956              		.loc 1 1957 3 is_stmt 1 view .LVU957
1958:Core/Src/vl53l1_api_core.c **** 		/* set intr_new_measure_ready */
 2957              		.loc 1 1958 17 is_stmt 0 view .LVU958
 2958 0086 94F88631 		ldrb	r3, [r4, #390]	@ zero_extendqisi2
1957:Core/Src/vl53l1_api_core.c **** 			pdev->gen_cfg.system__interrupt_config_gpio;
 2959              		.loc 1 1957 52 view .LVU959
 2960 008a 84F8E732 		strb	r3, [r4, #743]
1960:Core/Src/vl53l1_api_core.c **** 		/* check MM1/MM2 disabled? */
 2961              		.loc 1 1960 3 is_stmt 1 view .LVU960
1960:Core/Src/vl53l1_api_core.c **** 		/* check MM1/MM2 disabled? */
 2962              		.loc 1 1960 47 is_stmt 0 view .LVU961
 2963 008e 2023     		movs	r3, #32
 2964 0090 84F88631 		strb	r3, [r4, #390]
1962:Core/Src/vl53l1_api_core.c **** 			VL53L1_SEQUENCE_MM1_EN | VL53L1_SEQUENCE_MM2_EN)) ==
 2965              		.loc 1 1962 3 is_stmt 1 view .LVU962
1962:Core/Src/vl53l1_api_core.c **** 			VL53L1_SEQUENCE_MM1_EN | VL53L1_SEQUENCE_MM2_EN)) ==
 2966              		.loc 1 1962 21 is_stmt 0 view .LVU963
 2967 0094 94F8C531 		ldrb	r3, [r4, #453]	@ zero_extendqisi2
1962:Core/Src/vl53l1_api_core.c **** 			VL53L1_SEQUENCE_MM1_EN | VL53L1_SEQUENCE_MM2_EN)) ==
 2968              		.loc 1 1962 6 view .LVU964
 2969 0098 13F0600F 		tst	r3, #96
 2970 009c 08D1     		bne	.L137
1965:Core/Src/vl53l1_api_core.c **** 				pdev->customer.mm_config__outer_offset_mm * 4;
 2971              		.loc 1 1965 4 is_stmt 1 view .LVU965
1966:Core/Src/vl53l1_api_core.c **** 		} else {
 2972              		.loc 1 1966 19 is_stmt 0 view .LVU966
 2973 009e B4F85830 		ldrh	r3, [r4, #88]
1966:Core/Src/vl53l1_api_core.c **** 		} else {
 2974              		.loc 1 1966 47 view .LVU967
 2975 00a2 9B00     		lsls	r3, r3, #2
1965:Core/Src/vl53l1_api_core.c **** 				pdev->customer.mm_config__outer_offset_mm * 4;
 2976              		.loc 1 1965 54 view .LVU968
 2977 00a4 A4F85430 		strh	r3, [r4, #84]	@ movhi
 2978              	.L138:
1972:Core/Src/vl53l1_api_core.c **** 				VL53L1_DEVICECONFIGLEVEL_CUSTOMER_ONWARDS) {
 2979              		.loc 1 1972 3 is_stmt 1 view .LVU969
1972:Core/Src/vl53l1_api_core.c **** 				VL53L1_DEVICECONFIGLEVEL_CUSTOMER_ONWARDS) {
 2980              		.loc 1 1972 6 is_stmt 0 view .LVU970
 2981 00a8 042E     		cmp	r6, #4
 2982 00aa D7D8     		bhi	.L136
1974:Core/Src/vl53l1_api_core.c **** 				VL53L1_DEVICECONFIGLEVEL_CUSTOMER_ONWARDS;
 2983              		.loc 1 1974 24 view .LVU971
 2984 00ac 0526     		movs	r6, #5
 2985 00ae D5E7     		b	.L136
 2986              	.L137:
1968:Core/Src/vl53l1_api_core.c **** 		}
 2987              		.loc 1 1968 4 is_stmt 1 view .LVU972
1968:Core/Src/vl53l1_api_core.c **** 		}
 2988              		.loc 1 1968 54 is_stmt 0 view .LVU973
ARM GAS  C:\Users\Lenovo\AppData\Local\Temp\ccZ6paZS.s 			page 92


 2989 00b0 0023     		movs	r3, #0
 2990 00b2 A4F85430 		strh	r3, [r4, #84]	@ movhi
 2991 00b6 F7E7     		b	.L138
 2992              	.LVL271:
 2993              	.L167:
1982:Core/Src/vl53l1_api_core.c **** 			pdev->low_power_auto_data.saved_interrupt_config;
 2994              		.loc 1 1982 3 is_stmt 1 view .LVU974
1983:Core/Src/vl53l1_api_core.c **** 
 2995              		.loc 1 1983 29 is_stmt 0 view .LVU975
 2996 00b8 94F8E732 		ldrb	r3, [r4, #743]	@ zero_extendqisi2
1982:Core/Src/vl53l1_api_core.c **** 			pdev->low_power_auto_data.saved_interrupt_config;
 2997              		.loc 1 1982 47 view .LVU976
 2998 00bc 84F88631 		strb	r3, [r4, #390]
1986:Core/Src/vl53l1_api_core.c **** 	}
 2999              		.loc 1 1986 3 is_stmt 1 view .LVU977
 3000              	.LVL272:
 3001              		.loc 1 1995 2 view .LVU978
1986:Core/Src/vl53l1_api_core.c **** 	}
 3002              		.loc 1 1986 23 is_stmt 0 view .LVU979
 3003 00c0 0626     		movs	r6, #6
1996:Core/Src/vl53l1_api_core.c **** 	case VL53L1_DEVICECONFIGLEVEL_FULL:
1997:Core/Src/vl53l1_api_core.c **** 		i2c_index = VL53L1_STATIC_NVM_MANAGED_I2C_INDEX;
 3004              		.loc 1 1997 13 view .LVU980
 3005 00c2 0127     		movs	r7, #1
 3006              	.LVL273:
 3007              	.L140:
1998:Core/Src/vl53l1_api_core.c **** 		break;
1999:Core/Src/vl53l1_api_core.c **** 	case VL53L1_DEVICECONFIGLEVEL_CUSTOMER_ONWARDS:
2000:Core/Src/vl53l1_api_core.c **** 		i2c_index = VL53L1_CUSTOMER_NVM_MANAGED_I2C_INDEX;
2001:Core/Src/vl53l1_api_core.c **** 		break;
2002:Core/Src/vl53l1_api_core.c **** 	case VL53L1_DEVICECONFIGLEVEL_STATIC_ONWARDS:
2003:Core/Src/vl53l1_api_core.c **** 		i2c_index = VL53L1_STATIC_CONFIG_I2C_INDEX;
2004:Core/Src/vl53l1_api_core.c **** 		break;
2005:Core/Src/vl53l1_api_core.c **** 	case VL53L1_DEVICECONFIGLEVEL_GENERAL_ONWARDS:
2006:Core/Src/vl53l1_api_core.c **** 		i2c_index = VL53L1_GENERAL_CONFIG_I2C_INDEX;
2007:Core/Src/vl53l1_api_core.c **** 		break;
2008:Core/Src/vl53l1_api_core.c **** 	case VL53L1_DEVICECONFIGLEVEL_TIMING_ONWARDS:
2009:Core/Src/vl53l1_api_core.c **** 		i2c_index = VL53L1_TIMING_CONFIG_I2C_INDEX;
2010:Core/Src/vl53l1_api_core.c **** 		break;
2011:Core/Src/vl53l1_api_core.c **** 	case VL53L1_DEVICECONFIGLEVEL_DYNAMIC_ONWARDS:
2012:Core/Src/vl53l1_api_core.c **** 		i2c_index = VL53L1_DYNAMIC_CONFIG_I2C_INDEX;
2013:Core/Src/vl53l1_api_core.c **** 		break;
2014:Core/Src/vl53l1_api_core.c **** 	default:
2015:Core/Src/vl53l1_api_core.c **** 		i2c_index = VL53L1_SYSTEM_CONTROL_I2C_INDEX;
2016:Core/Src/vl53l1_api_core.c **** 		break;
2017:Core/Src/vl53l1_api_core.c **** 	}
2018:Core/Src/vl53l1_api_core.c **** 
2019:Core/Src/vl53l1_api_core.c **** 	/* I2C Buffer size */
2020:Core/Src/vl53l1_api_core.c **** 
2021:Core/Src/vl53l1_api_core.c **** 	i2c_buffer_size_bytes = \
 3008              		.loc 1 2021 2 is_stmt 1 view .LVU981
 3009              		.loc 1 2021 24 is_stmt 0 view .LVU982
 3010 00c4 C7F18805 		rsb	r5, r7, #136
 3011 00c8 ADB2     		uxth	r5, r5
 3012              	.LVL274:
2022:Core/Src/vl53l1_api_core.c **** 			(VL53L1_SYSTEM_CONTROL_I2C_INDEX +
2023:Core/Src/vl53l1_api_core.c **** 			 VL53L1_SYSTEM_CONTROL_I2C_SIZE_BYTES) -
ARM GAS  C:\Users\Lenovo\AppData\Local\Temp\ccZ6paZS.s 			page 93


2024:Core/Src/vl53l1_api_core.c **** 			 i2c_index;
2025:Core/Src/vl53l1_api_core.c **** 
2026:Core/Src/vl53l1_api_core.c **** 	/* Initialize buffer */
2027:Core/Src/vl53l1_api_core.c **** 
2028:Core/Src/vl53l1_api_core.c **** 	pbuffer = &buffer[0];
 3013              		.loc 1 2028 2 is_stmt 1 view .LVU983
2029:Core/Src/vl53l1_api_core.c **** 	for (i = 0 ; i < i2c_buffer_size_bytes ; i++) {
 3014              		.loc 1 2029 2 view .LVU984
 3015              		.loc 1 2029 9 is_stmt 0 view .LVU985
 3016 00ca 0022     		movs	r2, #0
2028:Core/Src/vl53l1_api_core.c **** 	for (i = 0 ; i < i2c_buffer_size_bytes ; i++) {
 3017              		.loc 1 2028 10 view .LVU986
 3018 00cc 02AB     		add	r3, sp, #8
 3019              	.LVL275:
 3020              		.loc 1 2029 2 view .LVU987
 3021 00ce 12E0     		b	.L148
 3022              	.LVL276:
 3023              	.L142:
1995:Core/Src/vl53l1_api_core.c **** 	case VL53L1_DEVICECONFIGLEVEL_FULL:
 3024              		.loc 1 1995 2 view .LVU988
 3025 00d0 0127     		movs	r7, #1
 3026 00d2 F7E7     		b	.L140
 3027              	.L144:
2003:Core/Src/vl53l1_api_core.c **** 		break;
 3028              		.loc 1 2003 3 is_stmt 1 view .LVU989
 3029              	.LVL277:
2004:Core/Src/vl53l1_api_core.c **** 	case VL53L1_DEVICECONFIGLEVEL_GENERAL_ONWARDS:
 3030              		.loc 1 2004 3 view .LVU990
2003:Core/Src/vl53l1_api_core.c **** 		break;
 3031              		.loc 1 2003 13 is_stmt 0 view .LVU991
 3032 00d4 2427     		movs	r7, #36
2004:Core/Src/vl53l1_api_core.c **** 	case VL53L1_DEVICECONFIGLEVEL_GENERAL_ONWARDS:
 3033              		.loc 1 2004 3 view .LVU992
 3034 00d6 F5E7     		b	.L140
 3035              	.LVL278:
 3036              	.L145:
2006:Core/Src/vl53l1_api_core.c **** 		break;
 3037              		.loc 1 2006 3 is_stmt 1 view .LVU993
2007:Core/Src/vl53l1_api_core.c **** 	case VL53L1_DEVICECONFIGLEVEL_TIMING_ONWARDS:
 3038              		.loc 1 2007 3 view .LVU994
2006:Core/Src/vl53l1_api_core.c **** 		break;
 3039              		.loc 1 2006 13 is_stmt 0 view .LVU995
 3040 00d8 4427     		movs	r7, #68
2007:Core/Src/vl53l1_api_core.c **** 	case VL53L1_DEVICECONFIGLEVEL_TIMING_ONWARDS:
 3041              		.loc 1 2007 3 view .LVU996
 3042 00da F3E7     		b	.L140
 3043              	.LVL279:
 3044              	.L146:
2009:Core/Src/vl53l1_api_core.c **** 		break;
 3045              		.loc 1 2009 3 is_stmt 1 view .LVU997
2010:Core/Src/vl53l1_api_core.c **** 	case VL53L1_DEVICECONFIGLEVEL_DYNAMIC_ONWARDS:
 3046              		.loc 1 2010 3 view .LVU998
2009:Core/Src/vl53l1_api_core.c **** 		break;
 3047              		.loc 1 2009 13 is_stmt 0 view .LVU999
 3048 00dc 5A27     		movs	r7, #90
2010:Core/Src/vl53l1_api_core.c **** 	case VL53L1_DEVICECONFIGLEVEL_DYNAMIC_ONWARDS:
 3049              		.loc 1 2010 3 view .LVU1000
ARM GAS  C:\Users\Lenovo\AppData\Local\Temp\ccZ6paZS.s 			page 94


 3050 00de F1E7     		b	.L140
 3051              	.LVL280:
 3052              	.L147:
2012:Core/Src/vl53l1_api_core.c **** 		break;
 3053              		.loc 1 2012 3 is_stmt 1 view .LVU1001
2013:Core/Src/vl53l1_api_core.c **** 	default:
 3054              		.loc 1 2013 3 view .LVU1002
2012:Core/Src/vl53l1_api_core.c **** 		break;
 3055              		.loc 1 2012 13 is_stmt 0 view .LVU1003
 3056 00e0 7127     		movs	r7, #113
2013:Core/Src/vl53l1_api_core.c **** 	default:
 3057              		.loc 1 2013 3 view .LVU1004
 3058 00e2 EFE7     		b	.L140
 3059              	.LVL281:
 3060              	.L141:
2015:Core/Src/vl53l1_api_core.c **** 		break;
 3061              		.loc 1 2015 3 is_stmt 1 view .LVU1005
2016:Core/Src/vl53l1_api_core.c **** 	}
 3062              		.loc 1 2016 3 view .LVU1006
2015:Core/Src/vl53l1_api_core.c **** 		break;
 3063              		.loc 1 2015 13 is_stmt 0 view .LVU1007
 3064 00e4 8327     		movs	r7, #131
2016:Core/Src/vl53l1_api_core.c **** 	}
 3065              		.loc 1 2016 3 view .LVU1008
 3066 00e6 EDE7     		b	.L140
 3067              	.LVL282:
 3068              	.L162:
2000:Core/Src/vl53l1_api_core.c **** 		break;
 3069              		.loc 1 2000 13 view .LVU1009
 3070 00e8 0D27     		movs	r7, #13
 3071 00ea EBE7     		b	.L140
 3072              	.LVL283:
 3073              	.L149:
2030:Core/Src/vl53l1_api_core.c **** 		*pbuffer++ = 0;
 3074              		.loc 1 2030 3 is_stmt 1 discriminator 3 view .LVU1010
 3075              		.loc 1 2030 14 is_stmt 0 discriminator 3 view .LVU1011
 3076 00ec 0021     		movs	r1, #0
 3077 00ee 03F8011B 		strb	r1, [r3], #1
 3078              	.LVL284:
2029:Core/Src/vl53l1_api_core.c **** 		*pbuffer++ = 0;
 3079              		.loc 1 2029 43 is_stmt 1 discriminator 3 view .LVU1012
2029:Core/Src/vl53l1_api_core.c **** 		*pbuffer++ = 0;
 3080              		.loc 1 2029 44 is_stmt 0 discriminator 3 view .LVU1013
 3081 00f2 0132     		adds	r2, r2, #1
 3082              	.LVL285:
2029:Core/Src/vl53l1_api_core.c **** 		*pbuffer++ = 0;
 3083              		.loc 1 2029 44 discriminator 3 view .LVU1014
 3084 00f4 92B2     		uxth	r2, r2
 3085              	.LVL286:
 3086              	.L148:
2029:Core/Src/vl53l1_api_core.c **** 		*pbuffer++ = 0;
 3087              		.loc 1 2029 15 is_stmt 1 discriminator 1 view .LVU1015
2029:Core/Src/vl53l1_api_core.c **** 		*pbuffer++ = 0;
 3088              		.loc 1 2029 2 is_stmt 0 discriminator 1 view .LVU1016
 3089 00f6 AA42     		cmp	r2, r5
 3090 00f8 F8D3     		bcc	.L149
2031:Core/Src/vl53l1_api_core.c **** 	}
ARM GAS  C:\Users\Lenovo\AppData\Local\Temp\ccZ6paZS.s 			page 95


2032:Core/Src/vl53l1_api_core.c **** 
2033:Core/Src/vl53l1_api_core.c **** 	/* Build I2C buffer */
2034:Core/Src/vl53l1_api_core.c **** 
2035:Core/Src/vl53l1_api_core.c **** 	if (device_config_level >= VL53L1_DEVICECONFIGLEVEL_FULL &&
 3091              		.loc 1 2035 2 is_stmt 1 view .LVU1017
 3092              		.loc 1 2035 5 is_stmt 0 view .LVU1018
 3093 00fa 052E     		cmp	r6, #5
 3094 00fc 35D8     		bhi	.L168
1906:Core/Src/vl53l1_api_core.c **** 	VL53L1_LLDriverData_t *pdev = VL53L1DevStructGetLLDriverHandle(Dev);
 3095              		.loc 1 1906 15 view .LVU1019
 3096 00fe 0020     		movs	r0, #0
 3097              	.LVL287:
 3098              	.L150:
2036:Core/Src/vl53l1_api_core.c **** 		status == VL53L1_ERROR_NONE) {
2037:Core/Src/vl53l1_api_core.c **** 
2038:Core/Src/vl53l1_api_core.c **** 		i2c_buffer_offset_bytes = \
2039:Core/Src/vl53l1_api_core.c **** 			VL53L1_STATIC_NVM_MANAGED_I2C_INDEX - i2c_index;
2040:Core/Src/vl53l1_api_core.c **** 
2041:Core/Src/vl53l1_api_core.c **** 		status =
2042:Core/Src/vl53l1_api_core.c **** 			VL53L1_i2c_encode_static_nvm_managed(
2043:Core/Src/vl53l1_api_core.c **** 				pstatic_nvm,
2044:Core/Src/vl53l1_api_core.c **** 				VL53L1_STATIC_NVM_MANAGED_I2C_SIZE_BYTES,
2045:Core/Src/vl53l1_api_core.c **** 				&buffer[i2c_buffer_offset_bytes]);
2046:Core/Src/vl53l1_api_core.c **** 	}
2047:Core/Src/vl53l1_api_core.c **** 
2048:Core/Src/vl53l1_api_core.c **** 	if (device_config_level >= VL53L1_DEVICECONFIGLEVEL_CUSTOMER_ONWARDS &&
 3099              		.loc 1 2048 2 is_stmt 1 view .LVU1020
 3100              		.loc 1 2048 5 is_stmt 0 view .LVU1021
 3101 0100 042E     		cmp	r6, #4
 3102 0102 01D9     		bls	.L151
 3103              		.loc 1 2048 71 discriminator 1 view .LVU1022
 3104 0104 0028     		cmp	r0, #0
 3105 0106 39D0     		beq	.L169
 3106              	.L151:
2049:Core/Src/vl53l1_api_core.c **** 		status == VL53L1_ERROR_NONE) {
2050:Core/Src/vl53l1_api_core.c **** 
2051:Core/Src/vl53l1_api_core.c **** 		i2c_buffer_offset_bytes = \
2052:Core/Src/vl53l1_api_core.c **** 			VL53L1_CUSTOMER_NVM_MANAGED_I2C_INDEX - i2c_index;
2053:Core/Src/vl53l1_api_core.c **** 
2054:Core/Src/vl53l1_api_core.c **** 		status =
2055:Core/Src/vl53l1_api_core.c **** 			VL53L1_i2c_encode_customer_nvm_managed(
2056:Core/Src/vl53l1_api_core.c **** 				pcustomer_nvm,
2057:Core/Src/vl53l1_api_core.c **** 				VL53L1_CUSTOMER_NVM_MANAGED_I2C_SIZE_BYTES,
2058:Core/Src/vl53l1_api_core.c **** 				&buffer[i2c_buffer_offset_bytes]);
2059:Core/Src/vl53l1_api_core.c **** 	}
2060:Core/Src/vl53l1_api_core.c **** 
2061:Core/Src/vl53l1_api_core.c **** 	if (device_config_level >= VL53L1_DEVICECONFIGLEVEL_STATIC_ONWARDS &&
 3107              		.loc 1 2061 2 is_stmt 1 view .LVU1023
 3108              		.loc 1 2061 5 is_stmt 0 view .LVU1024
 3109 0108 032E     		cmp	r6, #3
 3110 010a 01D9     		bls	.L152
 3111              		.loc 1 2061 69 discriminator 1 view .LVU1025
 3112 010c 0028     		cmp	r0, #0
 3113 010e 3FD0     		beq	.L170
 3114              	.L152:
2062:Core/Src/vl53l1_api_core.c **** 		status == VL53L1_ERROR_NONE) {
2063:Core/Src/vl53l1_api_core.c **** 
ARM GAS  C:\Users\Lenovo\AppData\Local\Temp\ccZ6paZS.s 			page 96


2064:Core/Src/vl53l1_api_core.c **** 		i2c_buffer_offset_bytes = \
2065:Core/Src/vl53l1_api_core.c **** 			VL53L1_STATIC_CONFIG_I2C_INDEX - i2c_index;
2066:Core/Src/vl53l1_api_core.c **** 
2067:Core/Src/vl53l1_api_core.c **** 		status =
2068:Core/Src/vl53l1_api_core.c **** 			VL53L1_i2c_encode_static_config(
2069:Core/Src/vl53l1_api_core.c **** 				pstatic,
2070:Core/Src/vl53l1_api_core.c **** 				VL53L1_STATIC_CONFIG_I2C_SIZE_BYTES,
2071:Core/Src/vl53l1_api_core.c **** 				&buffer[i2c_buffer_offset_bytes]);
2072:Core/Src/vl53l1_api_core.c **** 	}
2073:Core/Src/vl53l1_api_core.c **** 
2074:Core/Src/vl53l1_api_core.c **** 	if (device_config_level >= VL53L1_DEVICECONFIGLEVEL_GENERAL_ONWARDS &&
 3115              		.loc 1 2074 2 is_stmt 1 view .LVU1026
 3116              		.loc 1 2074 5 is_stmt 0 view .LVU1027
 3117 0110 022E     		cmp	r6, #2
 3118 0112 01D9     		bls	.L153
 3119              		.loc 1 2074 70 discriminator 1 view .LVU1028
 3120 0114 0028     		cmp	r0, #0
 3121 0116 45D0     		beq	.L171
 3122              	.L153:
2075:Core/Src/vl53l1_api_core.c **** 		status == VL53L1_ERROR_NONE) {
2076:Core/Src/vl53l1_api_core.c **** 
2077:Core/Src/vl53l1_api_core.c **** 		i2c_buffer_offset_bytes =
2078:Core/Src/vl53l1_api_core.c **** 				VL53L1_GENERAL_CONFIG_I2C_INDEX - i2c_index;
2079:Core/Src/vl53l1_api_core.c **** 
2080:Core/Src/vl53l1_api_core.c **** 		status =
2081:Core/Src/vl53l1_api_core.c **** 			VL53L1_i2c_encode_general_config(
2082:Core/Src/vl53l1_api_core.c **** 				pgeneral,
2083:Core/Src/vl53l1_api_core.c **** 				VL53L1_GENERAL_CONFIG_I2C_SIZE_BYTES,
2084:Core/Src/vl53l1_api_core.c **** 				&buffer[i2c_buffer_offset_bytes]);
2085:Core/Src/vl53l1_api_core.c **** 	}
2086:Core/Src/vl53l1_api_core.c **** 
2087:Core/Src/vl53l1_api_core.c **** 	if (device_config_level >= VL53L1_DEVICECONFIGLEVEL_TIMING_ONWARDS &&
 3123              		.loc 1 2087 2 is_stmt 1 view .LVU1029
 3124              		.loc 1 2087 5 is_stmt 0 view .LVU1030
 3125 0118 012E     		cmp	r6, #1
 3126 011a 01D9     		bls	.L154
 3127              		.loc 1 2087 69 discriminator 1 view .LVU1031
 3128 011c 0028     		cmp	r0, #0
 3129 011e 4BD0     		beq	.L172
 3130              	.L154:
2088:Core/Src/vl53l1_api_core.c **** 		status == VL53L1_ERROR_NONE) {
2089:Core/Src/vl53l1_api_core.c **** 
2090:Core/Src/vl53l1_api_core.c **** 		i2c_buffer_offset_bytes = \
2091:Core/Src/vl53l1_api_core.c **** 				VL53L1_TIMING_CONFIG_I2C_INDEX - i2c_index;
2092:Core/Src/vl53l1_api_core.c **** 
2093:Core/Src/vl53l1_api_core.c **** 		status =
2094:Core/Src/vl53l1_api_core.c **** 			VL53L1_i2c_encode_timing_config(
2095:Core/Src/vl53l1_api_core.c **** 				ptiming,
2096:Core/Src/vl53l1_api_core.c **** 				VL53L1_TIMING_CONFIG_I2C_SIZE_BYTES,
2097:Core/Src/vl53l1_api_core.c **** 				&buffer[i2c_buffer_offset_bytes]);
2098:Core/Src/vl53l1_api_core.c **** 	}
2099:Core/Src/vl53l1_api_core.c **** 
2100:Core/Src/vl53l1_api_core.c **** 	if (device_config_level >= VL53L1_DEVICECONFIGLEVEL_DYNAMIC_ONWARDS &&
 3131              		.loc 1 2100 2 is_stmt 1 view .LVU1032
 3132              		.loc 1 2100 5 is_stmt 0 view .LVU1033
 3133 0120 C6B1     		cbz	r6, .L155
 3134              		.loc 1 2100 70 discriminator 1 view .LVU1034
ARM GAS  C:\Users\Lenovo\AppData\Local\Temp\ccZ6paZS.s 			page 97


 3135 0122 B8B9     		cbnz	r0, .L155
2101:Core/Src/vl53l1_api_core.c **** 		status == VL53L1_ERROR_NONE) {
2102:Core/Src/vl53l1_api_core.c **** 
2103:Core/Src/vl53l1_api_core.c **** 		i2c_buffer_offset_bytes = \
 3136              		.loc 1 2103 3 is_stmt 1 view .LVU1035
 3137              		.loc 1 2103 27 is_stmt 0 view .LVU1036
 3138 0124 C7F17102 		rsb	r2, r7, #113
 3139 0128 92B2     		uxth	r2, r2
 3140              	.LVL288:
2104:Core/Src/vl53l1_api_core.c **** 			VL53L1_DYNAMIC_CONFIG_I2C_INDEX - i2c_index;
2105:Core/Src/vl53l1_api_core.c **** 
2106:Core/Src/vl53l1_api_core.c **** 		/* If in back to back mode, use GPH ID from cfg_state */
2107:Core/Src/vl53l1_api_core.c **** 		if ((psystem->system__mode_start &
 3141              		.loc 1 2107 3 is_stmt 1 view .LVU1037
 3142              		.loc 1 2107 15 is_stmt 0 view .LVU1038
 3143 012a 94F8CC31 		ldrb	r3, [r4, #460]	@ zero_extendqisi2
 3144              		.loc 1 2107 6 view .LVU1039
 3145 012e 13F0200F 		tst	r3, #32
 3146 0132 09D0     		beq	.L156
2108:Core/Src/vl53l1_api_core.c **** 			VL53L1_DEVICEMEASUREMENTMODE_BACKTOBACK) ==
2109:Core/Src/vl53l1_api_core.c **** 			VL53L1_DEVICEMEASUREMENTMODE_BACKTOBACK) {
2110:Core/Src/vl53l1_api_core.c **** 			pdynamic->system__grouped_parameter_hold_0 = pstate->cfg_gph_id | 0x01;
 3147              		.loc 1 2110 4 is_stmt 1 view .LVU1040
 3148              		.loc 1 2110 55 is_stmt 0 view .LVU1041
 3149 0134 94F82E30 		ldrb	r3, [r4, #46]	@ zero_extendqisi2
 3150              		.loc 1 2110 47 view .LVU1042
 3151 0138 43F00101 		orr	r1, r3, #1
 3152 013c 84F8B411 		strb	r1, [r4, #436]
2111:Core/Src/vl53l1_api_core.c **** 			pdynamic->system__grouped_parameter_hold_1 = pstate->cfg_gph_id | 0x01;
 3153              		.loc 1 2111 4 is_stmt 1 view .LVU1043
 3154              		.loc 1 2111 47 is_stmt 0 view .LVU1044
 3155 0140 84F8C011 		strb	r1, [r4, #448]
2112:Core/Src/vl53l1_api_core.c **** 			pdynamic->system__grouped_parameter_hold   = pstate->cfg_gph_id;
 3156              		.loc 1 2112 4 is_stmt 1 view .LVU1045
 3157              		.loc 1 2112 47 is_stmt 0 view .LVU1046
 3158 0144 84F8C631 		strb	r3, [r4, #454]
 3159              	.L156:
2113:Core/Src/vl53l1_api_core.c **** 		}
2114:Core/Src/vl53l1_api_core.c **** 		status =
 3160              		.loc 1 2114 3 is_stmt 1 view .LVU1047
2115:Core/Src/vl53l1_api_core.c **** 			VL53L1_i2c_encode_dynamic_config(
 3161              		.loc 1 2115 4 is_stmt 0 view .LVU1048
 3162 0148 02AB     		add	r3, sp, #8
 3163 014a 1A44     		add	r2, r2, r3
 3164              	.LVL289:
 3165              		.loc 1 2115 4 view .LVU1049
 3166 014c 1221     		movs	r1, #18
 3167 014e 4846     		mov	r0, r9
 3168              	.LVL290:
 3169              		.loc 1 2115 4 view .LVU1050
 3170 0150 FFF7FEFF 		bl	VL53L1_i2c_encode_dynamic_config
 3171              	.LVL291:
 3172              	.L155:
2116:Core/Src/vl53l1_api_core.c **** 				pdynamic,
2117:Core/Src/vl53l1_api_core.c **** 				VL53L1_DYNAMIC_CONFIG_I2C_SIZE_BYTES,
2118:Core/Src/vl53l1_api_core.c **** 				&buffer[i2c_buffer_offset_bytes]);
2119:Core/Src/vl53l1_api_core.c **** 	}
ARM GAS  C:\Users\Lenovo\AppData\Local\Temp\ccZ6paZS.s 			page 98


2120:Core/Src/vl53l1_api_core.c **** 
2121:Core/Src/vl53l1_api_core.c **** 	if (status == VL53L1_ERROR_NONE) {
 3173              		.loc 1 2121 2 is_stmt 1 view .LVU1051
 3174              		.loc 1 2121 5 is_stmt 0 view .LVU1052
 3175 0154 0028     		cmp	r0, #0
 3176 0156 39D0     		beq	.L173
 3177              	.L157:
2122:Core/Src/vl53l1_api_core.c **** 
2123:Core/Src/vl53l1_api_core.c **** 		i2c_buffer_offset_bytes = \
2124:Core/Src/vl53l1_api_core.c **** 				VL53L1_SYSTEM_CONTROL_I2C_INDEX - i2c_index;
2125:Core/Src/vl53l1_api_core.c **** 
2126:Core/Src/vl53l1_api_core.c **** 		status =
2127:Core/Src/vl53l1_api_core.c **** 			VL53L1_i2c_encode_system_control(
2128:Core/Src/vl53l1_api_core.c **** 				psystem,
2129:Core/Src/vl53l1_api_core.c **** 				VL53L1_SYSTEM_CONTROL_I2C_SIZE_BYTES,
2130:Core/Src/vl53l1_api_core.c **** 				&buffer[i2c_buffer_offset_bytes]);
2131:Core/Src/vl53l1_api_core.c **** 	}
2132:Core/Src/vl53l1_api_core.c **** 
2133:Core/Src/vl53l1_api_core.c **** 	/* Send I2C Buffer */
2134:Core/Src/vl53l1_api_core.c **** 
2135:Core/Src/vl53l1_api_core.c **** 	if (status == VL53L1_ERROR_NONE) {
 3178              		.loc 1 2135 2 is_stmt 1 view .LVU1053
 3179              		.loc 1 2135 5 is_stmt 0 view .LVU1054
 3180 0158 0028     		cmp	r0, #0
 3181 015a 41D0     		beq	.L174
 3182              	.L158:
2136:Core/Src/vl53l1_api_core.c **** 		status =
2137:Core/Src/vl53l1_api_core.c **** 			VL53L1_WriteMulti(
2138:Core/Src/vl53l1_api_core.c **** 				Dev,
2139:Core/Src/vl53l1_api_core.c **** 				i2c_index,
2140:Core/Src/vl53l1_api_core.c **** 				buffer,
2141:Core/Src/vl53l1_api_core.c **** 				(uint32_t)i2c_buffer_size_bytes);
2142:Core/Src/vl53l1_api_core.c **** 	}
2143:Core/Src/vl53l1_api_core.c **** 
2144:Core/Src/vl53l1_api_core.c **** 	/*
2145:Core/Src/vl53l1_api_core.c **** 	 * Update LL Driver State
2146:Core/Src/vl53l1_api_core.c **** 	 */
2147:Core/Src/vl53l1_api_core.c **** 	if (status == VL53L1_ERROR_NONE)
 3183              		.loc 1 2147 2 is_stmt 1 view .LVU1055
 3184              		.loc 1 2147 5 is_stmt 0 view .LVU1056
 3185 015c 0028     		cmp	r0, #0
 3186 015e 46D0     		beq	.L175
 3187              	.L159:
2148:Core/Src/vl53l1_api_core.c **** 		status = VL53L1_update_ll_driver_rd_state(Dev);
2149:Core/Src/vl53l1_api_core.c **** 
2150:Core/Src/vl53l1_api_core.c **** 	if (status == VL53L1_ERROR_NONE)
 3188              		.loc 1 2150 2 is_stmt 1 view .LVU1057
 3189              		.loc 1 2150 5 is_stmt 0 view .LVU1058
 3190 0160 0028     		cmp	r0, #0
 3191 0162 48D0     		beq	.L176
 3192              	.L160:
2151:Core/Src/vl53l1_api_core.c **** 		status = VL53L1_update_ll_driver_cfg_state(Dev);
2152:Core/Src/vl53l1_api_core.c **** 
2153:Core/Src/vl53l1_api_core.c **** 	LOG_FUNCTION_END(status);
 3193              		.loc 1 2153 26 is_stmt 1 view .LVU1059
2154:Core/Src/vl53l1_api_core.c **** 
2155:Core/Src/vl53l1_api_core.c **** 	return status;
ARM GAS  C:\Users\Lenovo\AppData\Local\Temp\ccZ6paZS.s 			page 99


 3194              		.loc 1 2155 2 view .LVU1060
2156:Core/Src/vl53l1_api_core.c **** }
 3195              		.loc 1 2156 1 is_stmt 0 view .LVU1061
 3196 0164 43B0     		add	sp, sp, #268
 3197              	.LCFI26:
 3198              		.cfi_remember_state
 3199              		.cfi_def_cfa_offset 36
 3200              	.LVL292:
 3201              		.loc 1 2156 1 view .LVU1062
 3202              		@ sp needed
 3203 0166 BDE8F08F 		pop	{r4, r5, r6, r7, r8, r9, r10, fp, pc}
 3204              	.LVL293:
 3205              	.L168:
 3206              	.LCFI27:
 3207              		.cfi_restore_state
2038:Core/Src/vl53l1_api_core.c **** 			VL53L1_STATIC_NVM_MANAGED_I2C_INDEX - i2c_index;
 3208              		.loc 1 2038 3 is_stmt 1 view .LVU1063
2038:Core/Src/vl53l1_api_core.c **** 			VL53L1_STATIC_NVM_MANAGED_I2C_INDEX - i2c_index;
 3209              		.loc 1 2038 27 is_stmt 0 view .LVU1064
 3210 016a C7F10102 		rsb	r2, r7, #1
 3211              	.LVL294:
2041:Core/Src/vl53l1_api_core.c **** 			VL53L1_i2c_encode_static_nvm_managed(
 3212              		.loc 1 2041 3 is_stmt 1 view .LVU1065
2042:Core/Src/vl53l1_api_core.c **** 				pstatic_nvm,
 3213              		.loc 1 2042 4 is_stmt 0 view .LVU1066
 3214 016e 02AB     		add	r3, sp, #8
 3215              	.LVL295:
2042:Core/Src/vl53l1_api_core.c **** 				pstatic_nvm,
 3216              		.loc 1 2042 4 view .LVU1067
 3217 0170 13FA82F2 		uxtah	r2, r3, r2
 3218 0174 0B21     		movs	r1, #11
 3219 0176 FFF7FEFF 		bl	VL53L1_i2c_encode_static_nvm_managed
 3220              	.LVL296:
2042:Core/Src/vl53l1_api_core.c **** 				pstatic_nvm,
 3221              		.loc 1 2042 4 view .LVU1068
 3222 017a C1E7     		b	.L150
 3223              	.L169:
2051:Core/Src/vl53l1_api_core.c **** 			VL53L1_CUSTOMER_NVM_MANAGED_I2C_INDEX - i2c_index;
 3224              		.loc 1 2051 3 is_stmt 1 view .LVU1069
2051:Core/Src/vl53l1_api_core.c **** 			VL53L1_CUSTOMER_NVM_MANAGED_I2C_INDEX - i2c_index;
 3225              		.loc 1 2051 27 is_stmt 0 view .LVU1070
 3226 017c C7F10D02 		rsb	r2, r7, #13
2054:Core/Src/vl53l1_api_core.c **** 			VL53L1_i2c_encode_customer_nvm_managed(
 3227              		.loc 1 2054 3 is_stmt 1 view .LVU1071
2055:Core/Src/vl53l1_api_core.c **** 				pcustomer_nvm,
 3228              		.loc 1 2055 4 is_stmt 0 view .LVU1072
 3229 0180 02AB     		add	r3, sp, #8
 3230 0182 13FA82F2 		uxtah	r2, r3, r2
 3231 0186 1721     		movs	r1, #23
 3232 0188 5846     		mov	r0, fp
 3233              	.LVL297:
2055:Core/Src/vl53l1_api_core.c **** 				pcustomer_nvm,
 3234              		.loc 1 2055 4 view .LVU1073
 3235 018a FFF7FEFF 		bl	VL53L1_i2c_encode_customer_nvm_managed
 3236              	.LVL298:
2055:Core/Src/vl53l1_api_core.c **** 				pcustomer_nvm,
 3237              		.loc 1 2055 4 view .LVU1074
ARM GAS  C:\Users\Lenovo\AppData\Local\Temp\ccZ6paZS.s 			page 100


 3238 018e BBE7     		b	.L151
 3239              	.L170:
2064:Core/Src/vl53l1_api_core.c **** 			VL53L1_STATIC_CONFIG_I2C_INDEX - i2c_index;
 3240              		.loc 1 2064 3 is_stmt 1 view .LVU1075
2064:Core/Src/vl53l1_api_core.c **** 			VL53L1_STATIC_CONFIG_I2C_INDEX - i2c_index;
 3241              		.loc 1 2064 27 is_stmt 0 view .LVU1076
 3242 0190 C7F12402 		rsb	r2, r7, #36
2067:Core/Src/vl53l1_api_core.c **** 			VL53L1_i2c_encode_static_config(
 3243              		.loc 1 2067 3 is_stmt 1 view .LVU1077
2068:Core/Src/vl53l1_api_core.c **** 				pstatic,
 3244              		.loc 1 2068 4 is_stmt 0 view .LVU1078
 3245 0194 02AB     		add	r3, sp, #8
 3246 0196 13FA82F2 		uxtah	r2, r3, r2
 3247 019a 2021     		movs	r1, #32
 3248 019c 0098     		ldr	r0, [sp]
 3249              	.LVL299:
2068:Core/Src/vl53l1_api_core.c **** 				pstatic,
 3250              		.loc 1 2068 4 view .LVU1079
 3251 019e FFF7FEFF 		bl	VL53L1_i2c_encode_static_config
 3252              	.LVL300:
2068:Core/Src/vl53l1_api_core.c **** 				pstatic,
 3253              		.loc 1 2068 4 view .LVU1080
 3254 01a2 B5E7     		b	.L152
 3255              	.L171:
2077:Core/Src/vl53l1_api_core.c **** 				VL53L1_GENERAL_CONFIG_I2C_INDEX - i2c_index;
 3256              		.loc 1 2077 3 is_stmt 1 view .LVU1081
2077:Core/Src/vl53l1_api_core.c **** 				VL53L1_GENERAL_CONFIG_I2C_INDEX - i2c_index;
 3257              		.loc 1 2077 27 is_stmt 0 view .LVU1082
 3258 01a4 C7F14402 		rsb	r2, r7, #68
2080:Core/Src/vl53l1_api_core.c **** 			VL53L1_i2c_encode_general_config(
 3259              		.loc 1 2080 3 is_stmt 1 view .LVU1083
2081:Core/Src/vl53l1_api_core.c **** 				pgeneral,
 3260              		.loc 1 2081 4 is_stmt 0 view .LVU1084
 3261 01a8 02AB     		add	r3, sp, #8
 3262 01aa 13FA82F2 		uxtah	r2, r3, r2
 3263 01ae 1621     		movs	r1, #22
 3264 01b0 0198     		ldr	r0, [sp, #4]
 3265              	.LVL301:
2081:Core/Src/vl53l1_api_core.c **** 				pgeneral,
 3266              		.loc 1 2081 4 view .LVU1085
 3267 01b2 FFF7FEFF 		bl	VL53L1_i2c_encode_general_config
 3268              	.LVL302:
2081:Core/Src/vl53l1_api_core.c **** 				pgeneral,
 3269              		.loc 1 2081 4 view .LVU1086
 3270 01b6 AFE7     		b	.L153
 3271              	.L172:
2090:Core/Src/vl53l1_api_core.c **** 				VL53L1_TIMING_CONFIG_I2C_INDEX - i2c_index;
 3272              		.loc 1 2090 3 is_stmt 1 view .LVU1087
2090:Core/Src/vl53l1_api_core.c **** 				VL53L1_TIMING_CONFIG_I2C_INDEX - i2c_index;
 3273              		.loc 1 2090 27 is_stmt 0 view .LVU1088
 3274 01b8 C7F15A02 		rsb	r2, r7, #90
2093:Core/Src/vl53l1_api_core.c **** 			VL53L1_i2c_encode_timing_config(
 3275              		.loc 1 2093 3 is_stmt 1 view .LVU1089
2094:Core/Src/vl53l1_api_core.c **** 				ptiming,
 3276              		.loc 1 2094 4 is_stmt 0 view .LVU1090
 3277 01bc 02AB     		add	r3, sp, #8
 3278 01be 13FA82F2 		uxtah	r2, r3, r2
ARM GAS  C:\Users\Lenovo\AppData\Local\Temp\ccZ6paZS.s 			page 101


 3279 01c2 1721     		movs	r1, #23
 3280 01c4 5046     		mov	r0, r10
 3281              	.LVL303:
2094:Core/Src/vl53l1_api_core.c **** 				ptiming,
 3282              		.loc 1 2094 4 view .LVU1091
 3283 01c6 FFF7FEFF 		bl	VL53L1_i2c_encode_timing_config
 3284              	.LVL304:
2094:Core/Src/vl53l1_api_core.c **** 				ptiming,
 3285              		.loc 1 2094 4 view .LVU1092
 3286 01ca A9E7     		b	.L154
 3287              	.L173:
2123:Core/Src/vl53l1_api_core.c **** 				VL53L1_SYSTEM_CONTROL_I2C_INDEX - i2c_index;
 3288              		.loc 1 2123 3 is_stmt 1 view .LVU1093
2123:Core/Src/vl53l1_api_core.c **** 				VL53L1_SYSTEM_CONTROL_I2C_INDEX - i2c_index;
 3289              		.loc 1 2123 27 is_stmt 0 view .LVU1094
 3290 01cc C7F18302 		rsb	r2, r7, #131
2126:Core/Src/vl53l1_api_core.c **** 			VL53L1_i2c_encode_system_control(
 3291              		.loc 1 2126 3 is_stmt 1 view .LVU1095
2127:Core/Src/vl53l1_api_core.c **** 				psystem,
 3292              		.loc 1 2127 4 is_stmt 0 view .LVU1096
 3293 01d0 02AB     		add	r3, sp, #8
 3294 01d2 13FA82F2 		uxtah	r2, r3, r2
 3295 01d6 0521     		movs	r1, #5
 3296 01d8 4046     		mov	r0, r8
 3297              	.LVL305:
2127:Core/Src/vl53l1_api_core.c **** 				psystem,
 3298              		.loc 1 2127 4 view .LVU1097
 3299 01da FFF7FEFF 		bl	VL53L1_i2c_encode_system_control
 3300              	.LVL306:
2127:Core/Src/vl53l1_api_core.c **** 				psystem,
 3301              		.loc 1 2127 4 view .LVU1098
 3302 01de BBE7     		b	.L157
 3303              	.L174:
2136:Core/Src/vl53l1_api_core.c **** 			VL53L1_WriteMulti(
 3304              		.loc 1 2136 3 is_stmt 1 view .LVU1099
2137:Core/Src/vl53l1_api_core.c **** 				Dev,
 3305              		.loc 1 2137 4 is_stmt 0 view .LVU1100
 3306 01e0 2B46     		mov	r3, r5
 3307 01e2 02AA     		add	r2, sp, #8
 3308 01e4 3946     		mov	r1, r7
 3309 01e6 2046     		mov	r0, r4
 3310              	.LVL307:
2137:Core/Src/vl53l1_api_core.c **** 				Dev,
 3311              		.loc 1 2137 4 view .LVU1101
 3312 01e8 FFF7FEFF 		bl	VL53L1_WriteMulti
 3313              	.LVL308:
2137:Core/Src/vl53l1_api_core.c **** 				Dev,
 3314              		.loc 1 2137 4 view .LVU1102
 3315 01ec B6E7     		b	.L158
 3316              	.L175:
2148:Core/Src/vl53l1_api_core.c **** 
 3317              		.loc 1 2148 3 is_stmt 1 view .LVU1103
2148:Core/Src/vl53l1_api_core.c **** 
 3318              		.loc 1 2148 12 is_stmt 0 view .LVU1104
 3319 01ee 2046     		mov	r0, r4
 3320              	.LVL309:
2148:Core/Src/vl53l1_api_core.c **** 
ARM GAS  C:\Users\Lenovo\AppData\Local\Temp\ccZ6paZS.s 			page 102


 3321              		.loc 1 2148 12 view .LVU1105
 3322 01f0 FFF7FEFF 		bl	VL53L1_update_ll_driver_rd_state
 3323              	.LVL310:
2148:Core/Src/vl53l1_api_core.c **** 
 3324              		.loc 1 2148 12 view .LVU1106
 3325 01f4 B4E7     		b	.L159
 3326              	.L176:
2151:Core/Src/vl53l1_api_core.c **** 
 3327              		.loc 1 2151 3 is_stmt 1 view .LVU1107
2151:Core/Src/vl53l1_api_core.c **** 
 3328              		.loc 1 2151 12 is_stmt 0 view .LVU1108
 3329 01f6 2046     		mov	r0, r4
 3330              	.LVL311:
2151:Core/Src/vl53l1_api_core.c **** 
 3331              		.loc 1 2151 12 view .LVU1109
 3332 01f8 FFF7FEFF 		bl	VL53L1_update_ll_driver_cfg_state
 3333              	.LVL312:
2151:Core/Src/vl53l1_api_core.c **** 
 3334              		.loc 1 2151 12 view .LVU1110
 3335 01fc B2E7     		b	.L160
 3336              	.L178:
 3337 01fe 00BF     		.align	2
 3338              	.L177:
 3339 0200 00010100 		.word	65792
 3340              		.cfi_endproc
 3341              	.LFE41:
 3343              		.section	.text.VL53L1_stop_range,"ax",%progbits
 3344              		.align	1
 3345              		.global	VL53L1_stop_range
 3346              		.syntax unified
 3347              		.thumb
 3348              		.thumb_func
 3350              	VL53L1_stop_range:
 3351              	.LVL313:
 3352              	.LFB42:
2157:Core/Src/vl53l1_api_core.c **** 
2158:Core/Src/vl53l1_api_core.c **** 
2159:Core/Src/vl53l1_api_core.c **** VL53L1_Error VL53L1_stop_range(
2160:Core/Src/vl53l1_api_core.c **** 	VL53L1_DEV     Dev)
2161:Core/Src/vl53l1_api_core.c **** {
 3353              		.loc 1 2161 1 is_stmt 1 view -0
 3354              		.cfi_startproc
 3355              		@ args = 0, pretend = 0, frame = 0
 3356              		@ frame_needed = 0, uses_anonymous_args = 0
 3357              		.loc 1 2161 1 is_stmt 0 view .LVU1112
 3358 0000 38B5     		push	{r3, r4, r5, lr}
 3359              	.LCFI28:
 3360              		.cfi_def_cfa_offset 16
 3361              		.cfi_offset 3, -16
 3362              		.cfi_offset 4, -12
 3363              		.cfi_offset 5, -8
 3364              		.cfi_offset 14, -4
 3365 0002 0446     		mov	r4, r0
2162:Core/Src/vl53l1_api_core.c **** 	/*
2163:Core/Src/vl53l1_api_core.c **** 	 * Stops any in process range using the ABORT command
2164:Core/Src/vl53l1_api_core.c **** 	 * Also clears all of the measurement mode bits
2165:Core/Src/vl53l1_api_core.c **** 	 */
ARM GAS  C:\Users\Lenovo\AppData\Local\Temp\ccZ6paZS.s 			page 103


2166:Core/Src/vl53l1_api_core.c **** 
2167:Core/Src/vl53l1_api_core.c **** 	VL53L1_Error status = VL53L1_ERROR_NONE;
 3366              		.loc 1 2167 2 is_stmt 1 view .LVU1113
 3367              	.LVL314:
2168:Core/Src/vl53l1_api_core.c **** 
2169:Core/Src/vl53l1_api_core.c **** 	VL53L1_LLDriverData_t *pdev =
 3368              		.loc 1 2169 2 view .LVU1114
2170:Core/Src/vl53l1_api_core.c **** 			VL53L1DevStructGetLLDriverHandle(Dev);
2171:Core/Src/vl53l1_api_core.c **** 
2172:Core/Src/vl53l1_api_core.c **** 	/* Merge ABORT mode with mode_start */
2173:Core/Src/vl53l1_api_core.c **** 
2174:Core/Src/vl53l1_api_core.c **** 	pdev->sys_ctrl.system__mode_start =
 3369              		.loc 1 2174 2 view .LVU1115
2175:Core/Src/vl53l1_api_core.c **** 			(pdev->sys_ctrl.system__mode_start & VL53L1_DEVICEMEASUREMENTMODE_STOP_MASK) |
 3370              		.loc 1 2175 19 is_stmt 0 view .LVU1116
 3371 0004 90F9CC31 		ldrsb	r3, [r0, #460]
 3372              		.loc 1 2175 39 view .LVU1117
 3373 0008 03F00F03 		and	r3, r3, #15
 3374              		.loc 1 2175 81 view .LVU1118
 3375 000c 43F08003 		orr	r3, r3, #128
2174:Core/Src/vl53l1_api_core.c **** 			(pdev->sys_ctrl.system__mode_start & VL53L1_DEVICEMEASUREMENTMODE_STOP_MASK) |
 3376              		.loc 1 2174 36 view .LVU1119
 3377 0010 80F8CC31 		strb	r3, [r0, #460]
2176:Core/Src/vl53l1_api_core.c **** 			 VL53L1_DEVICEMEASUREMENTMODE_ABORT;
2177:Core/Src/vl53l1_api_core.c **** 
2178:Core/Src/vl53l1_api_core.c **** 	status = VL53L1_set_system_control(
 3378              		.loc 1 2178 2 is_stmt 1 view .LVU1120
 3379              		.loc 1 2178 11 is_stmt 0 view .LVU1121
 3380 0014 00F5E471 		add	r1, r0, #456
 3381 0018 FFF7FEFF 		bl	VL53L1_set_system_control
 3382              	.LVL315:
 3383              		.loc 1 2178 11 view .LVU1122
 3384 001c 0546     		mov	r5, r0
 3385              	.LVL316:
2179:Core/Src/vl53l1_api_core.c **** 				Dev,
2180:Core/Src/vl53l1_api_core.c **** 				&pdev->sys_ctrl);
2181:Core/Src/vl53l1_api_core.c **** 
2182:Core/Src/vl53l1_api_core.c **** 	/* Abort bit is auto clear so clear register group structure to match */
2183:Core/Src/vl53l1_api_core.c **** 	pdev->sys_ctrl.system__mode_start =
 3386              		.loc 1 2183 2 is_stmt 1 view .LVU1123
2184:Core/Src/vl53l1_api_core.c **** 			(pdev->sys_ctrl.system__mode_start & VL53L1_DEVICEMEASUREMENTMODE_STOP_MASK);
 3387              		.loc 1 2184 19 is_stmt 0 view .LVU1124
 3388 001e 94F8CC31 		ldrb	r3, [r4, #460]	@ zero_extendqisi2
 3389              		.loc 1 2184 39 view .LVU1125
 3390 0022 03F00F03 		and	r3, r3, #15
2183:Core/Src/vl53l1_api_core.c **** 			(pdev->sys_ctrl.system__mode_start & VL53L1_DEVICEMEASUREMENTMODE_STOP_MASK);
 3391              		.loc 1 2183 36 view .LVU1126
 3392 0026 84F8CC31 		strb	r3, [r4, #460]
2185:Core/Src/vl53l1_api_core.c **** 
2186:Core/Src/vl53l1_api_core.c **** 	/* reset zone dynamic info */
2187:Core/Src/vl53l1_api_core.c **** 	VL53L1_init_ll_driver_state(
 3393              		.loc 1 2187 2 is_stmt 1 view .LVU1127
 3394 002a 0321     		movs	r1, #3
 3395 002c 2046     		mov	r0, r4
 3396 002e FFF7FEFF 		bl	VL53L1_init_ll_driver_state
 3397              	.LVL317:
2188:Core/Src/vl53l1_api_core.c **** 			Dev,
ARM GAS  C:\Users\Lenovo\AppData\Local\Temp\ccZ6paZS.s 			page 104


2189:Core/Src/vl53l1_api_core.c **** 			VL53L1_DEVICESTATE_SW_STANDBY);
2190:Core/Src/vl53l1_api_core.c **** 
2191:Core/Src/vl53l1_api_core.c **** 	/* reset low power auto */
2192:Core/Src/vl53l1_api_core.c **** 	if (pdev->low_power_auto_data.is_low_power_auto_mode == 1)
 3398              		.loc 1 2192 2 view .LVU1128
 3399              		.loc 1 2192 31 is_stmt 0 view .LVU1129
 3400 0032 94F8E532 		ldrb	r3, [r4, #741]	@ zero_extendqisi2
 3401              		.loc 1 2192 5 view .LVU1130
 3402 0036 012B     		cmp	r3, #1
 3403 0038 01D0     		beq	.L182
 3404              	.L180:
2193:Core/Src/vl53l1_api_core.c **** 		VL53L1_low_power_auto_data_stop_range(Dev);
2194:Core/Src/vl53l1_api_core.c **** 
2195:Core/Src/vl53l1_api_core.c **** 	return status;
 3405              		.loc 1 2195 2 is_stmt 1 view .LVU1131
2196:Core/Src/vl53l1_api_core.c **** }
 3406              		.loc 1 2196 1 is_stmt 0 view .LVU1132
 3407 003a 2846     		mov	r0, r5
 3408 003c 38BD     		pop	{r3, r4, r5, pc}
 3409              	.LVL318:
 3410              	.L182:
2193:Core/Src/vl53l1_api_core.c **** 		VL53L1_low_power_auto_data_stop_range(Dev);
 3411              		.loc 1 2193 3 is_stmt 1 view .LVU1133
 3412 003e 2046     		mov	r0, r4
 3413 0040 FFF7FEFF 		bl	VL53L1_low_power_auto_data_stop_range
 3414              	.LVL319:
 3415 0044 F9E7     		b	.L180
 3416              		.cfi_endproc
 3417              	.LFE42:
 3419              		.section	.text.VL53L1_get_measurement_results,"ax",%progbits
 3420              		.align	1
 3421              		.global	VL53L1_get_measurement_results
 3422              		.syntax unified
 3423              		.thumb
 3424              		.thumb_func
 3426              	VL53L1_get_measurement_results:
 3427              	.LVL320:
 3428              	.LFB43:
2197:Core/Src/vl53l1_api_core.c **** 
2198:Core/Src/vl53l1_api_core.c **** 
2199:Core/Src/vl53l1_api_core.c **** VL53L1_Error VL53L1_get_measurement_results(
2200:Core/Src/vl53l1_api_core.c **** 	VL53L1_DEV                     Dev,
2201:Core/Src/vl53l1_api_core.c **** 	VL53L1_DeviceResultsLevel      device_results_level)
2202:Core/Src/vl53l1_api_core.c **** {
 3429              		.loc 1 2202 1 view -0
 3430              		.cfi_startproc
 3431              		@ args = 0, pretend = 0, frame = 256
 3432              		@ frame_needed = 0, uses_anonymous_args = 0
 3433              		.loc 1 2202 1 is_stmt 0 view .LVU1135
 3434 0000 F0B5     		push	{r4, r5, r6, r7, lr}
 3435              	.LCFI29:
 3436              		.cfi_def_cfa_offset 20
 3437              		.cfi_offset 4, -20
 3438              		.cfi_offset 5, -16
 3439              		.cfi_offset 6, -12
 3440              		.cfi_offset 7, -8
 3441              		.cfi_offset 14, -4
ARM GAS  C:\Users\Lenovo\AppData\Local\Temp\ccZ6paZS.s 			page 105


 3442 0002 C1B0     		sub	sp, sp, #260
 3443              	.LCFI30:
 3444              		.cfi_def_cfa_offset 280
 3445 0004 0C46     		mov	r4, r1
2203:Core/Src/vl53l1_api_core.c **** 	/*
2204:Core/Src/vl53l1_api_core.c **** 	 * Read via a single I2C multiple byte transaction all
2205:Core/Src/vl53l1_api_core.c **** 	 * of the requested device measurement data results
2206:Core/Src/vl53l1_api_core.c **** 	 */
2207:Core/Src/vl53l1_api_core.c **** 
2208:Core/Src/vl53l1_api_core.c **** 	VL53L1_Error status = VL53L1_ERROR_NONE;
 3446              		.loc 1 2208 2 is_stmt 1 view .LVU1136
 3447              	.LVL321:
2209:Core/Src/vl53l1_api_core.c **** 	VL53L1_LLDriverData_t *pdev = VL53L1DevStructGetLLDriverHandle(Dev);
 3448              		.loc 1 2209 2 view .LVU1137
2210:Core/Src/vl53l1_api_core.c **** 
2211:Core/Src/vl53l1_api_core.c **** 	uint8_t buffer[VL53L1_MAX_I2C_XFER_SIZE];
 3449              		.loc 1 2211 2 view .LVU1138
2212:Core/Src/vl53l1_api_core.c **** 
2213:Core/Src/vl53l1_api_core.c **** 	VL53L1_system_results_t   *psystem_results = &(pdev->sys_results);
 3450              		.loc 1 2213 2 view .LVU1139
 3451              		.loc 1 2213 29 is_stmt 0 view .LVU1140
 3452 0006 00F5E775 		add	r5, r0, #462
 3453              	.LVL322:
2214:Core/Src/vl53l1_api_core.c **** 	VL53L1_core_results_t     *pcore_results   = &(pdev->core_results);
 3454              		.loc 1 2214 2 is_stmt 1 view .LVU1141
 3455              		.loc 1 2214 29 is_stmt 0 view .LVU1142
 3456 000a 00F52276 		add	r6, r0, #648
 3457              	.LVL323:
2215:Core/Src/vl53l1_api_core.c **** 	VL53L1_debug_results_t    *pdebug_results  = &(pdev->dbg_results);
 3458              		.loc 1 2215 2 is_stmt 1 view .LVU1143
 3459              		.loc 1 2215 29 is_stmt 0 view .LVU1144
 3460 000e 00F52B77 		add	r7, r0, #684
 3461              	.LVL324:
2216:Core/Src/vl53l1_api_core.c **** 
2217:Core/Src/vl53l1_api_core.c **** 	uint16_t i2c_index               = VL53L1_SYSTEM_RESULTS_I2C_INDEX;
 3462              		.loc 1 2217 2 is_stmt 1 view .LVU1145
2218:Core/Src/vl53l1_api_core.c **** 	uint16_t i2c_buffer_offset_bytes = 0;
 3463              		.loc 1 2218 2 view .LVU1146
2219:Core/Src/vl53l1_api_core.c **** 	uint16_t i2c_buffer_size_bytes   = 0;
 3464              		.loc 1 2219 2 view .LVU1147
2220:Core/Src/vl53l1_api_core.c **** 
2221:Core/Src/vl53l1_api_core.c **** 	LOG_FUNCTION_START("");
 3465              		.loc 1 2221 24 view .LVU1148
2222:Core/Src/vl53l1_api_core.c **** 
2223:Core/Src/vl53l1_api_core.c **** 	/* Determine multi byte read transaction size */
2224:Core/Src/vl53l1_api_core.c **** 
2225:Core/Src/vl53l1_api_core.c **** 	switch (device_results_level) {
 3466              		.loc 1 2225 2 view .LVU1149
 3467 0012 0129     		cmp	r1, #1
 3468 0014 0ED0     		beq	.L188
 3469 0016 0229     		cmp	r1, #2
 3470 0018 0ED1     		bne	.L189
 3471 001a 8623     		movs	r3, #134
 3472              	.L184:
 3473              	.LVL325:
2226:Core/Src/vl53l1_api_core.c **** 	case VL53L1_DEVICERESULTSLEVEL_FULL:
2227:Core/Src/vl53l1_api_core.c **** 		i2c_buffer_size_bytes =
ARM GAS  C:\Users\Lenovo\AppData\Local\Temp\ccZ6paZS.s 			page 106


2228:Core/Src/vl53l1_api_core.c **** 				(VL53L1_DEBUG_RESULTS_I2C_INDEX +
2229:Core/Src/vl53l1_api_core.c **** 				VL53L1_DEBUG_RESULTS_I2C_SIZE_BYTES) -
2230:Core/Src/vl53l1_api_core.c **** 				i2c_index;
2231:Core/Src/vl53l1_api_core.c **** 		break;
2232:Core/Src/vl53l1_api_core.c **** 	case VL53L1_DEVICERESULTSLEVEL_UPTO_CORE:
2233:Core/Src/vl53l1_api_core.c **** 		i2c_buffer_size_bytes =
2234:Core/Src/vl53l1_api_core.c **** 				(VL53L1_CORE_RESULTS_I2C_INDEX +
2235:Core/Src/vl53l1_api_core.c **** 				VL53L1_CORE_RESULTS_I2C_SIZE_BYTES) -
2236:Core/Src/vl53l1_api_core.c **** 				i2c_index;
2237:Core/Src/vl53l1_api_core.c **** 		break;
2238:Core/Src/vl53l1_api_core.c **** 	default:
2239:Core/Src/vl53l1_api_core.c **** 		i2c_buffer_size_bytes =
2240:Core/Src/vl53l1_api_core.c **** 				VL53L1_SYSTEM_RESULTS_I2C_SIZE_BYTES;
2241:Core/Src/vl53l1_api_core.c **** 		break;
2242:Core/Src/vl53l1_api_core.c **** 	}
2243:Core/Src/vl53l1_api_core.c **** 
2244:Core/Src/vl53l1_api_core.c **** 	/* Read  Result Data */
2245:Core/Src/vl53l1_api_core.c **** 
2246:Core/Src/vl53l1_api_core.c **** 	if (status == VL53L1_ERROR_NONE) /*lint !e774 always true*/
 3474              		.loc 1 2246 2 view .LVU1150
2247:Core/Src/vl53l1_api_core.c **** 		status =
 3475              		.loc 1 2247 3 view .LVU1151
2248:Core/Src/vl53l1_api_core.c **** 			VL53L1_ReadMulti(
 3476              		.loc 1 2248 4 is_stmt 0 view .LVU1152
 3477 001c 6A46     		mov	r2, sp
 3478 001e 8821     		movs	r1, #136
 3479              	.LVL326:
 3480              		.loc 1 2248 4 view .LVU1153
 3481 0020 FFF7FEFF 		bl	VL53L1_ReadMulti
 3482              	.LVL327:
2249:Core/Src/vl53l1_api_core.c **** 				Dev,
2250:Core/Src/vl53l1_api_core.c **** 				i2c_index,
2251:Core/Src/vl53l1_api_core.c **** 				buffer,
2252:Core/Src/vl53l1_api_core.c **** 				(uint32_t)i2c_buffer_size_bytes);
2253:Core/Src/vl53l1_api_core.c **** 
2254:Core/Src/vl53l1_api_core.c **** 	/* Decode  I2C buffer */
2255:Core/Src/vl53l1_api_core.c **** 
2256:Core/Src/vl53l1_api_core.c **** 	if (device_results_level >= VL53L1_DEVICERESULTSLEVEL_FULL &&
 3483              		.loc 1 2256 2 is_stmt 1 view .LVU1154
 3484              		.loc 1 2256 5 is_stmt 0 view .LVU1155
 3485 0024 012C     		cmp	r4, #1
 3486 0026 00D9     		bls	.L185
 3487              		.loc 1 2256 61 discriminator 1 view .LVU1156
 3488 0028 40B1     		cbz	r0, .L191
 3489              	.LVL328:
 3490              	.L185:
2257:Core/Src/vl53l1_api_core.c **** 		status == VL53L1_ERROR_NONE) {
2258:Core/Src/vl53l1_api_core.c **** 
2259:Core/Src/vl53l1_api_core.c **** 		i2c_buffer_offset_bytes =
2260:Core/Src/vl53l1_api_core.c **** 				VL53L1_DEBUG_RESULTS_I2C_INDEX - i2c_index;
2261:Core/Src/vl53l1_api_core.c **** 
2262:Core/Src/vl53l1_api_core.c **** 		status =
2263:Core/Src/vl53l1_api_core.c **** 			VL53L1_i2c_decode_debug_results(
2264:Core/Src/vl53l1_api_core.c **** 				VL53L1_DEBUG_RESULTS_I2C_SIZE_BYTES,
2265:Core/Src/vl53l1_api_core.c **** 				&buffer[i2c_buffer_offset_bytes],
2266:Core/Src/vl53l1_api_core.c **** 				pdebug_results);
2267:Core/Src/vl53l1_api_core.c **** 	}
ARM GAS  C:\Users\Lenovo\AppData\Local\Temp\ccZ6paZS.s 			page 107


2268:Core/Src/vl53l1_api_core.c **** 
2269:Core/Src/vl53l1_api_core.c **** 	if (device_results_level >= VL53L1_DEVICERESULTSLEVEL_UPTO_CORE &&
 3491              		.loc 1 2269 2 is_stmt 1 view .LVU1157
 3492              		.loc 1 2269 5 is_stmt 0 view .LVU1158
 3493 002a 04B1     		cbz	r4, .L186
 3494              		.loc 1 2269 66 discriminator 1 view .LVU1159
 3495 002c 68B1     		cbz	r0, .L192
 3496              	.L186:
2270:Core/Src/vl53l1_api_core.c **** 		status == VL53L1_ERROR_NONE) {
2271:Core/Src/vl53l1_api_core.c **** 
2272:Core/Src/vl53l1_api_core.c **** 		i2c_buffer_offset_bytes =
2273:Core/Src/vl53l1_api_core.c **** 				VL53L1_CORE_RESULTS_I2C_INDEX - i2c_index;
2274:Core/Src/vl53l1_api_core.c **** 
2275:Core/Src/vl53l1_api_core.c **** 		status =
2276:Core/Src/vl53l1_api_core.c **** 			VL53L1_i2c_decode_core_results(
2277:Core/Src/vl53l1_api_core.c **** 				VL53L1_CORE_RESULTS_I2C_SIZE_BYTES,
2278:Core/Src/vl53l1_api_core.c **** 				&buffer[i2c_buffer_offset_bytes],
2279:Core/Src/vl53l1_api_core.c **** 				pcore_results);
2280:Core/Src/vl53l1_api_core.c **** 	}
2281:Core/Src/vl53l1_api_core.c **** 
2282:Core/Src/vl53l1_api_core.c **** 	if (status == VL53L1_ERROR_NONE) {
 3497              		.loc 1 2282 2 is_stmt 1 view .LVU1160
 3498              		.loc 1 2282 5 is_stmt 0 view .LVU1161
 3499 002e 90B1     		cbz	r0, .L193
 3500              	.L187:
2283:Core/Src/vl53l1_api_core.c **** 
2284:Core/Src/vl53l1_api_core.c **** 		i2c_buffer_offset_bytes = 0;
2285:Core/Src/vl53l1_api_core.c **** 		status =
2286:Core/Src/vl53l1_api_core.c **** 			VL53L1_i2c_decode_system_results(
2287:Core/Src/vl53l1_api_core.c **** 				VL53L1_SYSTEM_RESULTS_I2C_SIZE_BYTES,
2288:Core/Src/vl53l1_api_core.c **** 				&buffer[i2c_buffer_offset_bytes],
2289:Core/Src/vl53l1_api_core.c **** 				psystem_results);
2290:Core/Src/vl53l1_api_core.c **** 	}
2291:Core/Src/vl53l1_api_core.c **** 
2292:Core/Src/vl53l1_api_core.c **** 	LOG_FUNCTION_END(status);
 3501              		.loc 1 2292 26 is_stmt 1 view .LVU1162
2293:Core/Src/vl53l1_api_core.c **** 
2294:Core/Src/vl53l1_api_core.c **** 	return status;
 3502              		.loc 1 2294 2 view .LVU1163
2295:Core/Src/vl53l1_api_core.c **** }
 3503              		.loc 1 2295 1 is_stmt 0 view .LVU1164
 3504 0030 41B0     		add	sp, sp, #260
 3505              	.LCFI31:
 3506              		.cfi_remember_state
 3507              		.cfi_def_cfa_offset 20
 3508              		@ sp needed
 3509 0032 F0BD     		pop	{r4, r5, r6, r7, pc}
 3510              	.LVL329:
 3511              	.L188:
 3512              	.LCFI32:
 3513              		.cfi_restore_state
2233:Core/Src/vl53l1_api_core.c **** 				(VL53L1_CORE_RESULTS_I2C_INDEX +
 3514              		.loc 1 2233 25 view .LVU1165
 3515 0034 4D23     		movs	r3, #77
 3516 0036 F1E7     		b	.L184
 3517              	.L189:
2239:Core/Src/vl53l1_api_core.c **** 				VL53L1_SYSTEM_RESULTS_I2C_SIZE_BYTES;
ARM GAS  C:\Users\Lenovo\AppData\Local\Temp\ccZ6paZS.s 			page 108


 3518              		.loc 1 2239 25 view .LVU1166
 3519 0038 2C23     		movs	r3, #44
 3520 003a EFE7     		b	.L184
 3521              	.LVL330:
 3522              	.L191:
2259:Core/Src/vl53l1_api_core.c **** 				VL53L1_DEBUG_RESULTS_I2C_INDEX - i2c_index;
 3523              		.loc 1 2259 3 is_stmt 1 view .LVU1167
2262:Core/Src/vl53l1_api_core.c **** 			VL53L1_i2c_decode_debug_results(
 3524              		.loc 1 2262 3 view .LVU1168
2263:Core/Src/vl53l1_api_core.c **** 				VL53L1_DEBUG_RESULTS_I2C_SIZE_BYTES,
 3525              		.loc 1 2263 4 is_stmt 0 view .LVU1169
 3526 003c 3A46     		mov	r2, r7
 3527 003e 0DF14E01 		add	r1, sp, #78
 3528 0042 3820     		movs	r0, #56
 3529              	.LVL331:
2263:Core/Src/vl53l1_api_core.c **** 				VL53L1_DEBUG_RESULTS_I2C_SIZE_BYTES,
 3530              		.loc 1 2263 4 view .LVU1170
 3531 0044 FFF7FEFF 		bl	VL53L1_i2c_decode_debug_results
 3532              	.LVL332:
2263:Core/Src/vl53l1_api_core.c **** 				VL53L1_DEBUG_RESULTS_I2C_SIZE_BYTES,
 3533              		.loc 1 2263 4 view .LVU1171
 3534 0048 EFE7     		b	.L185
 3535              	.LVL333:
 3536              	.L192:
2272:Core/Src/vl53l1_api_core.c **** 				VL53L1_CORE_RESULTS_I2C_INDEX - i2c_index;
 3537              		.loc 1 2272 3 is_stmt 1 view .LVU1172
2275:Core/Src/vl53l1_api_core.c **** 			VL53L1_i2c_decode_core_results(
 3538              		.loc 1 2275 3 view .LVU1173
2276:Core/Src/vl53l1_api_core.c **** 				VL53L1_CORE_RESULTS_I2C_SIZE_BYTES,
 3539              		.loc 1 2276 4 is_stmt 0 view .LVU1174
 3540 004a 3246     		mov	r2, r6
 3541 004c 0BA9     		add	r1, sp, #44
 3542 004e 2120     		movs	r0, #33
 3543              	.LVL334:
2276:Core/Src/vl53l1_api_core.c **** 				VL53L1_CORE_RESULTS_I2C_SIZE_BYTES,
 3544              		.loc 1 2276 4 view .LVU1175
 3545 0050 FFF7FEFF 		bl	VL53L1_i2c_decode_core_results
 3546              	.LVL335:
2276:Core/Src/vl53l1_api_core.c **** 				VL53L1_CORE_RESULTS_I2C_SIZE_BYTES,
 3547              		.loc 1 2276 4 view .LVU1176
 3548 0054 EBE7     		b	.L186
 3549              	.LVL336:
 3550              	.L193:
2284:Core/Src/vl53l1_api_core.c **** 		status =
 3551              		.loc 1 2284 3 is_stmt 1 view .LVU1177
2285:Core/Src/vl53l1_api_core.c **** 			VL53L1_i2c_decode_system_results(
 3552              		.loc 1 2285 3 view .LVU1178
2286:Core/Src/vl53l1_api_core.c **** 				VL53L1_SYSTEM_RESULTS_I2C_SIZE_BYTES,
 3553              		.loc 1 2286 4 is_stmt 0 view .LVU1179
 3554 0056 2A46     		mov	r2, r5
 3555 0058 6946     		mov	r1, sp
 3556 005a 2C20     		movs	r0, #44
 3557              	.LVL337:
2286:Core/Src/vl53l1_api_core.c **** 				VL53L1_SYSTEM_RESULTS_I2C_SIZE_BYTES,
 3558              		.loc 1 2286 4 view .LVU1180
 3559 005c FFF7FEFF 		bl	VL53L1_i2c_decode_system_results
 3560              	.LVL338:
ARM GAS  C:\Users\Lenovo\AppData\Local\Temp\ccZ6paZS.s 			page 109


2286:Core/Src/vl53l1_api_core.c **** 				VL53L1_SYSTEM_RESULTS_I2C_SIZE_BYTES,
 3561              		.loc 1 2286 4 view .LVU1181
 3562 0060 E6E7     		b	.L187
 3563              		.cfi_endproc
 3564              	.LFE43:
 3566              		.section	.text.VL53L1_clear_interrupt_and_enable_next_range,"ax",%progbits
 3567              		.align	1
 3568              		.global	VL53L1_clear_interrupt_and_enable_next_range
 3569              		.syntax unified
 3570              		.thumb
 3571              		.thumb_func
 3573              	VL53L1_clear_interrupt_and_enable_next_range:
 3574              	.LVL339:
 3575              	.LFB45:
2296:Core/Src/vl53l1_api_core.c **** 
2297:Core/Src/vl53l1_api_core.c **** 
2298:Core/Src/vl53l1_api_core.c **** VL53L1_Error VL53L1_get_device_results(
2299:Core/Src/vl53l1_api_core.c **** 	VL53L1_DEV                    Dev,
2300:Core/Src/vl53l1_api_core.c **** 	VL53L1_DeviceResultsLevel     device_results_level,
2301:Core/Src/vl53l1_api_core.c **** 	VL53L1_range_results_t       *prange_results)
2302:Core/Src/vl53l1_api_core.c **** {
2303:Core/Src/vl53l1_api_core.c **** 	/*
2304:Core/Src/vl53l1_api_core.c **** 	 * Wrapper function using the functions below
2305:Core/Src/vl53l1_api_core.c **** 	 *
2306:Core/Src/vl53l1_api_core.c **** 	 *  VL53L1_get_measurement_results()
2307:Core/Src/vl53l1_api_core.c **** 	 *  VL53L1_init_and_start_range()
2308:Core/Src/vl53l1_api_core.c **** 	 *  VL53L1_copy_sys_and_core_results_to_range_results()
2309:Core/Src/vl53l1_api_core.c **** 	 *
2310:Core/Src/vl53l1_api_core.c **** 	 *  The input measurement mode controls what happens next ...
2311:Core/Src/vl53l1_api_core.c **** 	 */
2312:Core/Src/vl53l1_api_core.c **** 
2313:Core/Src/vl53l1_api_core.c **** 	VL53L1_Error status = VL53L1_ERROR_NONE;
2314:Core/Src/vl53l1_api_core.c **** 
2315:Core/Src/vl53l1_api_core.c **** 	VL53L1_LLDriverData_t *pdev =
2316:Core/Src/vl53l1_api_core.c **** 			VL53L1DevStructGetLLDriverHandle(Dev);
2317:Core/Src/vl53l1_api_core.c **** 	VL53L1_LLDriverResults_t *pres =
2318:Core/Src/vl53l1_api_core.c **** 			VL53L1DevStructGetLLResultsHandle(Dev);
2319:Core/Src/vl53l1_api_core.c **** 
2320:Core/Src/vl53l1_api_core.c **** 	VL53L1_range_results_t   *presults = &(pres->range_results);
2321:Core/Src/vl53l1_api_core.c **** 
2322:Core/Src/vl53l1_api_core.c **** 	LOG_FUNCTION_START("");
2323:Core/Src/vl53l1_api_core.c **** 
2324:Core/Src/vl53l1_api_core.c **** 	/* Get device results */
2325:Core/Src/vl53l1_api_core.c **** 
2326:Core/Src/vl53l1_api_core.c **** 	if (status == VL53L1_ERROR_NONE) /*lint !e774 always true*/
2327:Core/Src/vl53l1_api_core.c **** 		status = VL53L1_get_measurement_results(
2328:Core/Src/vl53l1_api_core.c **** 						Dev,
2329:Core/Src/vl53l1_api_core.c **** 						device_results_level);
2330:Core/Src/vl53l1_api_core.c **** 
2331:Core/Src/vl53l1_api_core.c **** 	if (status == VL53L1_ERROR_NONE)
2332:Core/Src/vl53l1_api_core.c **** 		VL53L1_copy_sys_and_core_results_to_range_results(
2333:Core/Src/vl53l1_api_core.c **** 				(int32_t)pdev->gain_cal.standard_ranging_gain_factor,
2334:Core/Src/vl53l1_api_core.c **** 				&(pdev->sys_results),
2335:Core/Src/vl53l1_api_core.c **** 				&(pdev->core_results),
2336:Core/Src/vl53l1_api_core.c **** 				presults);
2337:Core/Src/vl53l1_api_core.c **** 
2338:Core/Src/vl53l1_api_core.c **** 	/* Start Patch_LowPowerAutoMode */
ARM GAS  C:\Users\Lenovo\AppData\Local\Temp\ccZ6paZS.s 			page 110


2339:Core/Src/vl53l1_api_core.c **** 	/* process results from first range of low power auto */
2340:Core/Src/vl53l1_api_core.c **** 	if (pdev->low_power_auto_data.is_low_power_auto_mode == 1) {
2341:Core/Src/vl53l1_api_core.c **** 		/* change to manual calibrations. Only needed on the
2342:Core/Src/vl53l1_api_core.c **** 		 * first range out  */
2343:Core/Src/vl53l1_api_core.c **** 		if ((status == VL53L1_ERROR_NONE) &&
2344:Core/Src/vl53l1_api_core.c **** 			(pdev->low_power_auto_data.low_power_auto_range_count == 0)) {
2345:Core/Src/vl53l1_api_core.c **** 			status = VL53L1_low_power_auto_setup_manual_calibration(
2346:Core/Src/vl53l1_api_core.c **** 					Dev);
2347:Core/Src/vl53l1_api_core.c **** 			pdev->low_power_auto_data.low_power_auto_range_count = 1;
2348:Core/Src/vl53l1_api_core.c **** 		} else if ((status == VL53L1_ERROR_NONE) &&
2349:Core/Src/vl53l1_api_core.c **** 			(pdev->low_power_auto_data.low_power_auto_range_count == 1)) {
2350:Core/Src/vl53l1_api_core.c **** 			pdev->low_power_auto_data.low_power_auto_range_count = 2;
2351:Core/Src/vl53l1_api_core.c **** 		}
2352:Core/Src/vl53l1_api_core.c **** 
2353:Core/Src/vl53l1_api_core.c **** 	}
2354:Core/Src/vl53l1_api_core.c **** 	/* End Patch_LowPowerAutoMode */
2355:Core/Src/vl53l1_api_core.c **** 
2356:Core/Src/vl53l1_api_core.c **** 	/* copy current state into results */
2357:Core/Src/vl53l1_api_core.c **** 
2358:Core/Src/vl53l1_api_core.c **** 	presults->cfg_device_state = pdev->ll_state.cfg_device_state;
2359:Core/Src/vl53l1_api_core.c **** 	presults->rd_device_state  = pdev->ll_state.rd_device_state;
2360:Core/Src/vl53l1_api_core.c **** 
2361:Core/Src/vl53l1_api_core.c **** 	/* copy internal structure to supplied output pointer */
2362:Core/Src/vl53l1_api_core.c **** 
2363:Core/Src/vl53l1_api_core.c **** 	memcpy(
2364:Core/Src/vl53l1_api_core.c **** 		prange_results,
2365:Core/Src/vl53l1_api_core.c **** 		presults,
2366:Core/Src/vl53l1_api_core.c **** 		sizeof(VL53L1_range_results_t));
2367:Core/Src/vl53l1_api_core.c **** 
2368:Core/Src/vl53l1_api_core.c **** 	/*
2369:Core/Src/vl53l1_api_core.c **** 	 * Check LL driver and Device are in Sync
2370:Core/Src/vl53l1_api_core.c **** 	 * If not an error is raised
2371:Core/Src/vl53l1_api_core.c **** 	 */
2372:Core/Src/vl53l1_api_core.c **** 
2373:Core/Src/vl53l1_api_core.c **** 	if (status == VL53L1_ERROR_NONE)
2374:Core/Src/vl53l1_api_core.c **** 		status = VL53L1_check_ll_driver_rd_state(Dev);
2375:Core/Src/vl53l1_api_core.c **** 
2376:Core/Src/vl53l1_api_core.c **** #ifdef VL53L1_LOG_ENABLE
2377:Core/Src/vl53l1_api_core.c **** 	if (status == VL53L1_ERROR_NONE)
2378:Core/Src/vl53l1_api_core.c **** 		VL53L1_print_range_results(
2379:Core/Src/vl53l1_api_core.c **** 			presults,
2380:Core/Src/vl53l1_api_core.c **** 			"get_device_results():pdev->llresults.range_results.",
2381:Core/Src/vl53l1_api_core.c **** 			VL53L1_TRACE_MODULE_RANGE_RESULTS_DATA);
2382:Core/Src/vl53l1_api_core.c **** #endif
2383:Core/Src/vl53l1_api_core.c **** 
2384:Core/Src/vl53l1_api_core.c **** 	LOG_FUNCTION_END(status);
2385:Core/Src/vl53l1_api_core.c **** 
2386:Core/Src/vl53l1_api_core.c **** 	return status;
2387:Core/Src/vl53l1_api_core.c **** }
2388:Core/Src/vl53l1_api_core.c **** 
2389:Core/Src/vl53l1_api_core.c **** 
2390:Core/Src/vl53l1_api_core.c **** VL53L1_Error VL53L1_clear_interrupt_and_enable_next_range(
2391:Core/Src/vl53l1_api_core.c **** 	VL53L1_DEV        Dev,
2392:Core/Src/vl53l1_api_core.c **** 	uint8_t           measurement_mode)
2393:Core/Src/vl53l1_api_core.c **** {
 3576              		.loc 1 2393 1 is_stmt 1 view -0
 3577              		.cfi_startproc
ARM GAS  C:\Users\Lenovo\AppData\Local\Temp\ccZ6paZS.s 			page 111


 3578              		@ args = 0, pretend = 0, frame = 0
 3579              		@ frame_needed = 0, uses_anonymous_args = 0
 3580              		.loc 1 2393 1 is_stmt 0 view .LVU1183
 3581 0000 08B5     		push	{r3, lr}
 3582              	.LCFI33:
 3583              		.cfi_def_cfa_offset 8
 3584              		.cfi_offset 3, -8
 3585              		.cfi_offset 14, -4
2394:Core/Src/vl53l1_api_core.c **** 
2395:Core/Src/vl53l1_api_core.c **** 	/*
2396:Core/Src/vl53l1_api_core.c **** 	 * Enable next range by sending handshake which
2397:Core/Src/vl53l1_api_core.c **** 	 * clears the interrupt
2398:Core/Src/vl53l1_api_core.c **** 	 */
2399:Core/Src/vl53l1_api_core.c **** 
2400:Core/Src/vl53l1_api_core.c **** 	VL53L1_Error status = VL53L1_ERROR_NONE;
 3586              		.loc 1 2400 2 is_stmt 1 view .LVU1184
 3587              	.LVL340:
2401:Core/Src/vl53l1_api_core.c **** 
2402:Core/Src/vl53l1_api_core.c **** 	LOG_FUNCTION_START("");
 3588              		.loc 1 2402 24 view .LVU1185
2403:Core/Src/vl53l1_api_core.c **** 
2404:Core/Src/vl53l1_api_core.c **** 	/* Dynamic Management */
2405:Core/Src/vl53l1_api_core.c **** 	/* Current results analysis and generate next settings */
2406:Core/Src/vl53l1_api_core.c **** 
2407:Core/Src/vl53l1_api_core.c **** 
2408:Core/Src/vl53l1_api_core.c **** 	/* Dynamic GPH Management     */
2409:Core/Src/vl53l1_api_core.c **** 	/* Setup GPH absorption point and config values for next measurement */
2410:Core/Src/vl53l1_api_core.c **** 
2411:Core/Src/vl53l1_api_core.c **** 	/* Update GPH registers, clear interrupt and set measurement mode */
2412:Core/Src/vl53l1_api_core.c **** 
2413:Core/Src/vl53l1_api_core.c **** 	if (status == VL53L1_ERROR_NONE) /*lint !e774 always true*/
 3589              		.loc 1 2413 2 view .LVU1186
2414:Core/Src/vl53l1_api_core.c **** 		status = VL53L1_init_and_start_range(
 3590              		.loc 1 2414 3 view .LVU1187
 3591              		.loc 1 2414 12 is_stmt 0 view .LVU1188
 3592 0002 0322     		movs	r2, #3
 3593 0004 FFF7FEFF 		bl	VL53L1_init_and_start_range
 3594              	.LVL341:
2415:Core/Src/vl53l1_api_core.c **** 					Dev,
2416:Core/Src/vl53l1_api_core.c **** 					measurement_mode,
2417:Core/Src/vl53l1_api_core.c **** 					VL53L1_DEVICECONFIGLEVEL_GENERAL_ONWARDS);
2418:Core/Src/vl53l1_api_core.c **** 
2419:Core/Src/vl53l1_api_core.c **** 	LOG_FUNCTION_END(status);
 3595              		.loc 1 2419 26 is_stmt 1 view .LVU1189
2420:Core/Src/vl53l1_api_core.c **** 
2421:Core/Src/vl53l1_api_core.c **** 	return status;
 3596              		.loc 1 2421 2 view .LVU1190
2422:Core/Src/vl53l1_api_core.c **** }
 3597              		.loc 1 2422 1 is_stmt 0 view .LVU1191
 3598 0008 08BD     		pop	{r3, pc}
 3599              		.cfi_endproc
 3600              	.LFE45:
 3602              		.section	.text.VL53L1_copy_sys_and_core_results_to_range_results,"ax",%progbits
 3603              		.align	1
 3604              		.global	VL53L1_copy_sys_and_core_results_to_range_results
 3605              		.syntax unified
 3606              		.thumb
ARM GAS  C:\Users\Lenovo\AppData\Local\Temp\ccZ6paZS.s 			page 112


 3607              		.thumb_func
 3609              	VL53L1_copy_sys_and_core_results_to_range_results:
 3610              	.LVL342:
 3611              	.LFB46:
2423:Core/Src/vl53l1_api_core.c **** 
2424:Core/Src/vl53l1_api_core.c **** 
2425:Core/Src/vl53l1_api_core.c **** void VL53L1_copy_sys_and_core_results_to_range_results(
2426:Core/Src/vl53l1_api_core.c **** 	int32_t                           gain_factor,
2427:Core/Src/vl53l1_api_core.c **** 	VL53L1_system_results_t          *psys,
2428:Core/Src/vl53l1_api_core.c **** 	VL53L1_core_results_t            *pcore,
2429:Core/Src/vl53l1_api_core.c **** 	VL53L1_range_results_t           *presults)
2430:Core/Src/vl53l1_api_core.c **** {
 3612              		.loc 1 2430 1 is_stmt 1 view -0
 3613              		.cfi_startproc
 3614              		@ args = 0, pretend = 0, frame = 0
 3615              		@ frame_needed = 0, uses_anonymous_args = 0
 3616              		.loc 1 2430 1 is_stmt 0 view .LVU1193
 3617 0000 30B5     		push	{r4, r5, lr}
 3618              	.LCFI34:
 3619              		.cfi_def_cfa_offset 12
 3620              		.cfi_offset 4, -12
 3621              		.cfi_offset 5, -8
 3622              		.cfi_offset 14, -4
2431:Core/Src/vl53l1_api_core.c **** 	uint8_t  i = 0;
 3623              		.loc 1 2431 2 is_stmt 1 view .LVU1194
 3624              	.LVL343:
2432:Core/Src/vl53l1_api_core.c **** 
2433:Core/Src/vl53l1_api_core.c **** 	VL53L1_range_data_t *pdata;
 3625              		.loc 1 2433 2 view .LVU1195
2434:Core/Src/vl53l1_api_core.c **** 	int32_t range_mm = 0;
 3626              		.loc 1 2434 2 view .LVU1196
2435:Core/Src/vl53l1_api_core.c **** 	uint32_t tmpu32 = 0;
 3627              		.loc 1 2435 2 view .LVU1197
2436:Core/Src/vl53l1_api_core.c **** 
2437:Core/Src/vl53l1_api_core.c **** 	LOG_FUNCTION_START("");
 3628              		.loc 1 2437 24 view .LVU1198
2438:Core/Src/vl53l1_api_core.c **** 
2439:Core/Src/vl53l1_api_core.c **** 	/* copy results */
2440:Core/Src/vl53l1_api_core.c **** 
2441:Core/Src/vl53l1_api_core.c **** 	presults->stream_count    = psys->result__stream_count;
 3629              		.loc 1 2441 2 view .LVU1199
 3630              		.loc 1 2441 34 is_stmt 0 view .LVU1200
 3631 0002 CC78     		ldrb	r4, [r1, #3]	@ zero_extendqisi2
 3632              		.loc 1 2441 28 view .LVU1201
 3633 0004 9C70     		strb	r4, [r3, #2]
2442:Core/Src/vl53l1_api_core.c **** 
2443:Core/Src/vl53l1_api_core.c **** 	pdata = &(presults->data[0]);
 3634              		.loc 1 2443 2 is_stmt 1 view .LVU1202
 3635              		.loc 1 2443 8 is_stmt 0 view .LVU1203
 3636 0006 03F1040C 		add	ip, r3, #4
 3637              	.LVL344:
2444:Core/Src/vl53l1_api_core.c **** 
2445:Core/Src/vl53l1_api_core.c **** 	for (i = 0 ; i < 2 ; i++) {
 3638              		.loc 1 2445 2 is_stmt 1 view .LVU1204
 3639              		.loc 1 2445 9 is_stmt 0 view .LVU1205
 3640 000a 0024     		movs	r4, #0
 3641              		.loc 1 2445 2 view .LVU1206
ARM GAS  C:\Users\Lenovo\AppData\Local\Temp\ccZ6paZS.s 			page 113


 3642 000c 0CE0     		b	.L197
 3643              	.LVL345:
 3644              	.L198:
2446:Core/Src/vl53l1_api_core.c **** 
2447:Core/Src/vl53l1_api_core.c **** 		pdata->range_id     = i;
2448:Core/Src/vl53l1_api_core.c **** 		pdata->time_stamp   = 0;
2449:Core/Src/vl53l1_api_core.c **** 
2450:Core/Src/vl53l1_api_core.c **** 		if ((psys->result__stream_count == 0) &&
2451:Core/Src/vl53l1_api_core.c **** 			((psys->result__range_status & VL53L1_RANGE_STATUS__RANGE_STATUS_MASK) ==
2452:Core/Src/vl53l1_api_core.c **** 			VL53L1_DEVICEERROR_RANGECOMPLETE)) {
2453:Core/Src/vl53l1_api_core.c **** 			pdata->range_status = VL53L1_DEVICEERROR_RANGECOMPLETE_NO_WRAP_CHECK;
2454:Core/Src/vl53l1_api_core.c **** 		} else {
2455:Core/Src/vl53l1_api_core.c **** 			pdata->range_status =
 3645              		.loc 1 2455 4 is_stmt 1 view .LVU1207
2456:Core/Src/vl53l1_api_core.c **** 					psys->result__range_status & VL53L1_RANGE_STATUS__RANGE_STATUS_MASK;
 3646              		.loc 1 2456 10 is_stmt 0 view .LVU1208
 3647 000e 91F801E0 		ldrb	lr, [r1, #1]	@ zero_extendqisi2
 3648              		.loc 1 2456 33 view .LVU1209
 3649 0012 0EF01F0E 		and	lr, lr, #31
2455:Core/Src/vl53l1_api_core.c **** 					psys->result__range_status & VL53L1_RANGE_STATUS__RANGE_STATUS_MASK;
 3650              		.loc 1 2455 24 view .LVU1210
 3651 0016 8CF83EE0 		strb	lr, [ip, #62]
 3652              	.L199:
2457:Core/Src/vl53l1_api_core.c **** 		}
2458:Core/Src/vl53l1_api_core.c **** 
2459:Core/Src/vl53l1_api_core.c **** 		switch (i) {
 3653              		.loc 1 2459 3 is_stmt 1 view .LVU1211
 3654 001a DCB1     		cbz	r4, .L200
 3655 001c 012C     		cmp	r4, #1
 3656 001e 59D0     		beq	.L201
 3657              	.L202:
2460:Core/Src/vl53l1_api_core.c **** 
2461:Core/Src/vl53l1_api_core.c **** 		case 0:
2462:Core/Src/vl53l1_api_core.c **** 
2463:Core/Src/vl53l1_api_core.c **** 			if (psys->result__report_status == VL53L1_DEVICEREPORTSTATUS_MM1)
2464:Core/Src/vl53l1_api_core.c **** 				pdata->actual_effective_spads =
2465:Core/Src/vl53l1_api_core.c **** 					psys->result__mm_inner_actual_effective_spads_sd0;
2466:Core/Src/vl53l1_api_core.c **** 			else if (psys->result__report_status == VL53L1_DEVICEREPORTSTATUS_MM2)
2467:Core/Src/vl53l1_api_core.c **** 				pdata->actual_effective_spads =
2468:Core/Src/vl53l1_api_core.c **** 						psys->result__mm_outer_actual_effective_spads_sd0;
2469:Core/Src/vl53l1_api_core.c **** 			else
2470:Core/Src/vl53l1_api_core.c **** 				pdata->actual_effective_spads =
2471:Core/Src/vl53l1_api_core.c **** 					psys->result__dss_actual_effective_spads_sd0;
2472:Core/Src/vl53l1_api_core.c **** 
2473:Core/Src/vl53l1_api_core.c **** 			pdata->peak_signal_count_rate_mcps =
2474:Core/Src/vl53l1_api_core.c **** 				psys->result__peak_signal_count_rate_crosstalk_corrected_mcps_sd0;
2475:Core/Src/vl53l1_api_core.c **** 			pdata->avg_signal_count_rate_mcps =
2476:Core/Src/vl53l1_api_core.c **** 				psys->result__avg_signal_count_rate_mcps_sd0;
2477:Core/Src/vl53l1_api_core.c **** 			pdata->ambient_count_rate_mcps =
2478:Core/Src/vl53l1_api_core.c **** 				psys->result__ambient_count_rate_mcps_sd0;
2479:Core/Src/vl53l1_api_core.c **** 
2480:Core/Src/vl53l1_api_core.c **** 			/* Start Patch_SigmaEstimateAccuracyImprovement */
2481:Core/Src/vl53l1_api_core.c **** 
2482:Core/Src/vl53l1_api_core.c **** 			/* shift up sigma estimate to 7 bit fractional and clip to 9 bit int */
2483:Core/Src/vl53l1_api_core.c **** 			tmpu32 = ((uint32_t)psys->result__sigma_sd0 << 5);
2484:Core/Src/vl53l1_api_core.c **** 			if (tmpu32 > 0xFFFF) {
2485:Core/Src/vl53l1_api_core.c **** 				tmpu32 = 0xFFFF;
ARM GAS  C:\Users\Lenovo\AppData\Local\Temp\ccZ6paZS.s 			page 114


2486:Core/Src/vl53l1_api_core.c **** 			}
2487:Core/Src/vl53l1_api_core.c **** 			pdata->sigma_mm = (uint16_t)tmpu32;
2488:Core/Src/vl53l1_api_core.c **** 
2489:Core/Src/vl53l1_api_core.c **** 			/* End Patch_SigmaEstimateAccuracyImprovement */
2490:Core/Src/vl53l1_api_core.c **** 
2491:Core/Src/vl53l1_api_core.c **** 			pdata->median_phase =
2492:Core/Src/vl53l1_api_core.c **** 				psys->result__phase_sd0;
2493:Core/Src/vl53l1_api_core.c **** 
2494:Core/Src/vl53l1_api_core.c **** 			range_mm =
2495:Core/Src/vl53l1_api_core.c **** 				(int32_t)psys->result__final_crosstalk_corrected_range_mm_sd0;
2496:Core/Src/vl53l1_api_core.c **** 
2497:Core/Src/vl53l1_api_core.c **** 			/* apply correction gain */
2498:Core/Src/vl53l1_api_core.c **** 			range_mm *= gain_factor;
2499:Core/Src/vl53l1_api_core.c **** 			range_mm += 0x0400;
2500:Core/Src/vl53l1_api_core.c **** 			range_mm /= 0x0800;
2501:Core/Src/vl53l1_api_core.c **** 
2502:Core/Src/vl53l1_api_core.c **** 			pdata->median_range_mm = (int16_t)range_mm;
2503:Core/Src/vl53l1_api_core.c **** 
2504:Core/Src/vl53l1_api_core.c **** 			pdata->ranging_total_events =
2505:Core/Src/vl53l1_api_core.c **** 				pcore->result_core__ranging_total_events_sd0;
2506:Core/Src/vl53l1_api_core.c **** 			pdata->signal_total_events =
2507:Core/Src/vl53l1_api_core.c **** 				pcore->result_core__signal_total_events_sd0;
2508:Core/Src/vl53l1_api_core.c **** 			pdata->total_periods_elapsed =
2509:Core/Src/vl53l1_api_core.c **** 				pcore->result_core__total_periods_elapsed_sd0;
2510:Core/Src/vl53l1_api_core.c **** 			pdata->ambient_window_events =
2511:Core/Src/vl53l1_api_core.c **** 				pcore->result_core__ambient_window_events_sd0;
2512:Core/Src/vl53l1_api_core.c **** 
2513:Core/Src/vl53l1_api_core.c **** 			break;
2514:Core/Src/vl53l1_api_core.c **** 		case 1:
2515:Core/Src/vl53l1_api_core.c **** 
2516:Core/Src/vl53l1_api_core.c **** 			pdata->actual_effective_spads =
2517:Core/Src/vl53l1_api_core.c **** 				psys->result__dss_actual_effective_spads_sd1;
2518:Core/Src/vl53l1_api_core.c **** 			pdata->peak_signal_count_rate_mcps =
2519:Core/Src/vl53l1_api_core.c **** 				psys->result__peak_signal_count_rate_mcps_sd1;
2520:Core/Src/vl53l1_api_core.c **** 			pdata->avg_signal_count_rate_mcps =
2521:Core/Src/vl53l1_api_core.c **** 				0xFFFF;
2522:Core/Src/vl53l1_api_core.c **** 			pdata->ambient_count_rate_mcps =
2523:Core/Src/vl53l1_api_core.c **** 				psys->result__ambient_count_rate_mcps_sd1;
2524:Core/Src/vl53l1_api_core.c **** 
2525:Core/Src/vl53l1_api_core.c **** 			/* Start Patch_SigmaEstimateAccuracyImprovement */
2526:Core/Src/vl53l1_api_core.c **** 
2527:Core/Src/vl53l1_api_core.c **** 			/* shift up sigma estimate to 7 bit fractional and clip to 9 bit int */
2528:Core/Src/vl53l1_api_core.c **** 			tmpu32 = ((uint32_t)psys->result__sigma_sd1 << 5);
2529:Core/Src/vl53l1_api_core.c **** 			if (tmpu32 > 0xFFFF) {
2530:Core/Src/vl53l1_api_core.c **** 				tmpu32 = 0xFFFF;
2531:Core/Src/vl53l1_api_core.c **** 			}
2532:Core/Src/vl53l1_api_core.c **** 			pdata->sigma_mm = (uint16_t)tmpu32;
2533:Core/Src/vl53l1_api_core.c **** 
2534:Core/Src/vl53l1_api_core.c **** 			/* End Patch_SigmaEstimateAccuracyImprovement */
2535:Core/Src/vl53l1_api_core.c **** 
2536:Core/Src/vl53l1_api_core.c **** 			pdata->median_phase =
2537:Core/Src/vl53l1_api_core.c **** 				psys->result__phase_sd1;
2538:Core/Src/vl53l1_api_core.c **** 
2539:Core/Src/vl53l1_api_core.c **** 			range_mm =
2540:Core/Src/vl53l1_api_core.c **** 				(int32_t)psys->result__final_crosstalk_corrected_range_mm_sd1;
2541:Core/Src/vl53l1_api_core.c **** 
2542:Core/Src/vl53l1_api_core.c **** 			/* apply correction gain */
ARM GAS  C:\Users\Lenovo\AppData\Local\Temp\ccZ6paZS.s 			page 115


2543:Core/Src/vl53l1_api_core.c **** 			range_mm *= gain_factor;
2544:Core/Src/vl53l1_api_core.c **** 			range_mm += 0x0400;
2545:Core/Src/vl53l1_api_core.c **** 			range_mm /= 0x0800;
2546:Core/Src/vl53l1_api_core.c **** 
2547:Core/Src/vl53l1_api_core.c **** 			pdata->median_range_mm = (int16_t)range_mm;
2548:Core/Src/vl53l1_api_core.c **** 
2549:Core/Src/vl53l1_api_core.c **** 			pdata->ranging_total_events =
2550:Core/Src/vl53l1_api_core.c **** 				pcore->result_core__ranging_total_events_sd1;
2551:Core/Src/vl53l1_api_core.c **** 			pdata->signal_total_events =
2552:Core/Src/vl53l1_api_core.c **** 				pcore->result_core__signal_total_events_sd1;
2553:Core/Src/vl53l1_api_core.c **** 			pdata->total_periods_elapsed  =
2554:Core/Src/vl53l1_api_core.c **** 				pcore->result_core__total_periods_elapsed_sd1;
2555:Core/Src/vl53l1_api_core.c **** 			pdata->ambient_window_events =
2556:Core/Src/vl53l1_api_core.c **** 				pcore->result_core__ambient_window_events_sd1;
2557:Core/Src/vl53l1_api_core.c **** 
2558:Core/Src/vl53l1_api_core.c **** 			break;
2559:Core/Src/vl53l1_api_core.c **** 		}
2560:Core/Src/vl53l1_api_core.c **** 
2561:Core/Src/vl53l1_api_core.c **** 		pdata++;
 3658              		.loc 1 2561 3 discriminator 2 view .LVU1212
 3659              		.loc 1 2561 8 is_stmt 0 discriminator 2 view .LVU1213
 3660 0020 0CF1400C 		add	ip, ip, #64
 3661              	.LVL346:
2445:Core/Src/vl53l1_api_core.c **** 
 3662              		.loc 1 2445 23 is_stmt 1 discriminator 2 view .LVU1214
2445:Core/Src/vl53l1_api_core.c **** 
 3663              		.loc 1 2445 24 is_stmt 0 discriminator 2 view .LVU1215
 3664 0024 0134     		adds	r4, r4, #1
 3665              	.LVL347:
2445:Core/Src/vl53l1_api_core.c **** 
 3666              		.loc 1 2445 24 discriminator 2 view .LVU1216
 3667 0026 E4B2     		uxtb	r4, r4
 3668              	.LVL348:
 3669              	.L197:
2445:Core/Src/vl53l1_api_core.c **** 
 3670              		.loc 1 2445 15 is_stmt 1 discriminator 1 view .LVU1217
2445:Core/Src/vl53l1_api_core.c **** 
 3671              		.loc 1 2445 2 is_stmt 0 discriminator 1 view .LVU1218
 3672 0028 012C     		cmp	r4, #1
 3673 002a 00F28780 		bhi	.L215
2447:Core/Src/vl53l1_api_core.c **** 		pdata->time_stamp   = 0;
 3674              		.loc 1 2447 3 is_stmt 1 view .LVU1219
2447:Core/Src/vl53l1_api_core.c **** 		pdata->time_stamp   = 0;
 3675              		.loc 1 2447 23 is_stmt 0 view .LVU1220
 3676 002e 8CF80040 		strb	r4, [ip]
2448:Core/Src/vl53l1_api_core.c **** 
 3677              		.loc 1 2448 3 is_stmt 1 view .LVU1221
2448:Core/Src/vl53l1_api_core.c **** 
 3678              		.loc 1 2448 23 is_stmt 0 view .LVU1222
 3679 0032 0025     		movs	r5, #0
 3680 0034 CCF80450 		str	r5, [ip, #4]
2450:Core/Src/vl53l1_api_core.c **** 			((psys->result__range_status & VL53L1_RANGE_STATUS__RANGE_STATUS_MASK) ==
 3681              		.loc 1 2450 3 is_stmt 1 view .LVU1223
2450:Core/Src/vl53l1_api_core.c **** 			((psys->result__range_status & VL53L1_RANGE_STATUS__RANGE_STATUS_MASK) ==
 3682              		.loc 1 2450 12 is_stmt 0 view .LVU1224
 3683 0038 CD78     		ldrb	r5, [r1, #3]	@ zero_extendqisi2
2450:Core/Src/vl53l1_api_core.c **** 			((psys->result__range_status & VL53L1_RANGE_STATUS__RANGE_STATUS_MASK) ==
ARM GAS  C:\Users\Lenovo\AppData\Local\Temp\ccZ6paZS.s 			page 116


 3684              		.loc 1 2450 6 view .LVU1225
 3685 003a 002D     		cmp	r5, #0
 3686 003c E7D1     		bne	.L198
2451:Core/Src/vl53l1_api_core.c **** 			VL53L1_DEVICEERROR_RANGECOMPLETE)) {
 3687              		.loc 1 2451 10 discriminator 1 view .LVU1226
 3688 003e 91F801E0 		ldrb	lr, [r1, #1]	@ zero_extendqisi2
2450:Core/Src/vl53l1_api_core.c **** 			((psys->result__range_status & VL53L1_RANGE_STATUS__RANGE_STATUS_MASK) ==
 3689              		.loc 1 2450 41 discriminator 1 view .LVU1227
 3690 0042 0EF01F0E 		and	lr, lr, #31
 3691 0046 BEF1090F 		cmp	lr, #9
 3692 004a E0D1     		bne	.L198
2453:Core/Src/vl53l1_api_core.c **** 		} else {
 3693              		.loc 1 2453 4 is_stmt 1 view .LVU1228
2453:Core/Src/vl53l1_api_core.c **** 		} else {
 3694              		.loc 1 2453 24 is_stmt 0 view .LVU1229
 3695 004c 1325     		movs	r5, #19
 3696 004e 8CF83E50 		strb	r5, [ip, #62]
 3697 0052 E2E7     		b	.L199
 3698              	.L200:
2463:Core/Src/vl53l1_api_core.c **** 				pdata->actual_effective_spads =
 3699              		.loc 1 2463 4 is_stmt 1 view .LVU1230
2463:Core/Src/vl53l1_api_core.c **** 				pdata->actual_effective_spads =
 3700              		.loc 1 2463 12 is_stmt 0 view .LVU1231
 3701 0054 8D78     		ldrb	r5, [r1, #2]	@ zero_extendqisi2
2463:Core/Src/vl53l1_api_core.c **** 				pdata->actual_effective_spads =
 3702              		.loc 1 2463 7 view .LVU1232
 3703 0056 072D     		cmp	r5, #7
 3704 0058 31D0     		beq	.L216
2466:Core/Src/vl53l1_api_core.c **** 				pdata->actual_effective_spads =
 3705              		.loc 1 2466 9 is_stmt 1 view .LVU1233
2466:Core/Src/vl53l1_api_core.c **** 				pdata->actual_effective_spads =
 3706              		.loc 1 2466 12 is_stmt 0 view .LVU1234
 3707 005a 082D     		cmp	r5, #8
 3708 005c 33D0     		beq	.L217
2470:Core/Src/vl53l1_api_core.c **** 					psys->result__dss_actual_effective_spads_sd0;
 3709              		.loc 1 2470 5 is_stmt 1 view .LVU1235
2471:Core/Src/vl53l1_api_core.c **** 
 3710              		.loc 1 2471 10 is_stmt 0 view .LVU1236
 3711 005e 8D88     		ldrh	r5, [r1, #4]
2470:Core/Src/vl53l1_api_core.c **** 					psys->result__dss_actual_effective_spads_sd0;
 3712              		.loc 1 2470 35 view .LVU1237
 3713 0060 ACF81050 		strh	r5, [ip, #16]	@ movhi
 3714              	.L204:
2473:Core/Src/vl53l1_api_core.c **** 				psys->result__peak_signal_count_rate_crosstalk_corrected_mcps_sd0;
 3715              		.loc 1 2473 4 is_stmt 1 view .LVU1238
2474:Core/Src/vl53l1_api_core.c **** 			pdata->avg_signal_count_rate_mcps =
 3716              		.loc 1 2474 9 is_stmt 0 view .LVU1239
 3717 0064 0D8A     		ldrh	r5, [r1, #16]
2473:Core/Src/vl53l1_api_core.c **** 				psys->result__peak_signal_count_rate_crosstalk_corrected_mcps_sd0;
 3718              		.loc 1 2473 39 view .LVU1240
 3719 0066 ACF82C50 		strh	r5, [ip, #44]	@ movhi
2475:Core/Src/vl53l1_api_core.c **** 				psys->result__avg_signal_count_rate_mcps_sd0;
 3720              		.loc 1 2475 4 is_stmt 1 view .LVU1241
2476:Core/Src/vl53l1_api_core.c **** 			pdata->ambient_count_rate_mcps =
 3721              		.loc 1 2476 9 is_stmt 0 view .LVU1242
 3722 006a CD8A     		ldrh	r5, [r1, #22]
2475:Core/Src/vl53l1_api_core.c **** 				psys->result__avg_signal_count_rate_mcps_sd0;
ARM GAS  C:\Users\Lenovo\AppData\Local\Temp\ccZ6paZS.s 			page 117


 3723              		.loc 1 2475 38 view .LVU1243
 3724 006c ACF82E50 		strh	r5, [ip, #46]	@ movhi
2477:Core/Src/vl53l1_api_core.c **** 				psys->result__ambient_count_rate_mcps_sd0;
 3725              		.loc 1 2477 4 is_stmt 1 view .LVU1244
2478:Core/Src/vl53l1_api_core.c **** 
 3726              		.loc 1 2478 9 is_stmt 0 view .LVU1245
 3727 0070 0D89     		ldrh	r5, [r1, #8]
2477:Core/Src/vl53l1_api_core.c **** 				psys->result__ambient_count_rate_mcps_sd0;
 3728              		.loc 1 2477 35 view .LVU1246
 3729 0072 ACF83050 		strh	r5, [ip, #48]	@ movhi
2483:Core/Src/vl53l1_api_core.c **** 			if (tmpu32 > 0xFFFF) {
 3730              		.loc 1 2483 4 is_stmt 1 view .LVU1247
2483:Core/Src/vl53l1_api_core.c **** 			if (tmpu32 > 0xFFFF) {
 3731              		.loc 1 2483 28 is_stmt 0 view .LVU1248
 3732 0076 4D89     		ldrh	r5, [r1, #10]
2483:Core/Src/vl53l1_api_core.c **** 			if (tmpu32 > 0xFFFF) {
 3733              		.loc 1 2483 11 view .LVU1249
 3734 0078 6D01     		lsls	r5, r5, #5
 3735              	.LVL349:
2484:Core/Src/vl53l1_api_core.c **** 				tmpu32 = 0xFFFF;
 3736              		.loc 1 2484 4 is_stmt 1 view .LVU1250
2484:Core/Src/vl53l1_api_core.c **** 				tmpu32 = 0xFFFF;
 3737              		.loc 1 2484 7 is_stmt 0 view .LVU1251
 3738 007a B5F5803F 		cmp	r5, #65536
 3739 007e 01D3     		bcc	.L206
2485:Core/Src/vl53l1_api_core.c **** 			}
 3740              		.loc 1 2485 12 view .LVU1252
 3741 0080 4FF6FF75 		movw	r5, #65535
 3742              	.LVL350:
 3743              	.L206:
2487:Core/Src/vl53l1_api_core.c **** 
 3744              		.loc 1 2487 4 is_stmt 1 view .LVU1253
2487:Core/Src/vl53l1_api_core.c **** 
 3745              		.loc 1 2487 20 is_stmt 0 view .LVU1254
 3746 0084 ACF83850 		strh	r5, [ip, #56]	@ movhi
2491:Core/Src/vl53l1_api_core.c **** 				psys->result__phase_sd0;
 3747              		.loc 1 2491 4 is_stmt 1 view .LVU1255
2492:Core/Src/vl53l1_api_core.c **** 
 3748              		.loc 1 2492 9 is_stmt 0 view .LVU1256
 3749 0088 8D89     		ldrh	r5, [r1, #12]
 3750              	.LVL351:
2491:Core/Src/vl53l1_api_core.c **** 				psys->result__phase_sd0;
 3751              		.loc 1 2491 24 view .LVU1257
 3752 008a ACF83A50 		strh	r5, [ip, #58]	@ movhi
2494:Core/Src/vl53l1_api_core.c **** 				(int32_t)psys->result__final_crosstalk_corrected_range_mm_sd0;
 3753              		.loc 1 2494 4 is_stmt 1 view .LVU1258
2495:Core/Src/vl53l1_api_core.c **** 
 3754              		.loc 1 2495 18 is_stmt 0 view .LVU1259
 3755 008e B1F80EE0 		ldrh	lr, [r1, #14]
 3756              	.LVL352:
2498:Core/Src/vl53l1_api_core.c **** 			range_mm += 0x0400;
 3757              		.loc 1 2498 4 is_stmt 1 view .LVU1260
2498:Core/Src/vl53l1_api_core.c **** 			range_mm += 0x0400;
 3758              		.loc 1 2498 13 is_stmt 0 view .LVU1261
 3759 0092 0EFB00FE 		mul	lr, lr, r0
 3760              	.LVL353:
2499:Core/Src/vl53l1_api_core.c **** 			range_mm /= 0x0800;
ARM GAS  C:\Users\Lenovo\AppData\Local\Temp\ccZ6paZS.s 			page 118


 3761              		.loc 1 2499 4 is_stmt 1 view .LVU1262
2500:Core/Src/vl53l1_api_core.c **** 
 3762              		.loc 1 2500 4 view .LVU1263
2500:Core/Src/vl53l1_api_core.c **** 
 3763              		.loc 1 2500 13 is_stmt 0 view .LVU1264
 3764 0096 1EF5806E 		adds	lr, lr, #1024
 3765 009a 18D4     		bmi	.L218
 3766              	.L207:
 3767              	.LVL354:
2502:Core/Src/vl53l1_api_core.c **** 
 3768              		.loc 1 2502 4 is_stmt 1 view .LVU1265
2502:Core/Src/vl53l1_api_core.c **** 
 3769              		.loc 1 2502 29 is_stmt 0 view .LVU1266
 3770 009c 4EF3CF2E 		sbfx	lr, lr, #11, #16
 3771              	.LVL355:
2502:Core/Src/vl53l1_api_core.c **** 
 3772              		.loc 1 2502 27 view .LVU1267
 3773 00a0 ACF83CE0 		strh	lr, [ip, #60]	@ movhi
2504:Core/Src/vl53l1_api_core.c **** 				pcore->result_core__ranging_total_events_sd0;
 3774              		.loc 1 2504 4 is_stmt 1 view .LVU1268
2505:Core/Src/vl53l1_api_core.c **** 			pdata->signal_total_events =
 3775              		.loc 1 2505 10 is_stmt 0 view .LVU1269
 3776 00a4 5568     		ldr	r5, [r2, #4]
2504:Core/Src/vl53l1_api_core.c **** 				pcore->result_core__ranging_total_events_sd0;
 3777              		.loc 1 2504 32 view .LVU1270
 3778 00a6 CCF82450 		str	r5, [ip, #36]
2506:Core/Src/vl53l1_api_core.c **** 				pcore->result_core__signal_total_events_sd0;
 3779              		.loc 1 2506 4 is_stmt 1 view .LVU1271
2507:Core/Src/vl53l1_api_core.c **** 			pdata->total_periods_elapsed =
 3780              		.loc 1 2507 10 is_stmt 0 view .LVU1272
 3781 00aa 9568     		ldr	r5, [r2, #8]
2506:Core/Src/vl53l1_api_core.c **** 				pcore->result_core__signal_total_events_sd0;
 3782              		.loc 1 2506 31 view .LVU1273
 3783 00ac CCF82850 		str	r5, [ip, #40]
2508:Core/Src/vl53l1_api_core.c **** 				pcore->result_core__total_periods_elapsed_sd0;
 3784              		.loc 1 2508 4 is_stmt 1 view .LVU1274
2509:Core/Src/vl53l1_api_core.c **** 			pdata->ambient_window_events =
 3785              		.loc 1 2509 10 is_stmt 0 view .LVU1275
 3786 00b0 D568     		ldr	r5, [r2, #12]
2508:Core/Src/vl53l1_api_core.c **** 				pcore->result_core__total_periods_elapsed_sd0;
 3787              		.loc 1 2508 33 view .LVU1276
 3788 00b2 CCF81450 		str	r5, [ip, #20]
2510:Core/Src/vl53l1_api_core.c **** 				pcore->result_core__ambient_window_events_sd0;
 3789              		.loc 1 2510 4 is_stmt 1 view .LVU1277
2511:Core/Src/vl53l1_api_core.c **** 
 3790              		.loc 1 2511 10 is_stmt 0 view .LVU1278
 3791 00b6 1568     		ldr	r5, [r2]
2510:Core/Src/vl53l1_api_core.c **** 				pcore->result_core__ambient_window_events_sd0;
 3792              		.loc 1 2510 33 view .LVU1279
 3793 00b8 CCF82050 		str	r5, [ip, #32]
2513:Core/Src/vl53l1_api_core.c **** 		case 1:
 3794              		.loc 1 2513 4 is_stmt 1 view .LVU1280
 3795 00bc B0E7     		b	.L202
 3796              	.L216:
2464:Core/Src/vl53l1_api_core.c **** 					psys->result__mm_inner_actual_effective_spads_sd0;
 3797              		.loc 1 2464 5 view .LVU1281
2465:Core/Src/vl53l1_api_core.c **** 			else if (psys->result__report_status == VL53L1_DEVICEREPORTSTATUS_MM2)
ARM GAS  C:\Users\Lenovo\AppData\Local\Temp\ccZ6paZS.s 			page 119


 3798              		.loc 1 2465 10 is_stmt 0 view .LVU1282
 3799 00be 4D8A     		ldrh	r5, [r1, #18]
2464:Core/Src/vl53l1_api_core.c **** 					psys->result__mm_inner_actual_effective_spads_sd0;
 3800              		.loc 1 2464 35 view .LVU1283
 3801 00c0 ACF81050 		strh	r5, [ip, #16]	@ movhi
 3802 00c4 CEE7     		b	.L204
 3803              	.L217:
2467:Core/Src/vl53l1_api_core.c **** 						psys->result__mm_outer_actual_effective_spads_sd0;
 3804              		.loc 1 2467 5 is_stmt 1 view .LVU1284
2468:Core/Src/vl53l1_api_core.c **** 			else
 3805              		.loc 1 2468 11 is_stmt 0 view .LVU1285
 3806 00c6 8D8A     		ldrh	r5, [r1, #20]
2467:Core/Src/vl53l1_api_core.c **** 						psys->result__mm_outer_actual_effective_spads_sd0;
 3807              		.loc 1 2467 35 view .LVU1286
 3808 00c8 ACF81050 		strh	r5, [ip, #16]	@ movhi
 3809 00cc CAE7     		b	.L204
 3810              	.L218:
2500:Core/Src/vl53l1_api_core.c **** 
 3811              		.loc 1 2500 13 view .LVU1287
 3812 00ce 0EF2FF7E 		addw	lr, lr, #2047
 3813 00d2 E3E7     		b	.L207
 3814              	.L201:
2516:Core/Src/vl53l1_api_core.c **** 				psys->result__dss_actual_effective_spads_sd1;
 3815              		.loc 1 2516 4 is_stmt 1 view .LVU1288
2517:Core/Src/vl53l1_api_core.c **** 			pdata->peak_signal_count_rate_mcps =
 3816              		.loc 1 2517 9 is_stmt 0 view .LVU1289
 3817 00d4 0D8B     		ldrh	r5, [r1, #24]
2516:Core/Src/vl53l1_api_core.c **** 				psys->result__dss_actual_effective_spads_sd1;
 3818              		.loc 1 2516 34 view .LVU1290
 3819 00d6 ACF81050 		strh	r5, [ip, #16]	@ movhi
2518:Core/Src/vl53l1_api_core.c **** 				psys->result__peak_signal_count_rate_mcps_sd1;
 3820              		.loc 1 2518 4 is_stmt 1 view .LVU1291
2519:Core/Src/vl53l1_api_core.c **** 			pdata->avg_signal_count_rate_mcps =
 3821              		.loc 1 2519 9 is_stmt 0 view .LVU1292
 3822 00da 4D8B     		ldrh	r5, [r1, #26]
2518:Core/Src/vl53l1_api_core.c **** 				psys->result__peak_signal_count_rate_mcps_sd1;
 3823              		.loc 1 2518 39 view .LVU1293
 3824 00dc ACF82C50 		strh	r5, [ip, #44]	@ movhi
2520:Core/Src/vl53l1_api_core.c **** 				0xFFFF;
 3825              		.loc 1 2520 4 is_stmt 1 view .LVU1294
2520:Core/Src/vl53l1_api_core.c **** 				0xFFFF;
 3826              		.loc 1 2520 38 is_stmt 0 view .LVU1295
 3827 00e0 4FF6FF75 		movw	r5, #65535
 3828 00e4 ACF82E50 		strh	r5, [ip, #46]	@ movhi
2522:Core/Src/vl53l1_api_core.c **** 				psys->result__ambient_count_rate_mcps_sd1;
 3829              		.loc 1 2522 4 is_stmt 1 view .LVU1296
2523:Core/Src/vl53l1_api_core.c **** 
 3830              		.loc 1 2523 9 is_stmt 0 view .LVU1297
 3831 00e8 8D8B     		ldrh	r5, [r1, #28]
2522:Core/Src/vl53l1_api_core.c **** 				psys->result__ambient_count_rate_mcps_sd1;
 3832              		.loc 1 2522 35 view .LVU1298
 3833 00ea ACF83050 		strh	r5, [ip, #48]	@ movhi
2528:Core/Src/vl53l1_api_core.c **** 			if (tmpu32 > 0xFFFF) {
 3834              		.loc 1 2528 4 is_stmt 1 view .LVU1299
2528:Core/Src/vl53l1_api_core.c **** 			if (tmpu32 > 0xFFFF) {
 3835              		.loc 1 2528 28 is_stmt 0 view .LVU1300
 3836 00ee CD8B     		ldrh	r5, [r1, #30]
ARM GAS  C:\Users\Lenovo\AppData\Local\Temp\ccZ6paZS.s 			page 120


2528:Core/Src/vl53l1_api_core.c **** 			if (tmpu32 > 0xFFFF) {
 3837              		.loc 1 2528 11 view .LVU1301
 3838 00f0 6D01     		lsls	r5, r5, #5
 3839              	.LVL356:
2529:Core/Src/vl53l1_api_core.c **** 				tmpu32 = 0xFFFF;
 3840              		.loc 1 2529 4 is_stmt 1 view .LVU1302
2529:Core/Src/vl53l1_api_core.c **** 				tmpu32 = 0xFFFF;
 3841              		.loc 1 2529 7 is_stmt 0 view .LVU1303
 3842 00f2 B5F5803F 		cmp	r5, #65536
 3843 00f6 01D3     		bcc	.L208
2530:Core/Src/vl53l1_api_core.c **** 			}
 3844              		.loc 1 2530 12 view .LVU1304
 3845 00f8 4FF6FF75 		movw	r5, #65535
 3846              	.LVL357:
 3847              	.L208:
2532:Core/Src/vl53l1_api_core.c **** 
 3848              		.loc 1 2532 4 is_stmt 1 view .LVU1305
2532:Core/Src/vl53l1_api_core.c **** 
 3849              		.loc 1 2532 20 is_stmt 0 view .LVU1306
 3850 00fc ACF83850 		strh	r5, [ip, #56]	@ movhi
2536:Core/Src/vl53l1_api_core.c **** 				psys->result__phase_sd1;
 3851              		.loc 1 2536 4 is_stmt 1 view .LVU1307
2537:Core/Src/vl53l1_api_core.c **** 
 3852              		.loc 1 2537 9 is_stmt 0 view .LVU1308
 3853 0100 0D8C     		ldrh	r5, [r1, #32]
 3854              	.LVL358:
2536:Core/Src/vl53l1_api_core.c **** 				psys->result__phase_sd1;
 3855              		.loc 1 2536 24 view .LVU1309
 3856 0102 ACF83A50 		strh	r5, [ip, #58]	@ movhi
2539:Core/Src/vl53l1_api_core.c **** 				(int32_t)psys->result__final_crosstalk_corrected_range_mm_sd1;
 3857              		.loc 1 2539 4 is_stmt 1 view .LVU1310
2540:Core/Src/vl53l1_api_core.c **** 
 3858              		.loc 1 2540 18 is_stmt 0 view .LVU1311
 3859 0106 B1F822E0 		ldrh	lr, [r1, #34]
 3860              	.LVL359:
2543:Core/Src/vl53l1_api_core.c **** 			range_mm += 0x0400;
 3861              		.loc 1 2543 4 is_stmt 1 view .LVU1312
2543:Core/Src/vl53l1_api_core.c **** 			range_mm += 0x0400;
 3862              		.loc 1 2543 13 is_stmt 0 view .LVU1313
 3863 010a 00FB0EFE 		mul	lr, r0, lr
 3864              	.LVL360:
2544:Core/Src/vl53l1_api_core.c **** 			range_mm /= 0x0800;
 3865              		.loc 1 2544 4 is_stmt 1 view .LVU1314
2545:Core/Src/vl53l1_api_core.c **** 
 3866              		.loc 1 2545 4 view .LVU1315
2545:Core/Src/vl53l1_api_core.c **** 
 3867              		.loc 1 2545 13 is_stmt 0 view .LVU1316
 3868 010e 1EF5806E 		adds	lr, lr, #1024
 3869 0112 10D4     		bmi	.L219
 3870              	.L209:
 3871              	.LVL361:
2547:Core/Src/vl53l1_api_core.c **** 
 3872              		.loc 1 2547 4 is_stmt 1 view .LVU1317
2547:Core/Src/vl53l1_api_core.c **** 
 3873              		.loc 1 2547 29 is_stmt 0 view .LVU1318
 3874 0114 4EF3CF2E 		sbfx	lr, lr, #11, #16
 3875              	.LVL362:
ARM GAS  C:\Users\Lenovo\AppData\Local\Temp\ccZ6paZS.s 			page 121


2547:Core/Src/vl53l1_api_core.c **** 
 3876              		.loc 1 2547 27 view .LVU1319
 3877 0118 ACF83CE0 		strh	lr, [ip, #60]	@ movhi
2549:Core/Src/vl53l1_api_core.c **** 				pcore->result_core__ranging_total_events_sd1;
 3878              		.loc 1 2549 4 is_stmt 1 view .LVU1320
2550:Core/Src/vl53l1_api_core.c **** 			pdata->signal_total_events =
 3879              		.loc 1 2550 10 is_stmt 0 view .LVU1321
 3880 011c 5569     		ldr	r5, [r2, #20]
2549:Core/Src/vl53l1_api_core.c **** 				pcore->result_core__ranging_total_events_sd1;
 3881              		.loc 1 2549 32 view .LVU1322
 3882 011e CCF82450 		str	r5, [ip, #36]
2551:Core/Src/vl53l1_api_core.c **** 				pcore->result_core__signal_total_events_sd1;
 3883              		.loc 1 2551 4 is_stmt 1 view .LVU1323
2552:Core/Src/vl53l1_api_core.c **** 			pdata->total_periods_elapsed  =
 3884              		.loc 1 2552 10 is_stmt 0 view .LVU1324
 3885 0122 9569     		ldr	r5, [r2, #24]
2551:Core/Src/vl53l1_api_core.c **** 				pcore->result_core__signal_total_events_sd1;
 3886              		.loc 1 2551 31 view .LVU1325
 3887 0124 CCF82850 		str	r5, [ip, #40]
2553:Core/Src/vl53l1_api_core.c **** 				pcore->result_core__total_periods_elapsed_sd1;
 3888              		.loc 1 2553 4 is_stmt 1 view .LVU1326
2554:Core/Src/vl53l1_api_core.c **** 			pdata->ambient_window_events =
 3889              		.loc 1 2554 10 is_stmt 0 view .LVU1327
 3890 0128 D569     		ldr	r5, [r2, #28]
2553:Core/Src/vl53l1_api_core.c **** 				pcore->result_core__total_periods_elapsed_sd1;
 3891              		.loc 1 2553 34 view .LVU1328
 3892 012a CCF81450 		str	r5, [ip, #20]
2555:Core/Src/vl53l1_api_core.c **** 				pcore->result_core__ambient_window_events_sd1;
 3893              		.loc 1 2555 4 is_stmt 1 view .LVU1329
2556:Core/Src/vl53l1_api_core.c **** 
 3894              		.loc 1 2556 10 is_stmt 0 view .LVU1330
 3895 012e 1569     		ldr	r5, [r2, #16]
2555:Core/Src/vl53l1_api_core.c **** 				pcore->result_core__ambient_window_events_sd1;
 3896              		.loc 1 2555 33 view .LVU1331
 3897 0130 CCF82050 		str	r5, [ip, #32]
2558:Core/Src/vl53l1_api_core.c **** 		}
 3898              		.loc 1 2558 4 is_stmt 1 view .LVU1332
 3899 0134 74E7     		b	.L202
 3900              	.L219:
2545:Core/Src/vl53l1_api_core.c **** 
 3901              		.loc 1 2545 13 is_stmt 0 view .LVU1333
 3902 0136 0EF2FF7E 		addw	lr, lr, #2047
 3903 013a EBE7     		b	.L209
 3904              	.L215:
2562:Core/Src/vl53l1_api_core.c **** 	}
2563:Core/Src/vl53l1_api_core.c **** 
2564:Core/Src/vl53l1_api_core.c **** 	/* Update Global Device Status for results
2565:Core/Src/vl53l1_api_core.c **** 	 * - Default to no update
2566:Core/Src/vl53l1_api_core.c **** 	 */
2567:Core/Src/vl53l1_api_core.c **** 
2568:Core/Src/vl53l1_api_core.c **** 	presults->device_status = VL53L1_DEVICEERROR_NOUPDATE;
 3905              		.loc 1 2568 2 is_stmt 1 view .LVU1334
 3906              		.loc 1 2568 26 is_stmt 0 view .LVU1335
 3907 013c 0022     		movs	r2, #0
 3908              	.LVL363:
 3909              		.loc 1 2568 26 view .LVU1336
 3910 013e DA70     		strb	r2, [r3, #3]
ARM GAS  C:\Users\Lenovo\AppData\Local\Temp\ccZ6paZS.s 			page 122


2569:Core/Src/vl53l1_api_core.c **** 
2570:Core/Src/vl53l1_api_core.c **** 	/* Check range status
2571:Core/Src/vl53l1_api_core.c **** 	 * - If device error condition, update device status
2572:Core/Src/vl53l1_api_core.c **** 	 * - Remove device status from range status output this should
2573:Core/Src/vl53l1_api_core.c **** 	 * only contain information relating to range data
2574:Core/Src/vl53l1_api_core.c **** 	 */
2575:Core/Src/vl53l1_api_core.c **** 
2576:Core/Src/vl53l1_api_core.c **** 	switch (psys->result__range_status &
 3911              		.loc 1 2576 2 is_stmt 1 view .LVU1337
 3912              		.loc 1 2576 14 is_stmt 0 view .LVU1338
 3913 0140 4A78     		ldrb	r2, [r1, #1]	@ zero_extendqisi2
 3914 0142 02F01F02 		and	r2, r2, #31
 3915 0146 112A     		cmp	r2, #17
 3916 0148 04D8     		bhi	.L196
 3917 014a 0121     		movs	r1, #1
 3918              	.LVL364:
 3919              		.loc 1 2576 14 view .LVU1339
 3920 014c 9140     		lsls	r1, r1, r2
 3921 014e 0448     		ldr	r0, .L221
 3922              	.LVL365:
 3923              		.loc 1 2576 14 view .LVU1340
 3924 0150 0142     		tst	r1, r0
 3925 0152 00D1     		bne	.L220
 3926              	.L196:
2577:Core/Src/vl53l1_api_core.c **** 			VL53L1_RANGE_STATUS__RANGE_STATUS_MASK) {
2578:Core/Src/vl53l1_api_core.c **** 
2579:Core/Src/vl53l1_api_core.c **** 	case VL53L1_DEVICEERROR_VCSELCONTINUITYTESTFAILURE:
2580:Core/Src/vl53l1_api_core.c **** 	case VL53L1_DEVICEERROR_VCSELWATCHDOGTESTFAILURE:
2581:Core/Src/vl53l1_api_core.c **** 	case VL53L1_DEVICEERROR_NOVHVVALUEFOUND:
2582:Core/Src/vl53l1_api_core.c **** 	case VL53L1_DEVICEERROR_USERROICLIP:
2583:Core/Src/vl53l1_api_core.c **** 	case VL53L1_DEVICEERROR_MULTCLIPFAIL:
2584:Core/Src/vl53l1_api_core.c **** 
2585:Core/Src/vl53l1_api_core.c **** 		presults->device_status = (psys->result__range_status &
2586:Core/Src/vl53l1_api_core.c **** 				VL53L1_RANGE_STATUS__RANGE_STATUS_MASK);
2587:Core/Src/vl53l1_api_core.c **** 
2588:Core/Src/vl53l1_api_core.c **** 		presults->data[0].range_status = VL53L1_DEVICEERROR_NOUPDATE;
2589:Core/Src/vl53l1_api_core.c **** 	break;
2590:Core/Src/vl53l1_api_core.c **** 
2591:Core/Src/vl53l1_api_core.c **** 	}
2592:Core/Src/vl53l1_api_core.c **** 
2593:Core/Src/vl53l1_api_core.c **** 	LOG_FUNCTION_END(0);
2594:Core/Src/vl53l1_api_core.c **** }
 3927              		.loc 1 2594 1 view .LVU1341
 3928 0154 30BD     		pop	{r4, r5, pc}
 3929              	.LVL366:
 3930              	.L220:
2585:Core/Src/vl53l1_api_core.c **** 				VL53L1_RANGE_STATUS__RANGE_STATUS_MASK);
 3931              		.loc 1 2585 3 is_stmt 1 view .LVU1342
2585:Core/Src/vl53l1_api_core.c **** 				VL53L1_RANGE_STATUS__RANGE_STATUS_MASK);
 3932              		.loc 1 2585 27 is_stmt 0 view .LVU1343
 3933 0156 DA70     		strb	r2, [r3, #3]
2588:Core/Src/vl53l1_api_core.c **** 	break;
 3934              		.loc 1 2588 3 is_stmt 1 view .LVU1344
2588:Core/Src/vl53l1_api_core.c **** 	break;
 3935              		.loc 1 2588 34 is_stmt 0 view .LVU1345
 3936 0158 0022     		movs	r2, #0
 3937 015a 83F84220 		strb	r2, [r3, #66]
ARM GAS  C:\Users\Lenovo\AppData\Local\Temp\ccZ6paZS.s 			page 123


2589:Core/Src/vl53l1_api_core.c **** 
 3938              		.loc 1 2589 2 is_stmt 1 view .LVU1346
2593:Core/Src/vl53l1_api_core.c **** }
 3939              		.loc 1 2593 21 view .LVU1347
 3940              		.loc 1 2594 1 is_stmt 0 view .LVU1348
 3941 015e F9E7     		b	.L196
 3942              	.L222:
 3943              		.align	2
 3944              	.L221:
 3945 0160 0E200200 		.word	139278
 3946              		.cfi_endproc
 3947              	.LFE46:
 3949              		.section	.text.VL53L1_get_device_results,"ax",%progbits
 3950              		.align	1
 3951              		.global	VL53L1_get_device_results
 3952              		.syntax unified
 3953              		.thumb
 3954              		.thumb_func
 3956              	VL53L1_get_device_results:
 3957              	.LVL367:
 3958              	.LFB44:
2302:Core/Src/vl53l1_api_core.c **** 	/*
 3959              		.loc 1 2302 1 is_stmt 1 view -0
 3960              		.cfi_startproc
 3961              		@ args = 0, pretend = 0, frame = 0
 3962              		@ frame_needed = 0, uses_anonymous_args = 0
2302:Core/Src/vl53l1_api_core.c **** 	/*
 3963              		.loc 1 2302 1 is_stmt 0 view .LVU1350
 3964 0000 F8B5     		push	{r3, r4, r5, r6, r7, lr}
 3965              	.LCFI35:
 3966              		.cfi_def_cfa_offset 24
 3967              		.cfi_offset 3, -24
 3968              		.cfi_offset 4, -20
 3969              		.cfi_offset 5, -16
 3970              		.cfi_offset 6, -12
 3971              		.cfi_offset 7, -8
 3972              		.cfi_offset 14, -4
 3973 0002 0446     		mov	r4, r0
 3974 0004 1646     		mov	r6, r2
2313:Core/Src/vl53l1_api_core.c **** 
 3975              		.loc 1 2313 2 is_stmt 1 view .LVU1351
 3976              	.LVL368:
2315:Core/Src/vl53l1_api_core.c **** 			VL53L1DevStructGetLLDriverHandle(Dev);
 3977              		.loc 1 2315 2 view .LVU1352
2317:Core/Src/vl53l1_api_core.c **** 			VL53L1DevStructGetLLResultsHandle(Dev);
 3978              		.loc 1 2317 2 view .LVU1353
2320:Core/Src/vl53l1_api_core.c **** 
 3979              		.loc 1 2320 2 view .LVU1354
2320:Core/Src/vl53l1_api_core.c **** 
 3980              		.loc 1 2320 28 is_stmt 0 view .LVU1355
 3981 0006 00F53D77 		add	r7, r0, #756
 3982              	.LVL369:
2322:Core/Src/vl53l1_api_core.c **** 
 3983              		.loc 1 2322 24 is_stmt 1 view .LVU1356
2326:Core/Src/vl53l1_api_core.c **** 		status = VL53L1_get_measurement_results(
 3984              		.loc 1 2326 2 view .LVU1357
2327:Core/Src/vl53l1_api_core.c **** 						Dev,
ARM GAS  C:\Users\Lenovo\AppData\Local\Temp\ccZ6paZS.s 			page 124


 3985              		.loc 1 2327 3 view .LVU1358
2327:Core/Src/vl53l1_api_core.c **** 						Dev,
 3986              		.loc 1 2327 12 is_stmt 0 view .LVU1359
 3987 000a FFF7FEFF 		bl	VL53L1_get_measurement_results
 3988              	.LVL370:
2331:Core/Src/vl53l1_api_core.c **** 		VL53L1_copy_sys_and_core_results_to_range_results(
 3989              		.loc 1 2331 2 is_stmt 1 view .LVU1360
2331:Core/Src/vl53l1_api_core.c **** 		VL53L1_copy_sys_and_core_results_to_range_results(
 3990              		.loc 1 2331 5 is_stmt 0 view .LVU1361
 3991 000e 0546     		mov	r5, r0
 3992 0010 98B1     		cbz	r0, .L229
 3993              	.LVL371:
 3994              	.L224:
2340:Core/Src/vl53l1_api_core.c **** 		/* change to manual calibrations. Only needed on the
 3995              		.loc 1 2340 2 is_stmt 1 view .LVU1362
2340:Core/Src/vl53l1_api_core.c **** 		/* change to manual calibrations. Only needed on the
 3996              		.loc 1 2340 31 is_stmt 0 view .LVU1363
 3997 0012 94F8E532 		ldrb	r3, [r4, #741]	@ zero_extendqisi2
2340:Core/Src/vl53l1_api_core.c **** 		/* change to manual calibrations. Only needed on the
 3998              		.loc 1 2340 5 view .LVU1364
 3999 0016 012B     		cmp	r3, #1
 4000 0018 19D0     		beq	.L230
 4001              	.L225:
 4002              	.LVL372:
2358:Core/Src/vl53l1_api_core.c **** 	presults->rd_device_state  = pdev->ll_state.rd_device_state;
 4003              		.loc 1 2358 2 is_stmt 1 view .LVU1365
2358:Core/Src/vl53l1_api_core.c **** 	presults->rd_device_state  = pdev->ll_state.rd_device_state;
 4004              		.loc 1 2358 45 is_stmt 0 view .LVU1366
 4005 001a 94F82C30 		ldrb	r3, [r4, #44]	@ zero_extendqisi2
2358:Core/Src/vl53l1_api_core.c **** 	presults->rd_device_state  = pdev->ll_state.rd_device_state;
 4006              		.loc 1 2358 29 view .LVU1367
 4007 001e 84F8F432 		strb	r3, [r4, #756]
2359:Core/Src/vl53l1_api_core.c **** 
 4008              		.loc 1 2359 2 is_stmt 1 view .LVU1368
2359:Core/Src/vl53l1_api_core.c **** 
 4009              		.loc 1 2359 45 is_stmt 0 view .LVU1369
 4010 0022 94F83030 		ldrb	r3, [r4, #48]	@ zero_extendqisi2
2359:Core/Src/vl53l1_api_core.c **** 
 4011              		.loc 1 2359 29 view .LVU1370
 4012 0026 84F8F532 		strb	r3, [r4, #757]
2363:Core/Src/vl53l1_api_core.c **** 		prange_results,
 4013              		.loc 1 2363 2 is_stmt 1 view .LVU1371
 4014 002a 8422     		movs	r2, #132
 4015 002c 3946     		mov	r1, r7
 4016 002e 3046     		mov	r0, r6
 4017 0030 FFF7FEFF 		bl	memcpy
 4018              	.LVL373:
2373:Core/Src/vl53l1_api_core.c **** 		status = VL53L1_check_ll_driver_rd_state(Dev);
 4019              		.loc 1 2373 2 view .LVU1372
2373:Core/Src/vl53l1_api_core.c **** 		status = VL53L1_check_ll_driver_rd_state(Dev);
 4020              		.loc 1 2373 5 is_stmt 0 view .LVU1373
 4021 0034 0DB3     		cbz	r5, .L231
 4022              	.L227:
2384:Core/Src/vl53l1_api_core.c **** 
 4023              		.loc 1 2384 26 is_stmt 1 view .LVU1374
2386:Core/Src/vl53l1_api_core.c **** }
 4024              		.loc 1 2386 2 view .LVU1375
ARM GAS  C:\Users\Lenovo\AppData\Local\Temp\ccZ6paZS.s 			page 125


2387:Core/Src/vl53l1_api_core.c **** 
 4025              		.loc 1 2387 1 is_stmt 0 view .LVU1376
 4026 0036 2846     		mov	r0, r5
 4027 0038 F8BD     		pop	{r3, r4, r5, r6, r7, pc}
 4028              	.LVL374:
 4029              	.L229:
2332:Core/Src/vl53l1_api_core.c **** 				(int32_t)pdev->gain_cal.standard_ranging_gain_factor,
 4030              		.loc 1 2332 3 is_stmt 1 view .LVU1377
 4031 003a 3B46     		mov	r3, r7
 4032 003c 04F52272 		add	r2, r4, #648
 4033 0040 04F5E771 		add	r1, r4, #462
 4034 0044 B4F89C00 		ldrh	r0, [r4, #156]
 4035              	.LVL375:
2332:Core/Src/vl53l1_api_core.c **** 				(int32_t)pdev->gain_cal.standard_ranging_gain_factor,
 4036              		.loc 1 2332 3 is_stmt 0 view .LVU1378
 4037 0048 FFF7FEFF 		bl	VL53L1_copy_sys_and_core_results_to_range_results
 4038              	.LVL376:
 4039 004c E1E7     		b	.L224
 4040              	.L230:
2343:Core/Src/vl53l1_api_core.c **** 			(pdev->low_power_auto_data.low_power_auto_range_count == 0)) {
 4041              		.loc 1 2343 3 is_stmt 1 view .LVU1379
2343:Core/Src/vl53l1_api_core.c **** 			(pdev->low_power_auto_data.low_power_auto_range_count == 0)) {
 4042              		.loc 1 2343 6 is_stmt 0 view .LVU1380
 4043 004e 15B9     		cbnz	r5, .L226
2344:Core/Src/vl53l1_api_core.c **** 			status = VL53L1_low_power_auto_setup_manual_calibration(
 4044              		.loc 1 2344 30 discriminator 1 view .LVU1381
 4045 0050 94F8E632 		ldrb	r3, [r4, #742]	@ zero_extendqisi2
2343:Core/Src/vl53l1_api_core.c **** 			(pdev->low_power_auto_data.low_power_auto_range_count == 0)) {
 4046              		.loc 1 2343 37 discriminator 1 view .LVU1382
 4047 0054 4BB1     		cbz	r3, .L232
 4048              	.L226:
2348:Core/Src/vl53l1_api_core.c **** 			(pdev->low_power_auto_data.low_power_auto_range_count == 1)) {
 4049              		.loc 1 2348 10 is_stmt 1 view .LVU1383
2348:Core/Src/vl53l1_api_core.c **** 			(pdev->low_power_auto_data.low_power_auto_range_count == 1)) {
 4050              		.loc 1 2348 13 is_stmt 0 view .LVU1384
 4051 0056 002D     		cmp	r5, #0
 4052 0058 DFD1     		bne	.L225
2349:Core/Src/vl53l1_api_core.c **** 			pdev->low_power_auto_data.low_power_auto_range_count = 2;
 4053              		.loc 1 2349 30 discriminator 1 view .LVU1385
 4054 005a 94F8E632 		ldrb	r3, [r4, #742]	@ zero_extendqisi2
2348:Core/Src/vl53l1_api_core.c **** 			(pdev->low_power_auto_data.low_power_auto_range_count == 1)) {
 4055              		.loc 1 2348 44 discriminator 1 view .LVU1386
 4056 005e 012B     		cmp	r3, #1
 4057 0060 DBD1     		bne	.L225
2350:Core/Src/vl53l1_api_core.c **** 		}
 4058              		.loc 1 2350 4 is_stmt 1 view .LVU1387
2350:Core/Src/vl53l1_api_core.c **** 		}
 4059              		.loc 1 2350 57 is_stmt 0 view .LVU1388
 4060 0062 0223     		movs	r3, #2
 4061 0064 84F8E632 		strb	r3, [r4, #742]
 4062 0068 D7E7     		b	.L225
 4063              	.L232:
2345:Core/Src/vl53l1_api_core.c **** 					Dev);
 4064              		.loc 1 2345 4 is_stmt 1 view .LVU1389
2345:Core/Src/vl53l1_api_core.c **** 					Dev);
 4065              		.loc 1 2345 13 is_stmt 0 view .LVU1390
 4066 006a 2046     		mov	r0, r4
ARM GAS  C:\Users\Lenovo\AppData\Local\Temp\ccZ6paZS.s 			page 126


 4067 006c FFF7FEFF 		bl	VL53L1_low_power_auto_setup_manual_calibration
 4068              	.LVL377:
 4069 0070 0546     		mov	r5, r0
 4070              	.LVL378:
2347:Core/Src/vl53l1_api_core.c **** 		} else if ((status == VL53L1_ERROR_NONE) &&
 4071              		.loc 1 2347 4 is_stmt 1 view .LVU1391
2347:Core/Src/vl53l1_api_core.c **** 		} else if ((status == VL53L1_ERROR_NONE) &&
 4072              		.loc 1 2347 57 is_stmt 0 view .LVU1392
 4073 0072 0123     		movs	r3, #1
 4074 0074 84F8E632 		strb	r3, [r4, #742]
 4075 0078 CFE7     		b	.L225
 4076              	.L231:
2374:Core/Src/vl53l1_api_core.c **** 
 4077              		.loc 1 2374 3 is_stmt 1 view .LVU1393
2374:Core/Src/vl53l1_api_core.c **** 
 4078              		.loc 1 2374 12 is_stmt 0 view .LVU1394
 4079 007a 2046     		mov	r0, r4
 4080 007c FFF7FEFF 		bl	VL53L1_check_ll_driver_rd_state
 4081              	.LVL379:
 4082 0080 0546     		mov	r5, r0
 4083              	.LVL380:
2374:Core/Src/vl53l1_api_core.c **** 
 4084              		.loc 1 2374 12 view .LVU1395
 4085 0082 D8E7     		b	.L227
 4086              		.cfi_endproc
 4087              	.LFE44:
 4089              		.section	.text.VL53L1_set_GPIO_interrupt_config,"ax",%progbits
 4090              		.align	1
 4091              		.global	VL53L1_set_GPIO_interrupt_config
 4092              		.syntax unified
 4093              		.thumb
 4094              		.thumb_func
 4096              	VL53L1_set_GPIO_interrupt_config:
 4097              	.LVL381:
 4098              	.LFB47:
2595:Core/Src/vl53l1_api_core.c **** 
2596:Core/Src/vl53l1_api_core.c **** /*
2597:Core/Src/vl53l1_api_core.c ****  * Configure the GPIO interrupt config, from the given input
2598:Core/Src/vl53l1_api_core.c ****  */
2599:Core/Src/vl53l1_api_core.c **** 
2600:Core/Src/vl53l1_api_core.c **** VL53L1_Error VL53L1_set_GPIO_interrupt_config(
2601:Core/Src/vl53l1_api_core.c **** 	VL53L1_DEV                      Dev,
2602:Core/Src/vl53l1_api_core.c **** 	VL53L1_GPIO_Interrupt_Mode	intr_mode_distance,
2603:Core/Src/vl53l1_api_core.c **** 	VL53L1_GPIO_Interrupt_Mode	intr_mode_rate,
2604:Core/Src/vl53l1_api_core.c **** 	uint8_t				intr_new_measure_ready,
2605:Core/Src/vl53l1_api_core.c **** 	uint8_t				intr_no_target,
2606:Core/Src/vl53l1_api_core.c **** 	uint8_t				intr_combined_mode,
2607:Core/Src/vl53l1_api_core.c **** 	uint16_t			thresh_distance_high,
2608:Core/Src/vl53l1_api_core.c **** 	uint16_t			thresh_distance_low,
2609:Core/Src/vl53l1_api_core.c **** 	uint16_t			thresh_rate_high,
2610:Core/Src/vl53l1_api_core.c **** 	uint16_t			thresh_rate_low
2611:Core/Src/vl53l1_api_core.c **** 	)
2612:Core/Src/vl53l1_api_core.c **** {
 4099              		.loc 1 2612 1 is_stmt 1 view -0
 4100              		.cfi_startproc
 4101              		@ args = 24, pretend = 0, frame = 0
 4102              		@ frame_needed = 0, uses_anonymous_args = 0
ARM GAS  C:\Users\Lenovo\AppData\Local\Temp\ccZ6paZS.s 			page 127


 4103              		.loc 1 2612 1 is_stmt 0 view .LVU1397
 4104 0000 38B5     		push	{r3, r4, r5, lr}
 4105              	.LCFI36:
 4106              		.cfi_def_cfa_offset 16
 4107              		.cfi_offset 3, -16
 4108              		.cfi_offset 4, -12
 4109              		.cfi_offset 5, -8
 4110              		.cfi_offset 14, -4
 4111 0002 0446     		mov	r4, r0
2613:Core/Src/vl53l1_api_core.c **** 	VL53L1_Error  status = VL53L1_ERROR_NONE;
 4112              		.loc 1 2613 2 is_stmt 1 view .LVU1398
 4113              	.LVL382:
2614:Core/Src/vl53l1_api_core.c **** 
2615:Core/Src/vl53l1_api_core.c **** 	VL53L1_LLDriverData_t *pdev = VL53L1DevStructGetLLDriverHandle(Dev);
 4114              		.loc 1 2615 2 view .LVU1399
2616:Core/Src/vl53l1_api_core.c **** 	VL53L1_GPIO_interrupt_config_t *pintconf = &(pdev->gpio_interrupt_config);
 4115              		.loc 1 2616 2 view .LVU1400
 4116              		.loc 1 2616 34 is_stmt 0 view .LVU1401
 4117 0004 00F13405 		add	r5, r0, #52
 4118              	.LVL383:
2617:Core/Src/vl53l1_api_core.c **** 
2618:Core/Src/vl53l1_api_core.c **** 	LOG_FUNCTION_START("");
 4119              		.loc 1 2618 24 is_stmt 1 view .LVU1402
2619:Core/Src/vl53l1_api_core.c **** 
2620:Core/Src/vl53l1_api_core.c **** 	/* update local data structure */
2621:Core/Src/vl53l1_api_core.c **** 	pintconf->intr_mode_distance = intr_mode_distance;
 4120              		.loc 1 2621 2 view .LVU1403
 4121              		.loc 1 2621 31 is_stmt 0 view .LVU1404
 4122 0008 80F83410 		strb	r1, [r0, #52]
2622:Core/Src/vl53l1_api_core.c **** 	pintconf->intr_mode_rate = intr_mode_rate;
 4123              		.loc 1 2622 2 is_stmt 1 view .LVU1405
 4124              		.loc 1 2622 27 is_stmt 0 view .LVU1406
 4125 000c 80F83520 		strb	r2, [r0, #53]
2623:Core/Src/vl53l1_api_core.c **** 	pintconf->intr_new_measure_ready = intr_new_measure_ready;
 4126              		.loc 1 2623 2 is_stmt 1 view .LVU1407
 4127              		.loc 1 2623 35 is_stmt 0 view .LVU1408
 4128 0010 80F83630 		strb	r3, [r0, #54]
2624:Core/Src/vl53l1_api_core.c **** 	pintconf->intr_no_target = intr_no_target;
 4129              		.loc 1 2624 2 is_stmt 1 view .LVU1409
 4130              		.loc 1 2624 27 is_stmt 0 view .LVU1410
 4131 0014 9DF81030 		ldrb	r3, [sp, #16]	@ zero_extendqisi2
 4132              	.LVL384:
 4133              		.loc 1 2624 27 view .LVU1411
 4134 0018 80F83730 		strb	r3, [r0, #55]
2625:Core/Src/vl53l1_api_core.c **** 	pintconf->intr_combined_mode = intr_combined_mode;
 4135              		.loc 1 2625 2 is_stmt 1 view .LVU1412
 4136              		.loc 1 2625 31 is_stmt 0 view .LVU1413
 4137 001c 9DF81430 		ldrb	r3, [sp, #20]	@ zero_extendqisi2
 4138 0020 80F83830 		strb	r3, [r0, #56]
2626:Core/Src/vl53l1_api_core.c **** 	pintconf->threshold_distance_high = thresh_distance_high;
 4139              		.loc 1 2626 2 is_stmt 1 view .LVU1414
 4140              		.loc 1 2626 36 is_stmt 0 view .LVU1415
 4141 0024 BDF81830 		ldrh	r3, [sp, #24]
 4142 0028 4387     		strh	r3, [r0, #58]	@ movhi
2627:Core/Src/vl53l1_api_core.c **** 	pintconf->threshold_distance_low = thresh_distance_low;
 4143              		.loc 1 2627 2 is_stmt 1 view .LVU1416
 4144              		.loc 1 2627 35 is_stmt 0 view .LVU1417
ARM GAS  C:\Users\Lenovo\AppData\Local\Temp\ccZ6paZS.s 			page 128


 4145 002a BDF81C30 		ldrh	r3, [sp, #28]
 4146 002e 8387     		strh	r3, [r0, #60]	@ movhi
2628:Core/Src/vl53l1_api_core.c **** 	pintconf->threshold_rate_high = thresh_rate_high;
 4147              		.loc 1 2628 2 is_stmt 1 view .LVU1418
 4148              		.loc 1 2628 32 is_stmt 0 view .LVU1419
 4149 0030 BDF82030 		ldrh	r3, [sp, #32]
 4150 0034 C387     		strh	r3, [r0, #62]	@ movhi
2629:Core/Src/vl53l1_api_core.c **** 	pintconf->threshold_rate_low = thresh_rate_low;
 4151              		.loc 1 2629 2 is_stmt 1 view .LVU1420
 4152              		.loc 1 2629 31 is_stmt 0 view .LVU1421
 4153 0036 BDF82430 		ldrh	r3, [sp, #36]
 4154 003a A0F84030 		strh	r3, [r0, #64]	@ movhi
2630:Core/Src/vl53l1_api_core.c **** 
2631:Core/Src/vl53l1_api_core.c **** 	/* encoded interrupt config */
2632:Core/Src/vl53l1_api_core.c **** 	pdev->gen_cfg.system__interrupt_config_gpio =
 4155              		.loc 1 2632 2 is_stmt 1 view .LVU1422
2633:Core/Src/vl53l1_api_core.c **** 		VL53L1_encode_GPIO_interrupt_config(pintconf);
 4156              		.loc 1 2633 3 is_stmt 0 view .LVU1423
 4157 003e 2846     		mov	r0, r5
 4158              	.LVL385:
 4159              		.loc 1 2633 3 view .LVU1424
 4160 0040 FFF7FEFF 		bl	VL53L1_encode_GPIO_interrupt_config
 4161              	.LVL386:
2632:Core/Src/vl53l1_api_core.c **** 		VL53L1_encode_GPIO_interrupt_config(pintconf);
 4162              		.loc 1 2632 46 view .LVU1425
 4163 0044 84F88601 		strb	r0, [r4, #390]
2634:Core/Src/vl53l1_api_core.c **** 
2635:Core/Src/vl53l1_api_core.c **** 
2636:Core/Src/vl53l1_api_core.c **** 	/* set thresholds */
2637:Core/Src/vl53l1_api_core.c **** 	status = VL53L1_set_GPIO_thresholds_from_struct(
 4164              		.loc 1 2637 2 is_stmt 1 view .LVU1426
 4165              		.loc 1 2637 11 is_stmt 0 view .LVU1427
 4166 0048 2946     		mov	r1, r5
 4167 004a 2046     		mov	r0, r4
 4168 004c FFF7FEFF 		bl	VL53L1_set_GPIO_thresholds_from_struct
 4169              	.LVL387:
2638:Core/Src/vl53l1_api_core.c **** 			Dev,
2639:Core/Src/vl53l1_api_core.c **** 			pintconf);
2640:Core/Src/vl53l1_api_core.c **** 
2641:Core/Src/vl53l1_api_core.c **** 	LOG_FUNCTION_END(status);
 4170              		.loc 1 2641 26 is_stmt 1 view .LVU1428
2642:Core/Src/vl53l1_api_core.c **** 	return status;
 4171              		.loc 1 2642 2 view .LVU1429
2643:Core/Src/vl53l1_api_core.c **** }
 4172              		.loc 1 2643 1 is_stmt 0 view .LVU1430
 4173 0050 38BD     		pop	{r3, r4, r5, pc}
 4174              		.loc 1 2643 1 view .LVU1431
 4175              		.cfi_endproc
 4176              	.LFE47:
 4178              		.section	.text.VL53L1_set_GPIO_interrupt_config_struct,"ax",%progbits
 4179              		.align	1
 4180              		.global	VL53L1_set_GPIO_interrupt_config_struct
 4181              		.syntax unified
 4182              		.thumb
 4183              		.thumb_func
 4185              	VL53L1_set_GPIO_interrupt_config_struct:
 4186              	.LVL388:
ARM GAS  C:\Users\Lenovo\AppData\Local\Temp\ccZ6paZS.s 			page 129


 4187              	.LFB48:
2644:Core/Src/vl53l1_api_core.c **** 
2645:Core/Src/vl53l1_api_core.c **** /*
2646:Core/Src/vl53l1_api_core.c ****  * Configure the GPIO interrupt config, from the given structure
2647:Core/Src/vl53l1_api_core.c ****  */
2648:Core/Src/vl53l1_api_core.c **** 
2649:Core/Src/vl53l1_api_core.c **** VL53L1_Error VL53L1_set_GPIO_interrupt_config_struct(
2650:Core/Src/vl53l1_api_core.c **** 	VL53L1_DEV                      Dev,
2651:Core/Src/vl53l1_api_core.c **** 	VL53L1_GPIO_interrupt_config_t	intconf)
2652:Core/Src/vl53l1_api_core.c **** {
 4188              		.loc 1 2652 1 is_stmt 1 view -0
 4189              		.cfi_startproc
 4190              		@ args = 20, pretend = 16, frame = 0
 4191              		@ frame_needed = 0, uses_anonymous_args = 0
 4192              		.loc 1 2652 1 is_stmt 0 view .LVU1433
 4193 0000 84B0     		sub	sp, sp, #16
 4194              	.LCFI37:
 4195              		.cfi_def_cfa_offset 16
 4196 0002 38B5     		push	{r3, r4, r5, lr}
 4197              	.LCFI38:
 4198              		.cfi_def_cfa_offset 32
 4199              		.cfi_offset 3, -32
 4200              		.cfi_offset 4, -28
 4201              		.cfi_offset 5, -24
 4202              		.cfi_offset 14, -20
 4203 0004 0446     		mov	r4, r0
 4204 0006 05A8     		add	r0, sp, #20
 4205 0008 80E80E00 		stm	r0, {r1, r2, r3}
2653:Core/Src/vl53l1_api_core.c **** 	VL53L1_Error  status = VL53L1_ERROR_NONE;
 4206              		.loc 1 2653 2 is_stmt 1 view .LVU1434
 4207              	.LVL389:
2654:Core/Src/vl53l1_api_core.c **** 
2655:Core/Src/vl53l1_api_core.c **** 	VL53L1_LLDriverData_t *pdev = VL53L1DevStructGetLLDriverHandle(Dev);
 4208              		.loc 1 2655 2 view .LVU1435
2656:Core/Src/vl53l1_api_core.c **** 	VL53L1_GPIO_interrupt_config_t *pintconf = &(pdev->gpio_interrupt_config);
 4209              		.loc 1 2656 2 view .LVU1436
 4210              		.loc 1 2656 34 is_stmt 0 view .LVU1437
 4211 000c 04F13405 		add	r5, r4, #52
 4212              	.LVL390:
2657:Core/Src/vl53l1_api_core.c **** 
2658:Core/Src/vl53l1_api_core.c **** 	LOG_FUNCTION_START("");
 4213              		.loc 1 2658 24 is_stmt 1 view .LVU1438
2659:Core/Src/vl53l1_api_core.c **** 
2660:Core/Src/vl53l1_api_core.c **** 	 /* using memcpy(dst, src, size in bytes) */
2661:Core/Src/vl53l1_api_core.c **** 	memcpy(pintconf, &(intconf), sizeof(VL53L1_GPIO_interrupt_config_t));
 4214              		.loc 1 2661 2 view .LVU1439
 4215 0010 0599     		ldr	r1, [sp, #20]	@ unaligned
 4216 0012 4268     		ldr	r2, [r0, #4]	@ unaligned
 4217 0014 8368     		ldr	r3, [r0, #8]	@ unaligned
 4218 0016 6163     		str	r1, [r4, #52]	@ unaligned
 4219 0018 A263     		str	r2, [r4, #56]	@ unaligned
 4220 001a E363     		str	r3, [r4, #60]	@ unaligned
 4221 001c 8389     		ldrh	r3, [r0, #12]	@ unaligned
 4222 001e A4F84030 		strh	r3, [r4, #64]	@ unaligned
2662:Core/Src/vl53l1_api_core.c **** 
2663:Core/Src/vl53l1_api_core.c **** 	/* encoded interrupt config */
2664:Core/Src/vl53l1_api_core.c **** 	pdev->gen_cfg.system__interrupt_config_gpio =
ARM GAS  C:\Users\Lenovo\AppData\Local\Temp\ccZ6paZS.s 			page 130


 4223              		.loc 1 2664 2 view .LVU1440
2665:Core/Src/vl53l1_api_core.c **** 		VL53L1_encode_GPIO_interrupt_config(pintconf);
 4224              		.loc 1 2665 3 is_stmt 0 view .LVU1441
 4225 0022 2846     		mov	r0, r5
 4226              	.LVL391:
 4227              		.loc 1 2665 3 view .LVU1442
 4228 0024 FFF7FEFF 		bl	VL53L1_encode_GPIO_interrupt_config
 4229              	.LVL392:
2664:Core/Src/vl53l1_api_core.c **** 		VL53L1_encode_GPIO_interrupt_config(pintconf);
 4230              		.loc 1 2664 46 view .LVU1443
 4231 0028 84F88601 		strb	r0, [r4, #390]
2666:Core/Src/vl53l1_api_core.c **** 
2667:Core/Src/vl53l1_api_core.c **** 	/* set thresholds */
2668:Core/Src/vl53l1_api_core.c **** 	status = VL53L1_set_GPIO_thresholds_from_struct(
 4232              		.loc 1 2668 2 is_stmt 1 view .LVU1444
 4233              		.loc 1 2668 11 is_stmt 0 view .LVU1445
 4234 002c 2946     		mov	r1, r5
 4235 002e 2046     		mov	r0, r4
 4236 0030 FFF7FEFF 		bl	VL53L1_set_GPIO_thresholds_from_struct
 4237              	.LVL393:
2669:Core/Src/vl53l1_api_core.c **** 			Dev,
2670:Core/Src/vl53l1_api_core.c **** 			pintconf);
2671:Core/Src/vl53l1_api_core.c **** 
2672:Core/Src/vl53l1_api_core.c **** 	LOG_FUNCTION_END(status);
 4238              		.loc 1 2672 26 is_stmt 1 view .LVU1446
2673:Core/Src/vl53l1_api_core.c **** 	return status;
 4239              		.loc 1 2673 2 view .LVU1447
2674:Core/Src/vl53l1_api_core.c **** }
 4240              		.loc 1 2674 1 is_stmt 0 view .LVU1448
 4241 0034 BDE83840 		pop	{r3, r4, r5, lr}
 4242              	.LCFI39:
 4243              		.cfi_restore 14
 4244              		.cfi_restore 5
 4245              		.cfi_restore 4
 4246              		.cfi_restore 3
 4247              		.cfi_def_cfa_offset 16
 4248              	.LVL394:
 4249              		.loc 1 2674 1 view .LVU1449
 4250 0038 04B0     		add	sp, sp, #16
 4251              	.LCFI40:
 4252              		.cfi_def_cfa_offset 0
 4253 003a 7047     		bx	lr
 4254              		.cfi_endproc
 4255              	.LFE48:
 4257              		.section	.text.VL53L1_get_GPIO_interrupt_config,"ax",%progbits
 4258              		.align	1
 4259              		.global	VL53L1_get_GPIO_interrupt_config
 4260              		.syntax unified
 4261              		.thumb
 4262              		.thumb_func
 4264              	VL53L1_get_GPIO_interrupt_config:
 4265              	.LVL395:
 4266              	.LFB49:
2675:Core/Src/vl53l1_api_core.c **** 
2676:Core/Src/vl53l1_api_core.c **** /*
2677:Core/Src/vl53l1_api_core.c ****  * Retrieve GPIO interrupt config structure
2678:Core/Src/vl53l1_api_core.c ****  */
ARM GAS  C:\Users\Lenovo\AppData\Local\Temp\ccZ6paZS.s 			page 131


2679:Core/Src/vl53l1_api_core.c **** 
2680:Core/Src/vl53l1_api_core.c **** VL53L1_Error VL53L1_get_GPIO_interrupt_config(
2681:Core/Src/vl53l1_api_core.c **** 	VL53L1_DEV                      Dev,
2682:Core/Src/vl53l1_api_core.c **** 	VL53L1_GPIO_interrupt_config_t	*pintconf)
2683:Core/Src/vl53l1_api_core.c **** {
 4267              		.loc 1 2683 1 is_stmt 1 view -0
 4268              		.cfi_startproc
 4269              		@ args = 0, pretend = 0, frame = 16
 4270              		@ frame_needed = 0, uses_anonymous_args = 0
 4271              		.loc 1 2683 1 is_stmt 0 view .LVU1451
 4272 0000 30B5     		push	{r4, r5, lr}
 4273              	.LCFI41:
 4274              		.cfi_def_cfa_offset 12
 4275              		.cfi_offset 4, -12
 4276              		.cfi_offset 5, -8
 4277              		.cfi_offset 14, -4
 4278 0002 85B0     		sub	sp, sp, #20
 4279              	.LCFI42:
 4280              		.cfi_def_cfa_offset 32
 4281 0004 0446     		mov	r4, r0
 4282 0006 0D46     		mov	r5, r1
2684:Core/Src/vl53l1_api_core.c **** 	VL53L1_Error  status = VL53L1_ERROR_NONE;
 4283              		.loc 1 2684 2 is_stmt 1 view .LVU1452
 4284              	.LVL396:
2685:Core/Src/vl53l1_api_core.c **** 
2686:Core/Src/vl53l1_api_core.c **** 	VL53L1_LLDriverData_t *pdev = VL53L1DevStructGetLLDriverHandle(Dev);
 4285              		.loc 1 2686 2 view .LVU1453
2687:Core/Src/vl53l1_api_core.c **** 
2688:Core/Src/vl53l1_api_core.c **** 	LOG_FUNCTION_START("");
 4286              		.loc 1 2688 24 view .LVU1454
2689:Core/Src/vl53l1_api_core.c **** 
2690:Core/Src/vl53l1_api_core.c **** 	/*
2691:Core/Src/vl53l1_api_core.c **** 	 * Decode the system__interrupt_config_gpio register
2692:Core/Src/vl53l1_api_core.c **** 	 * This makes sure the structure is in line with the register
2693:Core/Src/vl53l1_api_core.c **** 	 */
2694:Core/Src/vl53l1_api_core.c **** 	pdev->gpio_interrupt_config = VL53L1_decode_GPIO_interrupt_config(
 4287              		.loc 1 2694 2 view .LVU1455
 4288              		.loc 1 2694 32 is_stmt 0 view .LVU1456
 4289 0008 90F88611 		ldrb	r1, [r0, #390]	@ zero_extendqisi2
 4290              	.LVL397:
 4291              		.loc 1 2694 32 view .LVU1457
 4292 000c 6846     		mov	r0, sp
 4293              	.LVL398:
 4294              		.loc 1 2694 32 view .LVU1458
 4295 000e FFF7FEFF 		bl	VL53L1_decode_GPIO_interrupt_config
 4296              	.LVL399:
 4297 0012 04F13403 		add	r3, r4, #52
 4298 0016 0098     		ldr	r0, [sp]	@ unaligned
 4299 0018 0199     		ldr	r1, [sp, #4]	@ unaligned
 4300 001a 029A     		ldr	r2, [sp, #8]	@ unaligned
 4301 001c 07C3     		stmia	r3!, {r0, r1, r2}
 4302 001e BDF80C20 		ldrh	r2, [sp, #12]	@ unaligned
 4303 0022 1A80     		strh	r2, [r3]	@ unaligned
2695:Core/Src/vl53l1_api_core.c **** 			pdev->gen_cfg.system__interrupt_config_gpio);
2696:Core/Src/vl53l1_api_core.c **** 
2697:Core/Src/vl53l1_api_core.c **** 	/*
2698:Core/Src/vl53l1_api_core.c **** 	 * Readout the system thresholds
ARM GAS  C:\Users\Lenovo\AppData\Local\Temp\ccZ6paZS.s 			page 132


2699:Core/Src/vl53l1_api_core.c **** 	 */
2700:Core/Src/vl53l1_api_core.c **** 	pdev->gpio_interrupt_config.threshold_distance_high =
 4304              		.loc 1 2700 2 is_stmt 1 view .LVU1459
2701:Core/Src/vl53l1_api_core.c **** 		pdev->dyn_cfg.system__thresh_high;
 4305              		.loc 1 2701 16 is_stmt 0 view .LVU1460
 4306 0024 B4F8B631 		ldrh	r3, [r4, #438]
2700:Core/Src/vl53l1_api_core.c **** 		pdev->dyn_cfg.system__thresh_high;
 4307              		.loc 1 2700 54 view .LVU1461
 4308 0028 6387     		strh	r3, [r4, #58]	@ movhi
2702:Core/Src/vl53l1_api_core.c **** 	pdev->gpio_interrupt_config.threshold_distance_low =
 4309              		.loc 1 2702 2 is_stmt 1 view .LVU1462
2703:Core/Src/vl53l1_api_core.c **** 		pdev->dyn_cfg.system__thresh_low;
 4310              		.loc 1 2703 16 is_stmt 0 view .LVU1463
 4311 002a B4F8B831 		ldrh	r3, [r4, #440]
2702:Core/Src/vl53l1_api_core.c **** 	pdev->gpio_interrupt_config.threshold_distance_low =
 4312              		.loc 1 2702 53 view .LVU1464
 4313 002e A387     		strh	r3, [r4, #60]	@ movhi
2704:Core/Src/vl53l1_api_core.c **** 
2705:Core/Src/vl53l1_api_core.c **** 	pdev->gpio_interrupt_config.threshold_rate_high =
 4314              		.loc 1 2705 2 is_stmt 1 view .LVU1465
2706:Core/Src/vl53l1_api_core.c **** 		pdev->gen_cfg.system__thresh_rate_high;
 4315              		.loc 1 2706 16 is_stmt 0 view .LVU1466
 4316 0030 B4F89031 		ldrh	r3, [r4, #400]
2705:Core/Src/vl53l1_api_core.c **** 		pdev->gen_cfg.system__thresh_rate_high;
 4317              		.loc 1 2705 50 view .LVU1467
 4318 0034 E387     		strh	r3, [r4, #62]	@ movhi
2707:Core/Src/vl53l1_api_core.c **** 	pdev->gpio_interrupt_config.threshold_rate_low =
 4319              		.loc 1 2707 2 is_stmt 1 view .LVU1468
2708:Core/Src/vl53l1_api_core.c **** 		pdev->gen_cfg.system__thresh_rate_low;
 4320              		.loc 1 2708 16 is_stmt 0 view .LVU1469
 4321 0036 B4F89231 		ldrh	r3, [r4, #402]
2707:Core/Src/vl53l1_api_core.c **** 	pdev->gpio_interrupt_config.threshold_rate_low =
 4322              		.loc 1 2707 49 view .LVU1470
 4323 003a A4F84030 		strh	r3, [r4, #64]	@ movhi
2709:Core/Src/vl53l1_api_core.c **** 
2710:Core/Src/vl53l1_api_core.c **** 	if (pintconf == &(pdev->gpio_interrupt_config))	{
 4324              		.loc 1 2710 2 is_stmt 1 view .LVU1471
 4325              		.loc 1 2710 18 is_stmt 0 view .LVU1472
 4326 003e 04F13403 		add	r3, r4, #52
 4327              		.loc 1 2710 5 view .LVU1473
 4328 0042 AB42     		cmp	r3, r5
 4329 0044 08D0     		beq	.L238
2711:Core/Src/vl53l1_api_core.c **** 		/* Cowardly refusing to copy the same memory locations */
2712:Core/Src/vl53l1_api_core.c **** 	} else {
2713:Core/Src/vl53l1_api_core.c **** 
2714:Core/Src/vl53l1_api_core.c **** 		/* using memcpy(dst, src, size in bytes) */
2715:Core/Src/vl53l1_api_core.c **** 		memcpy(pintconf, &(pdev->gpio_interrupt_config),
 4330              		.loc 1 2715 3 is_stmt 1 view .LVU1474
 4331 0046 606B     		ldr	r0, [r4, #52]	@ unaligned
 4332 0048 A16B     		ldr	r1, [r4, #56]	@ unaligned
 4333 004a E26B     		ldr	r2, [r4, #60]	@ unaligned
 4334 004c 2860     		str	r0, [r5]	@ unaligned
 4335 004e 6960     		str	r1, [r5, #4]	@ unaligned
 4336 0050 AA60     		str	r2, [r5, #8]	@ unaligned
 4337 0052 B4F84030 		ldrh	r3, [r4, #64]	@ unaligned
 4338 0056 AB81     		strh	r3, [r5, #12]	@ unaligned
 4339              	.L238:
ARM GAS  C:\Users\Lenovo\AppData\Local\Temp\ccZ6paZS.s 			page 133


2716:Core/Src/vl53l1_api_core.c **** 				sizeof(VL53L1_GPIO_interrupt_config_t));
2717:Core/Src/vl53l1_api_core.c **** 	}
2718:Core/Src/vl53l1_api_core.c **** 
2719:Core/Src/vl53l1_api_core.c **** 	LOG_FUNCTION_END(status);
 4340              		.loc 1 2719 26 view .LVU1475
2720:Core/Src/vl53l1_api_core.c **** 	return status;
 4341              		.loc 1 2720 2 view .LVU1476
2721:Core/Src/vl53l1_api_core.c **** }
 4342              		.loc 1 2721 1 is_stmt 0 view .LVU1477
 4343 0058 0020     		movs	r0, #0
 4344 005a 05B0     		add	sp, sp, #20
 4345              	.LCFI43:
 4346              		.cfi_def_cfa_offset 12
 4347              		@ sp needed
 4348 005c 30BD     		pop	{r4, r5, pc}
 4349              		.loc 1 2721 1 view .LVU1478
 4350              		.cfi_endproc
 4351              	.LFE49:
 4353              		.section	.text.VL53L1_set_offset_calibration_mode,"ax",%progbits
 4354              		.align	1
 4355              		.global	VL53L1_set_offset_calibration_mode
 4356              		.syntax unified
 4357              		.thumb
 4358              		.thumb_func
 4360              	VL53L1_set_offset_calibration_mode:
 4361              	.LVL400:
 4362              	.LFB50:
2722:Core/Src/vl53l1_api_core.c **** 
2723:Core/Src/vl53l1_api_core.c **** VL53L1_Error VL53L1_set_offset_calibration_mode(
2724:Core/Src/vl53l1_api_core.c **** 	VL53L1_DEV                     Dev,
2725:Core/Src/vl53l1_api_core.c **** 	VL53L1_OffsetCalibrationMode   offset_cal_mode)
2726:Core/Src/vl53l1_api_core.c **** {
 4363              		.loc 1 2726 1 is_stmt 1 view -0
 4364              		.cfi_startproc
 4365              		@ args = 0, pretend = 0, frame = 0
 4366              		@ frame_needed = 0, uses_anonymous_args = 0
 4367              		@ link register save eliminated.
2727:Core/Src/vl53l1_api_core.c **** 
2728:Core/Src/vl53l1_api_core.c **** 	/*
2729:Core/Src/vl53l1_api_core.c **** 	 * Sets the offset calibration mode
2730:Core/Src/vl53l1_api_core.c **** 	 */
2731:Core/Src/vl53l1_api_core.c **** 
2732:Core/Src/vl53l1_api_core.c **** 	VL53L1_Error  status = VL53L1_ERROR_NONE;
 4368              		.loc 1 2732 2 view .LVU1480
2733:Core/Src/vl53l1_api_core.c **** 
2734:Core/Src/vl53l1_api_core.c **** 	VL53L1_LLDriverData_t *pdev = VL53L1DevStructGetLLDriverHandle(Dev);
 4369              		.loc 1 2734 2 view .LVU1481
2735:Core/Src/vl53l1_api_core.c **** 
2736:Core/Src/vl53l1_api_core.c **** 	LOG_FUNCTION_START("");
 4370              		.loc 1 2736 24 view .LVU1482
2737:Core/Src/vl53l1_api_core.c **** 
2738:Core/Src/vl53l1_api_core.c **** 	pdev->offset_calibration_mode = offset_cal_mode;
 4371              		.loc 1 2738 2 view .LVU1483
 4372              		.loc 1 2738 32 is_stmt 0 view .LVU1484
 4373 0000 C170     		strb	r1, [r0, #3]
2739:Core/Src/vl53l1_api_core.c **** 
2740:Core/Src/vl53l1_api_core.c **** 	LOG_FUNCTION_END(status);
ARM GAS  C:\Users\Lenovo\AppData\Local\Temp\ccZ6paZS.s 			page 134


 4374              		.loc 1 2740 26 is_stmt 1 view .LVU1485
2741:Core/Src/vl53l1_api_core.c **** 
2742:Core/Src/vl53l1_api_core.c **** 	return status;
 4375              		.loc 1 2742 2 view .LVU1486
2743:Core/Src/vl53l1_api_core.c **** }
 4376              		.loc 1 2743 1 is_stmt 0 view .LVU1487
 4377 0002 0020     		movs	r0, #0
 4378              	.LVL401:
 4379              		.loc 1 2743 1 view .LVU1488
 4380 0004 7047     		bx	lr
 4381              		.cfi_endproc
 4382              	.LFE50:
 4384              		.section	.text.VL53L1_get_offset_calibration_mode,"ax",%progbits
 4385              		.align	1
 4386              		.global	VL53L1_get_offset_calibration_mode
 4387              		.syntax unified
 4388              		.thumb
 4389              		.thumb_func
 4391              	VL53L1_get_offset_calibration_mode:
 4392              	.LVL402:
 4393              	.LFB51:
2744:Core/Src/vl53l1_api_core.c **** 
2745:Core/Src/vl53l1_api_core.c **** 
2746:Core/Src/vl53l1_api_core.c **** VL53L1_Error VL53L1_get_offset_calibration_mode(
2747:Core/Src/vl53l1_api_core.c **** 	VL53L1_DEV                     Dev,
2748:Core/Src/vl53l1_api_core.c **** 	VL53L1_OffsetCalibrationMode  *poffset_cal_mode)
2749:Core/Src/vl53l1_api_core.c **** {
 4394              		.loc 1 2749 1 is_stmt 1 view -0
 4395              		.cfi_startproc
 4396              		@ args = 0, pretend = 0, frame = 0
 4397              		@ frame_needed = 0, uses_anonymous_args = 0
 4398              		@ link register save eliminated.
2750:Core/Src/vl53l1_api_core.c **** 
2751:Core/Src/vl53l1_api_core.c **** 	/*
2752:Core/Src/vl53l1_api_core.c **** 	 * Gets the offset calibration mode
2753:Core/Src/vl53l1_api_core.c **** 	 */
2754:Core/Src/vl53l1_api_core.c **** 
2755:Core/Src/vl53l1_api_core.c **** 	VL53L1_Error  status = VL53L1_ERROR_NONE;
 4399              		.loc 1 2755 2 view .LVU1490
2756:Core/Src/vl53l1_api_core.c **** 
2757:Core/Src/vl53l1_api_core.c **** 	VL53L1_LLDriverData_t *pdev = VL53L1DevStructGetLLDriverHandle(Dev);
 4400              		.loc 1 2757 2 view .LVU1491
2758:Core/Src/vl53l1_api_core.c **** 
2759:Core/Src/vl53l1_api_core.c **** 	LOG_FUNCTION_START("");
 4401              		.loc 1 2759 24 view .LVU1492
2760:Core/Src/vl53l1_api_core.c **** 
2761:Core/Src/vl53l1_api_core.c **** 	*poffset_cal_mode = pdev->offset_calibration_mode;
 4402              		.loc 1 2761 2 view .LVU1493
 4403              		.loc 1 2761 26 is_stmt 0 view .LVU1494
 4404 0000 C378     		ldrb	r3, [r0, #3]	@ zero_extendqisi2
 4405              		.loc 1 2761 20 view .LVU1495
 4406 0002 0B70     		strb	r3, [r1]
2762:Core/Src/vl53l1_api_core.c **** 
2763:Core/Src/vl53l1_api_core.c **** 	LOG_FUNCTION_END(status);
 4407              		.loc 1 2763 26 is_stmt 1 view .LVU1496
2764:Core/Src/vl53l1_api_core.c **** 
2765:Core/Src/vl53l1_api_core.c **** 	return status;
ARM GAS  C:\Users\Lenovo\AppData\Local\Temp\ccZ6paZS.s 			page 135


 4408              		.loc 1 2765 2 view .LVU1497
2766:Core/Src/vl53l1_api_core.c **** }
 4409              		.loc 1 2766 1 is_stmt 0 view .LVU1498
 4410 0004 0020     		movs	r0, #0
 4411              	.LVL403:
 4412              		.loc 1 2766 1 view .LVU1499
 4413 0006 7047     		bx	lr
 4414              		.cfi_endproc
 4415              	.LFE51:
 4417              		.section	.text.VL53L1_set_offset_correction_mode,"ax",%progbits
 4418              		.align	1
 4419              		.global	VL53L1_set_offset_correction_mode
 4420              		.syntax unified
 4421              		.thumb
 4422              		.thumb_func
 4424              	VL53L1_set_offset_correction_mode:
 4425              	.LVL404:
 4426              	.LFB52:
2767:Core/Src/vl53l1_api_core.c **** 
2768:Core/Src/vl53l1_api_core.c **** 
2769:Core/Src/vl53l1_api_core.c **** VL53L1_Error VL53L1_set_offset_correction_mode(
2770:Core/Src/vl53l1_api_core.c **** 	VL53L1_DEV                     Dev,
2771:Core/Src/vl53l1_api_core.c **** 	VL53L1_OffsetCorrectionMode    offset_cor_mode)
2772:Core/Src/vl53l1_api_core.c **** {
 4427              		.loc 1 2772 1 is_stmt 1 view -0
 4428              		.cfi_startproc
 4429              		@ args = 0, pretend = 0, frame = 0
 4430              		@ frame_needed = 0, uses_anonymous_args = 0
 4431              		@ link register save eliminated.
2773:Core/Src/vl53l1_api_core.c **** 
2774:Core/Src/vl53l1_api_core.c **** 	/*
2775:Core/Src/vl53l1_api_core.c **** 	 * Sets the offset correction mode
2776:Core/Src/vl53l1_api_core.c **** 	 */
2777:Core/Src/vl53l1_api_core.c **** 
2778:Core/Src/vl53l1_api_core.c **** 	VL53L1_Error  status = VL53L1_ERROR_NONE;
 4432              		.loc 1 2778 2 view .LVU1501
2779:Core/Src/vl53l1_api_core.c **** 
2780:Core/Src/vl53l1_api_core.c **** 	VL53L1_LLDriverData_t *pdev = VL53L1DevStructGetLLDriverHandle(Dev);
 4433              		.loc 1 2780 2 view .LVU1502
2781:Core/Src/vl53l1_api_core.c **** 
2782:Core/Src/vl53l1_api_core.c **** 	LOG_FUNCTION_START("");
 4434              		.loc 1 2782 24 view .LVU1503
2783:Core/Src/vl53l1_api_core.c **** 
2784:Core/Src/vl53l1_api_core.c **** 	pdev->offset_correction_mode = offset_cor_mode;
 4435              		.loc 1 2784 2 view .LVU1504
 4436              		.loc 1 2784 31 is_stmt 0 view .LVU1505
 4437 0000 0171     		strb	r1, [r0, #4]
2785:Core/Src/vl53l1_api_core.c **** 
2786:Core/Src/vl53l1_api_core.c **** 	LOG_FUNCTION_END(status);
 4438              		.loc 1 2786 26 is_stmt 1 view .LVU1506
2787:Core/Src/vl53l1_api_core.c **** 
2788:Core/Src/vl53l1_api_core.c **** 	return status;
 4439              		.loc 1 2788 2 view .LVU1507
2789:Core/Src/vl53l1_api_core.c **** }
 4440              		.loc 1 2789 1 is_stmt 0 view .LVU1508
 4441 0002 0020     		movs	r0, #0
 4442              	.LVL405:
ARM GAS  C:\Users\Lenovo\AppData\Local\Temp\ccZ6paZS.s 			page 136


 4443              		.loc 1 2789 1 view .LVU1509
 4444 0004 7047     		bx	lr
 4445              		.cfi_endproc
 4446              	.LFE52:
 4448              		.section	.text.VL53L1_get_offset_correction_mode,"ax",%progbits
 4449              		.align	1
 4450              		.global	VL53L1_get_offset_correction_mode
 4451              		.syntax unified
 4452              		.thumb
 4453              		.thumb_func
 4455              	VL53L1_get_offset_correction_mode:
 4456              	.LVL406:
 4457              	.LFB53:
2790:Core/Src/vl53l1_api_core.c **** 
2791:Core/Src/vl53l1_api_core.c **** 
2792:Core/Src/vl53l1_api_core.c **** VL53L1_Error VL53L1_get_offset_correction_mode(
2793:Core/Src/vl53l1_api_core.c **** 	VL53L1_DEV                     Dev,
2794:Core/Src/vl53l1_api_core.c **** 	VL53L1_OffsetCorrectionMode   *poffset_cor_mode)
2795:Core/Src/vl53l1_api_core.c **** {
 4458              		.loc 1 2795 1 is_stmt 1 view -0
 4459              		.cfi_startproc
 4460              		@ args = 0, pretend = 0, frame = 0
 4461              		@ frame_needed = 0, uses_anonymous_args = 0
 4462              		@ link register save eliminated.
2796:Core/Src/vl53l1_api_core.c **** 
2797:Core/Src/vl53l1_api_core.c **** 	/*
2798:Core/Src/vl53l1_api_core.c **** 	 * Gets the offset correction mode
2799:Core/Src/vl53l1_api_core.c **** 	 */
2800:Core/Src/vl53l1_api_core.c **** 
2801:Core/Src/vl53l1_api_core.c **** 	VL53L1_Error  status = VL53L1_ERROR_NONE;
 4463              		.loc 1 2801 2 view .LVU1511
2802:Core/Src/vl53l1_api_core.c **** 
2803:Core/Src/vl53l1_api_core.c **** 	VL53L1_LLDriverData_t *pdev = VL53L1DevStructGetLLDriverHandle(Dev);
 4464              		.loc 1 2803 2 view .LVU1512
2804:Core/Src/vl53l1_api_core.c **** 
2805:Core/Src/vl53l1_api_core.c **** 	LOG_FUNCTION_START("");
 4465              		.loc 1 2805 24 view .LVU1513
2806:Core/Src/vl53l1_api_core.c **** 
2807:Core/Src/vl53l1_api_core.c **** 	*poffset_cor_mode = pdev->offset_correction_mode;
 4466              		.loc 1 2807 2 view .LVU1514
 4467              		.loc 1 2807 26 is_stmt 0 view .LVU1515
 4468 0000 0379     		ldrb	r3, [r0, #4]	@ zero_extendqisi2
 4469              		.loc 1 2807 20 view .LVU1516
 4470 0002 0B70     		strb	r3, [r1]
2808:Core/Src/vl53l1_api_core.c **** 
2809:Core/Src/vl53l1_api_core.c **** 	LOG_FUNCTION_END(status);
 4471              		.loc 1 2809 26 is_stmt 1 view .LVU1517
2810:Core/Src/vl53l1_api_core.c **** 
2811:Core/Src/vl53l1_api_core.c **** 	return status;
 4472              		.loc 1 2811 2 view .LVU1518
2812:Core/Src/vl53l1_api_core.c **** }
 4473              		.loc 1 2812 1 is_stmt 0 view .LVU1519
 4474 0004 0020     		movs	r0, #0
 4475              	.LVL407:
 4476              		.loc 1 2812 1 view .LVU1520
 4477 0006 7047     		bx	lr
 4478              		.cfi_endproc
ARM GAS  C:\Users\Lenovo\AppData\Local\Temp\ccZ6paZS.s 			page 137


 4479              	.LFE53:
 4481              		.section	.text.VL53L1_get_tuning_parm,"ax",%progbits
 4482              		.align	1
 4483              		.global	VL53L1_get_tuning_parm
 4484              		.syntax unified
 4485              		.thumb
 4486              		.thumb_func
 4488              	VL53L1_get_tuning_parm:
 4489              	.LVL408:
 4490              	.LFB54:
2813:Core/Src/vl53l1_api_core.c **** 
2814:Core/Src/vl53l1_api_core.c **** 
2815:Core/Src/vl53l1_api_core.c **** /* Start Patch_AddedTuningParms_11761 */
2816:Core/Src/vl53l1_api_core.c **** #ifdef VL53L1_DEBUG
2817:Core/Src/vl53l1_api_core.c **** VL53L1_Error VL53L1_get_tuning_debug_data(
2818:Core/Src/vl53l1_api_core.c **** 	VL53L1_DEV                            Dev,
2819:Core/Src/vl53l1_api_core.c **** 	VL53L1_tuning_parameters_t           *ptun_data)
2820:Core/Src/vl53l1_api_core.c **** {
2821:Core/Src/vl53l1_api_core.c **** 	/*
2822:Core/Src/vl53l1_api_core.c **** 	 * Helper function to extract all tuning parm values
2823:Core/Src/vl53l1_api_core.c **** 	 */
2824:Core/Src/vl53l1_api_core.c **** 
2825:Core/Src/vl53l1_api_core.c **** 	VL53L1_Error  status = VL53L1_ERROR_NONE;
2826:Core/Src/vl53l1_api_core.c **** 
2827:Core/Src/vl53l1_api_core.c **** 	VL53L1_LLDriverData_t *pdev = VL53L1DevStructGetLLDriverHandle(Dev);
2828:Core/Src/vl53l1_api_core.c **** 
2829:Core/Src/vl53l1_api_core.c **** 	LOG_FUNCTION_START("");
2830:Core/Src/vl53l1_api_core.c **** 
2831:Core/Src/vl53l1_api_core.c **** 	ptun_data->vl53l1_tuningparm_version =
2832:Core/Src/vl53l1_api_core.c **** 		pdev->tuning_parms.tp_tuning_parm_version;
2833:Core/Src/vl53l1_api_core.c **** 
2834:Core/Src/vl53l1_api_core.c **** 	ptun_data->vl53l1_tuningparm_key_table_version =
2835:Core/Src/vl53l1_api_core.c **** 		pdev->tuning_parms.tp_tuning_parm_key_table_version;
2836:Core/Src/vl53l1_api_core.c **** 
2837:Core/Src/vl53l1_api_core.c **** 
2838:Core/Src/vl53l1_api_core.c **** 	ptun_data->vl53l1_tuningparm_lld_version =
2839:Core/Src/vl53l1_api_core.c **** 		pdev->tuning_parms.tp_tuning_parm_lld_version;
2840:Core/Src/vl53l1_api_core.c **** 
2841:Core/Src/vl53l1_api_core.c **** 	ptun_data->vl53l1_tuningparm_lite_min_clip_mm =
2842:Core/Src/vl53l1_api_core.c **** 		pdev->tuning_parms.tp_lite_min_clip;
2843:Core/Src/vl53l1_api_core.c **** 
2844:Core/Src/vl53l1_api_core.c **** 	ptun_data->vl53l1_tuningparm_lite_long_sigma_thresh_mm =
2845:Core/Src/vl53l1_api_core.c **** 		pdev->tuning_parms.tp_lite_long_sigma_thresh_mm;
2846:Core/Src/vl53l1_api_core.c **** 
2847:Core/Src/vl53l1_api_core.c **** 	ptun_data->vl53l1_tuningparm_lite_med_sigma_thresh_mm =
2848:Core/Src/vl53l1_api_core.c **** 		pdev->tuning_parms.tp_lite_med_sigma_thresh_mm;
2849:Core/Src/vl53l1_api_core.c **** 
2850:Core/Src/vl53l1_api_core.c **** 	ptun_data->vl53l1_tuningparm_lite_short_sigma_thresh_mm =
2851:Core/Src/vl53l1_api_core.c **** 		pdev->tuning_parms.tp_lite_short_sigma_thresh_mm;
2852:Core/Src/vl53l1_api_core.c **** 
2853:Core/Src/vl53l1_api_core.c **** 	ptun_data->vl53l1_tuningparm_lite_long_min_count_rate_rtn_mcps =
2854:Core/Src/vl53l1_api_core.c **** 		pdev->tuning_parms.tp_lite_long_min_count_rate_rtn_mcps;
2855:Core/Src/vl53l1_api_core.c **** 
2856:Core/Src/vl53l1_api_core.c **** 	ptun_data->vl53l1_tuningparm_lite_med_min_count_rate_rtn_mcps =
2857:Core/Src/vl53l1_api_core.c **** 		pdev->tuning_parms.tp_lite_med_min_count_rate_rtn_mcps;
2858:Core/Src/vl53l1_api_core.c **** 
2859:Core/Src/vl53l1_api_core.c **** 	ptun_data->vl53l1_tuningparm_lite_short_min_count_rate_rtn_mcps =
ARM GAS  C:\Users\Lenovo\AppData\Local\Temp\ccZ6paZS.s 			page 138


2860:Core/Src/vl53l1_api_core.c **** 		pdev->tuning_parms.tp_lite_short_min_count_rate_rtn_mcps;
2861:Core/Src/vl53l1_api_core.c **** 
2862:Core/Src/vl53l1_api_core.c **** 	ptun_data->vl53l1_tuningparm_lite_sigma_est_pulse_width =
2863:Core/Src/vl53l1_api_core.c **** 		pdev->tuning_parms.tp_lite_sigma_est_pulse_width_ns;
2864:Core/Src/vl53l1_api_core.c **** 
2865:Core/Src/vl53l1_api_core.c **** 	ptun_data->vl53l1_tuningparm_lite_sigma_est_amb_width_ns =
2866:Core/Src/vl53l1_api_core.c **** 		pdev->tuning_parms.tp_lite_sigma_est_amb_width_ns;
2867:Core/Src/vl53l1_api_core.c **** 
2868:Core/Src/vl53l1_api_core.c **** 	ptun_data->vl53l1_tuningparm_lite_sigma_ref_mm =
2869:Core/Src/vl53l1_api_core.c **** 		pdev->tuning_parms.tp_lite_sigma_ref_mm;
2870:Core/Src/vl53l1_api_core.c **** 
2871:Core/Src/vl53l1_api_core.c **** 	ptun_data->vl53l1_tuningparm_lite_rit_mult =
2872:Core/Src/vl53l1_api_core.c **** 		pdev->xtalk_cfg.crosstalk_range_ignore_threshold_mult;
2873:Core/Src/vl53l1_api_core.c **** 
2874:Core/Src/vl53l1_api_core.c **** 	ptun_data->vl53l1_tuningparm_lite_seed_config =
2875:Core/Src/vl53l1_api_core.c **** 		pdev->tuning_parms.tp_lite_seed_cfg ;
2876:Core/Src/vl53l1_api_core.c **** 
2877:Core/Src/vl53l1_api_core.c **** 	ptun_data->vl53l1_tuningparm_lite_quantifier =
2878:Core/Src/vl53l1_api_core.c **** 		pdev->tuning_parms.tp_lite_quantifier;
2879:Core/Src/vl53l1_api_core.c **** 
2880:Core/Src/vl53l1_api_core.c **** 	ptun_data->vl53l1_tuningparm_lite_first_order_select =
2881:Core/Src/vl53l1_api_core.c **** 		pdev->tuning_parms.tp_lite_first_order_select;
2882:Core/Src/vl53l1_api_core.c **** 
2883:Core/Src/vl53l1_api_core.c **** 	ptun_data->vl53l1_tuningparm_lite_xtalk_margin_kcps =
2884:Core/Src/vl53l1_api_core.c **** 		pdev->xtalk_cfg.lite_mode_crosstalk_margin_kcps;
2885:Core/Src/vl53l1_api_core.c **** 
2886:Core/Src/vl53l1_api_core.c **** 	ptun_data->vl53l1_tuningparm_initial_phase_rtn_lite_long_range =
2887:Core/Src/vl53l1_api_core.c **** 		pdev->tuning_parms.tp_init_phase_rtn_lite_long;
2888:Core/Src/vl53l1_api_core.c **** 
2889:Core/Src/vl53l1_api_core.c **** 	ptun_data->vl53l1_tuningparm_initial_phase_rtn_lite_med_range =
2890:Core/Src/vl53l1_api_core.c **** 		pdev->tuning_parms.tp_init_phase_rtn_lite_med;
2891:Core/Src/vl53l1_api_core.c **** 
2892:Core/Src/vl53l1_api_core.c **** 	ptun_data->vl53l1_tuningparm_initial_phase_rtn_lite_short_range =
2893:Core/Src/vl53l1_api_core.c **** 		pdev->tuning_parms.tp_init_phase_rtn_lite_short;
2894:Core/Src/vl53l1_api_core.c **** 
2895:Core/Src/vl53l1_api_core.c **** 	ptun_data->vl53l1_tuningparm_initial_phase_ref_lite_long_range =
2896:Core/Src/vl53l1_api_core.c **** 		pdev->tuning_parms.tp_init_phase_ref_lite_long;
2897:Core/Src/vl53l1_api_core.c **** 
2898:Core/Src/vl53l1_api_core.c **** 	ptun_data->vl53l1_tuningparm_initial_phase_ref_lite_med_range =
2899:Core/Src/vl53l1_api_core.c **** 		pdev->tuning_parms.tp_init_phase_ref_lite_med;
2900:Core/Src/vl53l1_api_core.c **** 
2901:Core/Src/vl53l1_api_core.c **** 	ptun_data->vl53l1_tuningparm_initial_phase_ref_lite_short_range =
2902:Core/Src/vl53l1_api_core.c **** 		pdev->tuning_parms.tp_init_phase_ref_lite_short;
2903:Core/Src/vl53l1_api_core.c **** 
2904:Core/Src/vl53l1_api_core.c **** 	ptun_data->vl53l1_tuningparm_timed_seed_config =
2905:Core/Src/vl53l1_api_core.c **** 		pdev->tuning_parms.tp_timed_seed_cfg;
2906:Core/Src/vl53l1_api_core.c **** 
2907:Core/Src/vl53l1_api_core.c **** 	ptun_data->vl53l1_tuningparm_vhv_loopbound =
2908:Core/Src/vl53l1_api_core.c **** 		pdev->stat_nvm.vhv_config__timeout_macrop_loop_bound;
2909:Core/Src/vl53l1_api_core.c **** 
2910:Core/Src/vl53l1_api_core.c **** 	ptun_data->vl53l1_tuningparm_refspadchar_device_test_mode =
2911:Core/Src/vl53l1_api_core.c **** 		pdev->refspadchar.device_test_mode;
2912:Core/Src/vl53l1_api_core.c **** 
2913:Core/Src/vl53l1_api_core.c **** 	ptun_data->vl53l1_tuningparm_refspadchar_vcsel_period =
2914:Core/Src/vl53l1_api_core.c **** 		pdev->refspadchar.vcsel_period;
2915:Core/Src/vl53l1_api_core.c **** 
2916:Core/Src/vl53l1_api_core.c **** 	ptun_data->vl53l1_tuningparm_refspadchar_phasecal_timeout_us =
ARM GAS  C:\Users\Lenovo\AppData\Local\Temp\ccZ6paZS.s 			page 139


2917:Core/Src/vl53l1_api_core.c **** 		pdev->refspadchar.timeout_us;
2918:Core/Src/vl53l1_api_core.c **** 
2919:Core/Src/vl53l1_api_core.c **** 	ptun_data->vl53l1_tuningparm_refspadchar_target_count_rate_mcps =
2920:Core/Src/vl53l1_api_core.c **** 		pdev->refspadchar.target_count_rate_mcps;
2921:Core/Src/vl53l1_api_core.c **** 
2922:Core/Src/vl53l1_api_core.c **** 	ptun_data->vl53l1_tuningparm_refspadchar_min_countrate_limit_mcps =
2923:Core/Src/vl53l1_api_core.c **** 		pdev->refspadchar.min_count_rate_limit_mcps;
2924:Core/Src/vl53l1_api_core.c **** 
2925:Core/Src/vl53l1_api_core.c **** 	ptun_data->vl53l1_tuningparm_refspadchar_max_countrate_limit_mcps =
2926:Core/Src/vl53l1_api_core.c **** 		pdev->refspadchar.max_count_rate_limit_mcps;
2927:Core/Src/vl53l1_api_core.c **** 
2928:Core/Src/vl53l1_api_core.c **** 	ptun_data->vl53l1_tuningparm_offset_cal_dss_rate_mcps =
2929:Core/Src/vl53l1_api_core.c **** 		pdev->offsetcal_cfg.dss_config__target_total_rate_mcps;
2930:Core/Src/vl53l1_api_core.c **** 
2931:Core/Src/vl53l1_api_core.c **** 	ptun_data->vl53l1_tuningparm_offset_cal_phasecal_timeout_us =
2932:Core/Src/vl53l1_api_core.c **** 		pdev->offsetcal_cfg.phasecal_config_timeout_us;
2933:Core/Src/vl53l1_api_core.c **** 
2934:Core/Src/vl53l1_api_core.c **** 	ptun_data->vl53l1_tuningparm_offset_cal_mm_timeout_us =
2935:Core/Src/vl53l1_api_core.c **** 		pdev->offsetcal_cfg.mm_config_timeout_us;
2936:Core/Src/vl53l1_api_core.c **** 
2937:Core/Src/vl53l1_api_core.c **** 	ptun_data->vl53l1_tuningparm_offset_cal_range_timeout_us =
2938:Core/Src/vl53l1_api_core.c **** 		pdev->offsetcal_cfg.range_config_timeout_us;
2939:Core/Src/vl53l1_api_core.c **** 
2940:Core/Src/vl53l1_api_core.c **** 	ptun_data->vl53l1_tuningparm_offset_cal_pre_samples =
2941:Core/Src/vl53l1_api_core.c **** 		pdev->offsetcal_cfg.pre_num_of_samples;
2942:Core/Src/vl53l1_api_core.c **** 
2943:Core/Src/vl53l1_api_core.c **** 	ptun_data->vl53l1_tuningparm_offset_cal_mm1_samples =
2944:Core/Src/vl53l1_api_core.c **** 		pdev->offsetcal_cfg.mm1_num_of_samples;
2945:Core/Src/vl53l1_api_core.c **** 
2946:Core/Src/vl53l1_api_core.c **** 	ptun_data->vl53l1_tuningparm_offset_cal_mm2_samples =
2947:Core/Src/vl53l1_api_core.c **** 		pdev->offsetcal_cfg.mm2_num_of_samples;
2948:Core/Src/vl53l1_api_core.c **** 
2949:Core/Src/vl53l1_api_core.c **** 	ptun_data->vl53l1_tuningparm_spadmap_vcsel_period =
2950:Core/Src/vl53l1_api_core.c **** 		pdev->ssc_cfg.vcsel_period;
2951:Core/Src/vl53l1_api_core.c **** 
2952:Core/Src/vl53l1_api_core.c **** 	ptun_data->vl53l1_tuningparm_spadmap_vcsel_start =
2953:Core/Src/vl53l1_api_core.c **** 		pdev->ssc_cfg.vcsel_start;
2954:Core/Src/vl53l1_api_core.c **** 
2955:Core/Src/vl53l1_api_core.c **** 	ptun_data->vl53l1_tuningparm_spadmap_rate_limit_mcps =
2956:Core/Src/vl53l1_api_core.c **** 		pdev->ssc_cfg.rate_limit_mcps;
2957:Core/Src/vl53l1_api_core.c **** 
2958:Core/Src/vl53l1_api_core.c **** 	ptun_data->vl53l1_tuningparm_lite_dss_config_target_total_rate_mcps =
2959:Core/Src/vl53l1_api_core.c **** 		pdev->tuning_parms.tp_dss_target_lite_mcps;
2960:Core/Src/vl53l1_api_core.c **** 
2961:Core/Src/vl53l1_api_core.c **** 	ptun_data->vl53l1_tuningparm_timed_dss_config_target_total_rate_mcps =
2962:Core/Src/vl53l1_api_core.c **** 		pdev->tuning_parms.tp_dss_target_timed_mcps;
2963:Core/Src/vl53l1_api_core.c **** 
2964:Core/Src/vl53l1_api_core.c **** 	ptun_data->vl53l1_tuningparm_lite_phasecal_config_timeout_us =
2965:Core/Src/vl53l1_api_core.c **** 		pdev->tuning_parms.tp_phasecal_timeout_lite_us;
2966:Core/Src/vl53l1_api_core.c **** 
2967:Core/Src/vl53l1_api_core.c **** 	ptun_data->vl53l1_tuningparm_timed_phasecal_config_timeout_us =
2968:Core/Src/vl53l1_api_core.c **** 		pdev->tuning_parms.tp_phasecal_timeout_timed_us;
2969:Core/Src/vl53l1_api_core.c **** 
2970:Core/Src/vl53l1_api_core.c **** 	ptun_data->vl53l1_tuningparm_lite_mm_config_timeout_us =
2971:Core/Src/vl53l1_api_core.c **** 		pdev->tuning_parms.tp_mm_timeout_lite_us;
2972:Core/Src/vl53l1_api_core.c **** 
2973:Core/Src/vl53l1_api_core.c **** 	ptun_data->vl53l1_tuningparm_timed_mm_config_timeout_us =
ARM GAS  C:\Users\Lenovo\AppData\Local\Temp\ccZ6paZS.s 			page 140


2974:Core/Src/vl53l1_api_core.c **** 		pdev->tuning_parms.tp_mm_timeout_timed_us;
2975:Core/Src/vl53l1_api_core.c **** 
2976:Core/Src/vl53l1_api_core.c **** 	ptun_data->vl53l1_tuningparm_lite_range_config_timeout_us =
2977:Core/Src/vl53l1_api_core.c **** 		pdev->tuning_parms.tp_range_timeout_lite_us;
2978:Core/Src/vl53l1_api_core.c **** 
2979:Core/Src/vl53l1_api_core.c **** 	ptun_data->vl53l1_tuningparm_timed_range_config_timeout_us =
2980:Core/Src/vl53l1_api_core.c **** 		pdev->tuning_parms.tp_range_timeout_timed_us;
2981:Core/Src/vl53l1_api_core.c **** 
2982:Core/Src/vl53l1_api_core.c **** 	ptun_data->vl53l1_tuningparm_lowpowerauto_vhv_loop_bound =
2983:Core/Src/vl53l1_api_core.c **** 		pdev->low_power_auto_data.vhv_loop_bound;
2984:Core/Src/vl53l1_api_core.c **** 
2985:Core/Src/vl53l1_api_core.c **** 	ptun_data->vl53l1_tuningparm_lowpowerauto_mm_config_timeout_us =
2986:Core/Src/vl53l1_api_core.c **** 		pdev->tuning_parms.tp_mm_timeout_lpa_us;
2987:Core/Src/vl53l1_api_core.c **** 
2988:Core/Src/vl53l1_api_core.c **** 	ptun_data->vl53l1_tuningparm_lowpowerauto_range_config_timeout_us =
2989:Core/Src/vl53l1_api_core.c **** 		pdev->tuning_parms.tp_range_timeout_lpa_us;
2990:Core/Src/vl53l1_api_core.c **** 
2991:Core/Src/vl53l1_api_core.c **** 	LOG_FUNCTION_END(status);
2992:Core/Src/vl53l1_api_core.c **** 
2993:Core/Src/vl53l1_api_core.c **** 	return status;
2994:Core/Src/vl53l1_api_core.c **** }
2995:Core/Src/vl53l1_api_core.c **** #endif
2996:Core/Src/vl53l1_api_core.c **** 
2997:Core/Src/vl53l1_api_core.c **** VL53L1_Error VL53L1_get_tuning_parm(
2998:Core/Src/vl53l1_api_core.c **** 	VL53L1_DEV                     Dev,
2999:Core/Src/vl53l1_api_core.c **** 	VL53L1_TuningParms             tuning_parm_key,
3000:Core/Src/vl53l1_api_core.c **** 	int32_t                       *ptuning_parm_value)
3001:Core/Src/vl53l1_api_core.c **** {
 4491              		.loc 1 3001 1 is_stmt 1 view -0
 4492              		.cfi_startproc
 4493              		@ args = 0, pretend = 0, frame = 0
 4494              		@ frame_needed = 0, uses_anonymous_args = 0
 4495              		@ link register save eliminated.
3002:Core/Src/vl53l1_api_core.c **** 
3003:Core/Src/vl53l1_api_core.c **** 	/*
3004:Core/Src/vl53l1_api_core.c **** 	 * Gets the requested tuning parm value
3005:Core/Src/vl53l1_api_core.c **** 	 * - Large case statement for returns
3006:Core/Src/vl53l1_api_core.c **** 	 * - if key does not match, INVALID parm error returned
3007:Core/Src/vl53l1_api_core.c **** 	 */
3008:Core/Src/vl53l1_api_core.c **** 
3009:Core/Src/vl53l1_api_core.c **** 	VL53L1_Error  status = VL53L1_ERROR_NONE;
 4496              		.loc 1 3009 2 view .LVU1522
3010:Core/Src/vl53l1_api_core.c **** 
3011:Core/Src/vl53l1_api_core.c **** 	VL53L1_LLDriverData_t *pdev = VL53L1DevStructGetLLDriverHandle(Dev);
 4497              		.loc 1 3011 2 view .LVU1523
3012:Core/Src/vl53l1_api_core.c **** 
3013:Core/Src/vl53l1_api_core.c **** 	LOG_FUNCTION_START("");
 4498              		.loc 1 3013 24 view .LVU1524
3014:Core/Src/vl53l1_api_core.c **** 
3015:Core/Src/vl53l1_api_core.c **** 	switch (tuning_parm_key) {
 4499              		.loc 1 3015 2 view .LVU1525
 4500 0000 A1F50041 		sub	r1, r1, #32768
 4501              	.LVL409:
 4502              		.loc 1 3015 2 is_stmt 0 view .LVU1526
 4503 0004 3829     		cmp	r1, #56
 4504 0006 00F25881 		bhi	.L245
 4505 000a DFE811F0 		tbh	[pc, r1, lsl #1]
ARM GAS  C:\Users\Lenovo\AppData\Local\Temp\ccZ6paZS.s 			page 141


 4506              	.L247:
 4507 000e 3900     		.2byte	(.L303-.L247)/2
 4508 0010 3E00     		.2byte	(.L302-.L247)/2
 4509 0012 4300     		.2byte	(.L301-.L247)/2
 4510 0014 4800     		.2byte	(.L300-.L247)/2
 4511 0016 4D00     		.2byte	(.L299-.L247)/2
 4512 0018 5200     		.2byte	(.L298-.L247)/2
 4513 001a 5700     		.2byte	(.L297-.L247)/2
 4514 001c 5C00     		.2byte	(.L296-.L247)/2
 4515 001e 6100     		.2byte	(.L295-.L247)/2
 4516 0020 6600     		.2byte	(.L294-.L247)/2
 4517 0022 6B00     		.2byte	(.L293-.L247)/2
 4518 0024 7000     		.2byte	(.L292-.L247)/2
 4519 0026 7500     		.2byte	(.L291-.L247)/2
 4520 0028 7A00     		.2byte	(.L290-.L247)/2
 4521 002a 7F00     		.2byte	(.L289-.L247)/2
 4522 002c 8400     		.2byte	(.L288-.L247)/2
 4523 002e 8900     		.2byte	(.L287-.L247)/2
 4524 0030 8E00     		.2byte	(.L286-.L247)/2
 4525 0032 9300     		.2byte	(.L285-.L247)/2
 4526 0034 9800     		.2byte	(.L284-.L247)/2
 4527 0036 9D00     		.2byte	(.L283-.L247)/2
 4528 0038 A200     		.2byte	(.L282-.L247)/2
 4529 003a A700     		.2byte	(.L281-.L247)/2
 4530 003c AC00     		.2byte	(.L280-.L247)/2
 4531 003e B100     		.2byte	(.L279-.L247)/2
 4532 0040 B600     		.2byte	(.L278-.L247)/2
 4533 0042 BB00     		.2byte	(.L277-.L247)/2
 4534 0044 C000     		.2byte	(.L276-.L247)/2
 4535 0046 C500     		.2byte	(.L275-.L247)/2
 4536 0048 CA00     		.2byte	(.L274-.L247)/2
 4537 004a CF00     		.2byte	(.L273-.L247)/2
 4538 004c D400     		.2byte	(.L272-.L247)/2
 4539 004e D900     		.2byte	(.L271-.L247)/2
 4540 0050 DE00     		.2byte	(.L270-.L247)/2
 4541 0052 E300     		.2byte	(.L269-.L247)/2
 4542 0054 E800     		.2byte	(.L268-.L247)/2
 4543 0056 ED00     		.2byte	(.L267-.L247)/2
 4544 0058 F200     		.2byte	(.L266-.L247)/2
 4545 005a F700     		.2byte	(.L265-.L247)/2
 4546 005c FC00     		.2byte	(.L264-.L247)/2
 4547 005e 0101     		.2byte	(.L263-.L247)/2
 4548 0060 0601     		.2byte	(.L262-.L247)/2
 4549 0062 0B01     		.2byte	(.L261-.L247)/2
 4550 0064 1001     		.2byte	(.L260-.L247)/2
 4551 0066 1501     		.2byte	(.L259-.L247)/2
 4552 0068 1A01     		.2byte	(.L258-.L247)/2
 4553 006a 1F01     		.2byte	(.L257-.L247)/2
 4554 006c 2401     		.2byte	(.L256-.L247)/2
 4555 006e 2901     		.2byte	(.L255-.L247)/2
 4556 0070 2E01     		.2byte	(.L254-.L247)/2
 4557 0072 3301     		.2byte	(.L253-.L247)/2
 4558 0074 3801     		.2byte	(.L252-.L247)/2
 4559 0076 3D01     		.2byte	(.L251-.L247)/2
 4560 0078 4201     		.2byte	(.L250-.L247)/2
 4561 007a 4701     		.2byte	(.L249-.L247)/2
 4562 007c 4C01     		.2byte	(.L248-.L247)/2
ARM GAS  C:\Users\Lenovo\AppData\Local\Temp\ccZ6paZS.s 			page 142


 4563 007e 5101     		.2byte	(.L246-.L247)/2
 4564              		.p2align 1
 4565              	.L303:
3016:Core/Src/vl53l1_api_core.c **** 
3017:Core/Src/vl53l1_api_core.c **** 	case VL53L1_TUNINGPARM_VERSION:
3018:Core/Src/vl53l1_api_core.c **** 		*ptuning_parm_value =
 4566              		.loc 1 3018 3 is_stmt 1 view .LVU1527
3019:Core/Src/vl53l1_api_core.c **** 				(int32_t)pdev->tuning_parms.tp_tuning_parm_version;
 4567              		.loc 1 3019 32 is_stmt 0 view .LVU1528
 4568 0080 B0F8A430 		ldrh	r3, [r0, #164]
3018:Core/Src/vl53l1_api_core.c **** 				(int32_t)pdev->tuning_parms.tp_tuning_parm_version;
 4569              		.loc 1 3018 23 view .LVU1529
 4570 0084 1360     		str	r3, [r2]
3020:Core/Src/vl53l1_api_core.c **** 	break;
 4571              		.loc 1 3020 2 is_stmt 1 view .LVU1530
3009:Core/Src/vl53l1_api_core.c **** 
 4572              		.loc 1 3009 16 is_stmt 0 view .LVU1531
 4573 0086 0020     		movs	r0, #0
 4574              	.LVL410:
 4575              		.loc 1 3020 2 view .LVU1532
 4576 0088 7047     		bx	lr
 4577              	.LVL411:
 4578              	.L302:
3021:Core/Src/vl53l1_api_core.c **** 	case VL53L1_TUNINGPARM_KEY_TABLE_VERSION:
3022:Core/Src/vl53l1_api_core.c **** 		*ptuning_parm_value =
 4579              		.loc 1 3022 3 is_stmt 1 view .LVU1533
3023:Core/Src/vl53l1_api_core.c **** 				(int32_t)pdev->tuning_parms.tp_tuning_parm_key_table_version;
 4580              		.loc 1 3023 32 is_stmt 0 view .LVU1534
 4581 008a B0F8A630 		ldrh	r3, [r0, #166]
3022:Core/Src/vl53l1_api_core.c **** 				(int32_t)pdev->tuning_parms.tp_tuning_parm_key_table_version;
 4582              		.loc 1 3022 23 view .LVU1535
 4583 008e 1360     		str	r3, [r2]
3024:Core/Src/vl53l1_api_core.c **** 	break;
 4584              		.loc 1 3024 2 is_stmt 1 view .LVU1536
3009:Core/Src/vl53l1_api_core.c **** 
 4585              		.loc 1 3009 16 is_stmt 0 view .LVU1537
 4586 0090 0020     		movs	r0, #0
 4587              	.LVL412:
 4588              		.loc 1 3024 2 view .LVU1538
 4589 0092 7047     		bx	lr
 4590              	.LVL413:
 4591              	.L301:
3025:Core/Src/vl53l1_api_core.c **** 	case VL53L1_TUNINGPARM_LLD_VERSION:
3026:Core/Src/vl53l1_api_core.c **** 		*ptuning_parm_value =
 4592              		.loc 1 3026 3 is_stmt 1 view .LVU1539
3027:Core/Src/vl53l1_api_core.c **** 				(int32_t)pdev->tuning_parms.tp_tuning_parm_lld_version;
 4593              		.loc 1 3027 32 is_stmt 0 view .LVU1540
 4594 0094 B0F8A830 		ldrh	r3, [r0, #168]
3026:Core/Src/vl53l1_api_core.c **** 				(int32_t)pdev->tuning_parms.tp_tuning_parm_lld_version;
 4595              		.loc 1 3026 23 view .LVU1541
 4596 0098 1360     		str	r3, [r2]
3028:Core/Src/vl53l1_api_core.c **** 	break;
 4597              		.loc 1 3028 2 is_stmt 1 view .LVU1542
3009:Core/Src/vl53l1_api_core.c **** 
 4598              		.loc 1 3009 16 is_stmt 0 view .LVU1543
 4599 009a 0020     		movs	r0, #0
 4600              	.LVL414:
ARM GAS  C:\Users\Lenovo\AppData\Local\Temp\ccZ6paZS.s 			page 143


 4601              		.loc 1 3028 2 view .LVU1544
 4602 009c 7047     		bx	lr
 4603              	.LVL415:
 4604              	.L300:
3029:Core/Src/vl53l1_api_core.c **** 	case VL53L1_TUNINGPARM_CONSISTENCY_LITE_PHASE_TOLERANCE:
3030:Core/Src/vl53l1_api_core.c **** 		*ptuning_parm_value =
 4605              		.loc 1 3030 3 is_stmt 1 view .LVU1545
3031:Core/Src/vl53l1_api_core.c **** 				(int32_t)pdev->tuning_parms.tp_consistency_lite_phase_tolerance;
 4606              		.loc 1 3031 32 is_stmt 0 view .LVU1546
 4607 009e 90F8B030 		ldrb	r3, [r0, #176]	@ zero_extendqisi2
3030:Core/Src/vl53l1_api_core.c **** 				(int32_t)pdev->tuning_parms.tp_consistency_lite_phase_tolerance;
 4608              		.loc 1 3030 23 view .LVU1547
 4609 00a2 1360     		str	r3, [r2]
3032:Core/Src/vl53l1_api_core.c **** 	break;
 4610              		.loc 1 3032 2 is_stmt 1 view .LVU1548
3009:Core/Src/vl53l1_api_core.c **** 
 4611              		.loc 1 3009 16 is_stmt 0 view .LVU1549
 4612 00a4 0020     		movs	r0, #0
 4613              	.LVL416:
 4614              		.loc 1 3032 2 view .LVU1550
 4615 00a6 7047     		bx	lr
 4616              	.LVL417:
 4617              	.L299:
3033:Core/Src/vl53l1_api_core.c **** 	case VL53L1_TUNINGPARM_PHASECAL_TARGET:
3034:Core/Src/vl53l1_api_core.c **** 		*ptuning_parm_value =
 4618              		.loc 1 3034 3 is_stmt 1 view .LVU1551
3035:Core/Src/vl53l1_api_core.c **** 				(int32_t)pdev->tuning_parms.tp_phasecal_target;
 4619              		.loc 1 3035 32 is_stmt 0 view .LVU1552
 4620 00a8 90F8B130 		ldrb	r3, [r0, #177]	@ zero_extendqisi2
3034:Core/Src/vl53l1_api_core.c **** 				(int32_t)pdev->tuning_parms.tp_phasecal_target;
 4621              		.loc 1 3034 23 view .LVU1553
 4622 00ac 1360     		str	r3, [r2]
3036:Core/Src/vl53l1_api_core.c **** 	break;
 4623              		.loc 1 3036 2 is_stmt 1 view .LVU1554
3009:Core/Src/vl53l1_api_core.c **** 
 4624              		.loc 1 3009 16 is_stmt 0 view .LVU1555
 4625 00ae 0020     		movs	r0, #0
 4626              	.LVL418:
 4627              		.loc 1 3036 2 view .LVU1556
 4628 00b0 7047     		bx	lr
 4629              	.LVL419:
 4630              	.L298:
3037:Core/Src/vl53l1_api_core.c **** 	case VL53L1_TUNINGPARM_LITE_CAL_REPEAT_RATE:
3038:Core/Src/vl53l1_api_core.c **** 		*ptuning_parm_value =
 4631              		.loc 1 3038 3 is_stmt 1 view .LVU1557
3039:Core/Src/vl53l1_api_core.c **** 				(int32_t)pdev->tuning_parms.tp_cal_repeat_rate;
 4632              		.loc 1 3039 32 is_stmt 0 view .LVU1558
 4633 00b2 B0F8B230 		ldrh	r3, [r0, #178]
3038:Core/Src/vl53l1_api_core.c **** 				(int32_t)pdev->tuning_parms.tp_cal_repeat_rate;
 4634              		.loc 1 3038 23 view .LVU1559
 4635 00b6 1360     		str	r3, [r2]
3040:Core/Src/vl53l1_api_core.c **** 	break;
 4636              		.loc 1 3040 2 is_stmt 1 view .LVU1560
3009:Core/Src/vl53l1_api_core.c **** 
 4637              		.loc 1 3009 16 is_stmt 0 view .LVU1561
 4638 00b8 0020     		movs	r0, #0
 4639              	.LVL420:
ARM GAS  C:\Users\Lenovo\AppData\Local\Temp\ccZ6paZS.s 			page 144


 4640              		.loc 1 3040 2 view .LVU1562
 4641 00ba 7047     		bx	lr
 4642              	.LVL421:
 4643              	.L297:
3041:Core/Src/vl53l1_api_core.c **** 	case VL53L1_TUNINGPARM_LITE_RANGING_GAIN_FACTOR:
3042:Core/Src/vl53l1_api_core.c **** 		*ptuning_parm_value =
 4644              		.loc 1 3042 3 is_stmt 1 view .LVU1563
3043:Core/Src/vl53l1_api_core.c **** 				(int32_t)pdev->gain_cal.standard_ranging_gain_factor;
 4645              		.loc 1 3043 28 is_stmt 0 view .LVU1564
 4646 00bc B0F89C30 		ldrh	r3, [r0, #156]
3042:Core/Src/vl53l1_api_core.c **** 				(int32_t)pdev->gain_cal.standard_ranging_gain_factor;
 4647              		.loc 1 3042 23 view .LVU1565
 4648 00c0 1360     		str	r3, [r2]
3044:Core/Src/vl53l1_api_core.c **** 	break;
 4649              		.loc 1 3044 2 is_stmt 1 view .LVU1566
3009:Core/Src/vl53l1_api_core.c **** 
 4650              		.loc 1 3009 16 is_stmt 0 view .LVU1567
 4651 00c2 0020     		movs	r0, #0
 4652              	.LVL422:
 4653              		.loc 1 3044 2 view .LVU1568
 4654 00c4 7047     		bx	lr
 4655              	.LVL423:
 4656              	.L296:
3045:Core/Src/vl53l1_api_core.c **** 	case VL53L1_TUNINGPARM_LITE_MIN_CLIP_MM:
3046:Core/Src/vl53l1_api_core.c **** 		*ptuning_parm_value =
 4657              		.loc 1 3046 3 is_stmt 1 view .LVU1569
3047:Core/Src/vl53l1_api_core.c **** 				(int32_t)pdev->tuning_parms.tp_lite_min_clip;
 4658              		.loc 1 3047 32 is_stmt 0 view .LVU1570
 4659 00c6 90F8B430 		ldrb	r3, [r0, #180]	@ zero_extendqisi2
3046:Core/Src/vl53l1_api_core.c **** 				(int32_t)pdev->tuning_parms.tp_lite_min_clip;
 4660              		.loc 1 3046 23 view .LVU1571
 4661 00ca 1360     		str	r3, [r2]
3048:Core/Src/vl53l1_api_core.c **** 	break;
 4662              		.loc 1 3048 2 is_stmt 1 view .LVU1572
3009:Core/Src/vl53l1_api_core.c **** 
 4663              		.loc 1 3009 16 is_stmt 0 view .LVU1573
 4664 00cc 0020     		movs	r0, #0
 4665              	.LVL424:
 4666              		.loc 1 3048 2 view .LVU1574
 4667 00ce 7047     		bx	lr
 4668              	.LVL425:
 4669              	.L295:
3049:Core/Src/vl53l1_api_core.c **** 	case VL53L1_TUNINGPARM_LITE_LONG_SIGMA_THRESH_MM:
3050:Core/Src/vl53l1_api_core.c **** 		*ptuning_parm_value =
 4670              		.loc 1 3050 3 is_stmt 1 view .LVU1575
3051:Core/Src/vl53l1_api_core.c **** 				(int32_t)pdev->tuning_parms.tp_lite_long_sigma_thresh_mm;
 4671              		.loc 1 3051 32 is_stmt 0 view .LVU1576
 4672 00d0 B0F8B630 		ldrh	r3, [r0, #182]
3050:Core/Src/vl53l1_api_core.c **** 				(int32_t)pdev->tuning_parms.tp_lite_long_sigma_thresh_mm;
 4673              		.loc 1 3050 23 view .LVU1577
 4674 00d4 1360     		str	r3, [r2]
3052:Core/Src/vl53l1_api_core.c **** 	break;
 4675              		.loc 1 3052 2 is_stmt 1 view .LVU1578
3009:Core/Src/vl53l1_api_core.c **** 
 4676              		.loc 1 3009 16 is_stmt 0 view .LVU1579
 4677 00d6 0020     		movs	r0, #0
 4678              	.LVL426:
ARM GAS  C:\Users\Lenovo\AppData\Local\Temp\ccZ6paZS.s 			page 145


 4679              		.loc 1 3052 2 view .LVU1580
 4680 00d8 7047     		bx	lr
 4681              	.LVL427:
 4682              	.L294:
3053:Core/Src/vl53l1_api_core.c **** 	case VL53L1_TUNINGPARM_LITE_MED_SIGMA_THRESH_MM:
3054:Core/Src/vl53l1_api_core.c **** 		*ptuning_parm_value =
 4683              		.loc 1 3054 3 is_stmt 1 view .LVU1581
3055:Core/Src/vl53l1_api_core.c **** 				(int32_t)pdev->tuning_parms.tp_lite_med_sigma_thresh_mm;
 4684              		.loc 1 3055 32 is_stmt 0 view .LVU1582
 4685 00da B0F8B830 		ldrh	r3, [r0, #184]
3054:Core/Src/vl53l1_api_core.c **** 				(int32_t)pdev->tuning_parms.tp_lite_med_sigma_thresh_mm;
 4686              		.loc 1 3054 23 view .LVU1583
 4687 00de 1360     		str	r3, [r2]
3056:Core/Src/vl53l1_api_core.c **** 	break;
 4688              		.loc 1 3056 2 is_stmt 1 view .LVU1584
3009:Core/Src/vl53l1_api_core.c **** 
 4689              		.loc 1 3009 16 is_stmt 0 view .LVU1585
 4690 00e0 0020     		movs	r0, #0
 4691              	.LVL428:
 4692              		.loc 1 3056 2 view .LVU1586
 4693 00e2 7047     		bx	lr
 4694              	.LVL429:
 4695              	.L293:
3057:Core/Src/vl53l1_api_core.c **** 	case VL53L1_TUNINGPARM_LITE_SHORT_SIGMA_THRESH_MM:
3058:Core/Src/vl53l1_api_core.c **** 		*ptuning_parm_value =
 4696              		.loc 1 3058 3 is_stmt 1 view .LVU1587
3059:Core/Src/vl53l1_api_core.c **** 				(int32_t)pdev->tuning_parms.tp_lite_short_sigma_thresh_mm;
 4697              		.loc 1 3059 32 is_stmt 0 view .LVU1588
 4698 00e4 B0F8BA30 		ldrh	r3, [r0, #186]
3058:Core/Src/vl53l1_api_core.c **** 				(int32_t)pdev->tuning_parms.tp_lite_short_sigma_thresh_mm;
 4699              		.loc 1 3058 23 view .LVU1589
 4700 00e8 1360     		str	r3, [r2]
3060:Core/Src/vl53l1_api_core.c **** 	break;
 4701              		.loc 1 3060 2 is_stmt 1 view .LVU1590
3009:Core/Src/vl53l1_api_core.c **** 
 4702              		.loc 1 3009 16 is_stmt 0 view .LVU1591
 4703 00ea 0020     		movs	r0, #0
 4704              	.LVL430:
 4705              		.loc 1 3060 2 view .LVU1592
 4706 00ec 7047     		bx	lr
 4707              	.LVL431:
 4708              	.L292:
3061:Core/Src/vl53l1_api_core.c **** 	case VL53L1_TUNINGPARM_LITE_LONG_MIN_COUNT_RATE_RTN_MCPS:
3062:Core/Src/vl53l1_api_core.c **** 		*ptuning_parm_value =
 4709              		.loc 1 3062 3 is_stmt 1 view .LVU1593
3063:Core/Src/vl53l1_api_core.c **** 				(int32_t)pdev->tuning_parms.tp_lite_long_min_count_rate_rtn_mcps;
 4710              		.loc 1 3063 32 is_stmt 0 view .LVU1594
 4711 00ee B0F8BC30 		ldrh	r3, [r0, #188]
3062:Core/Src/vl53l1_api_core.c **** 				(int32_t)pdev->tuning_parms.tp_lite_long_min_count_rate_rtn_mcps;
 4712              		.loc 1 3062 23 view .LVU1595
 4713 00f2 1360     		str	r3, [r2]
3064:Core/Src/vl53l1_api_core.c **** 	break;
 4714              		.loc 1 3064 2 is_stmt 1 view .LVU1596
3009:Core/Src/vl53l1_api_core.c **** 
 4715              		.loc 1 3009 16 is_stmt 0 view .LVU1597
 4716 00f4 0020     		movs	r0, #0
 4717              	.LVL432:
ARM GAS  C:\Users\Lenovo\AppData\Local\Temp\ccZ6paZS.s 			page 146


 4718              		.loc 1 3064 2 view .LVU1598
 4719 00f6 7047     		bx	lr
 4720              	.LVL433:
 4721              	.L291:
3065:Core/Src/vl53l1_api_core.c **** 	case VL53L1_TUNINGPARM_LITE_MED_MIN_COUNT_RATE_RTN_MCPS:
3066:Core/Src/vl53l1_api_core.c **** 		*ptuning_parm_value =
 4722              		.loc 1 3066 3 is_stmt 1 view .LVU1599
3067:Core/Src/vl53l1_api_core.c **** 				(int32_t)pdev->tuning_parms.tp_lite_med_min_count_rate_rtn_mcps;
 4723              		.loc 1 3067 32 is_stmt 0 view .LVU1600
 4724 00f8 B0F8BE30 		ldrh	r3, [r0, #190]
3066:Core/Src/vl53l1_api_core.c **** 				(int32_t)pdev->tuning_parms.tp_lite_med_min_count_rate_rtn_mcps;
 4725              		.loc 1 3066 23 view .LVU1601
 4726 00fc 1360     		str	r3, [r2]
3068:Core/Src/vl53l1_api_core.c **** 	break;
 4727              		.loc 1 3068 2 is_stmt 1 view .LVU1602
3009:Core/Src/vl53l1_api_core.c **** 
 4728              		.loc 1 3009 16 is_stmt 0 view .LVU1603
 4729 00fe 0020     		movs	r0, #0
 4730              	.LVL434:
 4731              		.loc 1 3068 2 view .LVU1604
 4732 0100 7047     		bx	lr
 4733              	.LVL435:
 4734              	.L290:
3069:Core/Src/vl53l1_api_core.c **** 	case VL53L1_TUNINGPARM_LITE_SHORT_MIN_COUNT_RATE_RTN_MCPS:
3070:Core/Src/vl53l1_api_core.c **** 		*ptuning_parm_value =
 4735              		.loc 1 3070 3 is_stmt 1 view .LVU1605
3071:Core/Src/vl53l1_api_core.c **** 				(int32_t)pdev->tuning_parms.tp_lite_short_min_count_rate_rtn_mcps;
 4736              		.loc 1 3071 32 is_stmt 0 view .LVU1606
 4737 0102 B0F8C030 		ldrh	r3, [r0, #192]
3070:Core/Src/vl53l1_api_core.c **** 				(int32_t)pdev->tuning_parms.tp_lite_short_min_count_rate_rtn_mcps;
 4738              		.loc 1 3070 23 view .LVU1607
 4739 0106 1360     		str	r3, [r2]
3072:Core/Src/vl53l1_api_core.c **** 	break;
 4740              		.loc 1 3072 2 is_stmt 1 view .LVU1608
3009:Core/Src/vl53l1_api_core.c **** 
 4741              		.loc 1 3009 16 is_stmt 0 view .LVU1609
 4742 0108 0020     		movs	r0, #0
 4743              	.LVL436:
 4744              		.loc 1 3072 2 view .LVU1610
 4745 010a 7047     		bx	lr
 4746              	.LVL437:
 4747              	.L289:
3073:Core/Src/vl53l1_api_core.c **** 	case VL53L1_TUNINGPARM_LITE_SIGMA_EST_PULSE_WIDTH:
3074:Core/Src/vl53l1_api_core.c **** 		*ptuning_parm_value =
 4748              		.loc 1 3074 3 is_stmt 1 view .LVU1611
3075:Core/Src/vl53l1_api_core.c **** 				(int32_t)pdev->tuning_parms.tp_lite_sigma_est_pulse_width_ns;
 4749              		.loc 1 3075 32 is_stmt 0 view .LVU1612
 4750 010c 90F8C230 		ldrb	r3, [r0, #194]	@ zero_extendqisi2
3074:Core/Src/vl53l1_api_core.c **** 				(int32_t)pdev->tuning_parms.tp_lite_sigma_est_pulse_width_ns;
 4751              		.loc 1 3074 23 view .LVU1613
 4752 0110 1360     		str	r3, [r2]
3076:Core/Src/vl53l1_api_core.c **** 	break;
 4753              		.loc 1 3076 2 is_stmt 1 view .LVU1614
3009:Core/Src/vl53l1_api_core.c **** 
 4754              		.loc 1 3009 16 is_stmt 0 view .LVU1615
 4755 0112 0020     		movs	r0, #0
 4756              	.LVL438:
ARM GAS  C:\Users\Lenovo\AppData\Local\Temp\ccZ6paZS.s 			page 147


 4757              		.loc 1 3076 2 view .LVU1616
 4758 0114 7047     		bx	lr
 4759              	.LVL439:
 4760              	.L288:
3077:Core/Src/vl53l1_api_core.c **** 	case VL53L1_TUNINGPARM_LITE_SIGMA_EST_AMB_WIDTH_NS:
3078:Core/Src/vl53l1_api_core.c **** 		*ptuning_parm_value =
 4761              		.loc 1 3078 3 is_stmt 1 view .LVU1617
3079:Core/Src/vl53l1_api_core.c **** 				(int32_t)pdev->tuning_parms.tp_lite_sigma_est_amb_width_ns;
 4762              		.loc 1 3079 32 is_stmt 0 view .LVU1618
 4763 0116 90F8C330 		ldrb	r3, [r0, #195]	@ zero_extendqisi2
3078:Core/Src/vl53l1_api_core.c **** 				(int32_t)pdev->tuning_parms.tp_lite_sigma_est_amb_width_ns;
 4764              		.loc 1 3078 23 view .LVU1619
 4765 011a 1360     		str	r3, [r2]
3080:Core/Src/vl53l1_api_core.c **** 	break;
 4766              		.loc 1 3080 2 is_stmt 1 view .LVU1620
3009:Core/Src/vl53l1_api_core.c **** 
 4767              		.loc 1 3009 16 is_stmt 0 view .LVU1621
 4768 011c 0020     		movs	r0, #0
 4769              	.LVL440:
 4770              		.loc 1 3080 2 view .LVU1622
 4771 011e 7047     		bx	lr
 4772              	.LVL441:
 4773              	.L287:
3081:Core/Src/vl53l1_api_core.c **** 	case VL53L1_TUNINGPARM_LITE_SIGMA_REF_MM:
3082:Core/Src/vl53l1_api_core.c **** 		*ptuning_parm_value =
 4774              		.loc 1 3082 3 is_stmt 1 view .LVU1623
3083:Core/Src/vl53l1_api_core.c **** 				(int32_t)pdev->tuning_parms.tp_lite_sigma_ref_mm;
 4775              		.loc 1 3083 32 is_stmt 0 view .LVU1624
 4776 0120 90F8C430 		ldrb	r3, [r0, #196]	@ zero_extendqisi2
3082:Core/Src/vl53l1_api_core.c **** 				(int32_t)pdev->tuning_parms.tp_lite_sigma_ref_mm;
 4777              		.loc 1 3082 23 view .LVU1625
 4778 0124 1360     		str	r3, [r2]
3084:Core/Src/vl53l1_api_core.c **** 	break;
 4779              		.loc 1 3084 2 is_stmt 1 view .LVU1626
3009:Core/Src/vl53l1_api_core.c **** 
 4780              		.loc 1 3009 16 is_stmt 0 view .LVU1627
 4781 0126 0020     		movs	r0, #0
 4782              	.LVL442:
 4783              		.loc 1 3084 2 view .LVU1628
 4784 0128 7047     		bx	lr
 4785              	.LVL443:
 4786              	.L286:
3085:Core/Src/vl53l1_api_core.c **** 	case VL53L1_TUNINGPARM_LITE_RIT_MULT:
3086:Core/Src/vl53l1_api_core.c **** 		*ptuning_parm_value =
 4787              		.loc 1 3086 3 is_stmt 1 view .LVU1629
3087:Core/Src/vl53l1_api_core.c **** 				(int32_t)pdev->xtalk_cfg.crosstalk_range_ignore_threshold_mult;
 4788              		.loc 1 3087 29 is_stmt 0 view .LVU1630
 4789 012a 90F84031 		ldrb	r3, [r0, #320]	@ zero_extendqisi2
3086:Core/Src/vl53l1_api_core.c **** 				(int32_t)pdev->xtalk_cfg.crosstalk_range_ignore_threshold_mult;
 4790              		.loc 1 3086 23 view .LVU1631
 4791 012e 1360     		str	r3, [r2]
3088:Core/Src/vl53l1_api_core.c **** 	break;
 4792              		.loc 1 3088 2 is_stmt 1 view .LVU1632
3009:Core/Src/vl53l1_api_core.c **** 
 4793              		.loc 1 3009 16 is_stmt 0 view .LVU1633
 4794 0130 0020     		movs	r0, #0
 4795              	.LVL444:
ARM GAS  C:\Users\Lenovo\AppData\Local\Temp\ccZ6paZS.s 			page 148


 4796              		.loc 1 3088 2 view .LVU1634
 4797 0132 7047     		bx	lr
 4798              	.LVL445:
 4799              	.L285:
3089:Core/Src/vl53l1_api_core.c **** 	case VL53L1_TUNINGPARM_LITE_SEED_CONFIG:
3090:Core/Src/vl53l1_api_core.c **** 		*ptuning_parm_value =
 4800              		.loc 1 3090 3 is_stmt 1 view .LVU1635
3091:Core/Src/vl53l1_api_core.c **** 				(int32_t)pdev->tuning_parms.tp_lite_seed_cfg ;
 4801              		.loc 1 3091 32 is_stmt 0 view .LVU1636
 4802 0134 90F8C530 		ldrb	r3, [r0, #197]	@ zero_extendqisi2
3090:Core/Src/vl53l1_api_core.c **** 				(int32_t)pdev->tuning_parms.tp_lite_seed_cfg ;
 4803              		.loc 1 3090 23 view .LVU1637
 4804 0138 1360     		str	r3, [r2]
3092:Core/Src/vl53l1_api_core.c **** 	break;
 4805              		.loc 1 3092 2 is_stmt 1 view .LVU1638
3009:Core/Src/vl53l1_api_core.c **** 
 4806              		.loc 1 3009 16 is_stmt 0 view .LVU1639
 4807 013a 0020     		movs	r0, #0
 4808              	.LVL446:
 4809              		.loc 1 3092 2 view .LVU1640
 4810 013c 7047     		bx	lr
 4811              	.LVL447:
 4812              	.L284:
3093:Core/Src/vl53l1_api_core.c **** 	case VL53L1_TUNINGPARM_LITE_QUANTIFIER:
3094:Core/Src/vl53l1_api_core.c **** 		*ptuning_parm_value =
 4813              		.loc 1 3094 3 is_stmt 1 view .LVU1641
3095:Core/Src/vl53l1_api_core.c **** 				(int32_t)pdev->tuning_parms.tp_lite_quantifier;
 4814              		.loc 1 3095 32 is_stmt 0 view .LVU1642
 4815 013e 90F8C730 		ldrb	r3, [r0, #199]	@ zero_extendqisi2
3094:Core/Src/vl53l1_api_core.c **** 				(int32_t)pdev->tuning_parms.tp_lite_quantifier;
 4816              		.loc 1 3094 23 view .LVU1643
 4817 0142 1360     		str	r3, [r2]
3096:Core/Src/vl53l1_api_core.c **** 	break;
 4818              		.loc 1 3096 2 is_stmt 1 view .LVU1644
3009:Core/Src/vl53l1_api_core.c **** 
 4819              		.loc 1 3009 16 is_stmt 0 view .LVU1645
 4820 0144 0020     		movs	r0, #0
 4821              	.LVL448:
 4822              		.loc 1 3096 2 view .LVU1646
 4823 0146 7047     		bx	lr
 4824              	.LVL449:
 4825              	.L283:
3097:Core/Src/vl53l1_api_core.c **** 	case VL53L1_TUNINGPARM_LITE_FIRST_ORDER_SELECT:
3098:Core/Src/vl53l1_api_core.c **** 		*ptuning_parm_value =
 4826              		.loc 1 3098 3 is_stmt 1 view .LVU1647
3099:Core/Src/vl53l1_api_core.c **** 				(int32_t)pdev->tuning_parms.tp_lite_first_order_select;
 4827              		.loc 1 3099 32 is_stmt 0 view .LVU1648
 4828 0148 90F8C830 		ldrb	r3, [r0, #200]	@ zero_extendqisi2
3098:Core/Src/vl53l1_api_core.c **** 				(int32_t)pdev->tuning_parms.tp_lite_first_order_select;
 4829              		.loc 1 3098 23 view .LVU1649
 4830 014c 1360     		str	r3, [r2]
3100:Core/Src/vl53l1_api_core.c **** 	break;
 4831              		.loc 1 3100 2 is_stmt 1 view .LVU1650
3009:Core/Src/vl53l1_api_core.c **** 
 4832              		.loc 1 3009 16 is_stmt 0 view .LVU1651
 4833 014e 0020     		movs	r0, #0
 4834              	.LVL450:
ARM GAS  C:\Users\Lenovo\AppData\Local\Temp\ccZ6paZS.s 			page 149


 4835              		.loc 1 3100 2 view .LVU1652
 4836 0150 7047     		bx	lr
 4837              	.LVL451:
 4838              	.L282:
3101:Core/Src/vl53l1_api_core.c **** 	case VL53L1_TUNINGPARM_LITE_XTALK_MARGIN_KCPS:
3102:Core/Src/vl53l1_api_core.c **** 		*ptuning_parm_value =
 4839              		.loc 1 3102 3 is_stmt 1 view .LVU1653
3103:Core/Src/vl53l1_api_core.c **** 				(int32_t)pdev->xtalk_cfg.lite_mode_crosstalk_margin_kcps;
 4840              		.loc 1 3103 29 is_stmt 0 view .LVU1654
 4841 0152 B0F93E31 		ldrsh	r3, [r0, #318]
3102:Core/Src/vl53l1_api_core.c **** 				(int32_t)pdev->xtalk_cfg.lite_mode_crosstalk_margin_kcps;
 4842              		.loc 1 3102 23 view .LVU1655
 4843 0156 1360     		str	r3, [r2]
3104:Core/Src/vl53l1_api_core.c **** 	break;
 4844              		.loc 1 3104 2 is_stmt 1 view .LVU1656
3009:Core/Src/vl53l1_api_core.c **** 
 4845              		.loc 1 3009 16 is_stmt 0 view .LVU1657
 4846 0158 0020     		movs	r0, #0
 4847              	.LVL452:
 4848              		.loc 1 3104 2 view .LVU1658
 4849 015a 7047     		bx	lr
 4850              	.LVL453:
 4851              	.L281:
3105:Core/Src/vl53l1_api_core.c **** 	case VL53L1_TUNINGPARM_INITIAL_PHASE_RTN_LITE_LONG_RANGE:
3106:Core/Src/vl53l1_api_core.c **** 		*ptuning_parm_value =
 4852              		.loc 1 3106 3 is_stmt 1 view .LVU1659
3107:Core/Src/vl53l1_api_core.c **** 				(int32_t)pdev->tuning_parms.tp_init_phase_rtn_lite_long;
 4853              		.loc 1 3107 32 is_stmt 0 view .LVU1660
 4854 015c 90F8AA30 		ldrb	r3, [r0, #170]	@ zero_extendqisi2
3106:Core/Src/vl53l1_api_core.c **** 				(int32_t)pdev->tuning_parms.tp_init_phase_rtn_lite_long;
 4855              		.loc 1 3106 23 view .LVU1661
 4856 0160 1360     		str	r3, [r2]
3108:Core/Src/vl53l1_api_core.c **** 	break;
 4857              		.loc 1 3108 2 is_stmt 1 view .LVU1662
3009:Core/Src/vl53l1_api_core.c **** 
 4858              		.loc 1 3009 16 is_stmt 0 view .LVU1663
 4859 0162 0020     		movs	r0, #0
 4860              	.LVL454:
 4861              		.loc 1 3108 2 view .LVU1664
 4862 0164 7047     		bx	lr
 4863              	.LVL455:
 4864              	.L280:
3109:Core/Src/vl53l1_api_core.c **** 	case VL53L1_TUNINGPARM_INITIAL_PHASE_RTN_LITE_MED_RANGE:
3110:Core/Src/vl53l1_api_core.c **** 		*ptuning_parm_value =
 4865              		.loc 1 3110 3 is_stmt 1 view .LVU1665
3111:Core/Src/vl53l1_api_core.c **** 				(int32_t)pdev->tuning_parms.tp_init_phase_rtn_lite_med;
 4866              		.loc 1 3111 32 is_stmt 0 view .LVU1666
 4867 0166 90F8AB30 		ldrb	r3, [r0, #171]	@ zero_extendqisi2
3110:Core/Src/vl53l1_api_core.c **** 				(int32_t)pdev->tuning_parms.tp_init_phase_rtn_lite_med;
 4868              		.loc 1 3110 23 view .LVU1667
 4869 016a 1360     		str	r3, [r2]
3112:Core/Src/vl53l1_api_core.c **** 	break;
 4870              		.loc 1 3112 2 is_stmt 1 view .LVU1668
3009:Core/Src/vl53l1_api_core.c **** 
 4871              		.loc 1 3009 16 is_stmt 0 view .LVU1669
 4872 016c 0020     		movs	r0, #0
 4873              	.LVL456:
ARM GAS  C:\Users\Lenovo\AppData\Local\Temp\ccZ6paZS.s 			page 150


 4874              		.loc 1 3112 2 view .LVU1670
 4875 016e 7047     		bx	lr
 4876              	.LVL457:
 4877              	.L279:
3113:Core/Src/vl53l1_api_core.c **** 	case VL53L1_TUNINGPARM_INITIAL_PHASE_RTN_LITE_SHORT_RANGE:
3114:Core/Src/vl53l1_api_core.c **** 		*ptuning_parm_value =
 4878              		.loc 1 3114 3 is_stmt 1 view .LVU1671
3115:Core/Src/vl53l1_api_core.c **** 				(int32_t)pdev->tuning_parms.tp_init_phase_rtn_lite_short;
 4879              		.loc 1 3115 32 is_stmt 0 view .LVU1672
 4880 0170 90F8AC30 		ldrb	r3, [r0, #172]	@ zero_extendqisi2
3114:Core/Src/vl53l1_api_core.c **** 				(int32_t)pdev->tuning_parms.tp_init_phase_rtn_lite_short;
 4881              		.loc 1 3114 23 view .LVU1673
 4882 0174 1360     		str	r3, [r2]
3116:Core/Src/vl53l1_api_core.c **** 	break;
 4883              		.loc 1 3116 2 is_stmt 1 view .LVU1674
3009:Core/Src/vl53l1_api_core.c **** 
 4884              		.loc 1 3009 16 is_stmt 0 view .LVU1675
 4885 0176 0020     		movs	r0, #0
 4886              	.LVL458:
 4887              		.loc 1 3116 2 view .LVU1676
 4888 0178 7047     		bx	lr
 4889              	.LVL459:
 4890              	.L278:
3117:Core/Src/vl53l1_api_core.c **** 	case VL53L1_TUNINGPARM_INITIAL_PHASE_REF_LITE_LONG_RANGE:
3118:Core/Src/vl53l1_api_core.c **** 		*ptuning_parm_value =
 4891              		.loc 1 3118 3 is_stmt 1 view .LVU1677
3119:Core/Src/vl53l1_api_core.c **** 				(int32_t)pdev->tuning_parms.tp_init_phase_ref_lite_long;
 4892              		.loc 1 3119 32 is_stmt 0 view .LVU1678
 4893 017a 90F8AD30 		ldrb	r3, [r0, #173]	@ zero_extendqisi2
3118:Core/Src/vl53l1_api_core.c **** 				(int32_t)pdev->tuning_parms.tp_init_phase_ref_lite_long;
 4894              		.loc 1 3118 23 view .LVU1679
 4895 017e 1360     		str	r3, [r2]
3120:Core/Src/vl53l1_api_core.c **** 	break;
 4896              		.loc 1 3120 2 is_stmt 1 view .LVU1680
3009:Core/Src/vl53l1_api_core.c **** 
 4897              		.loc 1 3009 16 is_stmt 0 view .LVU1681
 4898 0180 0020     		movs	r0, #0
 4899              	.LVL460:
 4900              		.loc 1 3120 2 view .LVU1682
 4901 0182 7047     		bx	lr
 4902              	.LVL461:
 4903              	.L277:
3121:Core/Src/vl53l1_api_core.c **** 	case VL53L1_TUNINGPARM_INITIAL_PHASE_REF_LITE_MED_RANGE:
3122:Core/Src/vl53l1_api_core.c **** 		*ptuning_parm_value =
 4904              		.loc 1 3122 3 is_stmt 1 view .LVU1683
3123:Core/Src/vl53l1_api_core.c **** 				(int32_t)pdev->tuning_parms.tp_init_phase_ref_lite_med;
 4905              		.loc 1 3123 32 is_stmt 0 view .LVU1684
 4906 0184 90F8AE30 		ldrb	r3, [r0, #174]	@ zero_extendqisi2
3122:Core/Src/vl53l1_api_core.c **** 				(int32_t)pdev->tuning_parms.tp_init_phase_ref_lite_med;
 4907              		.loc 1 3122 23 view .LVU1685
 4908 0188 1360     		str	r3, [r2]
3124:Core/Src/vl53l1_api_core.c **** 	break;
 4909              		.loc 1 3124 2 is_stmt 1 view .LVU1686
3009:Core/Src/vl53l1_api_core.c **** 
 4910              		.loc 1 3009 16 is_stmt 0 view .LVU1687
 4911 018a 0020     		movs	r0, #0
 4912              	.LVL462:
ARM GAS  C:\Users\Lenovo\AppData\Local\Temp\ccZ6paZS.s 			page 151


 4913              		.loc 1 3124 2 view .LVU1688
 4914 018c 7047     		bx	lr
 4915              	.LVL463:
 4916              	.L276:
3125:Core/Src/vl53l1_api_core.c **** 	case VL53L1_TUNINGPARM_INITIAL_PHASE_REF_LITE_SHORT_RANGE:
3126:Core/Src/vl53l1_api_core.c **** 		*ptuning_parm_value =
 4917              		.loc 1 3126 3 is_stmt 1 view .LVU1689
3127:Core/Src/vl53l1_api_core.c **** 				(int32_t)pdev->tuning_parms.tp_init_phase_ref_lite_short;
 4918              		.loc 1 3127 32 is_stmt 0 view .LVU1690
 4919 018e 90F8AF30 		ldrb	r3, [r0, #175]	@ zero_extendqisi2
3126:Core/Src/vl53l1_api_core.c **** 				(int32_t)pdev->tuning_parms.tp_init_phase_ref_lite_short;
 4920              		.loc 1 3126 23 view .LVU1691
 4921 0192 1360     		str	r3, [r2]
3128:Core/Src/vl53l1_api_core.c **** 	break;
 4922              		.loc 1 3128 2 is_stmt 1 view .LVU1692
3009:Core/Src/vl53l1_api_core.c **** 
 4923              		.loc 1 3009 16 is_stmt 0 view .LVU1693
 4924 0194 0020     		movs	r0, #0
 4925              	.LVL464:
 4926              		.loc 1 3128 2 view .LVU1694
 4927 0196 7047     		bx	lr
 4928              	.LVL465:
 4929              	.L275:
3129:Core/Src/vl53l1_api_core.c **** 	case VL53L1_TUNINGPARM_TIMED_SEED_CONFIG:
3130:Core/Src/vl53l1_api_core.c **** 		*ptuning_parm_value =
 4930              		.loc 1 3130 3 is_stmt 1 view .LVU1695
3131:Core/Src/vl53l1_api_core.c **** 				(int32_t)pdev->tuning_parms.tp_timed_seed_cfg;
 4931              		.loc 1 3131 32 is_stmt 0 view .LVU1696
 4932 0198 90F8C630 		ldrb	r3, [r0, #198]	@ zero_extendqisi2
3130:Core/Src/vl53l1_api_core.c **** 				(int32_t)pdev->tuning_parms.tp_timed_seed_cfg;
 4933              		.loc 1 3130 23 view .LVU1697
 4934 019c 1360     		str	r3, [r2]
3132:Core/Src/vl53l1_api_core.c **** 	break;
 4935              		.loc 1 3132 2 is_stmt 1 view .LVU1698
3009:Core/Src/vl53l1_api_core.c **** 
 4936              		.loc 1 3009 16 is_stmt 0 view .LVU1699
 4937 019e 0020     		movs	r0, #0
 4938              	.LVL466:
 4939              		.loc 1 3132 2 view .LVU1700
 4940 01a0 7047     		bx	lr
 4941              	.LVL467:
 4942              	.L274:
3133:Core/Src/vl53l1_api_core.c **** 	case VL53L1_TUNINGPARM_VHV_LOOPBOUND:
3134:Core/Src/vl53l1_api_core.c **** 		*ptuning_parm_value =
 4943              		.loc 1 3134 3 is_stmt 1 view .LVU1701
3135:Core/Src/vl53l1_api_core.c **** 				(int32_t)pdev->stat_nvm.vhv_config__timeout_macrop_loop_bound;
 4944              		.loc 1 3135 28 is_stmt 0 view .LVU1702
 4945 01a2 90F86031 		ldrb	r3, [r0, #352]	@ zero_extendqisi2
3134:Core/Src/vl53l1_api_core.c **** 				(int32_t)pdev->stat_nvm.vhv_config__timeout_macrop_loop_bound;
 4946              		.loc 1 3134 23 view .LVU1703
 4947 01a6 1360     		str	r3, [r2]
3136:Core/Src/vl53l1_api_core.c **** 	break;
 4948              		.loc 1 3136 2 is_stmt 1 view .LVU1704
3009:Core/Src/vl53l1_api_core.c **** 
 4949              		.loc 1 3009 16 is_stmt 0 view .LVU1705
 4950 01a8 0020     		movs	r0, #0
 4951              	.LVL468:
ARM GAS  C:\Users\Lenovo\AppData\Local\Temp\ccZ6paZS.s 			page 152


 4952              		.loc 1 3136 2 view .LVU1706
 4953 01aa 7047     		bx	lr
 4954              	.LVL469:
 4955              	.L273:
3137:Core/Src/vl53l1_api_core.c **** 	case VL53L1_TUNINGPARM_REFSPADCHAR_DEVICE_TEST_MODE:
3138:Core/Src/vl53l1_api_core.c **** 		*ptuning_parm_value =
 4956              		.loc 1 3138 3 is_stmt 1 view .LVU1707
3139:Core/Src/vl53l1_api_core.c **** 				(int32_t)pdev->refspadchar.device_test_mode;
 4957              		.loc 1 3139 31 is_stmt 0 view .LVU1708
 4958 01ac 90F81031 		ldrb	r3, [r0, #272]	@ zero_extendqisi2
3138:Core/Src/vl53l1_api_core.c **** 				(int32_t)pdev->refspadchar.device_test_mode;
 4959              		.loc 1 3138 23 view .LVU1709
 4960 01b0 1360     		str	r3, [r2]
3140:Core/Src/vl53l1_api_core.c **** 	break;
 4961              		.loc 1 3140 2 is_stmt 1 view .LVU1710
3009:Core/Src/vl53l1_api_core.c **** 
 4962              		.loc 1 3009 16 is_stmt 0 view .LVU1711
 4963 01b2 0020     		movs	r0, #0
 4964              	.LVL470:
 4965              		.loc 1 3140 2 view .LVU1712
 4966 01b4 7047     		bx	lr
 4967              	.LVL471:
 4968              	.L272:
3141:Core/Src/vl53l1_api_core.c **** 	case VL53L1_TUNINGPARM_REFSPADCHAR_VCSEL_PERIOD:
3142:Core/Src/vl53l1_api_core.c **** 		*ptuning_parm_value =
 4969              		.loc 1 3142 3 is_stmt 1 view .LVU1713
3143:Core/Src/vl53l1_api_core.c **** 				(int32_t)pdev->refspadchar.vcsel_period;
 4970              		.loc 1 3143 31 is_stmt 0 view .LVU1714
 4971 01b6 90F81131 		ldrb	r3, [r0, #273]	@ zero_extendqisi2
3142:Core/Src/vl53l1_api_core.c **** 				(int32_t)pdev->refspadchar.vcsel_period;
 4972              		.loc 1 3142 23 view .LVU1715
 4973 01ba 1360     		str	r3, [r2]
3144:Core/Src/vl53l1_api_core.c **** 	break;
 4974              		.loc 1 3144 2 is_stmt 1 view .LVU1716
3009:Core/Src/vl53l1_api_core.c **** 
 4975              		.loc 1 3009 16 is_stmt 0 view .LVU1717
 4976 01bc 0020     		movs	r0, #0
 4977              	.LVL472:
 4978              		.loc 1 3144 2 view .LVU1718
 4979 01be 7047     		bx	lr
 4980              	.LVL473:
 4981              	.L271:
3145:Core/Src/vl53l1_api_core.c **** 	case VL53L1_TUNINGPARM_REFSPADCHAR_PHASECAL_TIMEOUT_US:
3146:Core/Src/vl53l1_api_core.c **** 		*ptuning_parm_value =
 4982              		.loc 1 3146 3 is_stmt 1 view .LVU1719
3147:Core/Src/vl53l1_api_core.c **** 				(int32_t)pdev->refspadchar.timeout_us;
 4983              		.loc 1 3147 31 is_stmt 0 view .LVU1720
 4984 01c0 D0F81431 		ldr	r3, [r0, #276]
3146:Core/Src/vl53l1_api_core.c **** 				(int32_t)pdev->refspadchar.timeout_us;
 4985              		.loc 1 3146 23 view .LVU1721
 4986 01c4 1360     		str	r3, [r2]
3148:Core/Src/vl53l1_api_core.c **** 	break;
 4987              		.loc 1 3148 2 is_stmt 1 view .LVU1722
3009:Core/Src/vl53l1_api_core.c **** 
 4988              		.loc 1 3009 16 is_stmt 0 view .LVU1723
 4989 01c6 0020     		movs	r0, #0
 4990              	.LVL474:
ARM GAS  C:\Users\Lenovo\AppData\Local\Temp\ccZ6paZS.s 			page 153


 4991              		.loc 1 3148 2 view .LVU1724
 4992 01c8 7047     		bx	lr
 4993              	.LVL475:
 4994              	.L270:
3149:Core/Src/vl53l1_api_core.c **** 	case VL53L1_TUNINGPARM_REFSPADCHAR_TARGET_COUNT_RATE_MCPS:
3150:Core/Src/vl53l1_api_core.c **** 		*ptuning_parm_value =
 4995              		.loc 1 3150 3 is_stmt 1 view .LVU1725
3151:Core/Src/vl53l1_api_core.c **** 				(int32_t)pdev->refspadchar.target_count_rate_mcps;
 4996              		.loc 1 3151 31 is_stmt 0 view .LVU1726
 4997 01ca B0F81831 		ldrh	r3, [r0, #280]
3150:Core/Src/vl53l1_api_core.c **** 				(int32_t)pdev->refspadchar.target_count_rate_mcps;
 4998              		.loc 1 3150 23 view .LVU1727
 4999 01ce 1360     		str	r3, [r2]
3152:Core/Src/vl53l1_api_core.c **** 	break;
 5000              		.loc 1 3152 2 is_stmt 1 view .LVU1728
3009:Core/Src/vl53l1_api_core.c **** 
 5001              		.loc 1 3009 16 is_stmt 0 view .LVU1729
 5002 01d0 0020     		movs	r0, #0
 5003              	.LVL476:
 5004              		.loc 1 3152 2 view .LVU1730
 5005 01d2 7047     		bx	lr
 5006              	.LVL477:
 5007              	.L269:
3153:Core/Src/vl53l1_api_core.c **** 	case VL53L1_TUNINGPARM_REFSPADCHAR_MIN_COUNTRATE_LIMIT_MCPS:
3154:Core/Src/vl53l1_api_core.c **** 		*ptuning_parm_value =
 5008              		.loc 1 3154 3 is_stmt 1 view .LVU1731
3155:Core/Src/vl53l1_api_core.c **** 				(int32_t)pdev->refspadchar.min_count_rate_limit_mcps;
 5009              		.loc 1 3155 31 is_stmt 0 view .LVU1732
 5010 01d4 B0F81A31 		ldrh	r3, [r0, #282]
3154:Core/Src/vl53l1_api_core.c **** 				(int32_t)pdev->refspadchar.min_count_rate_limit_mcps;
 5011              		.loc 1 3154 23 view .LVU1733
 5012 01d8 1360     		str	r3, [r2]
3156:Core/Src/vl53l1_api_core.c **** 	break;
 5013              		.loc 1 3156 2 is_stmt 1 view .LVU1734
3009:Core/Src/vl53l1_api_core.c **** 
 5014              		.loc 1 3009 16 is_stmt 0 view .LVU1735
 5015 01da 0020     		movs	r0, #0
 5016              	.LVL478:
 5017              		.loc 1 3156 2 view .LVU1736
 5018 01dc 7047     		bx	lr
 5019              	.LVL479:
 5020              	.L268:
3157:Core/Src/vl53l1_api_core.c **** 	case VL53L1_TUNINGPARM_REFSPADCHAR_MAX_COUNTRATE_LIMIT_MCPS:
3158:Core/Src/vl53l1_api_core.c **** 		*ptuning_parm_value =
 5021              		.loc 1 3158 3 is_stmt 1 view .LVU1737
3159:Core/Src/vl53l1_api_core.c **** 				(int32_t)pdev->refspadchar.max_count_rate_limit_mcps;
 5022              		.loc 1 3159 31 is_stmt 0 view .LVU1738
 5023 01de B0F81C31 		ldrh	r3, [r0, #284]
3158:Core/Src/vl53l1_api_core.c **** 				(int32_t)pdev->refspadchar.max_count_rate_limit_mcps;
 5024              		.loc 1 3158 23 view .LVU1739
 5025 01e2 1360     		str	r3, [r2]
3160:Core/Src/vl53l1_api_core.c **** 	break;
 5026              		.loc 1 3160 2 is_stmt 1 view .LVU1740
3009:Core/Src/vl53l1_api_core.c **** 
 5027              		.loc 1 3009 16 is_stmt 0 view .LVU1741
 5028 01e4 0020     		movs	r0, #0
 5029              	.LVL480:
ARM GAS  C:\Users\Lenovo\AppData\Local\Temp\ccZ6paZS.s 			page 154


 5030              		.loc 1 3160 2 view .LVU1742
 5031 01e6 7047     		bx	lr
 5032              	.LVL481:
 5033              	.L267:
3161:Core/Src/vl53l1_api_core.c **** 	case VL53L1_TUNINGPARM_OFFSET_CAL_DSS_RATE_MCPS:
3162:Core/Src/vl53l1_api_core.c **** 		*ptuning_parm_value =
 5034              		.loc 1 3162 3 is_stmt 1 view .LVU1743
3163:Core/Src/vl53l1_api_core.c **** 				(int32_t)pdev->offsetcal_cfg.dss_config__target_total_rate_mcps;;
 5035              		.loc 1 3163 33 is_stmt 0 view .LVU1744
 5036 01e8 B0F84431 		ldrh	r3, [r0, #324]
3162:Core/Src/vl53l1_api_core.c **** 				(int32_t)pdev->offsetcal_cfg.dss_config__target_total_rate_mcps;;
 5037              		.loc 1 3162 23 view .LVU1745
 5038 01ec 1360     		str	r3, [r2]
 5039              		.loc 1 3163 69 is_stmt 1 view .LVU1746
3164:Core/Src/vl53l1_api_core.c **** 	break;
 5040              		.loc 1 3164 2 view .LVU1747
3009:Core/Src/vl53l1_api_core.c **** 
 5041              		.loc 1 3009 16 is_stmt 0 view .LVU1748
 5042 01ee 0020     		movs	r0, #0
 5043              	.LVL482:
 5044              		.loc 1 3164 2 view .LVU1749
 5045 01f0 7047     		bx	lr
 5046              	.LVL483:
 5047              	.L266:
3165:Core/Src/vl53l1_api_core.c **** 	case VL53L1_TUNINGPARM_OFFSET_CAL_PHASECAL_TIMEOUT_US:
3166:Core/Src/vl53l1_api_core.c **** 		*ptuning_parm_value =
 5048              		.loc 1 3166 3 is_stmt 1 view .LVU1750
3167:Core/Src/vl53l1_api_core.c **** 				(int32_t)pdev->offsetcal_cfg.phasecal_config_timeout_us;
 5049              		.loc 1 3167 33 is_stmt 0 view .LVU1751
 5050 01f2 D0F84831 		ldr	r3, [r0, #328]
3166:Core/Src/vl53l1_api_core.c **** 				(int32_t)pdev->offsetcal_cfg.phasecal_config_timeout_us;
 5051              		.loc 1 3166 23 view .LVU1752
 5052 01f6 1360     		str	r3, [r2]
3168:Core/Src/vl53l1_api_core.c **** 	break;
 5053              		.loc 1 3168 2 is_stmt 1 view .LVU1753
3009:Core/Src/vl53l1_api_core.c **** 
 5054              		.loc 1 3009 16 is_stmt 0 view .LVU1754
 5055 01f8 0020     		movs	r0, #0
 5056              	.LVL484:
 5057              		.loc 1 3168 2 view .LVU1755
 5058 01fa 7047     		bx	lr
 5059              	.LVL485:
 5060              	.L265:
3169:Core/Src/vl53l1_api_core.c **** 	case VL53L1_TUNINGPARM_OFFSET_CAL_MM_TIMEOUT_US:
3170:Core/Src/vl53l1_api_core.c **** 		*ptuning_parm_value =
 5061              		.loc 1 3170 3 is_stmt 1 view .LVU1756
3171:Core/Src/vl53l1_api_core.c **** 				(int32_t)pdev->offsetcal_cfg.mm_config_timeout_us;
 5062              		.loc 1 3171 33 is_stmt 0 view .LVU1757
 5063 01fc D0F85031 		ldr	r3, [r0, #336]
3170:Core/Src/vl53l1_api_core.c **** 				(int32_t)pdev->offsetcal_cfg.mm_config_timeout_us;
 5064              		.loc 1 3170 23 view .LVU1758
 5065 0200 1360     		str	r3, [r2]
3172:Core/Src/vl53l1_api_core.c **** 	break;
 5066              		.loc 1 3172 2 is_stmt 1 view .LVU1759
3009:Core/Src/vl53l1_api_core.c **** 
 5067              		.loc 1 3009 16 is_stmt 0 view .LVU1760
 5068 0202 0020     		movs	r0, #0
ARM GAS  C:\Users\Lenovo\AppData\Local\Temp\ccZ6paZS.s 			page 155


 5069              	.LVL486:
 5070              		.loc 1 3172 2 view .LVU1761
 5071 0204 7047     		bx	lr
 5072              	.LVL487:
 5073              	.L264:
3173:Core/Src/vl53l1_api_core.c **** 	case VL53L1_TUNINGPARM_OFFSET_CAL_RANGE_TIMEOUT_US:
3174:Core/Src/vl53l1_api_core.c **** 		*ptuning_parm_value =
 5074              		.loc 1 3174 3 is_stmt 1 view .LVU1762
3175:Core/Src/vl53l1_api_core.c **** 				(int32_t)pdev->offsetcal_cfg.range_config_timeout_us;
 5075              		.loc 1 3175 33 is_stmt 0 view .LVU1763
 5076 0206 D0F84C31 		ldr	r3, [r0, #332]
3174:Core/Src/vl53l1_api_core.c **** 				(int32_t)pdev->offsetcal_cfg.range_config_timeout_us;
 5077              		.loc 1 3174 23 view .LVU1764
 5078 020a 1360     		str	r3, [r2]
3176:Core/Src/vl53l1_api_core.c **** 	break;
 5079              		.loc 1 3176 2 is_stmt 1 view .LVU1765
3009:Core/Src/vl53l1_api_core.c **** 
 5080              		.loc 1 3009 16 is_stmt 0 view .LVU1766
 5081 020c 0020     		movs	r0, #0
 5082              	.LVL488:
 5083              		.loc 1 3176 2 view .LVU1767
 5084 020e 7047     		bx	lr
 5085              	.LVL489:
 5086              	.L263:
3177:Core/Src/vl53l1_api_core.c **** 	case VL53L1_TUNINGPARM_OFFSET_CAL_PRE_SAMPLES:
3178:Core/Src/vl53l1_api_core.c **** 		*ptuning_parm_value =
 5087              		.loc 1 3178 3 is_stmt 1 view .LVU1768
3179:Core/Src/vl53l1_api_core.c **** 				(int32_t)pdev->offsetcal_cfg.pre_num_of_samples;
 5088              		.loc 1 3179 33 is_stmt 0 view .LVU1769
 5089 0210 90F85431 		ldrb	r3, [r0, #340]	@ zero_extendqisi2
3178:Core/Src/vl53l1_api_core.c **** 				(int32_t)pdev->offsetcal_cfg.pre_num_of_samples;
 5090              		.loc 1 3178 23 view .LVU1770
 5091 0214 1360     		str	r3, [r2]
3180:Core/Src/vl53l1_api_core.c **** 	break;
 5092              		.loc 1 3180 2 is_stmt 1 view .LVU1771
3009:Core/Src/vl53l1_api_core.c **** 
 5093              		.loc 1 3009 16 is_stmt 0 view .LVU1772
 5094 0216 0020     		movs	r0, #0
 5095              	.LVL490:
 5096              		.loc 1 3180 2 view .LVU1773
 5097 0218 7047     		bx	lr
 5098              	.LVL491:
 5099              	.L262:
3181:Core/Src/vl53l1_api_core.c **** 	case VL53L1_TUNINGPARM_OFFSET_CAL_MM1_SAMPLES:
3182:Core/Src/vl53l1_api_core.c **** 		*ptuning_parm_value =
 5100              		.loc 1 3182 3 is_stmt 1 view .LVU1774
3183:Core/Src/vl53l1_api_core.c **** 			(int32_t)pdev->offsetcal_cfg.mm1_num_of_samples;
 5101              		.loc 1 3183 32 is_stmt 0 view .LVU1775
 5102 021a 90F85531 		ldrb	r3, [r0, #341]	@ zero_extendqisi2
3182:Core/Src/vl53l1_api_core.c **** 			(int32_t)pdev->offsetcal_cfg.mm1_num_of_samples;
 5103              		.loc 1 3182 23 view .LVU1776
 5104 021e 1360     		str	r3, [r2]
3184:Core/Src/vl53l1_api_core.c **** 	break;
 5105              		.loc 1 3184 2 is_stmt 1 view .LVU1777
3009:Core/Src/vl53l1_api_core.c **** 
 5106              		.loc 1 3009 16 is_stmt 0 view .LVU1778
 5107 0220 0020     		movs	r0, #0
ARM GAS  C:\Users\Lenovo\AppData\Local\Temp\ccZ6paZS.s 			page 156


 5108              	.LVL492:
 5109              		.loc 1 3184 2 view .LVU1779
 5110 0222 7047     		bx	lr
 5111              	.LVL493:
 5112              	.L261:
3185:Core/Src/vl53l1_api_core.c **** 	case VL53L1_TUNINGPARM_OFFSET_CAL_MM2_SAMPLES:
3186:Core/Src/vl53l1_api_core.c **** 		*ptuning_parm_value =
 5113              		.loc 1 3186 3 is_stmt 1 view .LVU1780
3187:Core/Src/vl53l1_api_core.c **** 				(int32_t)pdev->offsetcal_cfg.mm2_num_of_samples;
 5114              		.loc 1 3187 33 is_stmt 0 view .LVU1781
 5115 0224 90F85631 		ldrb	r3, [r0, #342]	@ zero_extendqisi2
3186:Core/Src/vl53l1_api_core.c **** 				(int32_t)pdev->offsetcal_cfg.mm2_num_of_samples;
 5116              		.loc 1 3186 23 view .LVU1782
 5117 0228 1360     		str	r3, [r2]
3188:Core/Src/vl53l1_api_core.c **** 	break;
 5118              		.loc 1 3188 2 is_stmt 1 view .LVU1783
3009:Core/Src/vl53l1_api_core.c **** 
 5119              		.loc 1 3009 16 is_stmt 0 view .LVU1784
 5120 022a 0020     		movs	r0, #0
 5121              	.LVL494:
 5122              		.loc 1 3188 2 view .LVU1785
 5123 022c 7047     		bx	lr
 5124              	.LVL495:
 5125              	.L260:
3189:Core/Src/vl53l1_api_core.c **** 	case VL53L1_TUNINGPARM_SPADMAP_VCSEL_PERIOD:
3190:Core/Src/vl53l1_api_core.c **** 		*ptuning_parm_value =
 5126              		.loc 1 3190 3 is_stmt 1 view .LVU1786
3191:Core/Src/vl53l1_api_core.c **** 				(int32_t)pdev->ssc_cfg.vcsel_period;
 5127              		.loc 1 3191 27 is_stmt 0 view .LVU1787
 5128 022e 90F82131 		ldrb	r3, [r0, #289]	@ zero_extendqisi2
3190:Core/Src/vl53l1_api_core.c **** 				(int32_t)pdev->ssc_cfg.vcsel_period;
 5129              		.loc 1 3190 23 view .LVU1788
 5130 0232 1360     		str	r3, [r2]
3192:Core/Src/vl53l1_api_core.c **** 	break;
 5131              		.loc 1 3192 2 is_stmt 1 view .LVU1789
3009:Core/Src/vl53l1_api_core.c **** 
 5132              		.loc 1 3009 16 is_stmt 0 view .LVU1790
 5133 0234 0020     		movs	r0, #0
 5134              	.LVL496:
 5135              		.loc 1 3192 2 view .LVU1791
 5136 0236 7047     		bx	lr
 5137              	.LVL497:
 5138              	.L259:
3193:Core/Src/vl53l1_api_core.c **** 	case VL53L1_TUNINGPARM_SPADMAP_VCSEL_START:
3194:Core/Src/vl53l1_api_core.c **** 		*ptuning_parm_value =
 5139              		.loc 1 3194 3 is_stmt 1 view .LVU1792
3195:Core/Src/vl53l1_api_core.c **** 				(int32_t)pdev->ssc_cfg.vcsel_start;
 5140              		.loc 1 3195 27 is_stmt 0 view .LVU1793
 5141 0238 90F82231 		ldrb	r3, [r0, #290]	@ zero_extendqisi2
3194:Core/Src/vl53l1_api_core.c **** 				(int32_t)pdev->ssc_cfg.vcsel_start;
 5142              		.loc 1 3194 23 view .LVU1794
 5143 023c 1360     		str	r3, [r2]
3196:Core/Src/vl53l1_api_core.c **** 	break;
 5144              		.loc 1 3196 2 is_stmt 1 view .LVU1795
3009:Core/Src/vl53l1_api_core.c **** 
 5145              		.loc 1 3009 16 is_stmt 0 view .LVU1796
 5146 023e 0020     		movs	r0, #0
ARM GAS  C:\Users\Lenovo\AppData\Local\Temp\ccZ6paZS.s 			page 157


 5147              	.LVL498:
 5148              		.loc 1 3196 2 view .LVU1797
 5149 0240 7047     		bx	lr
 5150              	.LVL499:
 5151              	.L258:
3197:Core/Src/vl53l1_api_core.c **** 	case VL53L1_TUNINGPARM_SPADMAP_RATE_LIMIT_MCPS:
3198:Core/Src/vl53l1_api_core.c **** 		*ptuning_parm_value =
 5152              		.loc 1 3198 3 is_stmt 1 view .LVU1798
3199:Core/Src/vl53l1_api_core.c **** 				(int32_t)pdev->ssc_cfg.rate_limit_mcps;
 5153              		.loc 1 3199 27 is_stmt 0 view .LVU1799
 5154 0242 B0F82831 		ldrh	r3, [r0, #296]
3198:Core/Src/vl53l1_api_core.c **** 				(int32_t)pdev->ssc_cfg.rate_limit_mcps;
 5155              		.loc 1 3198 23 view .LVU1800
 5156 0246 1360     		str	r3, [r2]
3200:Core/Src/vl53l1_api_core.c **** 	break;
 5157              		.loc 1 3200 2 is_stmt 1 view .LVU1801
3009:Core/Src/vl53l1_api_core.c **** 
 5158              		.loc 1 3009 16 is_stmt 0 view .LVU1802
 5159 0248 0020     		movs	r0, #0
 5160              	.LVL500:
 5161              		.loc 1 3200 2 view .LVU1803
 5162 024a 7047     		bx	lr
 5163              	.LVL501:
 5164              	.L257:
3201:Core/Src/vl53l1_api_core.c **** 	case VL53L1_TUNINGPARM_LITE_DSS_CONFIG_TARGET_TOTAL_RATE_MCPS:
3202:Core/Src/vl53l1_api_core.c **** 		*ptuning_parm_value =
 5165              		.loc 1 3202 3 is_stmt 1 view .LVU1804
3203:Core/Src/vl53l1_api_core.c **** 				(int32_t)pdev->tuning_parms.tp_dss_target_lite_mcps;
 5166              		.loc 1 3203 32 is_stmt 0 view .LVU1805
 5167 024c B0F8CA30 		ldrh	r3, [r0, #202]
3202:Core/Src/vl53l1_api_core.c **** 				(int32_t)pdev->tuning_parms.tp_dss_target_lite_mcps;
 5168              		.loc 1 3202 23 view .LVU1806
 5169 0250 1360     		str	r3, [r2]
3204:Core/Src/vl53l1_api_core.c **** 	break;
 5170              		.loc 1 3204 2 is_stmt 1 view .LVU1807
3009:Core/Src/vl53l1_api_core.c **** 
 5171              		.loc 1 3009 16 is_stmt 0 view .LVU1808
 5172 0252 0020     		movs	r0, #0
 5173              	.LVL502:
 5174              		.loc 1 3204 2 view .LVU1809
 5175 0254 7047     		bx	lr
 5176              	.LVL503:
 5177              	.L256:
3205:Core/Src/vl53l1_api_core.c **** 	case VL53L1_TUNINGPARM_TIMED_DSS_CONFIG_TARGET_TOTAL_RATE_MCPS:
3206:Core/Src/vl53l1_api_core.c **** 		*ptuning_parm_value =
 5178              		.loc 1 3206 3 is_stmt 1 view .LVU1810
3207:Core/Src/vl53l1_api_core.c **** 				(int32_t)pdev->tuning_parms.tp_dss_target_timed_mcps;
 5179              		.loc 1 3207 32 is_stmt 0 view .LVU1811
 5180 0256 B0F8CC30 		ldrh	r3, [r0, #204]
3206:Core/Src/vl53l1_api_core.c **** 				(int32_t)pdev->tuning_parms.tp_dss_target_timed_mcps;
 5181              		.loc 1 3206 23 view .LVU1812
 5182 025a 1360     		str	r3, [r2]
3208:Core/Src/vl53l1_api_core.c **** 	break;
 5183              		.loc 1 3208 2 is_stmt 1 view .LVU1813
3009:Core/Src/vl53l1_api_core.c **** 
 5184              		.loc 1 3009 16 is_stmt 0 view .LVU1814
 5185 025c 0020     		movs	r0, #0
ARM GAS  C:\Users\Lenovo\AppData\Local\Temp\ccZ6paZS.s 			page 158


 5186              	.LVL504:
 5187              		.loc 1 3208 2 view .LVU1815
 5188 025e 7047     		bx	lr
 5189              	.LVL505:
 5190              	.L255:
3209:Core/Src/vl53l1_api_core.c **** 	case VL53L1_TUNINGPARM_LITE_PHASECAL_CONFIG_TIMEOUT_US:
3210:Core/Src/vl53l1_api_core.c **** 		*ptuning_parm_value =
 5191              		.loc 1 3210 3 is_stmt 1 view .LVU1816
3211:Core/Src/vl53l1_api_core.c **** 				(int32_t)pdev->tuning_parms.tp_phasecal_timeout_lite_us;
 5192              		.loc 1 3211 32 is_stmt 0 view .LVU1817
 5193 0260 D0F8D030 		ldr	r3, [r0, #208]
3210:Core/Src/vl53l1_api_core.c **** 				(int32_t)pdev->tuning_parms.tp_phasecal_timeout_lite_us;
 5194              		.loc 1 3210 23 view .LVU1818
 5195 0264 1360     		str	r3, [r2]
3212:Core/Src/vl53l1_api_core.c **** 	break;
 5196              		.loc 1 3212 2 is_stmt 1 view .LVU1819
3009:Core/Src/vl53l1_api_core.c **** 
 5197              		.loc 1 3009 16 is_stmt 0 view .LVU1820
 5198 0266 0020     		movs	r0, #0
 5199              	.LVL506:
 5200              		.loc 1 3212 2 view .LVU1821
 5201 0268 7047     		bx	lr
 5202              	.LVL507:
 5203              	.L254:
3213:Core/Src/vl53l1_api_core.c **** 	case VL53L1_TUNINGPARM_TIMED_PHASECAL_CONFIG_TIMEOUT_US:
3214:Core/Src/vl53l1_api_core.c **** 		*ptuning_parm_value =
 5204              		.loc 1 3214 3 is_stmt 1 view .LVU1822
3215:Core/Src/vl53l1_api_core.c **** 				(int32_t)pdev->tuning_parms.tp_phasecal_timeout_timed_us;
 5205              		.loc 1 3215 32 is_stmt 0 view .LVU1823
 5206 026a D0F8D430 		ldr	r3, [r0, #212]
3214:Core/Src/vl53l1_api_core.c **** 				(int32_t)pdev->tuning_parms.tp_phasecal_timeout_timed_us;
 5207              		.loc 1 3214 23 view .LVU1824
 5208 026e 1360     		str	r3, [r2]
3216:Core/Src/vl53l1_api_core.c **** 	break;
 5209              		.loc 1 3216 2 is_stmt 1 view .LVU1825
3009:Core/Src/vl53l1_api_core.c **** 
 5210              		.loc 1 3009 16 is_stmt 0 view .LVU1826
 5211 0270 0020     		movs	r0, #0
 5212              	.LVL508:
 5213              		.loc 1 3216 2 view .LVU1827
 5214 0272 7047     		bx	lr
 5215              	.LVL509:
 5216              	.L253:
3217:Core/Src/vl53l1_api_core.c **** 	case VL53L1_TUNINGPARM_LITE_MM_CONFIG_TIMEOUT_US:
3218:Core/Src/vl53l1_api_core.c **** 		*ptuning_parm_value =
 5217              		.loc 1 3218 3 is_stmt 1 view .LVU1828
3219:Core/Src/vl53l1_api_core.c **** 				(int32_t)pdev->tuning_parms.tp_mm_timeout_lite_us;
 5218              		.loc 1 3219 32 is_stmt 0 view .LVU1829
 5219 0274 D0F8D830 		ldr	r3, [r0, #216]
3218:Core/Src/vl53l1_api_core.c **** 				(int32_t)pdev->tuning_parms.tp_mm_timeout_lite_us;
 5220              		.loc 1 3218 23 view .LVU1830
 5221 0278 1360     		str	r3, [r2]
3220:Core/Src/vl53l1_api_core.c **** 	break;
 5222              		.loc 1 3220 2 is_stmt 1 view .LVU1831
3009:Core/Src/vl53l1_api_core.c **** 
 5223              		.loc 1 3009 16 is_stmt 0 view .LVU1832
 5224 027a 0020     		movs	r0, #0
ARM GAS  C:\Users\Lenovo\AppData\Local\Temp\ccZ6paZS.s 			page 159


 5225              	.LVL510:
 5226              		.loc 1 3220 2 view .LVU1833
 5227 027c 7047     		bx	lr
 5228              	.LVL511:
 5229              	.L252:
3221:Core/Src/vl53l1_api_core.c **** 	case VL53L1_TUNINGPARM_TIMED_MM_CONFIG_TIMEOUT_US:
3222:Core/Src/vl53l1_api_core.c **** 		*ptuning_parm_value =
 5230              		.loc 1 3222 3 is_stmt 1 view .LVU1834
3223:Core/Src/vl53l1_api_core.c **** 				(int32_t)pdev->tuning_parms.tp_mm_timeout_timed_us;
 5231              		.loc 1 3223 32 is_stmt 0 view .LVU1835
 5232 027e D0F8DC30 		ldr	r3, [r0, #220]
3222:Core/Src/vl53l1_api_core.c **** 				(int32_t)pdev->tuning_parms.tp_mm_timeout_timed_us;
 5233              		.loc 1 3222 23 view .LVU1836
 5234 0282 1360     		str	r3, [r2]
3224:Core/Src/vl53l1_api_core.c **** 	break;
 5235              		.loc 1 3224 2 is_stmt 1 view .LVU1837
3009:Core/Src/vl53l1_api_core.c **** 
 5236              		.loc 1 3009 16 is_stmt 0 view .LVU1838
 5237 0284 0020     		movs	r0, #0
 5238              	.LVL512:
 5239              		.loc 1 3224 2 view .LVU1839
 5240 0286 7047     		bx	lr
 5241              	.LVL513:
 5242              	.L251:
3225:Core/Src/vl53l1_api_core.c **** 	case VL53L1_TUNINGPARM_LITE_RANGE_CONFIG_TIMEOUT_US:
3226:Core/Src/vl53l1_api_core.c **** 		*ptuning_parm_value =
 5243              		.loc 1 3226 3 is_stmt 1 view .LVU1840
3227:Core/Src/vl53l1_api_core.c **** 				(int32_t)pdev->tuning_parms.tp_range_timeout_lite_us;
 5244              		.loc 1 3227 32 is_stmt 0 view .LVU1841
 5245 0288 D0F8E430 		ldr	r3, [r0, #228]
3226:Core/Src/vl53l1_api_core.c **** 				(int32_t)pdev->tuning_parms.tp_range_timeout_lite_us;
 5246              		.loc 1 3226 23 view .LVU1842
 5247 028c 1360     		str	r3, [r2]
3228:Core/Src/vl53l1_api_core.c **** 	break;
 5248              		.loc 1 3228 2 is_stmt 1 view .LVU1843
3009:Core/Src/vl53l1_api_core.c **** 
 5249              		.loc 1 3009 16 is_stmt 0 view .LVU1844
 5250 028e 0020     		movs	r0, #0
 5251              	.LVL514:
 5252              		.loc 1 3228 2 view .LVU1845
 5253 0290 7047     		bx	lr
 5254              	.LVL515:
 5255              	.L250:
3229:Core/Src/vl53l1_api_core.c **** 	case VL53L1_TUNINGPARM_TIMED_RANGE_CONFIG_TIMEOUT_US:
3230:Core/Src/vl53l1_api_core.c **** 		*ptuning_parm_value =
 5256              		.loc 1 3230 3 is_stmt 1 view .LVU1846
3231:Core/Src/vl53l1_api_core.c **** 				(int32_t)pdev->tuning_parms.tp_range_timeout_timed_us;
 5257              		.loc 1 3231 32 is_stmt 0 view .LVU1847
 5258 0292 D0F8E830 		ldr	r3, [r0, #232]
3230:Core/Src/vl53l1_api_core.c **** 				(int32_t)pdev->tuning_parms.tp_range_timeout_timed_us;
 5259              		.loc 1 3230 23 view .LVU1848
 5260 0296 1360     		str	r3, [r2]
3232:Core/Src/vl53l1_api_core.c **** 	break;
 5261              		.loc 1 3232 2 is_stmt 1 view .LVU1849
3009:Core/Src/vl53l1_api_core.c **** 
 5262              		.loc 1 3009 16 is_stmt 0 view .LVU1850
 5263 0298 0020     		movs	r0, #0
ARM GAS  C:\Users\Lenovo\AppData\Local\Temp\ccZ6paZS.s 			page 160


 5264              	.LVL516:
 5265              		.loc 1 3232 2 view .LVU1851
 5266 029a 7047     		bx	lr
 5267              	.LVL517:
 5268              	.L249:
3233:Core/Src/vl53l1_api_core.c **** 	case VL53L1_TUNINGPARM_LOWPOWERAUTO_VHV_LOOP_BOUND:
3234:Core/Src/vl53l1_api_core.c **** 		*ptuning_parm_value =
 5269              		.loc 1 3234 3 is_stmt 1 view .LVU1852
3235:Core/Src/vl53l1_api_core.c **** 				(int32_t)pdev->low_power_auto_data.vhv_loop_bound;
 5270              		.loc 1 3235 39 is_stmt 0 view .LVU1853
 5271 029c 90F8E432 		ldrb	r3, [r0, #740]	@ zero_extendqisi2
3234:Core/Src/vl53l1_api_core.c **** 				(int32_t)pdev->low_power_auto_data.vhv_loop_bound;
 5272              		.loc 1 3234 23 view .LVU1854
 5273 02a0 1360     		str	r3, [r2]
3236:Core/Src/vl53l1_api_core.c **** 	break;
 5274              		.loc 1 3236 2 is_stmt 1 view .LVU1855
3009:Core/Src/vl53l1_api_core.c **** 
 5275              		.loc 1 3009 16 is_stmt 0 view .LVU1856
 5276 02a2 0020     		movs	r0, #0
 5277              	.LVL518:
 5278              		.loc 1 3236 2 view .LVU1857
 5279 02a4 7047     		bx	lr
 5280              	.LVL519:
 5281              	.L248:
3237:Core/Src/vl53l1_api_core.c **** 	case VL53L1_TUNINGPARM_LOWPOWERAUTO_MM_CONFIG_TIMEOUT_US:
3238:Core/Src/vl53l1_api_core.c **** 		*ptuning_parm_value =
 5282              		.loc 1 3238 3 is_stmt 1 view .LVU1858
3239:Core/Src/vl53l1_api_core.c **** 				(int32_t)pdev->tuning_parms.tp_mm_timeout_lpa_us;
 5283              		.loc 1 3239 32 is_stmt 0 view .LVU1859
 5284 02a6 D0F8E030 		ldr	r3, [r0, #224]
3238:Core/Src/vl53l1_api_core.c **** 				(int32_t)pdev->tuning_parms.tp_mm_timeout_lpa_us;
 5285              		.loc 1 3238 23 view .LVU1860
 5286 02aa 1360     		str	r3, [r2]
3240:Core/Src/vl53l1_api_core.c **** 	break;
 5287              		.loc 1 3240 2 is_stmt 1 view .LVU1861
3009:Core/Src/vl53l1_api_core.c **** 
 5288              		.loc 1 3009 16 is_stmt 0 view .LVU1862
 5289 02ac 0020     		movs	r0, #0
 5290              	.LVL520:
 5291              		.loc 1 3240 2 view .LVU1863
 5292 02ae 7047     		bx	lr
 5293              	.LVL521:
 5294              	.L246:
3241:Core/Src/vl53l1_api_core.c **** 	case VL53L1_TUNINGPARM_LOWPOWERAUTO_RANGE_CONFIG_TIMEOUT_US:
3242:Core/Src/vl53l1_api_core.c **** 		*ptuning_parm_value =
 5295              		.loc 1 3242 3 is_stmt 1 view .LVU1864
3243:Core/Src/vl53l1_api_core.c **** 				(int32_t)pdev->tuning_parms.tp_range_timeout_lpa_us;
 5296              		.loc 1 3243 32 is_stmt 0 view .LVU1865
 5297 02b0 D0F8EC30 		ldr	r3, [r0, #236]
3242:Core/Src/vl53l1_api_core.c **** 				(int32_t)pdev->tuning_parms.tp_range_timeout_lpa_us;
 5298              		.loc 1 3242 23 view .LVU1866
 5299 02b4 1360     		str	r3, [r2]
3244:Core/Src/vl53l1_api_core.c **** 	break;
 5300              		.loc 1 3244 2 is_stmt 1 view .LVU1867
3009:Core/Src/vl53l1_api_core.c **** 
 5301              		.loc 1 3009 16 is_stmt 0 view .LVU1868
 5302 02b6 0020     		movs	r0, #0
ARM GAS  C:\Users\Lenovo\AppData\Local\Temp\ccZ6paZS.s 			page 161


 5303              	.LVL522:
 5304              		.loc 1 3244 2 view .LVU1869
 5305 02b8 7047     		bx	lr
 5306              	.LVL523:
 5307              	.L245:
3245:Core/Src/vl53l1_api_core.c **** 
3246:Core/Src/vl53l1_api_core.c **** 
3247:Core/Src/vl53l1_api_core.c **** 	default:
3248:Core/Src/vl53l1_api_core.c **** 		*ptuning_parm_value = 0x7FFFFFFF;
 5308              		.loc 1 3248 3 is_stmt 1 view .LVU1870
 5309              		.loc 1 3248 23 is_stmt 0 view .LVU1871
 5310 02ba 6FF00043 		mvn	r3, #-2147483648
 5311 02be 1360     		str	r3, [r2]
3249:Core/Src/vl53l1_api_core.c **** 		status = VL53L1_ERROR_INVALID_PARAMS;
 5312              		.loc 1 3249 3 is_stmt 1 view .LVU1872
 5313              	.LVL524:
3250:Core/Src/vl53l1_api_core.c **** 	break;
 5314              		.loc 1 3250 2 view .LVU1873
3249:Core/Src/vl53l1_api_core.c **** 		status = VL53L1_ERROR_INVALID_PARAMS;
 5315              		.loc 1 3249 10 is_stmt 0 view .LVU1874
 5316 02c0 6FF00300 		mvn	r0, #3
 5317              	.LVL525:
3251:Core/Src/vl53l1_api_core.c **** 
3252:Core/Src/vl53l1_api_core.c **** 	}
3253:Core/Src/vl53l1_api_core.c **** 
3254:Core/Src/vl53l1_api_core.c **** 	LOG_FUNCTION_END(status);
 5318              		.loc 1 3254 26 is_stmt 1 view .LVU1875
3255:Core/Src/vl53l1_api_core.c **** 
3256:Core/Src/vl53l1_api_core.c **** 	return status;
 5319              		.loc 1 3256 2 view .LVU1876
3257:Core/Src/vl53l1_api_core.c **** }
 5320              		.loc 1 3257 1 is_stmt 0 view .LVU1877
 5321 02c4 7047     		bx	lr
 5322              		.cfi_endproc
 5323              	.LFE54:
 5325              		.section	.text.VL53L1_set_tuning_parm,"ax",%progbits
 5326              		.align	1
 5327              		.global	VL53L1_set_tuning_parm
 5328              		.syntax unified
 5329              		.thumb
 5330              		.thumb_func
 5332              	VL53L1_set_tuning_parm:
 5333              	.LVL526:
 5334              	.LFB55:
3258:Core/Src/vl53l1_api_core.c **** 
3259:Core/Src/vl53l1_api_core.c **** VL53L1_Error VL53L1_set_tuning_parm(
3260:Core/Src/vl53l1_api_core.c **** 	VL53L1_DEV            Dev,
3261:Core/Src/vl53l1_api_core.c **** 	VL53L1_TuningParms    tuning_parm_key,
3262:Core/Src/vl53l1_api_core.c **** 	int32_t               tuning_parm_value)
3263:Core/Src/vl53l1_api_core.c **** {
 5335              		.loc 1 3263 1 is_stmt 1 view -0
 5336              		.cfi_startproc
 5337              		@ args = 0, pretend = 0, frame = 0
 5338              		@ frame_needed = 0, uses_anonymous_args = 0
 5339              		@ link register save eliminated.
3264:Core/Src/vl53l1_api_core.c **** 
3265:Core/Src/vl53l1_api_core.c **** 	/*
ARM GAS  C:\Users\Lenovo\AppData\Local\Temp\ccZ6paZS.s 			page 162


3266:Core/Src/vl53l1_api_core.c **** 	 * Sets the requested tuning parm value
3267:Core/Src/vl53l1_api_core.c **** 	 * - Large case statement for set value
3268:Core/Src/vl53l1_api_core.c **** 	 * - if key does not match, INVALID parm error returned
3269:Core/Src/vl53l1_api_core.c **** 	 */
3270:Core/Src/vl53l1_api_core.c **** 
3271:Core/Src/vl53l1_api_core.c **** 	VL53L1_Error  status = VL53L1_ERROR_NONE;
 5340              		.loc 1 3271 2 view .LVU1879
3272:Core/Src/vl53l1_api_core.c **** 
3273:Core/Src/vl53l1_api_core.c **** 	VL53L1_LLDriverData_t *pdev = VL53L1DevStructGetLLDriverHandle(Dev);
 5341              		.loc 1 3273 2 view .LVU1880
3274:Core/Src/vl53l1_api_core.c **** 
3275:Core/Src/vl53l1_api_core.c **** 	LOG_FUNCTION_START("");
 5342              		.loc 1 3275 24 view .LVU1881
3276:Core/Src/vl53l1_api_core.c **** 
3277:Core/Src/vl53l1_api_core.c **** 	switch (tuning_parm_key) {
 5343              		.loc 1 3277 2 view .LVU1882
 5344 0000 A1F50041 		sub	r1, r1, #32768
 5345              	.LVL527:
 5346              		.loc 1 3277 2 is_stmt 0 view .LVU1883
 5347 0004 3829     		cmp	r1, #56
 5348 0006 00F22581 		bhi	.L365
 5349 000a DFE811F0 		tbh	[pc, r1, lsl #1]
 5350              	.L308:
 5351 000e 3900     		.2byte	(.L364-.L308)/2
 5352 0010 3D00     		.2byte	(.L363-.L308)/2
 5353 0012 4700     		.2byte	(.L362-.L308)/2
 5354 0014 4B00     		.2byte	(.L361-.L308)/2
 5355 0016 4F00     		.2byte	(.L360-.L308)/2
 5356 0018 5300     		.2byte	(.L359-.L308)/2
 5357 001a 5700     		.2byte	(.L358-.L308)/2
 5358 001c 5B00     		.2byte	(.L357-.L308)/2
 5359 001e 5F00     		.2byte	(.L356-.L308)/2
 5360 0020 6300     		.2byte	(.L355-.L308)/2
 5361 0022 6700     		.2byte	(.L354-.L308)/2
 5362 0024 6B00     		.2byte	(.L353-.L308)/2
 5363 0026 6F00     		.2byte	(.L352-.L308)/2
 5364 0028 7300     		.2byte	(.L351-.L308)/2
 5365 002a 7700     		.2byte	(.L350-.L308)/2
 5366 002c 7B00     		.2byte	(.L349-.L308)/2
 5367 002e 7F00     		.2byte	(.L348-.L308)/2
 5368 0030 8300     		.2byte	(.L347-.L308)/2
 5369 0032 8700     		.2byte	(.L346-.L308)/2
 5370 0034 8B00     		.2byte	(.L345-.L308)/2
 5371 0036 8F00     		.2byte	(.L344-.L308)/2
 5372 0038 9300     		.2byte	(.L343-.L308)/2
 5373 003a 9700     		.2byte	(.L342-.L308)/2
 5374 003c 9B00     		.2byte	(.L341-.L308)/2
 5375 003e 9F00     		.2byte	(.L340-.L308)/2
 5376 0040 A300     		.2byte	(.L339-.L308)/2
 5377 0042 A700     		.2byte	(.L338-.L308)/2
 5378 0044 AB00     		.2byte	(.L337-.L308)/2
 5379 0046 AF00     		.2byte	(.L336-.L308)/2
 5380 0048 B300     		.2byte	(.L335-.L308)/2
 5381 004a B700     		.2byte	(.L334-.L308)/2
 5382 004c BB00     		.2byte	(.L333-.L308)/2
 5383 004e BF00     		.2byte	(.L332-.L308)/2
 5384 0050 C300     		.2byte	(.L331-.L308)/2
ARM GAS  C:\Users\Lenovo\AppData\Local\Temp\ccZ6paZS.s 			page 163


 5385 0052 C700     		.2byte	(.L330-.L308)/2
 5386 0054 CB00     		.2byte	(.L329-.L308)/2
 5387 0056 CF00     		.2byte	(.L328-.L308)/2
 5388 0058 D300     		.2byte	(.L327-.L308)/2
 5389 005a D700     		.2byte	(.L326-.L308)/2
 5390 005c DB00     		.2byte	(.L325-.L308)/2
 5391 005e DF00     		.2byte	(.L324-.L308)/2
 5392 0060 E300     		.2byte	(.L323-.L308)/2
 5393 0062 E700     		.2byte	(.L322-.L308)/2
 5394 0064 EB00     		.2byte	(.L321-.L308)/2
 5395 0066 EF00     		.2byte	(.L320-.L308)/2
 5396 0068 F300     		.2byte	(.L319-.L308)/2
 5397 006a F700     		.2byte	(.L318-.L308)/2
 5398 006c FB00     		.2byte	(.L317-.L308)/2
 5399 006e FF00     		.2byte	(.L316-.L308)/2
 5400 0070 0301     		.2byte	(.L315-.L308)/2
 5401 0072 0701     		.2byte	(.L314-.L308)/2
 5402 0074 0B01     		.2byte	(.L313-.L308)/2
 5403 0076 0F01     		.2byte	(.L312-.L308)/2
 5404 0078 1301     		.2byte	(.L311-.L308)/2
 5405 007a 1701     		.2byte	(.L310-.L308)/2
 5406 007c 1B01     		.2byte	(.L309-.L308)/2
 5407 007e 1F01     		.2byte	(.L307-.L308)/2
 5408              		.p2align 1
 5409              	.L364:
3278:Core/Src/vl53l1_api_core.c **** 
3279:Core/Src/vl53l1_api_core.c **** 	case VL53L1_TUNINGPARM_VERSION:
3280:Core/Src/vl53l1_api_core.c **** 		pdev->tuning_parms.tp_tuning_parm_version =
 5410              		.loc 1 3280 3 is_stmt 1 view .LVU1884
 5411              		.loc 1 3280 45 is_stmt 0 view .LVU1885
 5412 0080 A0F8A420 		strh	r2, [r0, #164]	@ movhi
3281:Core/Src/vl53l1_api_core.c **** 				(uint16_t)tuning_parm_value;
3282:Core/Src/vl53l1_api_core.c **** 	break;
 5413              		.loc 1 3282 2 is_stmt 1 view .LVU1886
3271:Core/Src/vl53l1_api_core.c **** 
 5414              		.loc 1 3271 16 is_stmt 0 view .LVU1887
 5415 0084 0020     		movs	r0, #0
 5416              	.LVL528:
 5417              		.loc 1 3282 2 view .LVU1888
 5418 0086 7047     		bx	lr
 5419              	.LVL529:
 5420              	.L363:
3283:Core/Src/vl53l1_api_core.c **** 	case VL53L1_TUNINGPARM_KEY_TABLE_VERSION:
3284:Core/Src/vl53l1_api_core.c **** 		pdev->tuning_parms.tp_tuning_parm_key_table_version =
 5421              		.loc 1 3284 3 is_stmt 1 view .LVU1889
3285:Core/Src/vl53l1_api_core.c **** 					(uint16_t)tuning_parm_value;
 5422              		.loc 1 3285 6 is_stmt 0 view .LVU1890
 5423 0088 92B2     		uxth	r2, r2
 5424              	.LVL530:
3284:Core/Src/vl53l1_api_core.c **** 					(uint16_t)tuning_parm_value;
 5425              		.loc 1 3284 55 view .LVU1891
 5426 008a A0F8A620 		strh	r2, [r0, #166]	@ movhi
3286:Core/Src/vl53l1_api_core.c **** 
3287:Core/Src/vl53l1_api_core.c **** 		/* Perform Key Table Check
3288:Core/Src/vl53l1_api_core.c **** 		 *
3289:Core/Src/vl53l1_api_core.c **** 		 * - If does not match default, key table
3290:Core/Src/vl53l1_api_core.c **** 		 * format does not match tuning file,
ARM GAS  C:\Users\Lenovo\AppData\Local\Temp\ccZ6paZS.s 			page 164


3291:Core/Src/vl53l1_api_core.c **** 		 * error should be thrown
3292:Core/Src/vl53l1_api_core.c **** 		 *
3293:Core/Src/vl53l1_api_core.c **** 		 */
3294:Core/Src/vl53l1_api_core.c **** 
3295:Core/Src/vl53l1_api_core.c **** 		if ((uint16_t)tuning_parm_value
 5427              		.loc 1 3295 3 is_stmt 1 view .LVU1892
 5428              		.loc 1 3295 6 is_stmt 0 view .LVU1893
 5429 008e 48F20103 		movw	r3, #32769
 5430 0092 9A42     		cmp	r2, r3
 5431 0094 40F0E180 		bne	.L366
3271:Core/Src/vl53l1_api_core.c **** 
 5432              		.loc 1 3271 16 view .LVU1894
 5433 0098 0020     		movs	r0, #0
 5434              	.LVL531:
3271:Core/Src/vl53l1_api_core.c **** 
 5435              		.loc 1 3271 16 view .LVU1895
 5436 009a 7047     		bx	lr
 5437              	.LVL532:
 5438              	.L362:
3296:Core/Src/vl53l1_api_core.c **** 				!= VL53L1_TUNINGPARM_KEY_TABLE_VERSION_DEFAULT) {
3297:Core/Src/vl53l1_api_core.c **** 			status = VL53L1_ERROR_TUNING_PARM_KEY_MISMATCH;
3298:Core/Src/vl53l1_api_core.c **** 		}
3299:Core/Src/vl53l1_api_core.c **** 	break;
3300:Core/Src/vl53l1_api_core.c **** 	case VL53L1_TUNINGPARM_LLD_VERSION:
3301:Core/Src/vl53l1_api_core.c **** 		pdev->tuning_parms.tp_tuning_parm_lld_version =
 5439              		.loc 1 3301 3 is_stmt 1 view .LVU1896
 5440              		.loc 1 3301 49 is_stmt 0 view .LVU1897
 5441 009c A0F8A820 		strh	r2, [r0, #168]	@ movhi
3302:Core/Src/vl53l1_api_core.c **** 				(uint16_t)tuning_parm_value;
3303:Core/Src/vl53l1_api_core.c **** 	break;
 5442              		.loc 1 3303 2 is_stmt 1 view .LVU1898
3271:Core/Src/vl53l1_api_core.c **** 
 5443              		.loc 1 3271 16 is_stmt 0 view .LVU1899
 5444 00a0 0020     		movs	r0, #0
 5445              	.LVL533:
 5446              		.loc 1 3303 2 view .LVU1900
 5447 00a2 7047     		bx	lr
 5448              	.LVL534:
 5449              	.L361:
3304:Core/Src/vl53l1_api_core.c **** 	case VL53L1_TUNINGPARM_CONSISTENCY_LITE_PHASE_TOLERANCE:
3305:Core/Src/vl53l1_api_core.c **** 		pdev->tuning_parms.tp_consistency_lite_phase_tolerance =
 5450              		.loc 1 3305 3 is_stmt 1 view .LVU1901
 5451              		.loc 1 3305 58 is_stmt 0 view .LVU1902
 5452 00a4 80F8B020 		strb	r2, [r0, #176]
3306:Core/Src/vl53l1_api_core.c **** 				(uint8_t)tuning_parm_value;
3307:Core/Src/vl53l1_api_core.c **** 	break;
 5453              		.loc 1 3307 2 is_stmt 1 view .LVU1903
3271:Core/Src/vl53l1_api_core.c **** 
 5454              		.loc 1 3271 16 is_stmt 0 view .LVU1904
 5455 00a8 0020     		movs	r0, #0
 5456              	.LVL535:
 5457              		.loc 1 3307 2 view .LVU1905
 5458 00aa 7047     		bx	lr
 5459              	.LVL536:
 5460              	.L360:
3308:Core/Src/vl53l1_api_core.c **** 	case VL53L1_TUNINGPARM_PHASECAL_TARGET:
3309:Core/Src/vl53l1_api_core.c **** 		pdev->tuning_parms.tp_phasecal_target =
ARM GAS  C:\Users\Lenovo\AppData\Local\Temp\ccZ6paZS.s 			page 165


 5461              		.loc 1 3309 3 is_stmt 1 view .LVU1906
 5462              		.loc 1 3309 41 is_stmt 0 view .LVU1907
 5463 00ac 80F8B120 		strb	r2, [r0, #177]
3310:Core/Src/vl53l1_api_core.c **** 				(uint8_t)tuning_parm_value;
3311:Core/Src/vl53l1_api_core.c **** 	break;
 5464              		.loc 1 3311 2 is_stmt 1 view .LVU1908
3271:Core/Src/vl53l1_api_core.c **** 
 5465              		.loc 1 3271 16 is_stmt 0 view .LVU1909
 5466 00b0 0020     		movs	r0, #0
 5467              	.LVL537:
 5468              		.loc 1 3311 2 view .LVU1910
 5469 00b2 7047     		bx	lr
 5470              	.LVL538:
 5471              	.L359:
3312:Core/Src/vl53l1_api_core.c **** 	case VL53L1_TUNINGPARM_LITE_CAL_REPEAT_RATE:
3313:Core/Src/vl53l1_api_core.c **** 		pdev->tuning_parms.tp_cal_repeat_rate =
 5472              		.loc 1 3313 3 is_stmt 1 view .LVU1911
 5473              		.loc 1 3313 41 is_stmt 0 view .LVU1912
 5474 00b4 A0F8B220 		strh	r2, [r0, #178]	@ movhi
3314:Core/Src/vl53l1_api_core.c **** 				(uint16_t)tuning_parm_value;
3315:Core/Src/vl53l1_api_core.c **** 	break;
 5475              		.loc 1 3315 2 is_stmt 1 view .LVU1913
3271:Core/Src/vl53l1_api_core.c **** 
 5476              		.loc 1 3271 16 is_stmt 0 view .LVU1914
 5477 00b8 0020     		movs	r0, #0
 5478              	.LVL539:
 5479              		.loc 1 3315 2 view .LVU1915
 5480 00ba 7047     		bx	lr
 5481              	.LVL540:
 5482              	.L358:
3316:Core/Src/vl53l1_api_core.c **** 	case VL53L1_TUNINGPARM_LITE_RANGING_GAIN_FACTOR:
3317:Core/Src/vl53l1_api_core.c **** 		pdev->gain_cal.standard_ranging_gain_factor =
 5483              		.loc 1 3317 3 is_stmt 1 view .LVU1916
 5484              		.loc 1 3317 47 is_stmt 0 view .LVU1917
 5485 00bc A0F89C20 		strh	r2, [r0, #156]	@ movhi
3318:Core/Src/vl53l1_api_core.c **** 				(uint16_t)tuning_parm_value;
3319:Core/Src/vl53l1_api_core.c **** 	break;
 5486              		.loc 1 3319 2 is_stmt 1 view .LVU1918
3271:Core/Src/vl53l1_api_core.c **** 
 5487              		.loc 1 3271 16 is_stmt 0 view .LVU1919
 5488 00c0 0020     		movs	r0, #0
 5489              	.LVL541:
 5490              		.loc 1 3319 2 view .LVU1920
 5491 00c2 7047     		bx	lr
 5492              	.LVL542:
 5493              	.L357:
3320:Core/Src/vl53l1_api_core.c **** 	case VL53L1_TUNINGPARM_LITE_MIN_CLIP_MM:
3321:Core/Src/vl53l1_api_core.c **** 		pdev->tuning_parms.tp_lite_min_clip =
 5494              		.loc 1 3321 3 is_stmt 1 view .LVU1921
 5495              		.loc 1 3321 39 is_stmt 0 view .LVU1922
 5496 00c4 80F8B420 		strb	r2, [r0, #180]
3322:Core/Src/vl53l1_api_core.c **** 				(uint8_t)tuning_parm_value;
3323:Core/Src/vl53l1_api_core.c **** 	break;
 5497              		.loc 1 3323 2 is_stmt 1 view .LVU1923
3271:Core/Src/vl53l1_api_core.c **** 
 5498              		.loc 1 3271 16 is_stmt 0 view .LVU1924
 5499 00c8 0020     		movs	r0, #0
ARM GAS  C:\Users\Lenovo\AppData\Local\Temp\ccZ6paZS.s 			page 166


 5500              	.LVL543:
 5501              		.loc 1 3323 2 view .LVU1925
 5502 00ca 7047     		bx	lr
 5503              	.LVL544:
 5504              	.L356:
3324:Core/Src/vl53l1_api_core.c **** 	case VL53L1_TUNINGPARM_LITE_LONG_SIGMA_THRESH_MM:
3325:Core/Src/vl53l1_api_core.c **** 		pdev->tuning_parms.tp_lite_long_sigma_thresh_mm =
 5505              		.loc 1 3325 3 is_stmt 1 view .LVU1926
 5506              		.loc 1 3325 51 is_stmt 0 view .LVU1927
 5507 00cc A0F8B620 		strh	r2, [r0, #182]	@ movhi
3326:Core/Src/vl53l1_api_core.c **** 				(uint16_t)tuning_parm_value;
3327:Core/Src/vl53l1_api_core.c **** 	break;
 5508              		.loc 1 3327 2 is_stmt 1 view .LVU1928
3271:Core/Src/vl53l1_api_core.c **** 
 5509              		.loc 1 3271 16 is_stmt 0 view .LVU1929
 5510 00d0 0020     		movs	r0, #0
 5511              	.LVL545:
 5512              		.loc 1 3327 2 view .LVU1930
 5513 00d2 7047     		bx	lr
 5514              	.LVL546:
 5515              	.L355:
3328:Core/Src/vl53l1_api_core.c **** 	case VL53L1_TUNINGPARM_LITE_MED_SIGMA_THRESH_MM:
3329:Core/Src/vl53l1_api_core.c **** 		pdev->tuning_parms.tp_lite_med_sigma_thresh_mm =
 5516              		.loc 1 3329 3 is_stmt 1 view .LVU1931
 5517              		.loc 1 3329 50 is_stmt 0 view .LVU1932
 5518 00d4 A0F8B820 		strh	r2, [r0, #184]	@ movhi
3330:Core/Src/vl53l1_api_core.c **** 				(uint16_t)tuning_parm_value;
3331:Core/Src/vl53l1_api_core.c **** 	break;
 5519              		.loc 1 3331 2 is_stmt 1 view .LVU1933
3271:Core/Src/vl53l1_api_core.c **** 
 5520              		.loc 1 3271 16 is_stmt 0 view .LVU1934
 5521 00d8 0020     		movs	r0, #0
 5522              	.LVL547:
 5523              		.loc 1 3331 2 view .LVU1935
 5524 00da 7047     		bx	lr
 5525              	.LVL548:
 5526              	.L354:
3332:Core/Src/vl53l1_api_core.c **** 	case VL53L1_TUNINGPARM_LITE_SHORT_SIGMA_THRESH_MM:
3333:Core/Src/vl53l1_api_core.c **** 		pdev->tuning_parms.tp_lite_short_sigma_thresh_mm =
 5527              		.loc 1 3333 3 is_stmt 1 view .LVU1936
 5528              		.loc 1 3333 52 is_stmt 0 view .LVU1937
 5529 00dc A0F8BA20 		strh	r2, [r0, #186]	@ movhi
3334:Core/Src/vl53l1_api_core.c **** 				(uint16_t)tuning_parm_value;
3335:Core/Src/vl53l1_api_core.c **** 	break;
 5530              		.loc 1 3335 2 is_stmt 1 view .LVU1938
3271:Core/Src/vl53l1_api_core.c **** 
 5531              		.loc 1 3271 16 is_stmt 0 view .LVU1939
 5532 00e0 0020     		movs	r0, #0
 5533              	.LVL549:
 5534              		.loc 1 3335 2 view .LVU1940
 5535 00e2 7047     		bx	lr
 5536              	.LVL550:
 5537              	.L353:
3336:Core/Src/vl53l1_api_core.c **** 	case VL53L1_TUNINGPARM_LITE_LONG_MIN_COUNT_RATE_RTN_MCPS:
3337:Core/Src/vl53l1_api_core.c **** 		pdev->tuning_parms.tp_lite_long_min_count_rate_rtn_mcps =
 5538              		.loc 1 3337 3 is_stmt 1 view .LVU1941
 5539              		.loc 1 3337 59 is_stmt 0 view .LVU1942
ARM GAS  C:\Users\Lenovo\AppData\Local\Temp\ccZ6paZS.s 			page 167


 5540 00e4 A0F8BC20 		strh	r2, [r0, #188]	@ movhi
3338:Core/Src/vl53l1_api_core.c **** 				(uint16_t)tuning_parm_value;
3339:Core/Src/vl53l1_api_core.c **** 	break;
 5541              		.loc 1 3339 2 is_stmt 1 view .LVU1943
3271:Core/Src/vl53l1_api_core.c **** 
 5542              		.loc 1 3271 16 is_stmt 0 view .LVU1944
 5543 00e8 0020     		movs	r0, #0
 5544              	.LVL551:
 5545              		.loc 1 3339 2 view .LVU1945
 5546 00ea 7047     		bx	lr
 5547              	.LVL552:
 5548              	.L352:
3340:Core/Src/vl53l1_api_core.c **** 	case VL53L1_TUNINGPARM_LITE_MED_MIN_COUNT_RATE_RTN_MCPS:
3341:Core/Src/vl53l1_api_core.c **** 		pdev->tuning_parms.tp_lite_med_min_count_rate_rtn_mcps =
 5549              		.loc 1 3341 3 is_stmt 1 view .LVU1946
 5550              		.loc 1 3341 58 is_stmt 0 view .LVU1947
 5551 00ec A0F8BE20 		strh	r2, [r0, #190]	@ movhi
3342:Core/Src/vl53l1_api_core.c **** 				(uint16_t)tuning_parm_value;
3343:Core/Src/vl53l1_api_core.c **** 	break;
 5552              		.loc 1 3343 2 is_stmt 1 view .LVU1948
3271:Core/Src/vl53l1_api_core.c **** 
 5553              		.loc 1 3271 16 is_stmt 0 view .LVU1949
 5554 00f0 0020     		movs	r0, #0
 5555              	.LVL553:
 5556              		.loc 1 3343 2 view .LVU1950
 5557 00f2 7047     		bx	lr
 5558              	.LVL554:
 5559              	.L351:
3344:Core/Src/vl53l1_api_core.c **** 	case VL53L1_TUNINGPARM_LITE_SHORT_MIN_COUNT_RATE_RTN_MCPS:
3345:Core/Src/vl53l1_api_core.c **** 		pdev->tuning_parms.tp_lite_short_min_count_rate_rtn_mcps =
 5560              		.loc 1 3345 3 is_stmt 1 view .LVU1951
 5561              		.loc 1 3345 60 is_stmt 0 view .LVU1952
 5562 00f4 A0F8C020 		strh	r2, [r0, #192]	@ movhi
3346:Core/Src/vl53l1_api_core.c **** 				(uint16_t)tuning_parm_value;
3347:Core/Src/vl53l1_api_core.c **** 	break;
 5563              		.loc 1 3347 2 is_stmt 1 view .LVU1953
3271:Core/Src/vl53l1_api_core.c **** 
 5564              		.loc 1 3271 16 is_stmt 0 view .LVU1954
 5565 00f8 0020     		movs	r0, #0
 5566              	.LVL555:
 5567              		.loc 1 3347 2 view .LVU1955
 5568 00fa 7047     		bx	lr
 5569              	.LVL556:
 5570              	.L350:
3348:Core/Src/vl53l1_api_core.c **** 	case VL53L1_TUNINGPARM_LITE_SIGMA_EST_PULSE_WIDTH:
3349:Core/Src/vl53l1_api_core.c **** 		pdev->tuning_parms.tp_lite_sigma_est_pulse_width_ns =
 5571              		.loc 1 3349 3 is_stmt 1 view .LVU1956
 5572              		.loc 1 3349 55 is_stmt 0 view .LVU1957
 5573 00fc 80F8C220 		strb	r2, [r0, #194]
3350:Core/Src/vl53l1_api_core.c **** 				(uint8_t)tuning_parm_value;
3351:Core/Src/vl53l1_api_core.c **** 	break;
 5574              		.loc 1 3351 2 is_stmt 1 view .LVU1958
3271:Core/Src/vl53l1_api_core.c **** 
 5575              		.loc 1 3271 16 is_stmt 0 view .LVU1959
 5576 0100 0020     		movs	r0, #0
 5577              	.LVL557:
 5578              		.loc 1 3351 2 view .LVU1960
ARM GAS  C:\Users\Lenovo\AppData\Local\Temp\ccZ6paZS.s 			page 168


 5579 0102 7047     		bx	lr
 5580              	.LVL558:
 5581              	.L349:
3352:Core/Src/vl53l1_api_core.c **** 	case VL53L1_TUNINGPARM_LITE_SIGMA_EST_AMB_WIDTH_NS:
3353:Core/Src/vl53l1_api_core.c **** 		pdev->tuning_parms.tp_lite_sigma_est_amb_width_ns =
 5582              		.loc 1 3353 3 is_stmt 1 view .LVU1961
 5583              		.loc 1 3353 53 is_stmt 0 view .LVU1962
 5584 0104 80F8C320 		strb	r2, [r0, #195]
3354:Core/Src/vl53l1_api_core.c **** 				(uint8_t)tuning_parm_value;
3355:Core/Src/vl53l1_api_core.c **** 	break;
 5585              		.loc 1 3355 2 is_stmt 1 view .LVU1963
3271:Core/Src/vl53l1_api_core.c **** 
 5586              		.loc 1 3271 16 is_stmt 0 view .LVU1964
 5587 0108 0020     		movs	r0, #0
 5588              	.LVL559:
 5589              		.loc 1 3355 2 view .LVU1965
 5590 010a 7047     		bx	lr
 5591              	.LVL560:
 5592              	.L348:
3356:Core/Src/vl53l1_api_core.c **** 	case VL53L1_TUNINGPARM_LITE_SIGMA_REF_MM:
3357:Core/Src/vl53l1_api_core.c **** 		pdev->tuning_parms.tp_lite_sigma_ref_mm =
 5593              		.loc 1 3357 3 is_stmt 1 view .LVU1966
 5594              		.loc 1 3357 43 is_stmt 0 view .LVU1967
 5595 010c 80F8C420 		strb	r2, [r0, #196]
3358:Core/Src/vl53l1_api_core.c **** 				(uint8_t)tuning_parm_value;
3359:Core/Src/vl53l1_api_core.c **** 	break;
 5596              		.loc 1 3359 2 is_stmt 1 view .LVU1968
3271:Core/Src/vl53l1_api_core.c **** 
 5597              		.loc 1 3271 16 is_stmt 0 view .LVU1969
 5598 0110 0020     		movs	r0, #0
 5599              	.LVL561:
 5600              		.loc 1 3359 2 view .LVU1970
 5601 0112 7047     		bx	lr
 5602              	.LVL562:
 5603              	.L347:
3360:Core/Src/vl53l1_api_core.c **** 	case VL53L1_TUNINGPARM_LITE_RIT_MULT:
3361:Core/Src/vl53l1_api_core.c **** 		pdev->xtalk_cfg.crosstalk_range_ignore_threshold_mult =
 5604              		.loc 1 3361 3 is_stmt 1 view .LVU1971
 5605              		.loc 1 3361 57 is_stmt 0 view .LVU1972
 5606 0114 80F84021 		strb	r2, [r0, #320]
3362:Core/Src/vl53l1_api_core.c **** 				(uint8_t)tuning_parm_value;
3363:Core/Src/vl53l1_api_core.c **** 	break;
 5607              		.loc 1 3363 2 is_stmt 1 view .LVU1973
3271:Core/Src/vl53l1_api_core.c **** 
 5608              		.loc 1 3271 16 is_stmt 0 view .LVU1974
 5609 0118 0020     		movs	r0, #0
 5610              	.LVL563:
 5611              		.loc 1 3363 2 view .LVU1975
 5612 011a 7047     		bx	lr
 5613              	.LVL564:
 5614              	.L346:
3364:Core/Src/vl53l1_api_core.c **** 	case VL53L1_TUNINGPARM_LITE_SEED_CONFIG:
3365:Core/Src/vl53l1_api_core.c **** 		pdev->tuning_parms.tp_lite_seed_cfg =
 5615              		.loc 1 3365 3 is_stmt 1 view .LVU1976
 5616              		.loc 1 3365 39 is_stmt 0 view .LVU1977
 5617 011c 80F8C520 		strb	r2, [r0, #197]
3366:Core/Src/vl53l1_api_core.c **** 				(uint8_t)tuning_parm_value;
ARM GAS  C:\Users\Lenovo\AppData\Local\Temp\ccZ6paZS.s 			page 169


3367:Core/Src/vl53l1_api_core.c **** 	break;
 5618              		.loc 1 3367 2 is_stmt 1 view .LVU1978
3271:Core/Src/vl53l1_api_core.c **** 
 5619              		.loc 1 3271 16 is_stmt 0 view .LVU1979
 5620 0120 0020     		movs	r0, #0
 5621              	.LVL565:
 5622              		.loc 1 3367 2 view .LVU1980
 5623 0122 7047     		bx	lr
 5624              	.LVL566:
 5625              	.L345:
3368:Core/Src/vl53l1_api_core.c **** 	case VL53L1_TUNINGPARM_LITE_QUANTIFIER:
3369:Core/Src/vl53l1_api_core.c **** 		pdev->tuning_parms.tp_lite_quantifier =
 5626              		.loc 1 3369 3 is_stmt 1 view .LVU1981
 5627              		.loc 1 3369 41 is_stmt 0 view .LVU1982
 5628 0124 80F8C720 		strb	r2, [r0, #199]
3370:Core/Src/vl53l1_api_core.c **** 				(uint8_t)tuning_parm_value;
3371:Core/Src/vl53l1_api_core.c **** 	break;
 5629              		.loc 1 3371 2 is_stmt 1 view .LVU1983
3271:Core/Src/vl53l1_api_core.c **** 
 5630              		.loc 1 3271 16 is_stmt 0 view .LVU1984
 5631 0128 0020     		movs	r0, #0
 5632              	.LVL567:
 5633              		.loc 1 3371 2 view .LVU1985
 5634 012a 7047     		bx	lr
 5635              	.LVL568:
 5636              	.L344:
3372:Core/Src/vl53l1_api_core.c **** 	case VL53L1_TUNINGPARM_LITE_FIRST_ORDER_SELECT:
3373:Core/Src/vl53l1_api_core.c **** 		pdev->tuning_parms.tp_lite_first_order_select =
 5637              		.loc 1 3373 3 is_stmt 1 view .LVU1986
 5638              		.loc 1 3373 49 is_stmt 0 view .LVU1987
 5639 012c 80F8C820 		strb	r2, [r0, #200]
3374:Core/Src/vl53l1_api_core.c **** 				(uint8_t)tuning_parm_value;
3375:Core/Src/vl53l1_api_core.c **** 	break;
 5640              		.loc 1 3375 2 is_stmt 1 view .LVU1988
3271:Core/Src/vl53l1_api_core.c **** 
 5641              		.loc 1 3271 16 is_stmt 0 view .LVU1989
 5642 0130 0020     		movs	r0, #0
 5643              	.LVL569:
 5644              		.loc 1 3375 2 view .LVU1990
 5645 0132 7047     		bx	lr
 5646              	.LVL570:
 5647              	.L343:
3376:Core/Src/vl53l1_api_core.c **** 	case VL53L1_TUNINGPARM_LITE_XTALK_MARGIN_KCPS:
3377:Core/Src/vl53l1_api_core.c **** 		pdev->xtalk_cfg.lite_mode_crosstalk_margin_kcps =
 5648              		.loc 1 3377 3 is_stmt 1 view .LVU1991
 5649              		.loc 1 3377 51 is_stmt 0 view .LVU1992
 5650 0134 A0F83E21 		strh	r2, [r0, #318]	@ movhi
3378:Core/Src/vl53l1_api_core.c **** 				(int16_t)tuning_parm_value;
3379:Core/Src/vl53l1_api_core.c **** 	break;
 5651              		.loc 1 3379 2 is_stmt 1 view .LVU1993
3271:Core/Src/vl53l1_api_core.c **** 
 5652              		.loc 1 3271 16 is_stmt 0 view .LVU1994
 5653 0138 0020     		movs	r0, #0
 5654              	.LVL571:
 5655              		.loc 1 3379 2 view .LVU1995
 5656 013a 7047     		bx	lr
 5657              	.LVL572:
ARM GAS  C:\Users\Lenovo\AppData\Local\Temp\ccZ6paZS.s 			page 170


 5658              	.L342:
3380:Core/Src/vl53l1_api_core.c **** 	case VL53L1_TUNINGPARM_INITIAL_PHASE_RTN_LITE_LONG_RANGE:
3381:Core/Src/vl53l1_api_core.c **** 		pdev->tuning_parms.tp_init_phase_rtn_lite_long =
 5659              		.loc 1 3381 3 is_stmt 1 view .LVU1996
 5660              		.loc 1 3381 50 is_stmt 0 view .LVU1997
 5661 013c 80F8AA20 		strb	r2, [r0, #170]
3382:Core/Src/vl53l1_api_core.c **** 				(uint8_t)tuning_parm_value;
3383:Core/Src/vl53l1_api_core.c **** 	break;
 5662              		.loc 1 3383 2 is_stmt 1 view .LVU1998
3271:Core/Src/vl53l1_api_core.c **** 
 5663              		.loc 1 3271 16 is_stmt 0 view .LVU1999
 5664 0140 0020     		movs	r0, #0
 5665              	.LVL573:
 5666              		.loc 1 3383 2 view .LVU2000
 5667 0142 7047     		bx	lr
 5668              	.LVL574:
 5669              	.L341:
3384:Core/Src/vl53l1_api_core.c **** 	case VL53L1_TUNINGPARM_INITIAL_PHASE_RTN_LITE_MED_RANGE:
3385:Core/Src/vl53l1_api_core.c **** 		pdev->tuning_parms.tp_init_phase_rtn_lite_med =
 5670              		.loc 1 3385 3 is_stmt 1 view .LVU2001
 5671              		.loc 1 3385 49 is_stmt 0 view .LVU2002
 5672 0144 80F8AB20 		strb	r2, [r0, #171]
3386:Core/Src/vl53l1_api_core.c **** 				(uint8_t)tuning_parm_value;
3387:Core/Src/vl53l1_api_core.c **** 	break;
 5673              		.loc 1 3387 2 is_stmt 1 view .LVU2003
3271:Core/Src/vl53l1_api_core.c **** 
 5674              		.loc 1 3271 16 is_stmt 0 view .LVU2004
 5675 0148 0020     		movs	r0, #0
 5676              	.LVL575:
 5677              		.loc 1 3387 2 view .LVU2005
 5678 014a 7047     		bx	lr
 5679              	.LVL576:
 5680              	.L340:
3388:Core/Src/vl53l1_api_core.c **** 	case VL53L1_TUNINGPARM_INITIAL_PHASE_RTN_LITE_SHORT_RANGE:
3389:Core/Src/vl53l1_api_core.c **** 		pdev->tuning_parms.tp_init_phase_rtn_lite_short =
 5681              		.loc 1 3389 3 is_stmt 1 view .LVU2006
 5682              		.loc 1 3389 51 is_stmt 0 view .LVU2007
 5683 014c 80F8AC20 		strb	r2, [r0, #172]
3390:Core/Src/vl53l1_api_core.c **** 				(uint8_t)tuning_parm_value;
3391:Core/Src/vl53l1_api_core.c **** 	break;
 5684              		.loc 1 3391 2 is_stmt 1 view .LVU2008
3271:Core/Src/vl53l1_api_core.c **** 
 5685              		.loc 1 3271 16 is_stmt 0 view .LVU2009
 5686 0150 0020     		movs	r0, #0
 5687              	.LVL577:
 5688              		.loc 1 3391 2 view .LVU2010
 5689 0152 7047     		bx	lr
 5690              	.LVL578:
 5691              	.L339:
3392:Core/Src/vl53l1_api_core.c **** 	case VL53L1_TUNINGPARM_INITIAL_PHASE_REF_LITE_LONG_RANGE:
3393:Core/Src/vl53l1_api_core.c **** 		pdev->tuning_parms.tp_init_phase_ref_lite_long =
 5692              		.loc 1 3393 3 is_stmt 1 view .LVU2011
 5693              		.loc 1 3393 50 is_stmt 0 view .LVU2012
 5694 0154 80F8AD20 		strb	r2, [r0, #173]
3394:Core/Src/vl53l1_api_core.c **** 				(uint8_t)tuning_parm_value;
3395:Core/Src/vl53l1_api_core.c **** 	break;
 5695              		.loc 1 3395 2 is_stmt 1 view .LVU2013
ARM GAS  C:\Users\Lenovo\AppData\Local\Temp\ccZ6paZS.s 			page 171


3271:Core/Src/vl53l1_api_core.c **** 
 5696              		.loc 1 3271 16 is_stmt 0 view .LVU2014
 5697 0158 0020     		movs	r0, #0
 5698              	.LVL579:
 5699              		.loc 1 3395 2 view .LVU2015
 5700 015a 7047     		bx	lr
 5701              	.LVL580:
 5702              	.L338:
3396:Core/Src/vl53l1_api_core.c **** 	case VL53L1_TUNINGPARM_INITIAL_PHASE_REF_LITE_MED_RANGE:
3397:Core/Src/vl53l1_api_core.c **** 		pdev->tuning_parms.tp_init_phase_ref_lite_med =
 5703              		.loc 1 3397 3 is_stmt 1 view .LVU2016
 5704              		.loc 1 3397 49 is_stmt 0 view .LVU2017
 5705 015c 80F8AE20 		strb	r2, [r0, #174]
3398:Core/Src/vl53l1_api_core.c **** 				(uint8_t)tuning_parm_value;
3399:Core/Src/vl53l1_api_core.c **** 	break;
 5706              		.loc 1 3399 2 is_stmt 1 view .LVU2018
3271:Core/Src/vl53l1_api_core.c **** 
 5707              		.loc 1 3271 16 is_stmt 0 view .LVU2019
 5708 0160 0020     		movs	r0, #0
 5709              	.LVL581:
 5710              		.loc 1 3399 2 view .LVU2020
 5711 0162 7047     		bx	lr
 5712              	.LVL582:
 5713              	.L337:
3400:Core/Src/vl53l1_api_core.c **** 	case VL53L1_TUNINGPARM_INITIAL_PHASE_REF_LITE_SHORT_RANGE:
3401:Core/Src/vl53l1_api_core.c **** 		pdev->tuning_parms.tp_init_phase_ref_lite_short =
 5714              		.loc 1 3401 3 is_stmt 1 view .LVU2021
 5715              		.loc 1 3401 51 is_stmt 0 view .LVU2022
 5716 0164 80F8AF20 		strb	r2, [r0, #175]
3402:Core/Src/vl53l1_api_core.c **** 				(uint8_t)tuning_parm_value;
3403:Core/Src/vl53l1_api_core.c **** 	break;
 5717              		.loc 1 3403 2 is_stmt 1 view .LVU2023
3271:Core/Src/vl53l1_api_core.c **** 
 5718              		.loc 1 3271 16 is_stmt 0 view .LVU2024
 5719 0168 0020     		movs	r0, #0
 5720              	.LVL583:
 5721              		.loc 1 3403 2 view .LVU2025
 5722 016a 7047     		bx	lr
 5723              	.LVL584:
 5724              	.L336:
3404:Core/Src/vl53l1_api_core.c **** 	case VL53L1_TUNINGPARM_TIMED_SEED_CONFIG:
3405:Core/Src/vl53l1_api_core.c **** 		pdev->tuning_parms.tp_timed_seed_cfg =
 5725              		.loc 1 3405 3 is_stmt 1 view .LVU2026
 5726              		.loc 1 3405 40 is_stmt 0 view .LVU2027
 5727 016c 80F8C620 		strb	r2, [r0, #198]
3406:Core/Src/vl53l1_api_core.c **** 				(uint8_t)tuning_parm_value;
3407:Core/Src/vl53l1_api_core.c **** 	break;
 5728              		.loc 1 3407 2 is_stmt 1 view .LVU2028
3271:Core/Src/vl53l1_api_core.c **** 
 5729              		.loc 1 3271 16 is_stmt 0 view .LVU2029
 5730 0170 0020     		movs	r0, #0
 5731              	.LVL585:
 5732              		.loc 1 3407 2 view .LVU2030
 5733 0172 7047     		bx	lr
 5734              	.LVL586:
 5735              	.L335:
3408:Core/Src/vl53l1_api_core.c **** 	case VL53L1_TUNINGPARM_VHV_LOOPBOUND:
ARM GAS  C:\Users\Lenovo\AppData\Local\Temp\ccZ6paZS.s 			page 172


3409:Core/Src/vl53l1_api_core.c **** 		pdev->stat_nvm.vhv_config__timeout_macrop_loop_bound =
 5736              		.loc 1 3409 3 is_stmt 1 view .LVU2031
 5737              		.loc 1 3409 56 is_stmt 0 view .LVU2032
 5738 0174 80F86021 		strb	r2, [r0, #352]
3410:Core/Src/vl53l1_api_core.c **** 				(uint8_t)tuning_parm_value;
3411:Core/Src/vl53l1_api_core.c **** 	break;
 5739              		.loc 1 3411 2 is_stmt 1 view .LVU2033
3271:Core/Src/vl53l1_api_core.c **** 
 5740              		.loc 1 3271 16 is_stmt 0 view .LVU2034
 5741 0178 0020     		movs	r0, #0
 5742              	.LVL587:
 5743              		.loc 1 3411 2 view .LVU2035
 5744 017a 7047     		bx	lr
 5745              	.LVL588:
 5746              	.L334:
3412:Core/Src/vl53l1_api_core.c **** 	case VL53L1_TUNINGPARM_REFSPADCHAR_DEVICE_TEST_MODE:
3413:Core/Src/vl53l1_api_core.c **** 		pdev->refspadchar.device_test_mode =
 5747              		.loc 1 3413 3 is_stmt 1 view .LVU2036
 5748              		.loc 1 3413 38 is_stmt 0 view .LVU2037
 5749 017c 80F81021 		strb	r2, [r0, #272]
3414:Core/Src/vl53l1_api_core.c **** 				(uint8_t)tuning_parm_value;
3415:Core/Src/vl53l1_api_core.c **** 	break;
 5750              		.loc 1 3415 2 is_stmt 1 view .LVU2038
3271:Core/Src/vl53l1_api_core.c **** 
 5751              		.loc 1 3271 16 is_stmt 0 view .LVU2039
 5752 0180 0020     		movs	r0, #0
 5753              	.LVL589:
 5754              		.loc 1 3415 2 view .LVU2040
 5755 0182 7047     		bx	lr
 5756              	.LVL590:
 5757              	.L333:
3416:Core/Src/vl53l1_api_core.c **** 	case VL53L1_TUNINGPARM_REFSPADCHAR_VCSEL_PERIOD:
3417:Core/Src/vl53l1_api_core.c **** 		pdev->refspadchar.vcsel_period =
 5758              		.loc 1 3417 3 is_stmt 1 view .LVU2041
 5759              		.loc 1 3417 34 is_stmt 0 view .LVU2042
 5760 0184 80F81121 		strb	r2, [r0, #273]
3418:Core/Src/vl53l1_api_core.c **** 				(uint8_t)tuning_parm_value;
3419:Core/Src/vl53l1_api_core.c **** 	break;
 5761              		.loc 1 3419 2 is_stmt 1 view .LVU2043
3271:Core/Src/vl53l1_api_core.c **** 
 5762              		.loc 1 3271 16 is_stmt 0 view .LVU2044
 5763 0188 0020     		movs	r0, #0
 5764              	.LVL591:
 5765              		.loc 1 3419 2 view .LVU2045
 5766 018a 7047     		bx	lr
 5767              	.LVL592:
 5768              	.L332:
3420:Core/Src/vl53l1_api_core.c **** 	case VL53L1_TUNINGPARM_REFSPADCHAR_PHASECAL_TIMEOUT_US:
3421:Core/Src/vl53l1_api_core.c **** 		pdev->refspadchar.timeout_us =
 5769              		.loc 1 3421 3 is_stmt 1 view .LVU2046
 5770              		.loc 1 3421 32 is_stmt 0 view .LVU2047
 5771 018c C0F81421 		str	r2, [r0, #276]
3422:Core/Src/vl53l1_api_core.c **** 				(uint32_t)tuning_parm_value;
3423:Core/Src/vl53l1_api_core.c **** 	break;
 5772              		.loc 1 3423 2 is_stmt 1 view .LVU2048
3271:Core/Src/vl53l1_api_core.c **** 
 5773              		.loc 1 3271 16 is_stmt 0 view .LVU2049
ARM GAS  C:\Users\Lenovo\AppData\Local\Temp\ccZ6paZS.s 			page 173


 5774 0190 0020     		movs	r0, #0
 5775              	.LVL593:
 5776              		.loc 1 3423 2 view .LVU2050
 5777 0192 7047     		bx	lr
 5778              	.LVL594:
 5779              	.L331:
3424:Core/Src/vl53l1_api_core.c **** 	case VL53L1_TUNINGPARM_REFSPADCHAR_TARGET_COUNT_RATE_MCPS:
3425:Core/Src/vl53l1_api_core.c **** 		pdev->refspadchar.target_count_rate_mcps =
 5780              		.loc 1 3425 3 is_stmt 1 view .LVU2051
 5781              		.loc 1 3425 44 is_stmt 0 view .LVU2052
 5782 0194 A0F81821 		strh	r2, [r0, #280]	@ movhi
3426:Core/Src/vl53l1_api_core.c **** 				(uint16_t)tuning_parm_value;
3427:Core/Src/vl53l1_api_core.c **** 	break;
 5783              		.loc 1 3427 2 is_stmt 1 view .LVU2053
3271:Core/Src/vl53l1_api_core.c **** 
 5784              		.loc 1 3271 16 is_stmt 0 view .LVU2054
 5785 0198 0020     		movs	r0, #0
 5786              	.LVL595:
 5787              		.loc 1 3427 2 view .LVU2055
 5788 019a 7047     		bx	lr
 5789              	.LVL596:
 5790              	.L330:
3428:Core/Src/vl53l1_api_core.c **** 	case VL53L1_TUNINGPARM_REFSPADCHAR_MIN_COUNTRATE_LIMIT_MCPS:
3429:Core/Src/vl53l1_api_core.c **** 		pdev->refspadchar.min_count_rate_limit_mcps =
 5791              		.loc 1 3429 3 is_stmt 1 view .LVU2056
 5792              		.loc 1 3429 47 is_stmt 0 view .LVU2057
 5793 019c A0F81A21 		strh	r2, [r0, #282]	@ movhi
3430:Core/Src/vl53l1_api_core.c **** 				(uint16_t)tuning_parm_value;
3431:Core/Src/vl53l1_api_core.c **** 	break;
 5794              		.loc 1 3431 2 is_stmt 1 view .LVU2058
3271:Core/Src/vl53l1_api_core.c **** 
 5795              		.loc 1 3271 16 is_stmt 0 view .LVU2059
 5796 01a0 0020     		movs	r0, #0
 5797              	.LVL597:
 5798              		.loc 1 3431 2 view .LVU2060
 5799 01a2 7047     		bx	lr
 5800              	.LVL598:
 5801              	.L329:
3432:Core/Src/vl53l1_api_core.c **** 	case VL53L1_TUNINGPARM_REFSPADCHAR_MAX_COUNTRATE_LIMIT_MCPS:
3433:Core/Src/vl53l1_api_core.c **** 		pdev->refspadchar.max_count_rate_limit_mcps =
 5802              		.loc 1 3433 3 is_stmt 1 view .LVU2061
 5803              		.loc 1 3433 47 is_stmt 0 view .LVU2062
 5804 01a4 A0F81C21 		strh	r2, [r0, #284]	@ movhi
3434:Core/Src/vl53l1_api_core.c **** 				(uint16_t)tuning_parm_value;
3435:Core/Src/vl53l1_api_core.c **** 	break;
 5805              		.loc 1 3435 2 is_stmt 1 view .LVU2063
3271:Core/Src/vl53l1_api_core.c **** 
 5806              		.loc 1 3271 16 is_stmt 0 view .LVU2064
 5807 01a8 0020     		movs	r0, #0
 5808              	.LVL599:
 5809              		.loc 1 3435 2 view .LVU2065
 5810 01aa 7047     		bx	lr
 5811              	.LVL600:
 5812              	.L328:
3436:Core/Src/vl53l1_api_core.c **** 	case VL53L1_TUNINGPARM_OFFSET_CAL_DSS_RATE_MCPS:
3437:Core/Src/vl53l1_api_core.c **** 		pdev->offsetcal_cfg.dss_config__target_total_rate_mcps =
 5813              		.loc 1 3437 3 is_stmt 1 view .LVU2066
ARM GAS  C:\Users\Lenovo\AppData\Local\Temp\ccZ6paZS.s 			page 174


 5814              		.loc 1 3437 58 is_stmt 0 view .LVU2067
 5815 01ac A0F84421 		strh	r2, [r0, #324]	@ movhi
3438:Core/Src/vl53l1_api_core.c **** 				(uint16_t)tuning_parm_value;
3439:Core/Src/vl53l1_api_core.c **** 	break;
 5816              		.loc 1 3439 2 is_stmt 1 view .LVU2068
3271:Core/Src/vl53l1_api_core.c **** 
 5817              		.loc 1 3271 16 is_stmt 0 view .LVU2069
 5818 01b0 0020     		movs	r0, #0
 5819              	.LVL601:
 5820              		.loc 1 3439 2 view .LVU2070
 5821 01b2 7047     		bx	lr
 5822              	.LVL602:
 5823              	.L327:
3440:Core/Src/vl53l1_api_core.c **** 	case VL53L1_TUNINGPARM_OFFSET_CAL_PHASECAL_TIMEOUT_US:
3441:Core/Src/vl53l1_api_core.c **** 		pdev->offsetcal_cfg.phasecal_config_timeout_us =
 5824              		.loc 1 3441 3 is_stmt 1 view .LVU2071
 5825              		.loc 1 3441 50 is_stmt 0 view .LVU2072
 5826 01b4 C0F84821 		str	r2, [r0, #328]
3442:Core/Src/vl53l1_api_core.c **** 				(uint32_t)tuning_parm_value;
3443:Core/Src/vl53l1_api_core.c **** 	break;
 5827              		.loc 1 3443 2 is_stmt 1 view .LVU2073
3271:Core/Src/vl53l1_api_core.c **** 
 5828              		.loc 1 3271 16 is_stmt 0 view .LVU2074
 5829 01b8 0020     		movs	r0, #0
 5830              	.LVL603:
 5831              		.loc 1 3443 2 view .LVU2075
 5832 01ba 7047     		bx	lr
 5833              	.LVL604:
 5834              	.L326:
3444:Core/Src/vl53l1_api_core.c **** 	case VL53L1_TUNINGPARM_OFFSET_CAL_MM_TIMEOUT_US:
3445:Core/Src/vl53l1_api_core.c **** 		pdev->offsetcal_cfg.mm_config_timeout_us =
 5835              		.loc 1 3445 3 is_stmt 1 view .LVU2076
 5836              		.loc 1 3445 44 is_stmt 0 view .LVU2077
 5837 01bc C0F85021 		str	r2, [r0, #336]
3446:Core/Src/vl53l1_api_core.c **** 				(uint32_t)tuning_parm_value;
3447:Core/Src/vl53l1_api_core.c **** 	break;
 5838              		.loc 1 3447 2 is_stmt 1 view .LVU2078
3271:Core/Src/vl53l1_api_core.c **** 
 5839              		.loc 1 3271 16 is_stmt 0 view .LVU2079
 5840 01c0 0020     		movs	r0, #0
 5841              	.LVL605:
 5842              		.loc 1 3447 2 view .LVU2080
 5843 01c2 7047     		bx	lr
 5844              	.LVL606:
 5845              	.L325:
3448:Core/Src/vl53l1_api_core.c **** 	case VL53L1_TUNINGPARM_OFFSET_CAL_RANGE_TIMEOUT_US:
3449:Core/Src/vl53l1_api_core.c **** 		pdev->offsetcal_cfg.range_config_timeout_us =
 5846              		.loc 1 3449 3 is_stmt 1 view .LVU2081
 5847              		.loc 1 3449 47 is_stmt 0 view .LVU2082
 5848 01c4 C0F84C21 		str	r2, [r0, #332]
3450:Core/Src/vl53l1_api_core.c **** 				(uint32_t)tuning_parm_value;
3451:Core/Src/vl53l1_api_core.c **** 	break;
 5849              		.loc 1 3451 2 is_stmt 1 view .LVU2083
3271:Core/Src/vl53l1_api_core.c **** 
 5850              		.loc 1 3271 16 is_stmt 0 view .LVU2084
 5851 01c8 0020     		movs	r0, #0
 5852              	.LVL607:
ARM GAS  C:\Users\Lenovo\AppData\Local\Temp\ccZ6paZS.s 			page 175


 5853              		.loc 1 3451 2 view .LVU2085
 5854 01ca 7047     		bx	lr
 5855              	.LVL608:
 5856              	.L324:
3452:Core/Src/vl53l1_api_core.c **** 	case VL53L1_TUNINGPARM_OFFSET_CAL_PRE_SAMPLES:
3453:Core/Src/vl53l1_api_core.c **** 		pdev->offsetcal_cfg.pre_num_of_samples =
 5857              		.loc 1 3453 3 is_stmt 1 view .LVU2086
 5858              		.loc 1 3453 42 is_stmt 0 view .LVU2087
 5859 01cc 80F85421 		strb	r2, [r0, #340]
3454:Core/Src/vl53l1_api_core.c **** 				(uint8_t)tuning_parm_value;
3455:Core/Src/vl53l1_api_core.c **** 	break;
 5860              		.loc 1 3455 2 is_stmt 1 view .LVU2088
3271:Core/Src/vl53l1_api_core.c **** 
 5861              		.loc 1 3271 16 is_stmt 0 view .LVU2089
 5862 01d0 0020     		movs	r0, #0
 5863              	.LVL609:
 5864              		.loc 1 3455 2 view .LVU2090
 5865 01d2 7047     		bx	lr
 5866              	.LVL610:
 5867              	.L323:
3456:Core/Src/vl53l1_api_core.c **** 	case VL53L1_TUNINGPARM_OFFSET_CAL_MM1_SAMPLES:
3457:Core/Src/vl53l1_api_core.c **** 		pdev->offsetcal_cfg.mm1_num_of_samples =
 5868              		.loc 1 3457 3 is_stmt 1 view .LVU2091
 5869              		.loc 1 3457 42 is_stmt 0 view .LVU2092
 5870 01d4 80F85521 		strb	r2, [r0, #341]
3458:Core/Src/vl53l1_api_core.c **** 				(uint8_t)tuning_parm_value;
3459:Core/Src/vl53l1_api_core.c **** 	break;
 5871              		.loc 1 3459 2 is_stmt 1 view .LVU2093
3271:Core/Src/vl53l1_api_core.c **** 
 5872              		.loc 1 3271 16 is_stmt 0 view .LVU2094
 5873 01d8 0020     		movs	r0, #0
 5874              	.LVL611:
 5875              		.loc 1 3459 2 view .LVU2095
 5876 01da 7047     		bx	lr
 5877              	.LVL612:
 5878              	.L322:
3460:Core/Src/vl53l1_api_core.c **** 	case VL53L1_TUNINGPARM_OFFSET_CAL_MM2_SAMPLES:
3461:Core/Src/vl53l1_api_core.c **** 		pdev->offsetcal_cfg.mm2_num_of_samples =
 5879              		.loc 1 3461 3 is_stmt 1 view .LVU2096
 5880              		.loc 1 3461 42 is_stmt 0 view .LVU2097
 5881 01dc 80F85621 		strb	r2, [r0, #342]
3462:Core/Src/vl53l1_api_core.c **** 				(uint8_t)tuning_parm_value;
3463:Core/Src/vl53l1_api_core.c **** 	break;
 5882              		.loc 1 3463 2 is_stmt 1 view .LVU2098
3271:Core/Src/vl53l1_api_core.c **** 
 5883              		.loc 1 3271 16 is_stmt 0 view .LVU2099
 5884 01e0 0020     		movs	r0, #0
 5885              	.LVL613:
 5886              		.loc 1 3463 2 view .LVU2100
 5887 01e2 7047     		bx	lr
 5888              	.LVL614:
 5889              	.L321:
3464:Core/Src/vl53l1_api_core.c **** 	case VL53L1_TUNINGPARM_SPADMAP_VCSEL_PERIOD:
3465:Core/Src/vl53l1_api_core.c **** 		pdev->ssc_cfg.vcsel_period =
 5890              		.loc 1 3465 3 is_stmt 1 view .LVU2101
 5891              		.loc 1 3465 30 is_stmt 0 view .LVU2102
 5892 01e4 80F82121 		strb	r2, [r0, #289]
ARM GAS  C:\Users\Lenovo\AppData\Local\Temp\ccZ6paZS.s 			page 176


3466:Core/Src/vl53l1_api_core.c **** 				(uint8_t)tuning_parm_value;
3467:Core/Src/vl53l1_api_core.c **** 	break;
 5893              		.loc 1 3467 2 is_stmt 1 view .LVU2103
3271:Core/Src/vl53l1_api_core.c **** 
 5894              		.loc 1 3271 16 is_stmt 0 view .LVU2104
 5895 01e8 0020     		movs	r0, #0
 5896              	.LVL615:
 5897              		.loc 1 3467 2 view .LVU2105
 5898 01ea 7047     		bx	lr
 5899              	.LVL616:
 5900              	.L320:
3468:Core/Src/vl53l1_api_core.c **** 	case VL53L1_TUNINGPARM_SPADMAP_VCSEL_START:
3469:Core/Src/vl53l1_api_core.c **** 		pdev->ssc_cfg.vcsel_start =
 5901              		.loc 1 3469 3 is_stmt 1 view .LVU2106
 5902              		.loc 1 3469 29 is_stmt 0 view .LVU2107
 5903 01ec 80F82221 		strb	r2, [r0, #290]
3470:Core/Src/vl53l1_api_core.c **** 				(uint8_t)tuning_parm_value;
3471:Core/Src/vl53l1_api_core.c **** 	break;
 5904              		.loc 1 3471 2 is_stmt 1 view .LVU2108
3271:Core/Src/vl53l1_api_core.c **** 
 5905              		.loc 1 3271 16 is_stmt 0 view .LVU2109
 5906 01f0 0020     		movs	r0, #0
 5907              	.LVL617:
 5908              		.loc 1 3471 2 view .LVU2110
 5909 01f2 7047     		bx	lr
 5910              	.LVL618:
 5911              	.L319:
3472:Core/Src/vl53l1_api_core.c **** 	case VL53L1_TUNINGPARM_SPADMAP_RATE_LIMIT_MCPS:
3473:Core/Src/vl53l1_api_core.c **** 		pdev->ssc_cfg.rate_limit_mcps =
 5912              		.loc 1 3473 3 is_stmt 1 view .LVU2111
 5913              		.loc 1 3473 33 is_stmt 0 view .LVU2112
 5914 01f4 A0F82821 		strh	r2, [r0, #296]	@ movhi
3474:Core/Src/vl53l1_api_core.c **** 				(uint16_t)tuning_parm_value;
3475:Core/Src/vl53l1_api_core.c **** 	break;
 5915              		.loc 1 3475 2 is_stmt 1 view .LVU2113
3271:Core/Src/vl53l1_api_core.c **** 
 5916              		.loc 1 3271 16 is_stmt 0 view .LVU2114
 5917 01f8 0020     		movs	r0, #0
 5918              	.LVL619:
 5919              		.loc 1 3475 2 view .LVU2115
 5920 01fa 7047     		bx	lr
 5921              	.LVL620:
 5922              	.L318:
3476:Core/Src/vl53l1_api_core.c **** 	case VL53L1_TUNINGPARM_LITE_DSS_CONFIG_TARGET_TOTAL_RATE_MCPS:
3477:Core/Src/vl53l1_api_core.c **** 		pdev->tuning_parms.tp_dss_target_lite_mcps =
 5923              		.loc 1 3477 3 is_stmt 1 view .LVU2116
 5924              		.loc 1 3477 46 is_stmt 0 view .LVU2117
 5925 01fc A0F8CA20 		strh	r2, [r0, #202]	@ movhi
3478:Core/Src/vl53l1_api_core.c **** 			(uint16_t)tuning_parm_value;
3479:Core/Src/vl53l1_api_core.c **** 	break;
 5926              		.loc 1 3479 2 is_stmt 1 view .LVU2118
3271:Core/Src/vl53l1_api_core.c **** 
 5927              		.loc 1 3271 16 is_stmt 0 view .LVU2119
 5928 0200 0020     		movs	r0, #0
 5929              	.LVL621:
 5930              		.loc 1 3479 2 view .LVU2120
 5931 0202 7047     		bx	lr
ARM GAS  C:\Users\Lenovo\AppData\Local\Temp\ccZ6paZS.s 			page 177


 5932              	.LVL622:
 5933              	.L317:
3480:Core/Src/vl53l1_api_core.c **** 	case VL53L1_TUNINGPARM_TIMED_DSS_CONFIG_TARGET_TOTAL_RATE_MCPS:
3481:Core/Src/vl53l1_api_core.c **** 		pdev->tuning_parms.tp_dss_target_timed_mcps =
 5934              		.loc 1 3481 3 is_stmt 1 view .LVU2121
 5935              		.loc 1 3481 47 is_stmt 0 view .LVU2122
 5936 0204 A0F8CC20 		strh	r2, [r0, #204]	@ movhi
3482:Core/Src/vl53l1_api_core.c **** 			(uint16_t)tuning_parm_value;
3483:Core/Src/vl53l1_api_core.c **** 	break;
 5937              		.loc 1 3483 2 is_stmt 1 view .LVU2123
3271:Core/Src/vl53l1_api_core.c **** 
 5938              		.loc 1 3271 16 is_stmt 0 view .LVU2124
 5939 0208 0020     		movs	r0, #0
 5940              	.LVL623:
 5941              		.loc 1 3483 2 view .LVU2125
 5942 020a 7047     		bx	lr
 5943              	.LVL624:
 5944              	.L316:
3484:Core/Src/vl53l1_api_core.c **** 	case VL53L1_TUNINGPARM_LITE_PHASECAL_CONFIG_TIMEOUT_US:
3485:Core/Src/vl53l1_api_core.c **** 		pdev->tuning_parms.tp_phasecal_timeout_lite_us =
 5945              		.loc 1 3485 3 is_stmt 1 view .LVU2126
 5946              		.loc 1 3485 50 is_stmt 0 view .LVU2127
 5947 020c C0F8D020 		str	r2, [r0, #208]
3486:Core/Src/vl53l1_api_core.c **** 			(uint32_t)tuning_parm_value;
3487:Core/Src/vl53l1_api_core.c **** 	break;
 5948              		.loc 1 3487 2 is_stmt 1 view .LVU2128
3271:Core/Src/vl53l1_api_core.c **** 
 5949              		.loc 1 3271 16 is_stmt 0 view .LVU2129
 5950 0210 0020     		movs	r0, #0
 5951              	.LVL625:
 5952              		.loc 1 3487 2 view .LVU2130
 5953 0212 7047     		bx	lr
 5954              	.LVL626:
 5955              	.L315:
3488:Core/Src/vl53l1_api_core.c **** 	case VL53L1_TUNINGPARM_TIMED_PHASECAL_CONFIG_TIMEOUT_US:
3489:Core/Src/vl53l1_api_core.c **** 		pdev->tuning_parms.tp_phasecal_timeout_timed_us =
 5956              		.loc 1 3489 3 is_stmt 1 view .LVU2131
 5957              		.loc 1 3489 51 is_stmt 0 view .LVU2132
 5958 0214 C0F8D420 		str	r2, [r0, #212]
3490:Core/Src/vl53l1_api_core.c **** 			(uint32_t)tuning_parm_value;
3491:Core/Src/vl53l1_api_core.c **** 	break;
 5959              		.loc 1 3491 2 is_stmt 1 view .LVU2133
3271:Core/Src/vl53l1_api_core.c **** 
 5960              		.loc 1 3271 16 is_stmt 0 view .LVU2134
 5961 0218 0020     		movs	r0, #0
 5962              	.LVL627:
 5963              		.loc 1 3491 2 view .LVU2135
 5964 021a 7047     		bx	lr
 5965              	.LVL628:
 5966              	.L314:
3492:Core/Src/vl53l1_api_core.c **** 	case VL53L1_TUNINGPARM_LITE_MM_CONFIG_TIMEOUT_US:
3493:Core/Src/vl53l1_api_core.c **** 		pdev->tuning_parms.tp_mm_timeout_lite_us =
 5967              		.loc 1 3493 3 is_stmt 1 view .LVU2136
 5968              		.loc 1 3493 44 is_stmt 0 view .LVU2137
 5969 021c C0F8D820 		str	r2, [r0, #216]
3494:Core/Src/vl53l1_api_core.c **** 			(uint32_t)tuning_parm_value;
3495:Core/Src/vl53l1_api_core.c **** 	break;
ARM GAS  C:\Users\Lenovo\AppData\Local\Temp\ccZ6paZS.s 			page 178


 5970              		.loc 1 3495 2 is_stmt 1 view .LVU2138
3271:Core/Src/vl53l1_api_core.c **** 
 5971              		.loc 1 3271 16 is_stmt 0 view .LVU2139
 5972 0220 0020     		movs	r0, #0
 5973              	.LVL629:
 5974              		.loc 1 3495 2 view .LVU2140
 5975 0222 7047     		bx	lr
 5976              	.LVL630:
 5977              	.L313:
3496:Core/Src/vl53l1_api_core.c **** 	case VL53L1_TUNINGPARM_TIMED_MM_CONFIG_TIMEOUT_US:
3497:Core/Src/vl53l1_api_core.c **** 		pdev->tuning_parms.tp_mm_timeout_timed_us =
 5978              		.loc 1 3497 3 is_stmt 1 view .LVU2141
 5979              		.loc 1 3497 45 is_stmt 0 view .LVU2142
 5980 0224 C0F8DC20 		str	r2, [r0, #220]
3498:Core/Src/vl53l1_api_core.c **** 			(uint32_t)tuning_parm_value;
3499:Core/Src/vl53l1_api_core.c **** 	break;
 5981              		.loc 1 3499 2 is_stmt 1 view .LVU2143
3271:Core/Src/vl53l1_api_core.c **** 
 5982              		.loc 1 3271 16 is_stmt 0 view .LVU2144
 5983 0228 0020     		movs	r0, #0
 5984              	.LVL631:
 5985              		.loc 1 3499 2 view .LVU2145
 5986 022a 7047     		bx	lr
 5987              	.LVL632:
 5988              	.L312:
3500:Core/Src/vl53l1_api_core.c **** 	case VL53L1_TUNINGPARM_LITE_RANGE_CONFIG_TIMEOUT_US:
3501:Core/Src/vl53l1_api_core.c **** 		pdev->tuning_parms.tp_range_timeout_lite_us =
 5989              		.loc 1 3501 3 is_stmt 1 view .LVU2146
 5990              		.loc 1 3501 47 is_stmt 0 view .LVU2147
 5991 022c C0F8E420 		str	r2, [r0, #228]
3502:Core/Src/vl53l1_api_core.c **** 			(uint32_t)tuning_parm_value;
3503:Core/Src/vl53l1_api_core.c **** 	break;
 5992              		.loc 1 3503 2 is_stmt 1 view .LVU2148
3271:Core/Src/vl53l1_api_core.c **** 
 5993              		.loc 1 3271 16 is_stmt 0 view .LVU2149
 5994 0230 0020     		movs	r0, #0
 5995              	.LVL633:
 5996              		.loc 1 3503 2 view .LVU2150
 5997 0232 7047     		bx	lr
 5998              	.LVL634:
 5999              	.L311:
3504:Core/Src/vl53l1_api_core.c **** 	case VL53L1_TUNINGPARM_TIMED_RANGE_CONFIG_TIMEOUT_US:
3505:Core/Src/vl53l1_api_core.c **** 		pdev->tuning_parms.tp_range_timeout_timed_us =
 6000              		.loc 1 3505 3 is_stmt 1 view .LVU2151
 6001              		.loc 1 3505 48 is_stmt 0 view .LVU2152
 6002 0234 C0F8E820 		str	r2, [r0, #232]
3506:Core/Src/vl53l1_api_core.c **** 			(uint32_t)tuning_parm_value;
3507:Core/Src/vl53l1_api_core.c **** 	break;
 6003              		.loc 1 3507 2 is_stmt 1 view .LVU2153
3271:Core/Src/vl53l1_api_core.c **** 
 6004              		.loc 1 3271 16 is_stmt 0 view .LVU2154
 6005 0238 0020     		movs	r0, #0
 6006              	.LVL635:
 6007              		.loc 1 3507 2 view .LVU2155
 6008 023a 7047     		bx	lr
 6009              	.LVL636:
 6010              	.L310:
ARM GAS  C:\Users\Lenovo\AppData\Local\Temp\ccZ6paZS.s 			page 179


3508:Core/Src/vl53l1_api_core.c **** 	case VL53L1_TUNINGPARM_LOWPOWERAUTO_VHV_LOOP_BOUND:
3509:Core/Src/vl53l1_api_core.c **** 		pdev->low_power_auto_data.vhv_loop_bound =
 6011              		.loc 1 3509 3 is_stmt 1 view .LVU2156
 6012              		.loc 1 3509 44 is_stmt 0 view .LVU2157
 6013 023c 80F8E422 		strb	r2, [r0, #740]
3510:Core/Src/vl53l1_api_core.c **** 			(uint8_t)tuning_parm_value;
3511:Core/Src/vl53l1_api_core.c **** 	break;
 6014              		.loc 1 3511 2 is_stmt 1 view .LVU2158
3271:Core/Src/vl53l1_api_core.c **** 
 6015              		.loc 1 3271 16 is_stmt 0 view .LVU2159
 6016 0240 0020     		movs	r0, #0
 6017              	.LVL637:
 6018              		.loc 1 3511 2 view .LVU2160
 6019 0242 7047     		bx	lr
 6020              	.LVL638:
 6021              	.L309:
3512:Core/Src/vl53l1_api_core.c **** 	case VL53L1_TUNINGPARM_LOWPOWERAUTO_MM_CONFIG_TIMEOUT_US:
3513:Core/Src/vl53l1_api_core.c **** 		pdev->tuning_parms.tp_mm_timeout_lpa_us =
 6022              		.loc 1 3513 3 is_stmt 1 view .LVU2161
 6023              		.loc 1 3513 43 is_stmt 0 view .LVU2162
 6024 0244 C0F8E020 		str	r2, [r0, #224]
3514:Core/Src/vl53l1_api_core.c **** 			(uint32_t)tuning_parm_value;
3515:Core/Src/vl53l1_api_core.c **** 	break;
 6025              		.loc 1 3515 2 is_stmt 1 view .LVU2163
3271:Core/Src/vl53l1_api_core.c **** 
 6026              		.loc 1 3271 16 is_stmt 0 view .LVU2164
 6027 0248 0020     		movs	r0, #0
 6028              	.LVL639:
 6029              		.loc 1 3515 2 view .LVU2165
 6030 024a 7047     		bx	lr
 6031              	.LVL640:
 6032              	.L307:
3516:Core/Src/vl53l1_api_core.c **** 	case VL53L1_TUNINGPARM_LOWPOWERAUTO_RANGE_CONFIG_TIMEOUT_US:
3517:Core/Src/vl53l1_api_core.c **** 		pdev->tuning_parms.tp_range_timeout_lpa_us =
 6033              		.loc 1 3517 3 is_stmt 1 view .LVU2166
 6034              		.loc 1 3517 46 is_stmt 0 view .LVU2167
 6035 024c C0F8EC20 		str	r2, [r0, #236]
3518:Core/Src/vl53l1_api_core.c **** 			(uint32_t)tuning_parm_value;
3519:Core/Src/vl53l1_api_core.c **** 	break;
 6036              		.loc 1 3519 2 is_stmt 1 view .LVU2168
3271:Core/Src/vl53l1_api_core.c **** 
 6037              		.loc 1 3271 16 is_stmt 0 view .LVU2169
 6038 0250 0020     		movs	r0, #0
 6039              	.LVL641:
 6040              		.loc 1 3519 2 view .LVU2170
 6041 0252 7047     		bx	lr
 6042              	.LVL642:
 6043              	.L365:
3277:Core/Src/vl53l1_api_core.c **** 
 6044              		.loc 1 3277 2 view .LVU2171
 6045 0254 6FF00300 		mvn	r0, #3
 6046              	.LVL643:
3277:Core/Src/vl53l1_api_core.c **** 
 6047              		.loc 1 3277 2 view .LVU2172
 6048 0258 7047     		bx	lr
 6049              	.LVL644:
 6050              	.L366:
ARM GAS  C:\Users\Lenovo\AppData\Local\Temp\ccZ6paZS.s 			page 180


3297:Core/Src/vl53l1_api_core.c **** 		}
 6051              		.loc 1 3297 11 view .LVU2173
 6052 025a 6FF01A00 		mvn	r0, #26
 6053              	.LVL645:
3520:Core/Src/vl53l1_api_core.c **** 
3521:Core/Src/vl53l1_api_core.c **** 
3522:Core/Src/vl53l1_api_core.c **** 	default:
3523:Core/Src/vl53l1_api_core.c **** 		status = VL53L1_ERROR_INVALID_PARAMS;
3524:Core/Src/vl53l1_api_core.c **** 	break;
3525:Core/Src/vl53l1_api_core.c **** 
3526:Core/Src/vl53l1_api_core.c **** 	}
3527:Core/Src/vl53l1_api_core.c **** 
3528:Core/Src/vl53l1_api_core.c **** 	LOG_FUNCTION_END(status);
 6054              		.loc 1 3528 26 is_stmt 1 view .LVU2174
3529:Core/Src/vl53l1_api_core.c **** 
3530:Core/Src/vl53l1_api_core.c **** 	return status;
 6055              		.loc 1 3530 2 view .LVU2175
3531:Core/Src/vl53l1_api_core.c **** }
 6056              		.loc 1 3531 1 is_stmt 0 view .LVU2176
 6057 025e 7047     		bx	lr
 6058              		.cfi_endproc
 6059              	.LFE55:
 6061              		.text
 6062              	.Letext0:
 6063              		.file 2 "c:\\program files (x86)\\gnu arm embedded toolchain\\10 2021.10\\arm-none-eabi\\include\\
 6064              		.file 3 "c:\\program files (x86)\\gnu arm embedded toolchain\\10 2021.10\\arm-none-eabi\\include\\
 6065              		.file 4 "Core/Inc/vl53l1_types.h"
 6066              		.file 5 "Core/Inc/vl53l1_ll_device.h"
 6067              		.file 6 "Core/Inc/vl53l1_error_codes.h"
 6068              		.file 7 "Core/Inc/vl53l1_register_structs.h"
 6069              		.file 8 "Core/Inc/vl53l1_ll_def.h"
 6070              		.file 9 "Core/Inc/vl53l1_def.h"
 6071              		.file 10 "Core/Inc/vl53l1_platform_user_data.h"
 6072              		.file 11 "Core/Inc/vl53l1_core.h"
 6073              		.file 12 "Core/Inc/vl53l1_platform.h"
 6074              		.file 13 "Core/Inc/vl53l1_register_funcs.h"
 6075              		.file 14 "Core/Inc/vl53l1_api_preset_modes.h"
 6076              		.file 15 "Core/Inc/vl53l1_core_support.h"
 6077              		.file 16 "Core/Inc/vl53l1_wait.h"
 6078              		.file 17 "<built-in>"
ARM GAS  C:\Users\Lenovo\AppData\Local\Temp\ccZ6paZS.s 			page 181


DEFINED SYMBOLS
                            *ABS*:00000000 vl53l1_api_core.c
C:\Users\Lenovo\AppData\Local\Temp\ccZ6paZS.s:20     .text.VL53L1_software_reset:00000000 $t
C:\Users\Lenovo\AppData\Local\Temp\ccZ6paZS.s:26     .text.VL53L1_software_reset:00000000 VL53L1_software_reset
C:\Users\Lenovo\AppData\Local\Temp\ccZ6paZS.s:104    .text.VL53L1_set_part_to_part_data:00000000 $t
C:\Users\Lenovo\AppData\Local\Temp\ccZ6paZS.s:110    .text.VL53L1_set_part_to_part_data:00000000 VL53L1_set_part_to_part_data
C:\Users\Lenovo\AppData\Local\Temp\ccZ6paZS.s:260    .text.VL53L1_set_part_to_part_data:000000c8 $d
C:\Users\Lenovo\AppData\Local\Temp\ccZ6paZS.s:265    .text.VL53L1_get_part_to_part_data:00000000 $t
C:\Users\Lenovo\AppData\Local\Temp\ccZ6paZS.s:271    .text.VL53L1_get_part_to_part_data:00000000 VL53L1_get_part_to_part_data
C:\Users\Lenovo\AppData\Local\Temp\ccZ6paZS.s:383    .text.VL53L1_get_part_to_part_data:000000a4 $d
C:\Users\Lenovo\AppData\Local\Temp\ccZ6paZS.s:388    .text.VL53L1_set_inter_measurement_period_ms:00000000 $t
C:\Users\Lenovo\AppData\Local\Temp\ccZ6paZS.s:394    .text.VL53L1_set_inter_measurement_period_ms:00000000 VL53L1_set_inter_measurement_period_ms
C:\Users\Lenovo\AppData\Local\Temp\ccZ6paZS.s:438    .text.VL53L1_get_inter_measurement_period_ms:00000000 $t
C:\Users\Lenovo\AppData\Local\Temp\ccZ6paZS.s:444    .text.VL53L1_get_inter_measurement_period_ms:00000000 VL53L1_get_inter_measurement_period_ms
C:\Users\Lenovo\AppData\Local\Temp\ccZ6paZS.s:486    .text.VL53L1_set_timeouts_us:00000000 $t
C:\Users\Lenovo\AppData\Local\Temp\ccZ6paZS.s:492    .text.VL53L1_set_timeouts_us:00000000 VL53L1_set_timeouts_us
C:\Users\Lenovo\AppData\Local\Temp\ccZ6paZS.s:570    .text.VL53L1_get_timeouts_us:00000000 $t
C:\Users\Lenovo\AppData\Local\Temp\ccZ6paZS.s:576    .text.VL53L1_get_timeouts_us:00000000 VL53L1_get_timeouts_us
C:\Users\Lenovo\AppData\Local\Temp\ccZ6paZS.s:700    .text.VL53L1_set_calibration_repeat_period:00000000 $t
C:\Users\Lenovo\AppData\Local\Temp\ccZ6paZS.s:706    .text.VL53L1_set_calibration_repeat_period:00000000 VL53L1_set_calibration_repeat_period
C:\Users\Lenovo\AppData\Local\Temp\ccZ6paZS.s:729    .text.VL53L1_get_calibration_repeat_period:00000000 $t
C:\Users\Lenovo\AppData\Local\Temp\ccZ6paZS.s:735    .text.VL53L1_get_calibration_repeat_period:00000000 VL53L1_get_calibration_repeat_period
C:\Users\Lenovo\AppData\Local\Temp\ccZ6paZS.s:760    .text.VL53L1_set_sequence_config_bit:00000000 $t
C:\Users\Lenovo\AppData\Local\Temp\ccZ6paZS.s:766    .text.VL53L1_set_sequence_config_bit:00000000 VL53L1_set_sequence_config_bit
C:\Users\Lenovo\AppData\Local\Temp\ccZ6paZS.s:847    .text.VL53L1_get_sequence_config_bit:00000000 $t
C:\Users\Lenovo\AppData\Local\Temp\ccZ6paZS.s:853    .text.VL53L1_get_sequence_config_bit:00000000 VL53L1_get_sequence_config_bit
C:\Users\Lenovo\AppData\Local\Temp\ccZ6paZS.s:925    .text.VL53L1_set_interrupt_polarity:00000000 $t
C:\Users\Lenovo\AppData\Local\Temp\ccZ6paZS.s:931    .text.VL53L1_set_interrupt_polarity:00000000 VL53L1_set_interrupt_polarity
C:\Users\Lenovo\AppData\Local\Temp\ccZ6paZS.s:963    .text.VL53L1_set_refspadchar_config_struct:00000000 $t
C:\Users\Lenovo\AppData\Local\Temp\ccZ6paZS.s:969    .text.VL53L1_set_refspadchar_config_struct:00000000 VL53L1_set_refspadchar_config_struct
C:\Users\Lenovo\AppData\Local\Temp\ccZ6paZS.s:1021   .text.VL53L1_get_refspadchar_config_struct:00000000 $t
C:\Users\Lenovo\AppData\Local\Temp\ccZ6paZS.s:1027   .text.VL53L1_get_refspadchar_config_struct:00000000 VL53L1_get_refspadchar_config_struct
C:\Users\Lenovo\AppData\Local\Temp\ccZ6paZS.s:1079   .text.VL53L1_set_range_ignore_threshold:00000000 $t
C:\Users\Lenovo\AppData\Local\Temp\ccZ6paZS.s:1085   .text.VL53L1_set_range_ignore_threshold:00000000 VL53L1_set_range_ignore_threshold
C:\Users\Lenovo\AppData\Local\Temp\ccZ6paZS.s:1111   .text.VL53L1_get_range_ignore_threshold:00000000 $t
C:\Users\Lenovo\AppData\Local\Temp\ccZ6paZS.s:1117   .text.VL53L1_get_range_ignore_threshold:00000000 VL53L1_get_range_ignore_threshold
C:\Users\Lenovo\AppData\Local\Temp\ccZ6paZS.s:1154   .text.VL53L1_get_interrupt_polarity:00000000 $t
C:\Users\Lenovo\AppData\Local\Temp\ccZ6paZS.s:1160   .text.VL53L1_get_interrupt_polarity:00000000 VL53L1_get_interrupt_polarity
C:\Users\Lenovo\AppData\Local\Temp\ccZ6paZS.s:1187   .text.VL53L1_set_user_zone:00000000 $t
C:\Users\Lenovo\AppData\Local\Temp\ccZ6paZS.s:1193   .text.VL53L1_set_user_zone:00000000 VL53L1_set_user_zone
C:\Users\Lenovo\AppData\Local\Temp\ccZ6paZS.s:1240   .text.VL53L1_get_user_zone:00000000 $t
C:\Users\Lenovo\AppData\Local\Temp\ccZ6paZS.s:1246   .text.VL53L1_get_user_zone:00000000 VL53L1_get_user_zone
C:\Users\Lenovo\AppData\Local\Temp\ccZ6paZS.s:1293   .text.VL53L1_get_mode_mitigation_roi:00000000 $t
C:\Users\Lenovo\AppData\Local\Temp\ccZ6paZS.s:1299   .text.VL53L1_get_mode_mitigation_roi:00000000 VL53L1_get_mode_mitigation_roi
C:\Users\Lenovo\AppData\Local\Temp\ccZ6paZS.s:1378   .text.VL53L1_read_p2p_data:00000000 $t
C:\Users\Lenovo\AppData\Local\Temp\ccZ6paZS.s:1384   .text.VL53L1_read_p2p_data:00000000 VL53L1_read_p2p_data
C:\Users\Lenovo\AppData\Local\Temp\ccZ6paZS.s:1529   .text.VL53L1_get_preset_mode_timing_cfg:00000000 $t
C:\Users\Lenovo\AppData\Local\Temp\ccZ6paZS.s:1535   .text.VL53L1_get_preset_mode_timing_cfg:00000000 VL53L1_get_preset_mode_timing_cfg
C:\Users\Lenovo\AppData\Local\Temp\ccZ6paZS.s:1554   .text.VL53L1_get_preset_mode_timing_cfg:0000000a $d
C:\Users\Lenovo\AppData\Local\Temp\ccZ6paZS.s:1592   .text.VL53L1_get_preset_mode_timing_cfg:00000030 $t
C:\Users\Lenovo\AppData\Local\Temp\ccZ6paZS.s:1701   .text.VL53L1_set_preset_mode:00000000 $t
C:\Users\Lenovo\AppData\Local\Temp\ccZ6paZS.s:1707   .text.VL53L1_set_preset_mode:00000000 VL53L1_set_preset_mode
C:\Users\Lenovo\AppData\Local\Temp\ccZ6paZS.s:1798   .text.VL53L1_set_preset_mode:0000004c $d
C:\Users\Lenovo\AppData\Local\Temp\ccZ6paZS.s:1836   .text.VL53L1_set_preset_mode:00000072 $t
C:\Users\Lenovo\AppData\Local\Temp\ccZ6paZS.s:2089   .text.VL53L1_enable_xtalk_compensation:00000000 $t
C:\Users\Lenovo\AppData\Local\Temp\ccZ6paZS.s:2095   .text.VL53L1_enable_xtalk_compensation:00000000 VL53L1_enable_xtalk_compensation
C:\Users\Lenovo\AppData\Local\Temp\ccZ6paZS.s:2174   .text.VL53L1_get_xtalk_compensation_enable:00000000 $t
ARM GAS  C:\Users\Lenovo\AppData\Local\Temp\ccZ6paZS.s 			page 182


C:\Users\Lenovo\AppData\Local\Temp\ccZ6paZS.s:2180   .text.VL53L1_get_xtalk_compensation_enable:00000000 VL53L1_get_xtalk_compensation_enable
C:\Users\Lenovo\AppData\Local\Temp\ccZ6paZS.s:2201   .text.VL53L1_get_lite_xtalk_margin_kcps:00000000 $t
C:\Users\Lenovo\AppData\Local\Temp\ccZ6paZS.s:2207   .text.VL53L1_get_lite_xtalk_margin_kcps:00000000 VL53L1_get_lite_xtalk_margin_kcps
C:\Users\Lenovo\AppData\Local\Temp\ccZ6paZS.s:2234   .text.VL53L1_set_lite_xtalk_margin_kcps:00000000 $t
C:\Users\Lenovo\AppData\Local\Temp\ccZ6paZS.s:2240   .text.VL53L1_set_lite_xtalk_margin_kcps:00000000 VL53L1_set_lite_xtalk_margin_kcps
C:\Users\Lenovo\AppData\Local\Temp\ccZ6paZS.s:2265   .text.VL53L1_restore_xtalk_nvm_default:00000000 $t
C:\Users\Lenovo\AppData\Local\Temp\ccZ6paZS.s:2271   .text.VL53L1_restore_xtalk_nvm_default:00000000 VL53L1_restore_xtalk_nvm_default
C:\Users\Lenovo\AppData\Local\Temp\ccZ6paZS.s:2308   .text.VL53L1_disable_xtalk_compensation:00000000 $t
C:\Users\Lenovo\AppData\Local\Temp\ccZ6paZS.s:2314   .text.VL53L1_disable_xtalk_compensation:00000000 VL53L1_disable_xtalk_compensation
C:\Users\Lenovo\AppData\Local\Temp\ccZ6paZS.s:2363   .text.VL53L1_get_lite_sigma_threshold:00000000 $t
C:\Users\Lenovo\AppData\Local\Temp\ccZ6paZS.s:2369   .text.VL53L1_get_lite_sigma_threshold:00000000 VL53L1_get_lite_sigma_threshold
C:\Users\Lenovo\AppData\Local\Temp\ccZ6paZS.s:2396   .text.VL53L1_set_lite_sigma_threshold:00000000 $t
C:\Users\Lenovo\AppData\Local\Temp\ccZ6paZS.s:2402   .text.VL53L1_set_lite_sigma_threshold:00000000 VL53L1_set_lite_sigma_threshold
C:\Users\Lenovo\AppData\Local\Temp\ccZ6paZS.s:2427   .text.VL53L1_get_lite_min_count_rate:00000000 $t
C:\Users\Lenovo\AppData\Local\Temp\ccZ6paZS.s:2433   .text.VL53L1_get_lite_min_count_rate:00000000 VL53L1_get_lite_min_count_rate
C:\Users\Lenovo\AppData\Local\Temp\ccZ6paZS.s:2460   .text.VL53L1_set_lite_min_count_rate:00000000 $t
C:\Users\Lenovo\AppData\Local\Temp\ccZ6paZS.s:2466   .text.VL53L1_set_lite_min_count_rate:00000000 VL53L1_set_lite_min_count_rate
C:\Users\Lenovo\AppData\Local\Temp\ccZ6paZS.s:2491   .text.VL53L1_get_vhv_loopbound:00000000 $t
C:\Users\Lenovo\AppData\Local\Temp\ccZ6paZS.s:2497   .text.VL53L1_get_vhv_loopbound:00000000 VL53L1_get_vhv_loopbound
C:\Users\Lenovo\AppData\Local\Temp\ccZ6paZS.s:2525   .text.VL53L1_set_vhv_loopbound:00000000 $t
C:\Users\Lenovo\AppData\Local\Temp\ccZ6paZS.s:2531   .text.VL53L1_set_vhv_loopbound:00000000 VL53L1_set_vhv_loopbound
C:\Users\Lenovo\AppData\Local\Temp\ccZ6paZS.s:2562   .text.VL53L1_data_init:00000000 $t
C:\Users\Lenovo\AppData\Local\Temp\ccZ6paZS.s:2568   .text.VL53L1_data_init:00000000 VL53L1_data_init
C:\Users\Lenovo\AppData\Local\Temp\ccZ6paZS.s:2738   .text.VL53L1_get_vhv_config:00000000 $t
C:\Users\Lenovo\AppData\Local\Temp\ccZ6paZS.s:2744   .text.VL53L1_get_vhv_config:00000000 VL53L1_get_vhv_config
C:\Users\Lenovo\AppData\Local\Temp\ccZ6paZS.s:2780   .text.VL53L1_set_vhv_config:00000000 $t
C:\Users\Lenovo\AppData\Local\Temp\ccZ6paZS.s:2786   .text.VL53L1_set_vhv_config:00000000 VL53L1_set_vhv_config
C:\Users\Lenovo\AppData\Local\Temp\ccZ6paZS.s:2816   .text.VL53L1_init_and_start_range:00000000 $t
C:\Users\Lenovo\AppData\Local\Temp\ccZ6paZS.s:2822   .text.VL53L1_init_and_start_range:00000000 VL53L1_init_and_start_range
C:\Users\Lenovo\AppData\Local\Temp\ccZ6paZS.s:2941   .text.VL53L1_init_and_start_range:00000078 $d
C:\Users\Lenovo\AppData\Local\Temp\ccZ6paZS.s:2948   .text.VL53L1_init_and_start_range:0000007e $t
C:\Users\Lenovo\AppData\Local\Temp\ccZ6paZS.s:3339   .text.VL53L1_init_and_start_range:00000200 $d
C:\Users\Lenovo\AppData\Local\Temp\ccZ6paZS.s:3344   .text.VL53L1_stop_range:00000000 $t
C:\Users\Lenovo\AppData\Local\Temp\ccZ6paZS.s:3350   .text.VL53L1_stop_range:00000000 VL53L1_stop_range
C:\Users\Lenovo\AppData\Local\Temp\ccZ6paZS.s:3420   .text.VL53L1_get_measurement_results:00000000 $t
C:\Users\Lenovo\AppData\Local\Temp\ccZ6paZS.s:3426   .text.VL53L1_get_measurement_results:00000000 VL53L1_get_measurement_results
C:\Users\Lenovo\AppData\Local\Temp\ccZ6paZS.s:3567   .text.VL53L1_clear_interrupt_and_enable_next_range:00000000 $t
C:\Users\Lenovo\AppData\Local\Temp\ccZ6paZS.s:3573   .text.VL53L1_clear_interrupt_and_enable_next_range:00000000 VL53L1_clear_interrupt_and_enable_next_range
C:\Users\Lenovo\AppData\Local\Temp\ccZ6paZS.s:3603   .text.VL53L1_copy_sys_and_core_results_to_range_results:00000000 $t
C:\Users\Lenovo\AppData\Local\Temp\ccZ6paZS.s:3609   .text.VL53L1_copy_sys_and_core_results_to_range_results:00000000 VL53L1_copy_sys_and_core_results_to_range_results
C:\Users\Lenovo\AppData\Local\Temp\ccZ6paZS.s:3945   .text.VL53L1_copy_sys_and_core_results_to_range_results:00000160 $d
C:\Users\Lenovo\AppData\Local\Temp\ccZ6paZS.s:3950   .text.VL53L1_get_device_results:00000000 $t
C:\Users\Lenovo\AppData\Local\Temp\ccZ6paZS.s:3956   .text.VL53L1_get_device_results:00000000 VL53L1_get_device_results
C:\Users\Lenovo\AppData\Local\Temp\ccZ6paZS.s:4090   .text.VL53L1_set_GPIO_interrupt_config:00000000 $t
C:\Users\Lenovo\AppData\Local\Temp\ccZ6paZS.s:4096   .text.VL53L1_set_GPIO_interrupt_config:00000000 VL53L1_set_GPIO_interrupt_config
C:\Users\Lenovo\AppData\Local\Temp\ccZ6paZS.s:4179   .text.VL53L1_set_GPIO_interrupt_config_struct:00000000 $t
C:\Users\Lenovo\AppData\Local\Temp\ccZ6paZS.s:4185   .text.VL53L1_set_GPIO_interrupt_config_struct:00000000 VL53L1_set_GPIO_interrupt_config_struct
C:\Users\Lenovo\AppData\Local\Temp\ccZ6paZS.s:4258   .text.VL53L1_get_GPIO_interrupt_config:00000000 $t
C:\Users\Lenovo\AppData\Local\Temp\ccZ6paZS.s:4264   .text.VL53L1_get_GPIO_interrupt_config:00000000 VL53L1_get_GPIO_interrupt_config
C:\Users\Lenovo\AppData\Local\Temp\ccZ6paZS.s:4354   .text.VL53L1_set_offset_calibration_mode:00000000 $t
C:\Users\Lenovo\AppData\Local\Temp\ccZ6paZS.s:4360   .text.VL53L1_set_offset_calibration_mode:00000000 VL53L1_set_offset_calibration_mode
C:\Users\Lenovo\AppData\Local\Temp\ccZ6paZS.s:4385   .text.VL53L1_get_offset_calibration_mode:00000000 $t
C:\Users\Lenovo\AppData\Local\Temp\ccZ6paZS.s:4391   .text.VL53L1_get_offset_calibration_mode:00000000 VL53L1_get_offset_calibration_mode
C:\Users\Lenovo\AppData\Local\Temp\ccZ6paZS.s:4418   .text.VL53L1_set_offset_correction_mode:00000000 $t
C:\Users\Lenovo\AppData\Local\Temp\ccZ6paZS.s:4424   .text.VL53L1_set_offset_correction_mode:00000000 VL53L1_set_offset_correction_mode
C:\Users\Lenovo\AppData\Local\Temp\ccZ6paZS.s:4449   .text.VL53L1_get_offset_correction_mode:00000000 $t
C:\Users\Lenovo\AppData\Local\Temp\ccZ6paZS.s:4455   .text.VL53L1_get_offset_correction_mode:00000000 VL53L1_get_offset_correction_mode
ARM GAS  C:\Users\Lenovo\AppData\Local\Temp\ccZ6paZS.s 			page 183


C:\Users\Lenovo\AppData\Local\Temp\ccZ6paZS.s:4482   .text.VL53L1_get_tuning_parm:00000000 $t
C:\Users\Lenovo\AppData\Local\Temp\ccZ6paZS.s:4488   .text.VL53L1_get_tuning_parm:00000000 VL53L1_get_tuning_parm
C:\Users\Lenovo\AppData\Local\Temp\ccZ6paZS.s:4507   .text.VL53L1_get_tuning_parm:0000000e $d
C:\Users\Lenovo\AppData\Local\Temp\ccZ6paZS.s:4564   .text.VL53L1_get_tuning_parm:00000080 $t
C:\Users\Lenovo\AppData\Local\Temp\ccZ6paZS.s:5326   .text.VL53L1_set_tuning_parm:00000000 $t
C:\Users\Lenovo\AppData\Local\Temp\ccZ6paZS.s:5332   .text.VL53L1_set_tuning_parm:00000000 VL53L1_set_tuning_parm
C:\Users\Lenovo\AppData\Local\Temp\ccZ6paZS.s:5351   .text.VL53L1_set_tuning_parm:0000000e $d
C:\Users\Lenovo\AppData\Local\Temp\ccZ6paZS.s:5408   .text.VL53L1_set_tuning_parm:00000080 $t

UNDEFINED SYMBOLS
VL53L1_WrByte
VL53L1_WaitUs
VL53L1_wait_for_boot_completion
VL53L1_calc_crosstalk_plane_offset_with_margin
VL53L1_calc_timeout_register_values
VL53L1_calc_macro_period_us
VL53L1_calc_timeout_us
VL53L1_calc_decoded_timeout_us
VL53L1_encode_row_col
VL53L1_encode_zone_size
VL53L1_decode_row_col
VL53L1_decode_zone_size
VL53L1_get_static_nvm_managed
VL53L1_get_customer_nvm_managed
VL53L1_get_nvm_copy_data
VL53L1_copy_rtn_good_spads_to_buffer
VL53L1_RdWord
VL53L1_init_ll_driver_state
VL53L1_preset_mode_standard_ranging
VL53L1_preset_mode_standard_ranging_short_range
VL53L1_preset_mode_standard_ranging_long_range
VL53L1_preset_mode_standard_ranging_mm1_cal
VL53L1_preset_mode_standard_ranging_mm2_cal
VL53L1_preset_mode_timed_ranging
VL53L1_preset_mode_timed_ranging_short_range
VL53L1_preset_mode_timed_ranging_long_range
VL53L1_preset_mode_olt
VL53L1_preset_mode_singleshot_ranging
VL53L1_preset_mode_low_power_auto_short_ranging
VL53L1_preset_mode_low_power_auto_ranging
VL53L1_preset_mode_low_power_auto_long_ranging
VL53L1_calc_range_ignore_threshold
VL53L1_set_customer_nvm_managed
VL53L1_init_version
VL53L1_init_refspadchar_config_struct
VL53L1_init_ssc_config_struct
VL53L1_init_xtalk_config_struct
VL53L1_init_offset_cal_config_struct
VL53L1_init_tuning_parm_storage_struct
VL53L1_low_power_auto_data_init
VL53L1_i2c_encode_dynamic_config
VL53L1_i2c_encode_static_nvm_managed
VL53L1_i2c_encode_customer_nvm_managed
VL53L1_i2c_encode_static_config
VL53L1_i2c_encode_general_config
VL53L1_i2c_encode_timing_config
VL53L1_i2c_encode_system_control
ARM GAS  C:\Users\Lenovo\AppData\Local\Temp\ccZ6paZS.s 			page 184


VL53L1_WriteMulti
VL53L1_update_ll_driver_rd_state
VL53L1_update_ll_driver_cfg_state
VL53L1_set_system_control
VL53L1_low_power_auto_data_stop_range
VL53L1_ReadMulti
VL53L1_i2c_decode_debug_results
VL53L1_i2c_decode_core_results
VL53L1_i2c_decode_system_results
memcpy
VL53L1_low_power_auto_setup_manual_calibration
VL53L1_check_ll_driver_rd_state
VL53L1_encode_GPIO_interrupt_config
VL53L1_set_GPIO_thresholds_from_struct
VL53L1_decode_GPIO_interrupt_config
