ARM GAS  C:\Users\Lenovo\AppData\Local\Temp\cc9EJylw.s 			page 1


   1              		.cpu cortex-m4
   2              		.arch armv7e-m
   3              		.fpu fpv4-sp-d16
   4              		.eabi_attribute 27, 1
   5              		.eabi_attribute 28, 1
   6              		.eabi_attribute 20, 1
   7              		.eabi_attribute 21, 1
   8              		.eabi_attribute 23, 3
   9              		.eabi_attribute 24, 1
  10              		.eabi_attribute 25, 1
  11              		.eabi_attribute 26, 1
  12              		.eabi_attribute 30, 1
  13              		.eabi_attribute 34, 1
  14              		.eabi_attribute 18, 4
  15              		.file	"vl53l1_core.c"
  16              		.text
  17              	.Ltext0:
  18              		.cfi_sections	.debug_frame
  19              		.section	.text.VL53L1_init_version,"ax",%progbits
  20              		.align	1
  21              		.global	VL53L1_init_version
  22              		.syntax unified
  23              		.thumb
  24              		.thumb_func
  26              	VL53L1_init_version:
  27              	.LVL0:
  28              	.LFB3:
  29              		.file 1 "Core/Src/vl53l1_core.c"
   1:Core/Src/vl53l1_core.c **** /*
   2:Core/Src/vl53l1_core.c **** * Copyright (c) 2017, STMicroelectronics - All Rights Reserved
   3:Core/Src/vl53l1_core.c **** *
   4:Core/Src/vl53l1_core.c **** * This file is part of VL53L1 Core and is dual licensed,
   5:Core/Src/vl53l1_core.c **** * either 'STMicroelectronics
   6:Core/Src/vl53l1_core.c **** * Proprietary license'
   7:Core/Src/vl53l1_core.c **** * or 'BSD 3-clause "New" or "Revised" License' , at your option.
   8:Core/Src/vl53l1_core.c **** *
   9:Core/Src/vl53l1_core.c **** ********************************************************************************
  10:Core/Src/vl53l1_core.c **** *
  11:Core/Src/vl53l1_core.c **** * 'STMicroelectronics Proprietary license'
  12:Core/Src/vl53l1_core.c **** *
  13:Core/Src/vl53l1_core.c **** ********************************************************************************
  14:Core/Src/vl53l1_core.c **** *
  15:Core/Src/vl53l1_core.c **** * License terms: STMicroelectronics Proprietary in accordance with licensing
  16:Core/Src/vl53l1_core.c **** * terms at www.st.com/sla0081
  17:Core/Src/vl53l1_core.c **** *
  18:Core/Src/vl53l1_core.c **** * STMicroelectronics confidential
  19:Core/Src/vl53l1_core.c **** * Reproduction and Communication of this document is strictly prohibited unless
  20:Core/Src/vl53l1_core.c **** * specifically authorized in writing by STMicroelectronics.
  21:Core/Src/vl53l1_core.c **** *
  22:Core/Src/vl53l1_core.c **** *
  23:Core/Src/vl53l1_core.c **** ********************************************************************************
  24:Core/Src/vl53l1_core.c **** *
  25:Core/Src/vl53l1_core.c **** * Alternatively, VL53L1 Core may be distributed under the terms of
  26:Core/Src/vl53l1_core.c **** * 'BSD 3-clause "New" or "Revised" License', in which case the following
  27:Core/Src/vl53l1_core.c **** * provisions apply instead of the ones mentioned above :
  28:Core/Src/vl53l1_core.c **** *
  29:Core/Src/vl53l1_core.c **** ********************************************************************************
ARM GAS  C:\Users\Lenovo\AppData\Local\Temp\cc9EJylw.s 			page 2


  30:Core/Src/vl53l1_core.c **** *
  31:Core/Src/vl53l1_core.c **** * License terms: BSD 3-clause "New" or "Revised" License.
  32:Core/Src/vl53l1_core.c **** *
  33:Core/Src/vl53l1_core.c **** * Redistribution and use in source and binary forms, with or without
  34:Core/Src/vl53l1_core.c **** * modification, are permitted provided that the following conditions are met:
  35:Core/Src/vl53l1_core.c **** *
  36:Core/Src/vl53l1_core.c **** * 1. Redistributions of source code must retain the above copyright notice, this
  37:Core/Src/vl53l1_core.c **** * list of conditions and the following disclaimer.
  38:Core/Src/vl53l1_core.c **** *
  39:Core/Src/vl53l1_core.c **** * 2. Redistributions in binary form must reproduce the above copyright notice,
  40:Core/Src/vl53l1_core.c **** * this list of conditions and the following disclaimer in the documentation
  41:Core/Src/vl53l1_core.c **** * and/or other materials provided with the distribution.
  42:Core/Src/vl53l1_core.c **** *
  43:Core/Src/vl53l1_core.c **** * 3. Neither the name of the copyright holder nor the names of its contributors
  44:Core/Src/vl53l1_core.c **** * may be used to endorse or promote products derived from this software
  45:Core/Src/vl53l1_core.c **** * without specific prior written permission.
  46:Core/Src/vl53l1_core.c **** *
  47:Core/Src/vl53l1_core.c **** * THIS SOFTWARE IS PROVIDED BY THE COPYRIGHT HOLDERS AND CONTRIBUTORS "AS IS"
  48:Core/Src/vl53l1_core.c **** * AND ANY EXPRESS OR IMPLIED WARRANTIES, INCLUDING, BUT NOT LIMITED TO, THE
  49:Core/Src/vl53l1_core.c **** * IMPLIED WARRANTIES OF MERCHANTABILITY AND FITNESS FOR A PARTICULAR PURPOSE ARE
  50:Core/Src/vl53l1_core.c **** * DISCLAIMED. IN NO EVENT SHALL THE COPYRIGHT HOLDER OR CONTRIBUTORS BE LIABLE
  51:Core/Src/vl53l1_core.c **** * FOR ANY DIRECT, INDIRECT, INCIDENTAL, SPECIAL, EXEMPLARY, OR CONSEQUENTIAL
  52:Core/Src/vl53l1_core.c **** * DAMAGES (INCLUDING, BUT NOT LIMITED TO, PROCUREMENT OF SUBSTITUTE GOODS OR
  53:Core/Src/vl53l1_core.c **** * SERVICES; LOSS OF USE, DATA, OR PROFITS; OR BUSINESS INTERRUPTION) HOWEVER
  54:Core/Src/vl53l1_core.c **** * CAUSED AND ON ANY THEORY OF LIABILITY, WHETHER IN CONTRACT, STRICT LIABILITY,
  55:Core/Src/vl53l1_core.c **** * OR TORT (INCLUDING NEGLIGENCE OR OTHERWISE) ARISING IN ANY WAY OUT OF THE USE
  56:Core/Src/vl53l1_core.c **** * OF THIS SOFTWARE, EVEN IF ADVISED OF THE POSSIBILITY OF SUCH DAMAGE.
  57:Core/Src/vl53l1_core.c **** *
  58:Core/Src/vl53l1_core.c **** *
  59:Core/Src/vl53l1_core.c **** ********************************************************************************
  60:Core/Src/vl53l1_core.c **** *
  61:Core/Src/vl53l1_core.c **** */
  62:Core/Src/vl53l1_core.c **** 
  63:Core/Src/vl53l1_core.c **** /**
  64:Core/Src/vl53l1_core.c ****  * @file  vl53l1_core.c
  65:Core/Src/vl53l1_core.c ****  *
  66:Core/Src/vl53l1_core.c ****  * @brief EwokPlus25 core function definition
  67:Core/Src/vl53l1_core.c ****  */
  68:Core/Src/vl53l1_core.c **** 
  69:Core/Src/vl53l1_core.c **** #include "vl53l1_ll_def.h"
  70:Core/Src/vl53l1_core.c **** #include "vl53l1_ll_device.h"
  71:Core/Src/vl53l1_core.c **** #include "vl53l1_platform.h"
  72:Core/Src/vl53l1_core.c **** #include "vl53l1_register_map.h"
  73:Core/Src/vl53l1_core.c **** #include "vl53l1_register_funcs.h"
  74:Core/Src/vl53l1_core.c **** #include "vl53l1_register_settings.h"
  75:Core/Src/vl53l1_core.c **** #include "vl53l1_api_preset_modes.h"
  76:Core/Src/vl53l1_core.c **** #include "vl53l1_core.h"
  77:Core/Src/vl53l1_core.c **** #include "vl53l1_tuning_parm_defaults.h"
  78:Core/Src/vl53l1_core.c **** 
  79:Core/Src/vl53l1_core.c **** #ifdef VL53L1_LOGGING
  80:Core/Src/vl53l1_core.c **** #include "vl53l1_api_debug.h"
  81:Core/Src/vl53l1_core.c **** #include "vl53l1_debug.h"
  82:Core/Src/vl53l1_core.c **** #include "vl53l1_register_debug.h"
  83:Core/Src/vl53l1_core.c **** #endif
  84:Core/Src/vl53l1_core.c **** 
  85:Core/Src/vl53l1_core.c **** #define LOG_FUNCTION_START(fmt, ...) \
  86:Core/Src/vl53l1_core.c **** 	_LOG_FUNCTION_START(VL53L1_TRACE_MODULE_CORE, fmt, ##__VA_ARGS__)
ARM GAS  C:\Users\Lenovo\AppData\Local\Temp\cc9EJylw.s 			page 3


  87:Core/Src/vl53l1_core.c **** #define LOG_FUNCTION_END(status, ...) \
  88:Core/Src/vl53l1_core.c **** 	_LOG_FUNCTION_END(VL53L1_TRACE_MODULE_CORE, status, ##__VA_ARGS__)
  89:Core/Src/vl53l1_core.c **** #define LOG_FUNCTION_END_FMT(status, fmt, ...) \
  90:Core/Src/vl53l1_core.c **** 	_LOG_FUNCTION_END_FMT(VL53L1_TRACE_MODULE_CORE, \
  91:Core/Src/vl53l1_core.c **** 		status, fmt, ##__VA_ARGS__)
  92:Core/Src/vl53l1_core.c **** 
  93:Core/Src/vl53l1_core.c **** #define trace_print(level, ...) \
  94:Core/Src/vl53l1_core.c **** 	_LOG_TRACE_PRINT(VL53L1_TRACE_MODULE_CORE, \
  95:Core/Src/vl53l1_core.c **** 	level, VL53L1_TRACE_FUNCTION_NONE, ##__VA_ARGS__)
  96:Core/Src/vl53l1_core.c **** 
  97:Core/Src/vl53l1_core.c **** 
  98:Core/Src/vl53l1_core.c **** void  VL53L1_init_version(
  99:Core/Src/vl53l1_core.c **** 	VL53L1_DEV        Dev)
 100:Core/Src/vl53l1_core.c **** {
  30              		.loc 1 100 1 view -0
  31              		.cfi_startproc
  32              		@ args = 0, pretend = 0, frame = 0
  33              		@ frame_needed = 0, uses_anonymous_args = 0
  34              		@ link register save eliminated.
 101:Core/Src/vl53l1_core.c **** 	/**
 102:Core/Src/vl53l1_core.c **** 	 * Initialise version structure
 103:Core/Src/vl53l1_core.c **** 	 */
 104:Core/Src/vl53l1_core.c **** 
 105:Core/Src/vl53l1_core.c **** 	VL53L1_LLDriverData_t *pdev = VL53L1DevStructGetLLDriverHandle(Dev);
  35              		.loc 1 105 2 view .LVU1
 106:Core/Src/vl53l1_core.c **** 
 107:Core/Src/vl53l1_core.c **** 	pdev->version.ll_major    = VL53L1_LL_API_IMPLEMENTATION_VER_MAJOR;
  36              		.loc 1 107 2 view .LVU2
  37              		.loc 1 107 28 is_stmt 0 view .LVU3
  38 0000 0123     		movs	r3, #1
  39 0002 80F82830 		strb	r3, [r0, #40]
 108:Core/Src/vl53l1_core.c **** 	pdev->version.ll_minor    = VL53L1_LL_API_IMPLEMENTATION_VER_MINOR;
  40              		.loc 1 108 2 is_stmt 1 view .LVU4
  41              		.loc 1 108 28 is_stmt 0 view .LVU5
  42 0006 0223     		movs	r3, #2
  43 0008 80F82930 		strb	r3, [r0, #41]
 109:Core/Src/vl53l1_core.c **** 	pdev->version.ll_build    = VL53L1_LL_API_IMPLEMENTATION_VER_SUB;
  44              		.loc 1 109 2 is_stmt 1 view .LVU6
  45              		.loc 1 109 28 is_stmt 0 view .LVU7
  46 000c 0D23     		movs	r3, #13
  47 000e 80F82A30 		strb	r3, [r0, #42]
 110:Core/Src/vl53l1_core.c **** 	pdev->version.ll_revision = VL53L1_LL_API_IMPLEMENTATION_VER_REVISION;
  48              		.loc 1 110 2 is_stmt 1 view .LVU8
  49              		.loc 1 110 28 is_stmt 0 view .LVU9
  50 0012 40F68E03 		movw	r3, #2190
  51 0016 4362     		str	r3, [r0, #36]
 111:Core/Src/vl53l1_core.c **** }
  52              		.loc 1 111 1 view .LVU10
  53 0018 7047     		bx	lr
  54              		.cfi_endproc
  55              	.LFE3:
  57              		.section	.text.VL53L1_init_ll_driver_state,"ax",%progbits
  58              		.align	1
  59              		.global	VL53L1_init_ll_driver_state
  60              		.syntax unified
  61              		.thumb
  62              		.thumb_func
ARM GAS  C:\Users\Lenovo\AppData\Local\Temp\cc9EJylw.s 			page 4


  64              	VL53L1_init_ll_driver_state:
  65              	.LVL1:
  66              	.LFB4:
 112:Core/Src/vl53l1_core.c **** 
 113:Core/Src/vl53l1_core.c **** 
 114:Core/Src/vl53l1_core.c **** void  VL53L1_init_ll_driver_state(
 115:Core/Src/vl53l1_core.c **** 	VL53L1_DEV         Dev,
 116:Core/Src/vl53l1_core.c **** 	VL53L1_DeviceState device_state)
 117:Core/Src/vl53l1_core.c **** {
  67              		.loc 1 117 1 is_stmt 1 view -0
  68              		.cfi_startproc
  69              		@ args = 0, pretend = 0, frame = 0
  70              		@ frame_needed = 0, uses_anonymous_args = 0
  71              		@ link register save eliminated.
 118:Core/Src/vl53l1_core.c **** 	/**
 119:Core/Src/vl53l1_core.c **** 	 * Initialise LL Driver state variables
 120:Core/Src/vl53l1_core.c **** 	 */
 121:Core/Src/vl53l1_core.c **** 
 122:Core/Src/vl53l1_core.c **** 	VL53L1_LLDriverData_t *pdev = VL53L1DevStructGetLLDriverHandle(Dev);
  72              		.loc 1 122 2 view .LVU12
 123:Core/Src/vl53l1_core.c **** 	VL53L1_ll_driver_state_t *pstate = &(pdev->ll_state);
  73              		.loc 1 123 2 view .LVU13
 124:Core/Src/vl53l1_core.c **** 
 125:Core/Src/vl53l1_core.c **** 	pstate->cfg_device_state  = device_state;
  74              		.loc 1 125 2 view .LVU14
  75              		.loc 1 125 28 is_stmt 0 view .LVU15
  76 0000 80F82C10 		strb	r1, [r0, #44]
 126:Core/Src/vl53l1_core.c **** 	pstate->cfg_stream_count  = 0;
  77              		.loc 1 126 2 is_stmt 1 view .LVU16
  78              		.loc 1 126 28 is_stmt 0 view .LVU17
  79 0004 0023     		movs	r3, #0
  80 0006 80F82D30 		strb	r3, [r0, #45]
 127:Core/Src/vl53l1_core.c **** 	pstate->cfg_gph_id        = VL53L1_GROUPEDPARAMETERHOLD_ID_MASK;
  81              		.loc 1 127 2 is_stmt 1 view .LVU18
  82              		.loc 1 127 28 is_stmt 0 view .LVU19
  83 000a 0222     		movs	r2, #2
  84 000c 80F82E20 		strb	r2, [r0, #46]
 128:Core/Src/vl53l1_core.c **** 	pstate->cfg_timing_status = 0;
  85              		.loc 1 128 2 is_stmt 1 view .LVU20
  86              		.loc 1 128 28 is_stmt 0 view .LVU21
  87 0010 80F82F30 		strb	r3, [r0, #47]
 129:Core/Src/vl53l1_core.c **** 
 130:Core/Src/vl53l1_core.c **** 	pstate->rd_device_state   = device_state;
  88              		.loc 1 130 2 is_stmt 1 view .LVU22
  89              		.loc 1 130 28 is_stmt 0 view .LVU23
  90 0014 80F83010 		strb	r1, [r0, #48]
 131:Core/Src/vl53l1_core.c **** 	pstate->rd_stream_count   = 0;
  91              		.loc 1 131 2 is_stmt 1 view .LVU24
  92              		.loc 1 131 28 is_stmt 0 view .LVU25
  93 0018 80F83130 		strb	r3, [r0, #49]
 132:Core/Src/vl53l1_core.c **** 	pstate->rd_gph_id         = VL53L1_GROUPEDPARAMETERHOLD_ID_MASK;
  94              		.loc 1 132 2 is_stmt 1 view .LVU26
  95              		.loc 1 132 28 is_stmt 0 view .LVU27
  96 001c 80F83220 		strb	r2, [r0, #50]
 133:Core/Src/vl53l1_core.c **** 	pstate->rd_timing_status  = 0;
  97              		.loc 1 133 2 is_stmt 1 view .LVU28
  98              		.loc 1 133 28 is_stmt 0 view .LVU29
ARM GAS  C:\Users\Lenovo\AppData\Local\Temp\cc9EJylw.s 			page 5


  99 0020 80F83330 		strb	r3, [r0, #51]
 134:Core/Src/vl53l1_core.c **** 
 135:Core/Src/vl53l1_core.c **** }
 100              		.loc 1 135 1 view .LVU30
 101 0024 7047     		bx	lr
 102              		.cfi_endproc
 103              	.LFE4:
 105              		.section	.text.VL53L1_update_ll_driver_rd_state,"ax",%progbits
 106              		.align	1
 107              		.global	VL53L1_update_ll_driver_rd_state
 108              		.syntax unified
 109              		.thumb
 110              		.thumb_func
 112              	VL53L1_update_ll_driver_rd_state:
 113              	.LVL2:
 114              	.LFB5:
 136:Core/Src/vl53l1_core.c **** 
 137:Core/Src/vl53l1_core.c **** 
 138:Core/Src/vl53l1_core.c **** VL53L1_Error  VL53L1_update_ll_driver_rd_state(
 139:Core/Src/vl53l1_core.c **** 	VL53L1_DEV         Dev)
 140:Core/Src/vl53l1_core.c **** {
 115              		.loc 1 140 1 is_stmt 1 view -0
 116              		.cfi_startproc
 117              		@ args = 0, pretend = 0, frame = 0
 118              		@ frame_needed = 0, uses_anonymous_args = 0
 119              		@ link register save eliminated.
 141:Core/Src/vl53l1_core.c **** 	/**
 142:Core/Src/vl53l1_core.c **** 	 * State machine for read device state
 143:Core/Src/vl53l1_core.c **** 	 *
 144:Core/Src/vl53l1_core.c **** 	 * VL53L1_DEVICESTATE_SW_STANDBY
 145:Core/Src/vl53l1_core.c **** 	 * VL53L1_DEVICESTATE_RANGING_WAIT_GPH_SYNC
 146:Core/Src/vl53l1_core.c **** 	 * VL53L1_DEVICESTATE_RANGING_GATHER_DATA
 147:Core/Src/vl53l1_core.c **** 	 * VL53L1_DEVICESTATE_RANGING_OUTPUT_DATA
 148:Core/Src/vl53l1_core.c **** 	 */
 149:Core/Src/vl53l1_core.c **** 
 150:Core/Src/vl53l1_core.c **** 	VL53L1_Error        status  = VL53L1_ERROR_NONE;
 120              		.loc 1 150 2 view .LVU32
 151:Core/Src/vl53l1_core.c **** 	VL53L1_LLDriverData_t *pdev = VL53L1DevStructGetLLDriverHandle(Dev);
 121              		.loc 1 151 2 view .LVU33
 152:Core/Src/vl53l1_core.c **** 	VL53L1_ll_driver_state_t *pstate = &(pdev->ll_state);
 122              		.loc 1 152 2 view .LVU34
 153:Core/Src/vl53l1_core.c **** 
 154:Core/Src/vl53l1_core.c **** 	/* if top bits of mode start reset are zero then in standby state */
 155:Core/Src/vl53l1_core.c **** 
 156:Core/Src/vl53l1_core.c **** 	LOG_FUNCTION_START("");
 123              		.loc 1 156 24 view .LVU35
 157:Core/Src/vl53l1_core.c **** 
 158:Core/Src/vl53l1_core.c **** #ifdef VL53L1_LOGGING
 159:Core/Src/vl53l1_core.c **** 	VL53L1_print_ll_driver_state(pstate);
 160:Core/Src/vl53l1_core.c **** #endif
 161:Core/Src/vl53l1_core.c **** 
 162:Core/Src/vl53l1_core.c **** 	if ((pdev->sys_ctrl.system__mode_start &
 124              		.loc 1 162 2 view .LVU36
 125              		.loc 1 162 21 is_stmt 0 view .LVU37
 126 0000 90F8CC31 		ldrb	r3, [r0, #460]	@ zero_extendqisi2
 127              		.loc 1 162 5 view .LVU38
 128 0004 13F0F00F 		tst	r3, #240
ARM GAS  C:\Users\Lenovo\AppData\Local\Temp\cc9EJylw.s 			page 6


 129 0008 0CD1     		bne	.L4
 163:Core/Src/vl53l1_core.c **** 		VL53L1_DEVICEMEASUREMENTMODE_MODE_MASK) == 0x00) {
 164:Core/Src/vl53l1_core.c **** 
 165:Core/Src/vl53l1_core.c **** 		pstate->rd_device_state  = VL53L1_DEVICESTATE_SW_STANDBY;
 130              		.loc 1 165 3 is_stmt 1 view .LVU39
 131              		.loc 1 165 28 is_stmt 0 view .LVU40
 132 000a 0323     		movs	r3, #3
 133 000c 80F83030 		strb	r3, [r0, #48]
 166:Core/Src/vl53l1_core.c **** 		pstate->rd_stream_count  = 0;
 134              		.loc 1 166 3 is_stmt 1 view .LVU41
 135              		.loc 1 166 28 is_stmt 0 view .LVU42
 136 0010 0023     		movs	r3, #0
 137 0012 80F83130 		strb	r3, [r0, #49]
 167:Core/Src/vl53l1_core.c **** 		pstate->rd_gph_id = VL53L1_GROUPEDPARAMETERHOLD_ID_MASK;
 138              		.loc 1 167 3 is_stmt 1 view .LVU43
 139              		.loc 1 167 21 is_stmt 0 view .LVU44
 140 0016 0222     		movs	r2, #2
 141 0018 80F83220 		strb	r2, [r0, #50]
 168:Core/Src/vl53l1_core.c **** 		pstate->rd_timing_status = 0;
 142              		.loc 1 168 3 is_stmt 1 view .LVU45
 143              		.loc 1 168 28 is_stmt 0 view .LVU46
 144 001c 80F83330 		strb	r3, [r0, #51]
 145              	.L5:
 169:Core/Src/vl53l1_core.c **** 
 170:Core/Src/vl53l1_core.c **** 	} else {
 171:Core/Src/vl53l1_core.c **** 
 172:Core/Src/vl53l1_core.c **** 		/*
 173:Core/Src/vl53l1_core.c **** 		 * implement read stream count
 174:Core/Src/vl53l1_core.c **** 		 */
 175:Core/Src/vl53l1_core.c **** 
 176:Core/Src/vl53l1_core.c **** 		if (pstate->rd_stream_count == 0xFF) {
 177:Core/Src/vl53l1_core.c **** 			pstate->rd_stream_count = 0x80;
 178:Core/Src/vl53l1_core.c **** 		} else {
 179:Core/Src/vl53l1_core.c **** 			pstate->rd_stream_count++;
 180:Core/Src/vl53l1_core.c **** 		}
 181:Core/Src/vl53l1_core.c **** 
 182:Core/Src/vl53l1_core.c **** 
 183:Core/Src/vl53l1_core.c **** 		/*
 184:Core/Src/vl53l1_core.c **** 		 * Toggle grouped parameter hold ID
 185:Core/Src/vl53l1_core.c **** 		 */
 186:Core/Src/vl53l1_core.c **** 
 187:Core/Src/vl53l1_core.c **** 		pstate->rd_gph_id ^= VL53L1_GROUPEDPARAMETERHOLD_ID_MASK;
 188:Core/Src/vl53l1_core.c **** 
 189:Core/Src/vl53l1_core.c **** 		/* Ok now ranging  */
 190:Core/Src/vl53l1_core.c **** 
 191:Core/Src/vl53l1_core.c **** 		switch (pstate->rd_device_state) {
 192:Core/Src/vl53l1_core.c **** 
 193:Core/Src/vl53l1_core.c **** 		case VL53L1_DEVICESTATE_SW_STANDBY:
 194:Core/Src/vl53l1_core.c **** 
 195:Core/Src/vl53l1_core.c **** 			if ((pdev->dyn_cfg.system__grouped_parameter_hold &
 196:Core/Src/vl53l1_core.c **** 				VL53L1_GROUPEDPARAMETERHOLD_ID_MASK) > 0) {
 197:Core/Src/vl53l1_core.c **** 				pstate->rd_device_state =
 198:Core/Src/vl53l1_core.c **** 					VL53L1_DEVICESTATE_RANGING_WAIT_GPH_SYNC;
 199:Core/Src/vl53l1_core.c **** 			} else {
 200:Core/Src/vl53l1_core.c **** 				pstate->rd_device_state =
 201:Core/Src/vl53l1_core.c **** 					VL53L1_DEVICESTATE_RANGING_OUTPUT_DATA;
 202:Core/Src/vl53l1_core.c **** 			}
ARM GAS  C:\Users\Lenovo\AppData\Local\Temp\cc9EJylw.s 			page 7


 203:Core/Src/vl53l1_core.c **** 
 204:Core/Src/vl53l1_core.c **** 			pstate->rd_stream_count  = 0;
 205:Core/Src/vl53l1_core.c **** 			pstate->rd_timing_status = 0;
 206:Core/Src/vl53l1_core.c **** 
 207:Core/Src/vl53l1_core.c **** 		break;
 208:Core/Src/vl53l1_core.c **** 
 209:Core/Src/vl53l1_core.c **** 		case VL53L1_DEVICESTATE_RANGING_WAIT_GPH_SYNC:
 210:Core/Src/vl53l1_core.c **** 
 211:Core/Src/vl53l1_core.c **** 			pstate->rd_stream_count = 0;
 212:Core/Src/vl53l1_core.c **** 			pstate->rd_device_state =
 213:Core/Src/vl53l1_core.c **** 				VL53L1_DEVICESTATE_RANGING_OUTPUT_DATA;
 214:Core/Src/vl53l1_core.c **** 
 215:Core/Src/vl53l1_core.c **** 		break;
 216:Core/Src/vl53l1_core.c **** 
 217:Core/Src/vl53l1_core.c **** 		case VL53L1_DEVICESTATE_RANGING_GATHER_DATA:
 218:Core/Src/vl53l1_core.c **** 
 219:Core/Src/vl53l1_core.c **** 			pstate->rd_device_state =
 220:Core/Src/vl53l1_core.c **** 				VL53L1_DEVICESTATE_RANGING_OUTPUT_DATA;
 221:Core/Src/vl53l1_core.c **** 
 222:Core/Src/vl53l1_core.c **** 		break;
 223:Core/Src/vl53l1_core.c **** 
 224:Core/Src/vl53l1_core.c **** 		case VL53L1_DEVICESTATE_RANGING_OUTPUT_DATA:
 225:Core/Src/vl53l1_core.c **** 
 226:Core/Src/vl53l1_core.c **** 			pstate->rd_timing_status ^= 0x01;
 227:Core/Src/vl53l1_core.c **** 
 228:Core/Src/vl53l1_core.c **** 			pstate->rd_device_state =
 229:Core/Src/vl53l1_core.c **** 				VL53L1_DEVICESTATE_RANGING_OUTPUT_DATA;
 230:Core/Src/vl53l1_core.c **** 
 231:Core/Src/vl53l1_core.c **** 		break;
 232:Core/Src/vl53l1_core.c **** 
 233:Core/Src/vl53l1_core.c **** 		default:
 234:Core/Src/vl53l1_core.c **** 
 235:Core/Src/vl53l1_core.c **** 			pstate->rd_device_state  =
 236:Core/Src/vl53l1_core.c **** 				VL53L1_DEVICESTATE_SW_STANDBY;
 237:Core/Src/vl53l1_core.c **** 			pstate->rd_stream_count  = 0;
 238:Core/Src/vl53l1_core.c **** 			pstate->rd_gph_id = VL53L1_GROUPEDPARAMETERHOLD_ID_MASK;
 239:Core/Src/vl53l1_core.c **** 			pstate->rd_timing_status = 0;
 240:Core/Src/vl53l1_core.c **** 
 241:Core/Src/vl53l1_core.c **** 		break;
 242:Core/Src/vl53l1_core.c **** 		}
 243:Core/Src/vl53l1_core.c **** 	}
 244:Core/Src/vl53l1_core.c **** 
 245:Core/Src/vl53l1_core.c **** #ifdef VL53L1_LOGGING
 246:Core/Src/vl53l1_core.c **** 	VL53L1_print_ll_driver_state(pstate);
 247:Core/Src/vl53l1_core.c **** #endif
 248:Core/Src/vl53l1_core.c **** 
 249:Core/Src/vl53l1_core.c **** 	LOG_FUNCTION_END(status);
 146              		.loc 1 249 26 is_stmt 1 view .LVU47
 250:Core/Src/vl53l1_core.c **** 
 251:Core/Src/vl53l1_core.c **** 	return status;
 147              		.loc 1 251 2 view .LVU48
 252:Core/Src/vl53l1_core.c **** }
 148              		.loc 1 252 1 is_stmt 0 view .LVU49
 149 0020 0020     		movs	r0, #0
 150              	.LVL3:
 151              		.loc 1 252 1 view .LVU50
 152 0022 7047     		bx	lr
ARM GAS  C:\Users\Lenovo\AppData\Local\Temp\cc9EJylw.s 			page 8


 153              	.LVL4:
 154              	.L4:
 176:Core/Src/vl53l1_core.c **** 			pstate->rd_stream_count = 0x80;
 155              		.loc 1 176 3 is_stmt 1 view .LVU51
 176:Core/Src/vl53l1_core.c **** 			pstate->rd_stream_count = 0x80;
 156              		.loc 1 176 13 is_stmt 0 view .LVU52
 157 0024 90F83130 		ldrb	r3, [r0, #49]	@ zero_extendqisi2
 176:Core/Src/vl53l1_core.c **** 			pstate->rd_stream_count = 0x80;
 158              		.loc 1 176 6 view .LVU53
 159 0028 FF2B     		cmp	r3, #255
 160 002a 12D0     		beq	.L16
 179:Core/Src/vl53l1_core.c **** 		}
 161              		.loc 1 179 4 is_stmt 1 view .LVU54
 179:Core/Src/vl53l1_core.c **** 		}
 162              		.loc 1 179 27 is_stmt 0 view .LVU55
 163 002c 0133     		adds	r3, r3, #1
 164 002e 80F83130 		strb	r3, [r0, #49]
 165              	.L7:
 187:Core/Src/vl53l1_core.c **** 
 166              		.loc 1 187 3 is_stmt 1 view .LVU56
 187:Core/Src/vl53l1_core.c **** 
 167              		.loc 1 187 21 is_stmt 0 view .LVU57
 168 0032 90F83230 		ldrb	r3, [r0, #50]	@ zero_extendqisi2
 169 0036 83F00203 		eor	r3, r3, #2
 170 003a 80F83230 		strb	r3, [r0, #50]
 191:Core/Src/vl53l1_core.c **** 
 171              		.loc 1 191 3 is_stmt 1 view .LVU58
 191:Core/Src/vl53l1_core.c **** 
 172              		.loc 1 191 17 is_stmt 0 view .LVU59
 173 003e 90F83030 		ldrb	r3, [r0, #48]	@ zero_extendqisi2
 191:Core/Src/vl53l1_core.c **** 
 174              		.loc 1 191 3 view .LVU60
 175 0042 033B     		subs	r3, r3, #3
 176 0044 052B     		cmp	r3, #5
 177 0046 2FD8     		bhi	.L8
 178 0048 DFE803F0 		tbb	[pc, r3]
 179              	.L10:
 180 004c 07       		.byte	(.L13-.L10)/2
 181 004d 2E       		.byte	(.L8-.L10)/2
 182 004e 2E       		.byte	(.L8-.L10)/2
 183 004f 19       		.byte	(.L12-.L10)/2
 184 0050 20       		.byte	(.L11-.L10)/2
 185 0051 24       		.byte	(.L9-.L10)/2
 186              		.p2align 1
 187              	.L16:
 177:Core/Src/vl53l1_core.c **** 		} else {
 188              		.loc 1 177 4 is_stmt 1 view .LVU61
 177:Core/Src/vl53l1_core.c **** 		} else {
 189              		.loc 1 177 28 is_stmt 0 view .LVU62
 190 0052 8023     		movs	r3, #128
 191 0054 80F83130 		strb	r3, [r0, #49]
 192 0058 EBE7     		b	.L7
 193              	.L13:
 195:Core/Src/vl53l1_core.c **** 				VL53L1_GROUPEDPARAMETERHOLD_ID_MASK) > 0) {
 194              		.loc 1 195 4 is_stmt 1 view .LVU63
 195:Core/Src/vl53l1_core.c **** 				VL53L1_GROUPEDPARAMETERHOLD_ID_MASK) > 0) {
 195              		.loc 1 195 22 is_stmt 0 view .LVU64
ARM GAS  C:\Users\Lenovo\AppData\Local\Temp\cc9EJylw.s 			page 9


 196 005a 90F8C631 		ldrb	r3, [r0, #454]	@ zero_extendqisi2
 195:Core/Src/vl53l1_core.c **** 				VL53L1_GROUPEDPARAMETERHOLD_ID_MASK) > 0) {
 197              		.loc 1 195 7 view .LVU65
 198 005e 13F0020F 		tst	r3, #2
 199 0062 08D0     		beq	.L14
 197:Core/Src/vl53l1_core.c **** 					VL53L1_DEVICESTATE_RANGING_WAIT_GPH_SYNC;
 200              		.loc 1 197 5 is_stmt 1 view .LVU66
 197:Core/Src/vl53l1_core.c **** 					VL53L1_DEVICESTATE_RANGING_WAIT_GPH_SYNC;
 201              		.loc 1 197 29 is_stmt 0 view .LVU67
 202 0064 0623     		movs	r3, #6
 203 0066 80F83030 		strb	r3, [r0, #48]
 204              	.L15:
 204:Core/Src/vl53l1_core.c **** 			pstate->rd_timing_status = 0;
 205              		.loc 1 204 4 is_stmt 1 view .LVU68
 204:Core/Src/vl53l1_core.c **** 			pstate->rd_timing_status = 0;
 206              		.loc 1 204 29 is_stmt 0 view .LVU69
 207 006a 0023     		movs	r3, #0
 208 006c 80F83130 		strb	r3, [r0, #49]
 205:Core/Src/vl53l1_core.c **** 
 209              		.loc 1 205 4 is_stmt 1 view .LVU70
 205:Core/Src/vl53l1_core.c **** 
 210              		.loc 1 205 29 is_stmt 0 view .LVU71
 211 0070 80F83330 		strb	r3, [r0, #51]
 207:Core/Src/vl53l1_core.c **** 
 212              		.loc 1 207 3 is_stmt 1 view .LVU72
 213 0074 D4E7     		b	.L5
 214              	.L14:
 200:Core/Src/vl53l1_core.c **** 					VL53L1_DEVICESTATE_RANGING_OUTPUT_DATA;
 215              		.loc 1 200 5 view .LVU73
 200:Core/Src/vl53l1_core.c **** 					VL53L1_DEVICESTATE_RANGING_OUTPUT_DATA;
 216              		.loc 1 200 29 is_stmt 0 view .LVU74
 217 0076 0823     		movs	r3, #8
 218 0078 80F83030 		strb	r3, [r0, #48]
 219 007c F5E7     		b	.L15
 220              	.L12:
 211:Core/Src/vl53l1_core.c **** 			pstate->rd_device_state =
 221              		.loc 1 211 4 is_stmt 1 view .LVU75
 211:Core/Src/vl53l1_core.c **** 			pstate->rd_device_state =
 222              		.loc 1 211 28 is_stmt 0 view .LVU76
 223 007e 0023     		movs	r3, #0
 224 0080 80F83130 		strb	r3, [r0, #49]
 212:Core/Src/vl53l1_core.c **** 				VL53L1_DEVICESTATE_RANGING_OUTPUT_DATA;
 225              		.loc 1 212 4 is_stmt 1 view .LVU77
 212:Core/Src/vl53l1_core.c **** 				VL53L1_DEVICESTATE_RANGING_OUTPUT_DATA;
 226              		.loc 1 212 28 is_stmt 0 view .LVU78
 227 0084 0823     		movs	r3, #8
 228 0086 80F83030 		strb	r3, [r0, #48]
 215:Core/Src/vl53l1_core.c **** 
 229              		.loc 1 215 3 is_stmt 1 view .LVU79
 230 008a C9E7     		b	.L5
 231              	.L11:
 219:Core/Src/vl53l1_core.c **** 				VL53L1_DEVICESTATE_RANGING_OUTPUT_DATA;
 232              		.loc 1 219 4 view .LVU80
 219:Core/Src/vl53l1_core.c **** 				VL53L1_DEVICESTATE_RANGING_OUTPUT_DATA;
 233              		.loc 1 219 28 is_stmt 0 view .LVU81
 234 008c 0823     		movs	r3, #8
 235 008e 80F83030 		strb	r3, [r0, #48]
ARM GAS  C:\Users\Lenovo\AppData\Local\Temp\cc9EJylw.s 			page 10


 222:Core/Src/vl53l1_core.c **** 
 236              		.loc 1 222 3 is_stmt 1 view .LVU82
 237 0092 C5E7     		b	.L5
 238              	.L9:
 226:Core/Src/vl53l1_core.c **** 
 239              		.loc 1 226 4 view .LVU83
 226:Core/Src/vl53l1_core.c **** 
 240              		.loc 1 226 29 is_stmt 0 view .LVU84
 241 0094 90F83330 		ldrb	r3, [r0, #51]	@ zero_extendqisi2
 242 0098 83F00103 		eor	r3, r3, #1
 243 009c 80F83330 		strb	r3, [r0, #51]
 228:Core/Src/vl53l1_core.c **** 				VL53L1_DEVICESTATE_RANGING_OUTPUT_DATA;
 244              		.loc 1 228 4 is_stmt 1 view .LVU85
 228:Core/Src/vl53l1_core.c **** 				VL53L1_DEVICESTATE_RANGING_OUTPUT_DATA;
 245              		.loc 1 228 28 is_stmt 0 view .LVU86
 246 00a0 0823     		movs	r3, #8
 247 00a2 80F83030 		strb	r3, [r0, #48]
 231:Core/Src/vl53l1_core.c **** 
 248              		.loc 1 231 3 is_stmt 1 view .LVU87
 249 00a6 BBE7     		b	.L5
 250              	.L8:
 235:Core/Src/vl53l1_core.c **** 				VL53L1_DEVICESTATE_SW_STANDBY;
 251              		.loc 1 235 4 view .LVU88
 235:Core/Src/vl53l1_core.c **** 				VL53L1_DEVICESTATE_SW_STANDBY;
 252              		.loc 1 235 29 is_stmt 0 view .LVU89
 253 00a8 0323     		movs	r3, #3
 254 00aa 80F83030 		strb	r3, [r0, #48]
 237:Core/Src/vl53l1_core.c **** 			pstate->rd_gph_id = VL53L1_GROUPEDPARAMETERHOLD_ID_MASK;
 255              		.loc 1 237 4 is_stmt 1 view .LVU90
 237:Core/Src/vl53l1_core.c **** 			pstate->rd_gph_id = VL53L1_GROUPEDPARAMETERHOLD_ID_MASK;
 256              		.loc 1 237 29 is_stmt 0 view .LVU91
 257 00ae 0023     		movs	r3, #0
 258 00b0 80F83130 		strb	r3, [r0, #49]
 238:Core/Src/vl53l1_core.c **** 			pstate->rd_timing_status = 0;
 259              		.loc 1 238 4 is_stmt 1 view .LVU92
 238:Core/Src/vl53l1_core.c **** 			pstate->rd_timing_status = 0;
 260              		.loc 1 238 22 is_stmt 0 view .LVU93
 261 00b4 0222     		movs	r2, #2
 262 00b6 80F83220 		strb	r2, [r0, #50]
 239:Core/Src/vl53l1_core.c **** 
 263              		.loc 1 239 4 is_stmt 1 view .LVU94
 239:Core/Src/vl53l1_core.c **** 
 264              		.loc 1 239 29 is_stmt 0 view .LVU95
 265 00ba 80F83330 		strb	r3, [r0, #51]
 241:Core/Src/vl53l1_core.c **** 		}
 266              		.loc 1 241 3 is_stmt 1 view .LVU96
 267 00be AFE7     		b	.L5
 268              		.cfi_endproc
 269              	.LFE5:
 271              		.section	.text.VL53L1_check_ll_driver_rd_state,"ax",%progbits
 272              		.align	1
 273              		.global	VL53L1_check_ll_driver_rd_state
 274              		.syntax unified
 275              		.thumb
 276              		.thumb_func
 278              	VL53L1_check_ll_driver_rd_state:
 279              	.LVL5:
ARM GAS  C:\Users\Lenovo\AppData\Local\Temp\cc9EJylw.s 			page 11


 280              	.LFB6:
 253:Core/Src/vl53l1_core.c **** 
 254:Core/Src/vl53l1_core.c **** 
 255:Core/Src/vl53l1_core.c **** VL53L1_Error VL53L1_check_ll_driver_rd_state(
 256:Core/Src/vl53l1_core.c **** 	VL53L1_DEV         Dev)
 257:Core/Src/vl53l1_core.c **** {
 281              		.loc 1 257 1 view -0
 282              		.cfi_startproc
 283              		@ args = 0, pretend = 0, frame = 0
 284              		@ frame_needed = 0, uses_anonymous_args = 0
 285              		@ link register save eliminated.
 286              		.loc 1 257 1 is_stmt 0 view .LVU98
 287 0000 0346     		mov	r3, r0
 258:Core/Src/vl53l1_core.c **** 	/*
 259:Core/Src/vl53l1_core.c **** 	 * Checks if the LL Driver Read state and expected stream count
 260:Core/Src/vl53l1_core.c **** 	 * matches the state and stream count received from the device
 261:Core/Src/vl53l1_core.c **** 	 *
 262:Core/Src/vl53l1_core.c **** 	 * Check is only use in back to back mode
 263:Core/Src/vl53l1_core.c **** 	 */
 264:Core/Src/vl53l1_core.c **** 
 265:Core/Src/vl53l1_core.c **** 	VL53L1_Error         status = VL53L1_ERROR_NONE;
 288              		.loc 1 265 2 is_stmt 1 view .LVU99
 289              	.LVL6:
 266:Core/Src/vl53l1_core.c **** 	VL53L1_LLDriverData_t  *pdev =
 290              		.loc 1 266 2 view .LVU100
 267:Core/Src/vl53l1_core.c **** 			VL53L1DevStructGetLLDriverHandle(Dev);
 268:Core/Src/vl53l1_core.c **** 
 269:Core/Src/vl53l1_core.c **** 	VL53L1_ll_driver_state_t  *pstate       = &(pdev->ll_state);
 291              		.loc 1 269 2 view .LVU101
 270:Core/Src/vl53l1_core.c **** 	VL53L1_system_results_t   *psys_results = &(pdev->sys_results);
 292              		.loc 1 270 2 view .LVU102
 271:Core/Src/vl53l1_core.c **** 
 272:Core/Src/vl53l1_core.c **** 	uint8_t   device_range_status   = 0;
 293              		.loc 1 272 2 view .LVU103
 273:Core/Src/vl53l1_core.c **** 	uint8_t   device_stream_count   = 0;
 294              		.loc 1 273 2 view .LVU104
 274:Core/Src/vl53l1_core.c **** 	uint8_t   device_gph_id         = 0;
 295              		.loc 1 274 2 view .LVU105
 275:Core/Src/vl53l1_core.c **** 
 276:Core/Src/vl53l1_core.c **** 	LOG_FUNCTION_START("");
 296              		.loc 1 276 24 view .LVU106
 277:Core/Src/vl53l1_core.c **** 
 278:Core/Src/vl53l1_core.c **** #ifdef VL53L1_LOGGING
 279:Core/Src/vl53l1_core.c **** 	VL53L1_print_ll_driver_state(pstate);
 280:Core/Src/vl53l1_core.c **** #endif
 281:Core/Src/vl53l1_core.c **** 
 282:Core/Src/vl53l1_core.c **** 	device_range_status =
 297              		.loc 1 282 2 view .LVU107
 283:Core/Src/vl53l1_core.c **** 			psys_results->result__range_status &
 298              		.loc 1 283 16 is_stmt 0 view .LVU108
 299 0002 90F8CF21 		ldrb	r2, [r0, #463]	@ zero_extendqisi2
 282:Core/Src/vl53l1_core.c **** 			psys_results->result__range_status &
 300              		.loc 1 282 22 view .LVU109
 301 0006 02F01F01 		and	r1, r2, #31
 302              	.LVL7:
 284:Core/Src/vl53l1_core.c **** 			VL53L1_RANGE_STATUS__RANGE_STATUS_MASK;
 285:Core/Src/vl53l1_core.c **** 
ARM GAS  C:\Users\Lenovo\AppData\Local\Temp\cc9EJylw.s 			page 12


 286:Core/Src/vl53l1_core.c **** 	device_stream_count = psys_results->result__stream_count;
 303              		.loc 1 286 2 is_stmt 1 view .LVU110
 304              		.loc 1 286 22 is_stmt 0 view .LVU111
 305 000a 90F8D1C1 		ldrb	ip, [r0, #465]	@ zero_extendqisi2
 306              	.LVL8:
 287:Core/Src/vl53l1_core.c **** 
 288:Core/Src/vl53l1_core.c **** 	/* load the correct GPH ID */
 289:Core/Src/vl53l1_core.c **** 	device_gph_id = (psys_results->result__interrupt_status &
 307              		.loc 1 289 2 is_stmt 1 view .LVU112
 308              		.loc 1 289 31 is_stmt 0 view .LVU113
 309 000e 90F8CE21 		ldrb	r2, [r0, #462]	@ zero_extendqisi2
 290:Core/Src/vl53l1_core.c **** 		VL53L1_INTERRUPT_STATUS__GPH_ID_INT_STATUS_MASK) >> 4;
 310              		.loc 1 290 52 view .LVU114
 311 0012 1209     		lsrs	r2, r2, #4
 289:Core/Src/vl53l1_core.c **** 		VL53L1_INTERRUPT_STATUS__GPH_ID_INT_STATUS_MASK) >> 4;
 312              		.loc 1 289 16 view .LVU115
 313 0014 02F00202 		and	r2, r2, #2
 314              	.LVL9:
 291:Core/Src/vl53l1_core.c **** 
 292:Core/Src/vl53l1_core.c **** 	/* only apply checks in back to back mode */
 293:Core/Src/vl53l1_core.c **** 
 294:Core/Src/vl53l1_core.c **** 	if ((pdev->sys_ctrl.system__mode_start &
 315              		.loc 1 294 2 is_stmt 1 view .LVU116
 316              		.loc 1 294 21 is_stmt 0 view .LVU117
 317 0018 90F8CC01 		ldrb	r0, [r0, #460]	@ zero_extendqisi2
 318              	.LVL10:
 319              		.loc 1 294 5 view .LVU118
 320 001c 10F0200F 		tst	r0, #32
 321 0020 14D0     		beq	.L21
 295:Core/Src/vl53l1_core.c **** 		VL53L1_DEVICEMEASUREMENTMODE_BACKTOBACK) ==
 296:Core/Src/vl53l1_core.c **** 		VL53L1_DEVICEMEASUREMENTMODE_BACKTOBACK) {
 297:Core/Src/vl53l1_core.c **** 
 298:Core/Src/vl53l1_core.c **** 		/* if read state is wait for GPH sync interrupt then check the
 299:Core/Src/vl53l1_core.c **** 		 * device returns a GPH range status value otherwise check that
 300:Core/Src/vl53l1_core.c **** 		 * the stream count matches
 301:Core/Src/vl53l1_core.c **** 		 *
 302:Core/Src/vl53l1_core.c **** 		 * In theory the stream count should zero for the GPH interrupt
 303:Core/Src/vl53l1_core.c **** 		 * but that is not the case after at abort ....
 304:Core/Src/vl53l1_core.c **** 		 */
 305:Core/Src/vl53l1_core.c **** 
 306:Core/Src/vl53l1_core.c **** 		if (pstate->rd_device_state ==
 322              		.loc 1 306 3 is_stmt 1 view .LVU119
 323              		.loc 1 306 13 is_stmt 0 view .LVU120
 324 0022 93F83000 		ldrb	r0, [r3, #48]	@ zero_extendqisi2
 325              		.loc 1 306 6 view .LVU121
 326 0026 0628     		cmp	r0, #6
 327 0028 0AD0     		beq	.L25
 307:Core/Src/vl53l1_core.c **** 			VL53L1_DEVICESTATE_RANGING_WAIT_GPH_SYNC) {
 308:Core/Src/vl53l1_core.c **** 
 309:Core/Src/vl53l1_core.c **** 			if (device_range_status !=
 310:Core/Src/vl53l1_core.c **** 				VL53L1_DEVICEERROR_GPHSTREAMCOUNT0READY) {
 311:Core/Src/vl53l1_core.c **** 				status = VL53L1_ERROR_GPH_SYNC_CHECK_FAIL;
 312:Core/Src/vl53l1_core.c **** 			}
 313:Core/Src/vl53l1_core.c **** 		} else {
 314:Core/Src/vl53l1_core.c **** 			if (pstate->rd_stream_count != device_stream_count) {
 328              		.loc 1 314 4 is_stmt 1 view .LVU122
 329              		.loc 1 314 14 is_stmt 0 view .LVU123
ARM GAS  C:\Users\Lenovo\AppData\Local\Temp\cc9EJylw.s 			page 13


 330 002a 93F83110 		ldrb	r1, [r3, #49]	@ zero_extendqisi2
 331              	.LVL11:
 332              		.loc 1 314 7 view .LVU124
 333 002e 6145     		cmp	r1, ip
 334 0030 0AD0     		beq	.L26
 315:Core/Src/vl53l1_core.c **** 				status = VL53L1_ERROR_STREAM_COUNT_CHECK_FAIL;
 335              		.loc 1 315 12 view .LVU125
 336 0032 6FF01100 		mvn	r0, #17
 337              	.L20:
 338              	.LVL12:
 316:Core/Src/vl53l1_core.c **** 			}
 317:Core/Src/vl53l1_core.c **** 
 318:Core/Src/vl53l1_core.c **** 		/*
 319:Core/Src/vl53l1_core.c **** 		 * Check Read state GPH ID
 320:Core/Src/vl53l1_core.c **** 		 */
 321:Core/Src/vl53l1_core.c **** 
 322:Core/Src/vl53l1_core.c **** 		if (pstate->rd_gph_id != device_gph_id) {
 339              		.loc 1 322 3 is_stmt 1 view .LVU126
 340              		.loc 1 322 13 is_stmt 0 view .LVU127
 341 0036 93F83230 		ldrb	r3, [r3, #50]	@ zero_extendqisi2
 342              	.LVL13:
 343              		.loc 1 322 6 view .LVU128
 344 003a 9342     		cmp	r3, r2
 345 003c 0BD1     		bne	.L27
 346              	.LVL14:
 347              	.L18:
 323:Core/Src/vl53l1_core.c **** 			status = VL53L1_ERROR_GPH_ID_CHECK_FAIL;
 324:Core/Src/vl53l1_core.c **** #ifdef VL53L1_LOGGING
 325:Core/Src/vl53l1_core.c **** 				trace_print(VL53L1_TRACE_LEVEL_ALL,
 326:Core/Src/vl53l1_core.c **** 					"    RDSTATECHECK: Check failed: rd_gph_id: %d, device_gph_id: %d\n",
 327:Core/Src/vl53l1_core.c **** 					pstate->rd_gph_id,
 328:Core/Src/vl53l1_core.c **** 					device_gph_id);
 329:Core/Src/vl53l1_core.c **** #endif
 330:Core/Src/vl53l1_core.c **** 			} else {
 331:Core/Src/vl53l1_core.c **** #ifdef VL53L1_LOGGING
 332:Core/Src/vl53l1_core.c **** 				trace_print(VL53L1_TRACE_LEVEL_ALL,
 333:Core/Src/vl53l1_core.c **** 					"    RDSTATECHECK: Check passed: rd_gph_id: %d, device_gph_id: %d\n",
 334:Core/Src/vl53l1_core.c **** 					pstate->rd_gph_id,
 335:Core/Src/vl53l1_core.c **** 					device_gph_id);
 336:Core/Src/vl53l1_core.c **** #endif
 337:Core/Src/vl53l1_core.c **** 			}
 348              		.loc 1 337 4 is_stmt 1 view .LVU129
 338:Core/Src/vl53l1_core.c **** 
 339:Core/Src/vl53l1_core.c **** 		} /* else (not in WAIT_GPH_SYNC) */
 340:Core/Src/vl53l1_core.c **** 
 341:Core/Src/vl53l1_core.c **** 	} /* if back to back */
 342:Core/Src/vl53l1_core.c **** 
 343:Core/Src/vl53l1_core.c **** 	LOG_FUNCTION_END(status);
 349              		.loc 1 343 26 view .LVU130
 344:Core/Src/vl53l1_core.c **** 
 345:Core/Src/vl53l1_core.c **** 	return status;
 350              		.loc 1 345 2 view .LVU131
 346:Core/Src/vl53l1_core.c **** }
 351              		.loc 1 346 1 is_stmt 0 view .LVU132
 352 003e 7047     		bx	lr
 353              	.LVL15:
 354              	.L25:
ARM GAS  C:\Users\Lenovo\AppData\Local\Temp\cc9EJylw.s 			page 14


 309:Core/Src/vl53l1_core.c **** 				VL53L1_DEVICEERROR_GPHSTREAMCOUNT0READY) {
 355              		.loc 1 309 4 is_stmt 1 view .LVU133
 309:Core/Src/vl53l1_core.c **** 				VL53L1_DEVICEERROR_GPHSTREAMCOUNT0READY) {
 356              		.loc 1 309 7 is_stmt 0 view .LVU134
 357 0040 1229     		cmp	r1, #18
 358 0042 05D1     		bne	.L22
 265:Core/Src/vl53l1_core.c **** 	VL53L1_LLDriverData_t  *pdev =
 359              		.loc 1 265 23 view .LVU135
 360 0044 0020     		movs	r0, #0
 361 0046 7047     		bx	lr
 362              	.LVL16:
 363              	.L26:
 265:Core/Src/vl53l1_core.c **** 	VL53L1_LLDriverData_t  *pdev =
 364              		.loc 1 265 23 view .LVU136
 365 0048 0020     		movs	r0, #0
 366 004a F4E7     		b	.L20
 367              	.LVL17:
 368              	.L21:
 265:Core/Src/vl53l1_core.c **** 	VL53L1_LLDriverData_t  *pdev =
 369              		.loc 1 265 23 view .LVU137
 370 004c 0020     		movs	r0, #0
 371 004e 7047     		bx	lr
 372              	.L22:
 311:Core/Src/vl53l1_core.c **** 			}
 373              		.loc 1 311 12 view .LVU138
 374 0050 6FF01000 		mvn	r0, #16
 375 0054 7047     		bx	lr
 376              	.LVL18:
 377              	.L27:
 323:Core/Src/vl53l1_core.c **** #ifdef VL53L1_LOGGING
 378              		.loc 1 323 11 view .LVU139
 379 0056 6FF01200 		mvn	r0, #18
 380              	.LVL19:
 323:Core/Src/vl53l1_core.c **** #ifdef VL53L1_LOGGING
 381              		.loc 1 323 11 view .LVU140
 382 005a F0E7     		b	.L18
 383              		.cfi_endproc
 384              	.LFE6:
 386              		.section	.text.VL53L1_update_ll_driver_cfg_state,"ax",%progbits
 387              		.align	1
 388              		.global	VL53L1_update_ll_driver_cfg_state
 389              		.syntax unified
 390              		.thumb
 391              		.thumb_func
 393              	VL53L1_update_ll_driver_cfg_state:
 394              	.LVL20:
 395              	.LFB7:
 347:Core/Src/vl53l1_core.c **** 
 348:Core/Src/vl53l1_core.c **** 
 349:Core/Src/vl53l1_core.c **** VL53L1_Error  VL53L1_update_ll_driver_cfg_state(
 350:Core/Src/vl53l1_core.c **** 	VL53L1_DEV         Dev)
 351:Core/Src/vl53l1_core.c **** {
 396              		.loc 1 351 1 is_stmt 1 view -0
 397              		.cfi_startproc
 398              		@ args = 0, pretend = 0, frame = 0
 399              		@ frame_needed = 0, uses_anonymous_args = 0
 400              		@ link register save eliminated.
ARM GAS  C:\Users\Lenovo\AppData\Local\Temp\cc9EJylw.s 			page 15


 352:Core/Src/vl53l1_core.c **** 	/**
 353:Core/Src/vl53l1_core.c **** 	 * State machine for configuration device state
 354:Core/Src/vl53l1_core.c **** 	 */
 355:Core/Src/vl53l1_core.c **** 
 356:Core/Src/vl53l1_core.c **** 	VL53L1_Error         status = VL53L1_ERROR_NONE;
 401              		.loc 1 356 2 view .LVU142
 357:Core/Src/vl53l1_core.c **** 	VL53L1_LLDriverData_t  *pdev =
 402              		.loc 1 357 2 view .LVU143
 358:Core/Src/vl53l1_core.c **** 			VL53L1DevStructGetLLDriverHandle(Dev);
 359:Core/Src/vl53l1_core.c **** 
 360:Core/Src/vl53l1_core.c **** 	VL53L1_ll_driver_state_t *pstate = &(pdev->ll_state);
 403              		.loc 1 360 2 view .LVU144
 361:Core/Src/vl53l1_core.c **** 
 362:Core/Src/vl53l1_core.c **** 	LOG_FUNCTION_START("");
 404              		.loc 1 362 24 view .LVU145
 363:Core/Src/vl53l1_core.c **** 
 364:Core/Src/vl53l1_core.c **** #ifdef VL53L1_LOGGING
 365:Core/Src/vl53l1_core.c **** 	VL53L1_print_ll_driver_state(pstate);
 366:Core/Src/vl53l1_core.c **** #endif
 367:Core/Src/vl53l1_core.c **** 
 368:Core/Src/vl53l1_core.c **** 	/* if top bits of mode start reset are zero then in standby state */
 369:Core/Src/vl53l1_core.c **** 
 370:Core/Src/vl53l1_core.c **** 	if ((pdev->sys_ctrl.system__mode_start &
 405              		.loc 1 370 2 view .LVU146
 406              		.loc 1 370 21 is_stmt 0 view .LVU147
 407 0000 90F8CC31 		ldrb	r3, [r0, #460]	@ zero_extendqisi2
 408              		.loc 1 370 5 view .LVU148
 409 0004 13F0F00F 		tst	r3, #240
 410 0008 0CD1     		bne	.L29
 371:Core/Src/vl53l1_core.c **** 		VL53L1_DEVICEMEASUREMENTMODE_MODE_MASK) == 0x00) {
 372:Core/Src/vl53l1_core.c **** 
 373:Core/Src/vl53l1_core.c **** 		pstate->cfg_device_state  = VL53L1_DEVICESTATE_SW_STANDBY;
 411              		.loc 1 373 3 is_stmt 1 view .LVU149
 412              		.loc 1 373 29 is_stmt 0 view .LVU150
 413 000a 0323     		movs	r3, #3
 414 000c 80F82C30 		strb	r3, [r0, #44]
 374:Core/Src/vl53l1_core.c **** 		pstate->cfg_stream_count  = 0;
 415              		.loc 1 374 3 is_stmt 1 view .LVU151
 416              		.loc 1 374 29 is_stmt 0 view .LVU152
 417 0010 0023     		movs	r3, #0
 418 0012 80F82D30 		strb	r3, [r0, #45]
 375:Core/Src/vl53l1_core.c **** 		pstate->cfg_gph_id = VL53L1_GROUPEDPARAMETERHOLD_ID_MASK;
 419              		.loc 1 375 3 is_stmt 1 view .LVU153
 420              		.loc 1 375 22 is_stmt 0 view .LVU154
 421 0016 0222     		movs	r2, #2
 422 0018 80F82E20 		strb	r2, [r0, #46]
 376:Core/Src/vl53l1_core.c **** 		pstate->cfg_timing_status = 0;
 423              		.loc 1 376 3 is_stmt 1 view .LVU155
 424              		.loc 1 376 29 is_stmt 0 view .LVU156
 425 001c 80F82F30 		strb	r3, [r0, #47]
 426              	.L30:
 377:Core/Src/vl53l1_core.c **** 
 378:Core/Src/vl53l1_core.c **** 	} else {
 379:Core/Src/vl53l1_core.c **** 
 380:Core/Src/vl53l1_core.c **** 		/*
 381:Core/Src/vl53l1_core.c **** 		 * implement configuration stream count
 382:Core/Src/vl53l1_core.c **** 		 */
ARM GAS  C:\Users\Lenovo\AppData\Local\Temp\cc9EJylw.s 			page 16


 383:Core/Src/vl53l1_core.c **** 
 384:Core/Src/vl53l1_core.c **** 		if (pstate->cfg_stream_count == 0xFF) {
 385:Core/Src/vl53l1_core.c **** 			pstate->cfg_stream_count = 0x80;
 386:Core/Src/vl53l1_core.c **** 		} else {
 387:Core/Src/vl53l1_core.c **** 			pstate->cfg_stream_count++;
 388:Core/Src/vl53l1_core.c **** 		}
 389:Core/Src/vl53l1_core.c **** 
 390:Core/Src/vl53l1_core.c **** 		/*
 391:Core/Src/vl53l1_core.c **** 		 * Toggle grouped parameter hold ID
 392:Core/Src/vl53l1_core.c **** 		 */
 393:Core/Src/vl53l1_core.c **** 
 394:Core/Src/vl53l1_core.c **** 		pstate->cfg_gph_id ^= VL53L1_GROUPEDPARAMETERHOLD_ID_MASK;
 395:Core/Src/vl53l1_core.c **** 
 396:Core/Src/vl53l1_core.c **** 		/*
 397:Core/Src/vl53l1_core.c **** 		 * Implement configuration state machine
 398:Core/Src/vl53l1_core.c **** 		 */
 399:Core/Src/vl53l1_core.c **** 
 400:Core/Src/vl53l1_core.c **** 		switch (pstate->cfg_device_state) {
 401:Core/Src/vl53l1_core.c **** 
 402:Core/Src/vl53l1_core.c **** 		case VL53L1_DEVICESTATE_SW_STANDBY:
 403:Core/Src/vl53l1_core.c **** 
 404:Core/Src/vl53l1_core.c **** 			pstate->cfg_timing_status ^= 0x01;
 405:Core/Src/vl53l1_core.c **** 			pstate->cfg_stream_count = 1;
 406:Core/Src/vl53l1_core.c **** 
 407:Core/Src/vl53l1_core.c **** 			pstate->cfg_device_state = VL53L1_DEVICESTATE_RANGING_DSS_AUTO;
 408:Core/Src/vl53l1_core.c **** 		break;
 409:Core/Src/vl53l1_core.c **** 
 410:Core/Src/vl53l1_core.c **** 		case VL53L1_DEVICESTATE_RANGING_DSS_AUTO:
 411:Core/Src/vl53l1_core.c **** 
 412:Core/Src/vl53l1_core.c **** 			pstate->cfg_timing_status ^= 0x01;
 413:Core/Src/vl53l1_core.c **** 
 414:Core/Src/vl53l1_core.c **** 		break;
 415:Core/Src/vl53l1_core.c **** 
 416:Core/Src/vl53l1_core.c **** 		default:
 417:Core/Src/vl53l1_core.c **** 
 418:Core/Src/vl53l1_core.c **** 			pstate->cfg_device_state = VL53L1_DEVICESTATE_SW_STANDBY;
 419:Core/Src/vl53l1_core.c **** 			pstate->cfg_stream_count = 0;
 420:Core/Src/vl53l1_core.c **** 			pstate->cfg_gph_id = VL53L1_GROUPEDPARAMETERHOLD_ID_MASK;
 421:Core/Src/vl53l1_core.c **** 			pstate->cfg_timing_status = 0;
 422:Core/Src/vl53l1_core.c **** 
 423:Core/Src/vl53l1_core.c **** 		break;
 424:Core/Src/vl53l1_core.c **** 		}
 425:Core/Src/vl53l1_core.c **** 	}
 426:Core/Src/vl53l1_core.c **** 
 427:Core/Src/vl53l1_core.c **** #ifdef VL53L1_LOGGING
 428:Core/Src/vl53l1_core.c **** 	VL53L1_print_ll_driver_state(pstate);
 429:Core/Src/vl53l1_core.c **** #endif
 430:Core/Src/vl53l1_core.c **** 
 431:Core/Src/vl53l1_core.c **** 	LOG_FUNCTION_END(status);
 427              		.loc 1 431 26 is_stmt 1 view .LVU157
 432:Core/Src/vl53l1_core.c **** 
 433:Core/Src/vl53l1_core.c **** 	return status;
 428              		.loc 1 433 2 view .LVU158
 434:Core/Src/vl53l1_core.c **** }
 429              		.loc 1 434 1 is_stmt 0 view .LVU159
 430 0020 0020     		movs	r0, #0
 431              	.LVL21:
ARM GAS  C:\Users\Lenovo\AppData\Local\Temp\cc9EJylw.s 			page 17


 432              		.loc 1 434 1 view .LVU160
 433 0022 7047     		bx	lr
 434              	.LVL22:
 435              	.L29:
 384:Core/Src/vl53l1_core.c **** 			pstate->cfg_stream_count = 0x80;
 436              		.loc 1 384 3 is_stmt 1 view .LVU161
 384:Core/Src/vl53l1_core.c **** 			pstate->cfg_stream_count = 0x80;
 437              		.loc 1 384 13 is_stmt 0 view .LVU162
 438 0024 90F82D30 		ldrb	r3, [r0, #45]	@ zero_extendqisi2
 384:Core/Src/vl53l1_core.c **** 			pstate->cfg_stream_count = 0x80;
 439              		.loc 1 384 6 view .LVU163
 440 0028 FF2B     		cmp	r3, #255
 441 002a 1AD0     		beq	.L37
 387:Core/Src/vl53l1_core.c **** 		}
 442              		.loc 1 387 4 is_stmt 1 view .LVU164
 387:Core/Src/vl53l1_core.c **** 		}
 443              		.loc 1 387 28 is_stmt 0 view .LVU165
 444 002c 0133     		adds	r3, r3, #1
 445 002e 80F82D30 		strb	r3, [r0, #45]
 446              	.L32:
 394:Core/Src/vl53l1_core.c **** 
 447              		.loc 1 394 3 is_stmt 1 view .LVU166
 394:Core/Src/vl53l1_core.c **** 
 448              		.loc 1 394 22 is_stmt 0 view .LVU167
 449 0032 90F82E30 		ldrb	r3, [r0, #46]	@ zero_extendqisi2
 450 0036 83F00203 		eor	r3, r3, #2
 451 003a 80F82E30 		strb	r3, [r0, #46]
 400:Core/Src/vl53l1_core.c **** 
 452              		.loc 1 400 3 is_stmt 1 view .LVU168
 400:Core/Src/vl53l1_core.c **** 
 453              		.loc 1 400 17 is_stmt 0 view .LVU169
 454 003e 90F82C30 		ldrb	r3, [r0, #44]	@ zero_extendqisi2
 400:Core/Src/vl53l1_core.c **** 
 455              		.loc 1 400 3 view .LVU170
 456 0042 032B     		cmp	r3, #3
 457 0044 11D0     		beq	.L33
 458 0046 042B     		cmp	r3, #4
 459 0048 1CD0     		beq	.L34
 418:Core/Src/vl53l1_core.c **** 			pstate->cfg_stream_count = 0;
 460              		.loc 1 418 4 is_stmt 1 view .LVU171
 418:Core/Src/vl53l1_core.c **** 			pstate->cfg_stream_count = 0;
 461              		.loc 1 418 29 is_stmt 0 view .LVU172
 462 004a 0323     		movs	r3, #3
 463 004c 80F82C30 		strb	r3, [r0, #44]
 419:Core/Src/vl53l1_core.c **** 			pstate->cfg_gph_id = VL53L1_GROUPEDPARAMETERHOLD_ID_MASK;
 464              		.loc 1 419 4 is_stmt 1 view .LVU173
 419:Core/Src/vl53l1_core.c **** 			pstate->cfg_gph_id = VL53L1_GROUPEDPARAMETERHOLD_ID_MASK;
 465              		.loc 1 419 29 is_stmt 0 view .LVU174
 466 0050 0023     		movs	r3, #0
 467 0052 80F82D30 		strb	r3, [r0, #45]
 420:Core/Src/vl53l1_core.c **** 			pstate->cfg_timing_status = 0;
 468              		.loc 1 420 4 is_stmt 1 view .LVU175
 420:Core/Src/vl53l1_core.c **** 			pstate->cfg_timing_status = 0;
 469              		.loc 1 420 23 is_stmt 0 view .LVU176
 470 0056 0222     		movs	r2, #2
 471 0058 80F82E20 		strb	r2, [r0, #46]
 421:Core/Src/vl53l1_core.c **** 
ARM GAS  C:\Users\Lenovo\AppData\Local\Temp\cc9EJylw.s 			page 18


 472              		.loc 1 421 4 is_stmt 1 view .LVU177
 421:Core/Src/vl53l1_core.c **** 
 473              		.loc 1 421 30 is_stmt 0 view .LVU178
 474 005c 80F82F30 		strb	r3, [r0, #47]
 423:Core/Src/vl53l1_core.c **** 		}
 475              		.loc 1 423 3 is_stmt 1 view .LVU179
 476 0060 DEE7     		b	.L30
 477              	.L37:
 385:Core/Src/vl53l1_core.c **** 		} else {
 478              		.loc 1 385 4 view .LVU180
 385:Core/Src/vl53l1_core.c **** 		} else {
 479              		.loc 1 385 29 is_stmt 0 view .LVU181
 480 0062 8023     		movs	r3, #128
 481 0064 80F82D30 		strb	r3, [r0, #45]
 482 0068 E3E7     		b	.L32
 483              	.L33:
 404:Core/Src/vl53l1_core.c **** 			pstate->cfg_stream_count = 1;
 484              		.loc 1 404 4 is_stmt 1 view .LVU182
 404:Core/Src/vl53l1_core.c **** 			pstate->cfg_stream_count = 1;
 485              		.loc 1 404 30 is_stmt 0 view .LVU183
 486 006a 90F82F30 		ldrb	r3, [r0, #47]	@ zero_extendqisi2
 487 006e 83F00103 		eor	r3, r3, #1
 488 0072 80F82F30 		strb	r3, [r0, #47]
 405:Core/Src/vl53l1_core.c **** 
 489              		.loc 1 405 4 is_stmt 1 view .LVU184
 405:Core/Src/vl53l1_core.c **** 
 490              		.loc 1 405 29 is_stmt 0 view .LVU185
 491 0076 0123     		movs	r3, #1
 492 0078 80F82D30 		strb	r3, [r0, #45]
 407:Core/Src/vl53l1_core.c **** 		break;
 493              		.loc 1 407 4 is_stmt 1 view .LVU186
 407:Core/Src/vl53l1_core.c **** 		break;
 494              		.loc 1 407 29 is_stmt 0 view .LVU187
 495 007c 0423     		movs	r3, #4
 496 007e 80F82C30 		strb	r3, [r0, #44]
 408:Core/Src/vl53l1_core.c **** 
 497              		.loc 1 408 3 is_stmt 1 view .LVU188
 498 0082 CDE7     		b	.L30
 499              	.L34:
 412:Core/Src/vl53l1_core.c **** 
 500              		.loc 1 412 4 view .LVU189
 412:Core/Src/vl53l1_core.c **** 
 501              		.loc 1 412 30 is_stmt 0 view .LVU190
 502 0084 90F82F30 		ldrb	r3, [r0, #47]	@ zero_extendqisi2
 503 0088 83F00103 		eor	r3, r3, #1
 504 008c 80F82F30 		strb	r3, [r0, #47]
 414:Core/Src/vl53l1_core.c **** 
 505              		.loc 1 414 3 is_stmt 1 view .LVU191
 506 0090 C6E7     		b	.L30
 507              		.cfi_endproc
 508              	.LFE7:
 510              		.section	.text.VL53L1_copy_rtn_good_spads_to_buffer,"ax",%progbits
 511              		.align	1
 512              		.global	VL53L1_copy_rtn_good_spads_to_buffer
 513              		.syntax unified
 514              		.thumb
 515              		.thumb_func
ARM GAS  C:\Users\Lenovo\AppData\Local\Temp\cc9EJylw.s 			page 19


 517              	VL53L1_copy_rtn_good_spads_to_buffer:
 518              	.LVL23:
 519              	.LFB8:
 435:Core/Src/vl53l1_core.c **** 
 436:Core/Src/vl53l1_core.c **** 
 437:Core/Src/vl53l1_core.c **** void VL53L1_copy_rtn_good_spads_to_buffer(
 438:Core/Src/vl53l1_core.c **** 	VL53L1_nvm_copy_data_t  *pdata,
 439:Core/Src/vl53l1_core.c **** 	uint8_t                 *pbuffer)
 440:Core/Src/vl53l1_core.c **** {
 520              		.loc 1 440 1 view -0
 521              		.cfi_startproc
 522              		@ args = 0, pretend = 0, frame = 0
 523              		@ frame_needed = 0, uses_anonymous_args = 0
 524              		@ link register save eliminated.
 441:Core/Src/vl53l1_core.c **** 	/*
 442:Core/Src/vl53l1_core.c **** 	 * Convenience function to copy return SPAD enables to buffer
 443:Core/Src/vl53l1_core.c **** 	 */
 444:Core/Src/vl53l1_core.c **** 
 445:Core/Src/vl53l1_core.c **** 	*(pbuffer +  0) = pdata->global_config__spad_enables_rtn_0;
 525              		.loc 1 445 2 view .LVU193
 526              		.loc 1 445 25 is_stmt 0 view .LVU194
 527 0000 037C     		ldrb	r3, [r0, #16]	@ zero_extendqisi2
 528              		.loc 1 445 18 view .LVU195
 529 0002 0B70     		strb	r3, [r1]
 446:Core/Src/vl53l1_core.c **** 	*(pbuffer +  1) = pdata->global_config__spad_enables_rtn_1;
 530              		.loc 1 446 2 is_stmt 1 view .LVU196
 531              		.loc 1 446 25 is_stmt 0 view .LVU197
 532 0004 437C     		ldrb	r3, [r0, #17]	@ zero_extendqisi2
 533              		.loc 1 446 18 view .LVU198
 534 0006 4B70     		strb	r3, [r1, #1]
 447:Core/Src/vl53l1_core.c **** 	*(pbuffer +  2) = pdata->global_config__spad_enables_rtn_2;
 535              		.loc 1 447 2 is_stmt 1 view .LVU199
 536              		.loc 1 447 25 is_stmt 0 view .LVU200
 537 0008 837C     		ldrb	r3, [r0, #18]	@ zero_extendqisi2
 538              		.loc 1 447 18 view .LVU201
 539 000a 8B70     		strb	r3, [r1, #2]
 448:Core/Src/vl53l1_core.c **** 	*(pbuffer +  3) = pdata->global_config__spad_enables_rtn_3;
 540              		.loc 1 448 2 is_stmt 1 view .LVU202
 541              		.loc 1 448 25 is_stmt 0 view .LVU203
 542 000c C37C     		ldrb	r3, [r0, #19]	@ zero_extendqisi2
 543              		.loc 1 448 18 view .LVU204
 544 000e CB70     		strb	r3, [r1, #3]
 449:Core/Src/vl53l1_core.c **** 	*(pbuffer +  4) = pdata->global_config__spad_enables_rtn_4;
 545              		.loc 1 449 2 is_stmt 1 view .LVU205
 546              		.loc 1 449 25 is_stmt 0 view .LVU206
 547 0010 037D     		ldrb	r3, [r0, #20]	@ zero_extendqisi2
 548              		.loc 1 449 18 view .LVU207
 549 0012 0B71     		strb	r3, [r1, #4]
 450:Core/Src/vl53l1_core.c **** 	*(pbuffer +  5) = pdata->global_config__spad_enables_rtn_5;
 550              		.loc 1 450 2 is_stmt 1 view .LVU208
 551              		.loc 1 450 25 is_stmt 0 view .LVU209
 552 0014 437D     		ldrb	r3, [r0, #21]	@ zero_extendqisi2
 553              		.loc 1 450 18 view .LVU210
 554 0016 4B71     		strb	r3, [r1, #5]
 451:Core/Src/vl53l1_core.c **** 	*(pbuffer +  6) = pdata->global_config__spad_enables_rtn_6;
 555              		.loc 1 451 2 is_stmt 1 view .LVU211
 556              		.loc 1 451 25 is_stmt 0 view .LVU212
ARM GAS  C:\Users\Lenovo\AppData\Local\Temp\cc9EJylw.s 			page 20


 557 0018 837D     		ldrb	r3, [r0, #22]	@ zero_extendqisi2
 558              		.loc 1 451 18 view .LVU213
 559 001a 8B71     		strb	r3, [r1, #6]
 452:Core/Src/vl53l1_core.c **** 	*(pbuffer +  7) = pdata->global_config__spad_enables_rtn_7;
 560              		.loc 1 452 2 is_stmt 1 view .LVU214
 561              		.loc 1 452 25 is_stmt 0 view .LVU215
 562 001c C37D     		ldrb	r3, [r0, #23]	@ zero_extendqisi2
 563              		.loc 1 452 18 view .LVU216
 564 001e CB71     		strb	r3, [r1, #7]
 453:Core/Src/vl53l1_core.c **** 	*(pbuffer +  8) = pdata->global_config__spad_enables_rtn_8;
 565              		.loc 1 453 2 is_stmt 1 view .LVU217
 566              		.loc 1 453 25 is_stmt 0 view .LVU218
 567 0020 037E     		ldrb	r3, [r0, #24]	@ zero_extendqisi2
 568              		.loc 1 453 18 view .LVU219
 569 0022 0B72     		strb	r3, [r1, #8]
 454:Core/Src/vl53l1_core.c **** 	*(pbuffer +  9) = pdata->global_config__spad_enables_rtn_9;
 570              		.loc 1 454 2 is_stmt 1 view .LVU220
 571              		.loc 1 454 25 is_stmt 0 view .LVU221
 572 0024 437E     		ldrb	r3, [r0, #25]	@ zero_extendqisi2
 573              		.loc 1 454 18 view .LVU222
 574 0026 4B72     		strb	r3, [r1, #9]
 455:Core/Src/vl53l1_core.c **** 	*(pbuffer + 10) = pdata->global_config__spad_enables_rtn_10;
 575              		.loc 1 455 2 is_stmt 1 view .LVU223
 576              		.loc 1 455 25 is_stmt 0 view .LVU224
 577 0028 837E     		ldrb	r3, [r0, #26]	@ zero_extendqisi2
 578              		.loc 1 455 18 view .LVU225
 579 002a 8B72     		strb	r3, [r1, #10]
 456:Core/Src/vl53l1_core.c **** 	*(pbuffer + 11) = pdata->global_config__spad_enables_rtn_11;
 580              		.loc 1 456 2 is_stmt 1 view .LVU226
 581              		.loc 1 456 25 is_stmt 0 view .LVU227
 582 002c C37E     		ldrb	r3, [r0, #27]	@ zero_extendqisi2
 583              		.loc 1 456 18 view .LVU228
 584 002e CB72     		strb	r3, [r1, #11]
 457:Core/Src/vl53l1_core.c **** 	*(pbuffer + 12) = pdata->global_config__spad_enables_rtn_12;
 585              		.loc 1 457 2 is_stmt 1 view .LVU229
 586              		.loc 1 457 25 is_stmt 0 view .LVU230
 587 0030 037F     		ldrb	r3, [r0, #28]	@ zero_extendqisi2
 588              		.loc 1 457 18 view .LVU231
 589 0032 0B73     		strb	r3, [r1, #12]
 458:Core/Src/vl53l1_core.c **** 	*(pbuffer + 13) = pdata->global_config__spad_enables_rtn_13;
 590              		.loc 1 458 2 is_stmt 1 view .LVU232
 591              		.loc 1 458 25 is_stmt 0 view .LVU233
 592 0034 437F     		ldrb	r3, [r0, #29]	@ zero_extendqisi2
 593              		.loc 1 458 18 view .LVU234
 594 0036 4B73     		strb	r3, [r1, #13]
 459:Core/Src/vl53l1_core.c **** 	*(pbuffer + 14) = pdata->global_config__spad_enables_rtn_14;
 595              		.loc 1 459 2 is_stmt 1 view .LVU235
 596              		.loc 1 459 25 is_stmt 0 view .LVU236
 597 0038 837F     		ldrb	r3, [r0, #30]	@ zero_extendqisi2
 598              		.loc 1 459 18 view .LVU237
 599 003a 8B73     		strb	r3, [r1, #14]
 460:Core/Src/vl53l1_core.c **** 	*(pbuffer + 15) = pdata->global_config__spad_enables_rtn_15;
 600              		.loc 1 460 2 is_stmt 1 view .LVU238
 601              		.loc 1 460 25 is_stmt 0 view .LVU239
 602 003c C37F     		ldrb	r3, [r0, #31]	@ zero_extendqisi2
 603              		.loc 1 460 18 view .LVU240
 604 003e CB73     		strb	r3, [r1, #15]
ARM GAS  C:\Users\Lenovo\AppData\Local\Temp\cc9EJylw.s 			page 21


 461:Core/Src/vl53l1_core.c **** 	*(pbuffer + 16) = pdata->global_config__spad_enables_rtn_16;
 605              		.loc 1 461 2 is_stmt 1 view .LVU241
 606              		.loc 1 461 25 is_stmt 0 view .LVU242
 607 0040 90F82030 		ldrb	r3, [r0, #32]	@ zero_extendqisi2
 608              		.loc 1 461 18 view .LVU243
 609 0044 0B74     		strb	r3, [r1, #16]
 462:Core/Src/vl53l1_core.c **** 	*(pbuffer + 17) = pdata->global_config__spad_enables_rtn_17;
 610              		.loc 1 462 2 is_stmt 1 view .LVU244
 611              		.loc 1 462 25 is_stmt 0 view .LVU245
 612 0046 90F82130 		ldrb	r3, [r0, #33]	@ zero_extendqisi2
 613              		.loc 1 462 18 view .LVU246
 614 004a 4B74     		strb	r3, [r1, #17]
 463:Core/Src/vl53l1_core.c **** 	*(pbuffer + 18) = pdata->global_config__spad_enables_rtn_18;
 615              		.loc 1 463 2 is_stmt 1 view .LVU247
 616              		.loc 1 463 25 is_stmt 0 view .LVU248
 617 004c 90F82230 		ldrb	r3, [r0, #34]	@ zero_extendqisi2
 618              		.loc 1 463 18 view .LVU249
 619 0050 8B74     		strb	r3, [r1, #18]
 464:Core/Src/vl53l1_core.c **** 	*(pbuffer + 19) = pdata->global_config__spad_enables_rtn_19;
 620              		.loc 1 464 2 is_stmt 1 view .LVU250
 621              		.loc 1 464 25 is_stmt 0 view .LVU251
 622 0052 90F82330 		ldrb	r3, [r0, #35]	@ zero_extendqisi2
 623              		.loc 1 464 18 view .LVU252
 624 0056 CB74     		strb	r3, [r1, #19]
 465:Core/Src/vl53l1_core.c **** 	*(pbuffer + 20) = pdata->global_config__spad_enables_rtn_20;
 625              		.loc 1 465 2 is_stmt 1 view .LVU253
 626              		.loc 1 465 25 is_stmt 0 view .LVU254
 627 0058 90F82430 		ldrb	r3, [r0, #36]	@ zero_extendqisi2
 628              		.loc 1 465 18 view .LVU255
 629 005c 0B75     		strb	r3, [r1, #20]
 466:Core/Src/vl53l1_core.c **** 	*(pbuffer + 21) = pdata->global_config__spad_enables_rtn_21;
 630              		.loc 1 466 2 is_stmt 1 view .LVU256
 631              		.loc 1 466 25 is_stmt 0 view .LVU257
 632 005e 90F82530 		ldrb	r3, [r0, #37]	@ zero_extendqisi2
 633              		.loc 1 466 18 view .LVU258
 634 0062 4B75     		strb	r3, [r1, #21]
 467:Core/Src/vl53l1_core.c **** 	*(pbuffer + 22) = pdata->global_config__spad_enables_rtn_22;
 635              		.loc 1 467 2 is_stmt 1 view .LVU259
 636              		.loc 1 467 25 is_stmt 0 view .LVU260
 637 0064 90F82630 		ldrb	r3, [r0, #38]	@ zero_extendqisi2
 638              		.loc 1 467 18 view .LVU261
 639 0068 8B75     		strb	r3, [r1, #22]
 468:Core/Src/vl53l1_core.c **** 	*(pbuffer + 23) = pdata->global_config__spad_enables_rtn_23;
 640              		.loc 1 468 2 is_stmt 1 view .LVU262
 641              		.loc 1 468 25 is_stmt 0 view .LVU263
 642 006a 90F82730 		ldrb	r3, [r0, #39]	@ zero_extendqisi2
 643              		.loc 1 468 18 view .LVU264
 644 006e CB75     		strb	r3, [r1, #23]
 469:Core/Src/vl53l1_core.c **** 	*(pbuffer + 24) = pdata->global_config__spad_enables_rtn_24;
 645              		.loc 1 469 2 is_stmt 1 view .LVU265
 646              		.loc 1 469 25 is_stmt 0 view .LVU266
 647 0070 90F82830 		ldrb	r3, [r0, #40]	@ zero_extendqisi2
 648              		.loc 1 469 18 view .LVU267
 649 0074 0B76     		strb	r3, [r1, #24]
 470:Core/Src/vl53l1_core.c **** 	*(pbuffer + 25) = pdata->global_config__spad_enables_rtn_25;
 650              		.loc 1 470 2 is_stmt 1 view .LVU268
 651              		.loc 1 470 25 is_stmt 0 view .LVU269
ARM GAS  C:\Users\Lenovo\AppData\Local\Temp\cc9EJylw.s 			page 22


 652 0076 90F82930 		ldrb	r3, [r0, #41]	@ zero_extendqisi2
 653              		.loc 1 470 18 view .LVU270
 654 007a 4B76     		strb	r3, [r1, #25]
 471:Core/Src/vl53l1_core.c **** 	*(pbuffer + 26) = pdata->global_config__spad_enables_rtn_26;
 655              		.loc 1 471 2 is_stmt 1 view .LVU271
 656              		.loc 1 471 25 is_stmt 0 view .LVU272
 657 007c 90F82A30 		ldrb	r3, [r0, #42]	@ zero_extendqisi2
 658              		.loc 1 471 18 view .LVU273
 659 0080 8B76     		strb	r3, [r1, #26]
 472:Core/Src/vl53l1_core.c **** 	*(pbuffer + 27) = pdata->global_config__spad_enables_rtn_27;
 660              		.loc 1 472 2 is_stmt 1 view .LVU274
 661              		.loc 1 472 25 is_stmt 0 view .LVU275
 662 0082 90F82B30 		ldrb	r3, [r0, #43]	@ zero_extendqisi2
 663              		.loc 1 472 18 view .LVU276
 664 0086 CB76     		strb	r3, [r1, #27]
 473:Core/Src/vl53l1_core.c **** 	*(pbuffer + 28) = pdata->global_config__spad_enables_rtn_28;
 665              		.loc 1 473 2 is_stmt 1 view .LVU277
 666              		.loc 1 473 25 is_stmt 0 view .LVU278
 667 0088 90F82C30 		ldrb	r3, [r0, #44]	@ zero_extendqisi2
 668              		.loc 1 473 18 view .LVU279
 669 008c 0B77     		strb	r3, [r1, #28]
 474:Core/Src/vl53l1_core.c **** 	*(pbuffer + 29) = pdata->global_config__spad_enables_rtn_29;
 670              		.loc 1 474 2 is_stmt 1 view .LVU280
 671              		.loc 1 474 25 is_stmt 0 view .LVU281
 672 008e 90F82D30 		ldrb	r3, [r0, #45]	@ zero_extendqisi2
 673              		.loc 1 474 18 view .LVU282
 674 0092 4B77     		strb	r3, [r1, #29]
 475:Core/Src/vl53l1_core.c **** 	*(pbuffer + 30) = pdata->global_config__spad_enables_rtn_30;
 675              		.loc 1 475 2 is_stmt 1 view .LVU283
 676              		.loc 1 475 25 is_stmt 0 view .LVU284
 677 0094 90F82E30 		ldrb	r3, [r0, #46]	@ zero_extendqisi2
 678              		.loc 1 475 18 view .LVU285
 679 0098 8B77     		strb	r3, [r1, #30]
 476:Core/Src/vl53l1_core.c **** 	*(pbuffer + 31) = pdata->global_config__spad_enables_rtn_31;
 680              		.loc 1 476 2 is_stmt 1 view .LVU286
 681              		.loc 1 476 25 is_stmt 0 view .LVU287
 682 009a 90F82F30 		ldrb	r3, [r0, #47]	@ zero_extendqisi2
 683              		.loc 1 476 18 view .LVU288
 684 009e CB77     		strb	r3, [r1, #31]
 477:Core/Src/vl53l1_core.c **** }
 685              		.loc 1 477 1 view .LVU289
 686 00a0 7047     		bx	lr
 687              		.cfi_endproc
 688              	.LFE8:
 690              		.section	.text.VL53L1_init_system_results,"ax",%progbits
 691              		.align	1
 692              		.global	VL53L1_init_system_results
 693              		.syntax unified
 694              		.thumb
 695              		.thumb_func
 697              	VL53L1_init_system_results:
 698              	.LVL24:
 699              	.LFB9:
 478:Core/Src/vl53l1_core.c **** 
 479:Core/Src/vl53l1_core.c **** 
 480:Core/Src/vl53l1_core.c **** void VL53L1_init_system_results(
 481:Core/Src/vl53l1_core.c **** 		VL53L1_system_results_t  *pdata)
ARM GAS  C:\Users\Lenovo\AppData\Local\Temp\cc9EJylw.s 			page 23


 482:Core/Src/vl53l1_core.c **** {
 700              		.loc 1 482 1 is_stmt 1 view -0
 701              		.cfi_startproc
 702              		@ args = 0, pretend = 0, frame = 0
 703              		@ frame_needed = 0, uses_anonymous_args = 0
 704              		@ link register save eliminated.
 483:Core/Src/vl53l1_core.c **** 	/*
 484:Core/Src/vl53l1_core.c **** 	 * Initialises the system results to all 0xFF just like the
 485:Core/Src/vl53l1_core.c **** 	 * device firmware does a the start of a range
 486:Core/Src/vl53l1_core.c **** 	 */
 487:Core/Src/vl53l1_core.c **** 
 488:Core/Src/vl53l1_core.c **** 	pdata->result__interrupt_status                       = 0xFF;
 705              		.loc 1 488 2 view .LVU291
 706              		.loc 1 488 56 is_stmt 0 view .LVU292
 707 0000 FF23     		movs	r3, #255
 708 0002 0370     		strb	r3, [r0]
 489:Core/Src/vl53l1_core.c **** 	pdata->result__range_status                           = 0xFF;
 709              		.loc 1 489 2 is_stmt 1 view .LVU293
 710              		.loc 1 489 56 is_stmt 0 view .LVU294
 711 0004 4370     		strb	r3, [r0, #1]
 490:Core/Src/vl53l1_core.c **** 	pdata->result__report_status                          = 0xFF;
 712              		.loc 1 490 2 is_stmt 1 view .LVU295
 713              		.loc 1 490 56 is_stmt 0 view .LVU296
 714 0006 8370     		strb	r3, [r0, #2]
 491:Core/Src/vl53l1_core.c **** 	pdata->result__stream_count                           = 0xFF;
 715              		.loc 1 491 2 is_stmt 1 view .LVU297
 716              		.loc 1 491 56 is_stmt 0 view .LVU298
 717 0008 C370     		strb	r3, [r0, #3]
 492:Core/Src/vl53l1_core.c **** 
 493:Core/Src/vl53l1_core.c **** 	pdata->result__dss_actual_effective_spads_sd0         = 0xFFFF;
 718              		.loc 1 493 2 is_stmt 1 view .LVU299
 719              		.loc 1 493 56 is_stmt 0 view .LVU300
 720 000a 4FF6FF73 		movw	r3, #65535
 721 000e 8380     		strh	r3, [r0, #4]	@ movhi
 494:Core/Src/vl53l1_core.c **** 	pdata->result__peak_signal_count_rate_mcps_sd0        = 0xFFFF;
 722              		.loc 1 494 2 is_stmt 1 view .LVU301
 723              		.loc 1 494 56 is_stmt 0 view .LVU302
 724 0010 C380     		strh	r3, [r0, #6]	@ movhi
 495:Core/Src/vl53l1_core.c **** 	pdata->result__ambient_count_rate_mcps_sd0            = 0xFFFF;
 725              		.loc 1 495 2 is_stmt 1 view .LVU303
 726              		.loc 1 495 56 is_stmt 0 view .LVU304
 727 0012 0381     		strh	r3, [r0, #8]	@ movhi
 496:Core/Src/vl53l1_core.c **** 	pdata->result__sigma_sd0                              = 0xFFFF;
 728              		.loc 1 496 2 is_stmt 1 view .LVU305
 729              		.loc 1 496 56 is_stmt 0 view .LVU306
 730 0014 4381     		strh	r3, [r0, #10]	@ movhi
 497:Core/Src/vl53l1_core.c **** 	pdata->result__phase_sd0                              = 0xFFFF;
 731              		.loc 1 497 2 is_stmt 1 view .LVU307
 732              		.loc 1 497 56 is_stmt 0 view .LVU308
 733 0016 8381     		strh	r3, [r0, #12]	@ movhi
 498:Core/Src/vl53l1_core.c **** 	pdata->result__final_crosstalk_corrected_range_mm_sd0 = 0xFFFF;
 734              		.loc 1 498 2 is_stmt 1 view .LVU309
 735              		.loc 1 498 56 is_stmt 0 view .LVU310
 736 0018 C381     		strh	r3, [r0, #14]	@ movhi
 499:Core/Src/vl53l1_core.c **** 	pdata->result__peak_signal_count_rate_crosstalk_corrected_mcps_sd0 =
 737              		.loc 1 499 2 is_stmt 1 view .LVU311
 738              		.loc 1 499 69 is_stmt 0 view .LVU312
ARM GAS  C:\Users\Lenovo\AppData\Local\Temp\cc9EJylw.s 			page 24


 739 001a 0382     		strh	r3, [r0, #16]	@ movhi
 500:Core/Src/vl53l1_core.c **** 			0xFFFF;
 501:Core/Src/vl53l1_core.c **** 	pdata->result__mm_inner_actual_effective_spads_sd0    = 0xFFFF;
 740              		.loc 1 501 2 is_stmt 1 view .LVU313
 741              		.loc 1 501 56 is_stmt 0 view .LVU314
 742 001c 4382     		strh	r3, [r0, #18]	@ movhi
 502:Core/Src/vl53l1_core.c **** 	pdata->result__mm_outer_actual_effective_spads_sd0    = 0xFFFF;
 743              		.loc 1 502 2 is_stmt 1 view .LVU315
 744              		.loc 1 502 56 is_stmt 0 view .LVU316
 745 001e 8382     		strh	r3, [r0, #20]	@ movhi
 503:Core/Src/vl53l1_core.c **** 	pdata->result__avg_signal_count_rate_mcps_sd0         = 0xFFFF;
 746              		.loc 1 503 2 is_stmt 1 view .LVU317
 747              		.loc 1 503 56 is_stmt 0 view .LVU318
 748 0020 C382     		strh	r3, [r0, #22]	@ movhi
 504:Core/Src/vl53l1_core.c **** 
 505:Core/Src/vl53l1_core.c **** 	pdata->result__dss_actual_effective_spads_sd1         = 0xFFFF;
 749              		.loc 1 505 2 is_stmt 1 view .LVU319
 750              		.loc 1 505 56 is_stmt 0 view .LVU320
 751 0022 0383     		strh	r3, [r0, #24]	@ movhi
 506:Core/Src/vl53l1_core.c **** 	pdata->result__peak_signal_count_rate_mcps_sd1        = 0xFFFF;
 752              		.loc 1 506 2 is_stmt 1 view .LVU321
 753              		.loc 1 506 56 is_stmt 0 view .LVU322
 754 0024 4383     		strh	r3, [r0, #26]	@ movhi
 507:Core/Src/vl53l1_core.c **** 	pdata->result__ambient_count_rate_mcps_sd1            = 0xFFFF;
 755              		.loc 1 507 2 is_stmt 1 view .LVU323
 756              		.loc 1 507 56 is_stmt 0 view .LVU324
 757 0026 8383     		strh	r3, [r0, #28]	@ movhi
 508:Core/Src/vl53l1_core.c **** 	pdata->result__sigma_sd1                              = 0xFFFF;
 758              		.loc 1 508 2 is_stmt 1 view .LVU325
 759              		.loc 1 508 56 is_stmt 0 view .LVU326
 760 0028 C383     		strh	r3, [r0, #30]	@ movhi
 509:Core/Src/vl53l1_core.c **** 	pdata->result__phase_sd1                              = 0xFFFF;
 761              		.loc 1 509 2 is_stmt 1 view .LVU327
 762              		.loc 1 509 56 is_stmt 0 view .LVU328
 763 002a 0384     		strh	r3, [r0, #32]	@ movhi
 510:Core/Src/vl53l1_core.c **** 	pdata->result__final_crosstalk_corrected_range_mm_sd1 = 0xFFFF;
 764              		.loc 1 510 2 is_stmt 1 view .LVU329
 765              		.loc 1 510 56 is_stmt 0 view .LVU330
 766 002c 4384     		strh	r3, [r0, #34]	@ movhi
 511:Core/Src/vl53l1_core.c **** 	pdata->result__spare_0_sd1                            = 0xFFFF;
 767              		.loc 1 511 2 is_stmt 1 view .LVU331
 768              		.loc 1 511 56 is_stmt 0 view .LVU332
 769 002e 8384     		strh	r3, [r0, #36]	@ movhi
 512:Core/Src/vl53l1_core.c **** 	pdata->result__spare_1_sd1                            = 0xFFFF;
 770              		.loc 1 512 2 is_stmt 1 view .LVU333
 771              		.loc 1 512 56 is_stmt 0 view .LVU334
 772 0030 C384     		strh	r3, [r0, #38]	@ movhi
 513:Core/Src/vl53l1_core.c **** 	pdata->result__spare_2_sd1                            = 0xFFFF;
 773              		.loc 1 513 2 is_stmt 1 view .LVU335
 774              		.loc 1 513 56 is_stmt 0 view .LVU336
 775 0032 0385     		strh	r3, [r0, #40]	@ movhi
 514:Core/Src/vl53l1_core.c **** 	pdata->result__spare_3_sd1                            = 0xFF;
 776              		.loc 1 514 2 is_stmt 1 view .LVU337
 777              		.loc 1 514 56 is_stmt 0 view .LVU338
 778 0034 80F82A30 		strb	r3, [r0, #42]
 515:Core/Src/vl53l1_core.c **** 
 516:Core/Src/vl53l1_core.c **** }
ARM GAS  C:\Users\Lenovo\AppData\Local\Temp\cc9EJylw.s 			page 25


 779              		.loc 1 516 1 view .LVU339
 780 0038 7047     		bx	lr
 781              		.cfi_endproc
 782              	.LFE9:
 784              		.section	.text.VL53L1_i2c_encode_uint16_t,"ax",%progbits
 785              		.align	1
 786              		.global	VL53L1_i2c_encode_uint16_t
 787              		.syntax unified
 788              		.thumb
 789              		.thumb_func
 791              	VL53L1_i2c_encode_uint16_t:
 792              	.LVL25:
 793              	.LFB10:
 517:Core/Src/vl53l1_core.c **** 
 518:Core/Src/vl53l1_core.c **** 
 519:Core/Src/vl53l1_core.c **** void VL53L1_i2c_encode_uint16_t(
 520:Core/Src/vl53l1_core.c **** 	uint16_t    ip_value,
 521:Core/Src/vl53l1_core.c **** 	uint16_t    count,
 522:Core/Src/vl53l1_core.c **** 	uint8_t    *pbuffer)
 523:Core/Src/vl53l1_core.c **** {
 794              		.loc 1 523 1 is_stmt 1 view -0
 795              		.cfi_startproc
 796              		@ args = 0, pretend = 0, frame = 0
 797              		@ frame_needed = 0, uses_anonymous_args = 0
 798              		@ link register save eliminated.
 524:Core/Src/vl53l1_core.c **** 	/*
 525:Core/Src/vl53l1_core.c **** 	 * Encodes a uint16_t register value into an I2C write buffer
 526:Core/Src/vl53l1_core.c **** 	 * MS byte first order (as per I2C register map.
 527:Core/Src/vl53l1_core.c **** 	 */
 528:Core/Src/vl53l1_core.c **** 
 529:Core/Src/vl53l1_core.c **** 	uint16_t   i    = 0;
 799              		.loc 1 529 2 view .LVU341
 530:Core/Src/vl53l1_core.c **** 	uint16_t   data = 0;
 800              		.loc 1 530 2 view .LVU342
 531:Core/Src/vl53l1_core.c **** 
 532:Core/Src/vl53l1_core.c **** 	data =  ip_value;
 801              		.loc 1 532 2 view .LVU343
 533:Core/Src/vl53l1_core.c **** 
 534:Core/Src/vl53l1_core.c **** 	for (i = 0; i < count ; i++) {
 802              		.loc 1 534 2 view .LVU344
 803              		.loc 1 534 9 is_stmt 0 view .LVU345
 804 0000 0023     		movs	r3, #0
 805              		.loc 1 534 2 view .LVU346
 806 0002 08E0     		b	.L41
 807              	.LVL26:
 808              	.L42:
 535:Core/Src/vl53l1_core.c **** 		pbuffer[count-i-1] = (uint8_t)(data & 0x00FF);
 809              		.loc 1 535 3 is_stmt 1 discriminator 3 view .LVU347
 810              		.loc 1 535 16 is_stmt 0 discriminator 3 view .LVU348
 811 0004 A1EB030C 		sub	ip, r1, r3
 812              		.loc 1 535 10 discriminator 3 view .LVU349
 813 0008 0CF1FF3C 		add	ip, ip, #-1
 814              		.loc 1 535 22 discriminator 3 view .LVU350
 815 000c 02F80C00 		strb	r0, [r2, ip]
 536:Core/Src/vl53l1_core.c **** 		data = data >> 8;
 816              		.loc 1 536 3 is_stmt 1 discriminator 3 view .LVU351
 817              		.loc 1 536 8 is_stmt 0 discriminator 3 view .LVU352
ARM GAS  C:\Users\Lenovo\AppData\Local\Temp\cc9EJylw.s 			page 26


 818 0010 000A     		lsrs	r0, r0, #8
 819              	.LVL27:
 534:Core/Src/vl53l1_core.c **** 		pbuffer[count-i-1] = (uint8_t)(data & 0x00FF);
 820              		.loc 1 534 26 is_stmt 1 discriminator 3 view .LVU353
 534:Core/Src/vl53l1_core.c **** 		pbuffer[count-i-1] = (uint8_t)(data & 0x00FF);
 821              		.loc 1 534 27 is_stmt 0 discriminator 3 view .LVU354
 822 0012 0133     		adds	r3, r3, #1
 823              	.LVL28:
 534:Core/Src/vl53l1_core.c **** 		pbuffer[count-i-1] = (uint8_t)(data & 0x00FF);
 824              		.loc 1 534 27 discriminator 3 view .LVU355
 825 0014 9BB2     		uxth	r3, r3
 826              	.LVL29:
 827              	.L41:
 534:Core/Src/vl53l1_core.c **** 		pbuffer[count-i-1] = (uint8_t)(data & 0x00FF);
 828              		.loc 1 534 14 is_stmt 1 discriminator 1 view .LVU356
 534:Core/Src/vl53l1_core.c **** 		pbuffer[count-i-1] = (uint8_t)(data & 0x00FF);
 829              		.loc 1 534 2 is_stmt 0 discriminator 1 view .LVU357
 830 0016 8B42     		cmp	r3, r1
 831 0018 F4D3     		bcc	.L42
 537:Core/Src/vl53l1_core.c **** 	}
 538:Core/Src/vl53l1_core.c **** }
 832              		.loc 1 538 1 view .LVU358
 833 001a 7047     		bx	lr
 834              		.cfi_endproc
 835              	.LFE10:
 837              		.section	.text.VL53L1_i2c_decode_uint16_t,"ax",%progbits
 838              		.align	1
 839              		.global	VL53L1_i2c_decode_uint16_t
 840              		.syntax unified
 841              		.thumb
 842              		.thumb_func
 844              	VL53L1_i2c_decode_uint16_t:
 845              	.LVL30:
 846              	.LFB11:
 539:Core/Src/vl53l1_core.c **** 
 540:Core/Src/vl53l1_core.c **** uint16_t VL53L1_i2c_decode_uint16_t(
 541:Core/Src/vl53l1_core.c **** 	uint16_t    count,
 542:Core/Src/vl53l1_core.c **** 	uint8_t    *pbuffer)
 543:Core/Src/vl53l1_core.c **** {
 847              		.loc 1 543 1 is_stmt 1 view -0
 848              		.cfi_startproc
 849              		@ args = 0, pretend = 0, frame = 0
 850              		@ frame_needed = 0, uses_anonymous_args = 0
 851              		@ link register save eliminated.
 852              		.loc 1 543 1 is_stmt 0 view .LVU360
 853 0000 0246     		mov	r2, r0
 544:Core/Src/vl53l1_core.c **** 	/*
 545:Core/Src/vl53l1_core.c **** 	 * Decodes a uint16_t from the input I2C read buffer
 546:Core/Src/vl53l1_core.c **** 	 * (MS byte first order)
 547:Core/Src/vl53l1_core.c **** 	 */
 548:Core/Src/vl53l1_core.c **** 
 549:Core/Src/vl53l1_core.c **** 	uint16_t   value = 0x00;
 854              		.loc 1 549 2 is_stmt 1 view .LVU361
 855              	.LVL31:
 550:Core/Src/vl53l1_core.c **** 
 551:Core/Src/vl53l1_core.c **** 	while (count-- > 0) {
 856              		.loc 1 551 2 view .LVU362
ARM GAS  C:\Users\Lenovo\AppData\Local\Temp\cc9EJylw.s 			page 27


 549:Core/Src/vl53l1_core.c **** 
 857              		.loc 1 549 13 is_stmt 0 view .LVU363
 858 0002 0020     		movs	r0, #0
 859              	.LVL32:
 860              		.loc 1 551 8 view .LVU364
 861 0004 05E0     		b	.L44
 862              	.LVL33:
 863              	.L45:
 552:Core/Src/vl53l1_core.c **** 		value = (value << 8) | (uint16_t)*pbuffer++;
 864              		.loc 1 552 3 is_stmt 1 view .LVU365
 865              		.loc 1 552 36 is_stmt 0 view .LVU366
 866 0006 11F8012B 		ldrb	r2, [r1], #1	@ zero_extendqisi2
 867              	.LVL34:
 868              		.loc 1 552 24 view .LVU367
 869 000a 42EA0020 		orr	r0, r2, r0, lsl #8
 870              	.LVL35:
 871              		.loc 1 552 9 view .LVU368
 872 000e 80B2     		uxth	r0, r0
 873              	.LVL36:
 551:Core/Src/vl53l1_core.c **** 		value = (value << 8) | (uint16_t)*pbuffer++;
 874              		.loc 1 551 14 view .LVU369
 875 0010 1A46     		mov	r2, r3
 876              	.LVL37:
 877              	.L44:
 551:Core/Src/vl53l1_core.c **** 		value = (value << 8) | (uint16_t)*pbuffer++;
 878              		.loc 1 551 8 is_stmt 1 view .LVU370
 551:Core/Src/vl53l1_core.c **** 		value = (value << 8) | (uint16_t)*pbuffer++;
 879              		.loc 1 551 14 is_stmt 0 view .LVU371
 880 0012 531E     		subs	r3, r2, #1
 881 0014 9BB2     		uxth	r3, r3
 882              	.LVL38:
 551:Core/Src/vl53l1_core.c **** 		value = (value << 8) | (uint16_t)*pbuffer++;
 883              		.loc 1 551 8 view .LVU372
 884 0016 002A     		cmp	r2, #0
 885 0018 F5D1     		bne	.L45
 553:Core/Src/vl53l1_core.c **** 	}
 554:Core/Src/vl53l1_core.c **** 
 555:Core/Src/vl53l1_core.c **** 	return value;
 886              		.loc 1 555 2 is_stmt 1 view .LVU373
 556:Core/Src/vl53l1_core.c **** }
 887              		.loc 1 556 1 is_stmt 0 view .LVU374
 888 001a 7047     		bx	lr
 889              		.cfi_endproc
 890              	.LFE11:
 892              		.section	.text.VL53L1_i2c_encode_int16_t,"ax",%progbits
 893              		.align	1
 894              		.global	VL53L1_i2c_encode_int16_t
 895              		.syntax unified
 896              		.thumb
 897              		.thumb_func
 899              	VL53L1_i2c_encode_int16_t:
 900              	.LVL39:
 901              	.LFB12:
 557:Core/Src/vl53l1_core.c **** 
 558:Core/Src/vl53l1_core.c **** 
 559:Core/Src/vl53l1_core.c **** void VL53L1_i2c_encode_int16_t(
 560:Core/Src/vl53l1_core.c **** 	int16_t     ip_value,
ARM GAS  C:\Users\Lenovo\AppData\Local\Temp\cc9EJylw.s 			page 28


 561:Core/Src/vl53l1_core.c **** 	uint16_t    count,
 562:Core/Src/vl53l1_core.c **** 	uint8_t    *pbuffer)
 563:Core/Src/vl53l1_core.c **** {
 902              		.loc 1 563 1 is_stmt 1 view -0
 903              		.cfi_startproc
 904              		@ args = 0, pretend = 0, frame = 0
 905              		@ frame_needed = 0, uses_anonymous_args = 0
 906              		@ link register save eliminated.
 564:Core/Src/vl53l1_core.c **** 	/*
 565:Core/Src/vl53l1_core.c **** 	 * Encodes a int16_t register value into an I2C write buffer
 566:Core/Src/vl53l1_core.c **** 	 * MS byte first order (as per I2C register map.
 567:Core/Src/vl53l1_core.c **** 	 */
 568:Core/Src/vl53l1_core.c **** 
 569:Core/Src/vl53l1_core.c **** 	uint16_t   i    = 0;
 907              		.loc 1 569 2 view .LVU376
 570:Core/Src/vl53l1_core.c **** 	int16_t    data = 0;
 908              		.loc 1 570 2 view .LVU377
 571:Core/Src/vl53l1_core.c **** 
 572:Core/Src/vl53l1_core.c **** 	data =  ip_value;
 909              		.loc 1 572 2 view .LVU378
 573:Core/Src/vl53l1_core.c **** 
 574:Core/Src/vl53l1_core.c **** 	for (i = 0; i < count ; i++) {
 910              		.loc 1 574 2 view .LVU379
 911              		.loc 1 574 9 is_stmt 0 view .LVU380
 912 0000 0023     		movs	r3, #0
 913              		.loc 1 574 2 view .LVU381
 914 0002 08E0     		b	.L47
 915              	.LVL40:
 916              	.L48:
 575:Core/Src/vl53l1_core.c **** 		pbuffer[count-i-1] = (uint8_t)(data & 0x00FF);
 917              		.loc 1 575 3 is_stmt 1 discriminator 3 view .LVU382
 918              		.loc 1 575 16 is_stmt 0 discriminator 3 view .LVU383
 919 0004 A1EB030C 		sub	ip, r1, r3
 920              		.loc 1 575 10 discriminator 3 view .LVU384
 921 0008 0CF1FF3C 		add	ip, ip, #-1
 922              		.loc 1 575 22 discriminator 3 view .LVU385
 923 000c 02F80C00 		strb	r0, [r2, ip]
 576:Core/Src/vl53l1_core.c **** 		data = data >> 8;
 924              		.loc 1 576 3 is_stmt 1 discriminator 3 view .LVU386
 925              		.loc 1 576 8 is_stmt 0 discriminator 3 view .LVU387
 926 0010 0012     		asrs	r0, r0, #8
 927              	.LVL41:
 574:Core/Src/vl53l1_core.c **** 		pbuffer[count-i-1] = (uint8_t)(data & 0x00FF);
 928              		.loc 1 574 26 is_stmt 1 discriminator 3 view .LVU388
 574:Core/Src/vl53l1_core.c **** 		pbuffer[count-i-1] = (uint8_t)(data & 0x00FF);
 929              		.loc 1 574 27 is_stmt 0 discriminator 3 view .LVU389
 930 0012 0133     		adds	r3, r3, #1
 931              	.LVL42:
 574:Core/Src/vl53l1_core.c **** 		pbuffer[count-i-1] = (uint8_t)(data & 0x00FF);
 932              		.loc 1 574 27 discriminator 3 view .LVU390
 933 0014 9BB2     		uxth	r3, r3
 934              	.LVL43:
 935              	.L47:
 574:Core/Src/vl53l1_core.c **** 		pbuffer[count-i-1] = (uint8_t)(data & 0x00FF);
 936              		.loc 1 574 14 is_stmt 1 discriminator 1 view .LVU391
 574:Core/Src/vl53l1_core.c **** 		pbuffer[count-i-1] = (uint8_t)(data & 0x00FF);
 937              		.loc 1 574 2 is_stmt 0 discriminator 1 view .LVU392
ARM GAS  C:\Users\Lenovo\AppData\Local\Temp\cc9EJylw.s 			page 29


 938 0016 8B42     		cmp	r3, r1
 939 0018 F4D3     		bcc	.L48
 577:Core/Src/vl53l1_core.c **** 	}
 578:Core/Src/vl53l1_core.c **** }
 940              		.loc 1 578 1 view .LVU393
 941 001a 7047     		bx	lr
 942              		.cfi_endproc
 943              	.LFE12:
 945              		.section	.text.VL53L1_i2c_decode_int16_t,"ax",%progbits
 946              		.align	1
 947              		.global	VL53L1_i2c_decode_int16_t
 948              		.syntax unified
 949              		.thumb
 950              		.thumb_func
 952              	VL53L1_i2c_decode_int16_t:
 953              	.LVL44:
 954              	.LFB13:
 579:Core/Src/vl53l1_core.c **** 
 580:Core/Src/vl53l1_core.c **** int16_t VL53L1_i2c_decode_int16_t(
 581:Core/Src/vl53l1_core.c **** 	uint16_t    count,
 582:Core/Src/vl53l1_core.c **** 	uint8_t    *pbuffer)
 583:Core/Src/vl53l1_core.c **** {
 955              		.loc 1 583 1 is_stmt 1 view -0
 956              		.cfi_startproc
 957              		@ args = 0, pretend = 0, frame = 0
 958              		@ frame_needed = 0, uses_anonymous_args = 0
 959              		@ link register save eliminated.
 960              		.loc 1 583 1 is_stmt 0 view .LVU395
 961 0000 0246     		mov	r2, r0
 584:Core/Src/vl53l1_core.c **** 	/*
 585:Core/Src/vl53l1_core.c **** 	 * Decodes a int16_t from the input I2C read buffer
 586:Core/Src/vl53l1_core.c **** 	 * (MS byte first order)
 587:Core/Src/vl53l1_core.c **** 	 */
 588:Core/Src/vl53l1_core.c **** 
 589:Core/Src/vl53l1_core.c **** 	int16_t    value = 0x00;
 962              		.loc 1 589 2 is_stmt 1 view .LVU396
 963              	.LVL45:
 590:Core/Src/vl53l1_core.c **** 
 591:Core/Src/vl53l1_core.c **** 	/* implement sign extension */
 592:Core/Src/vl53l1_core.c **** 	if (*pbuffer >= 0x80) {
 964              		.loc 1 592 2 view .LVU397
 965              		.loc 1 592 15 is_stmt 0 view .LVU398
 966 0002 91F90030 		ldrsb	r3, [r1]
 967              		.loc 1 592 5 view .LVU399
 968 0006 002B     		cmp	r3, #0
 969 0008 01DB     		blt	.L53
 589:Core/Src/vl53l1_core.c **** 
 970              		.loc 1 589 13 view .LVU400
 971 000a 0020     		movs	r0, #0
 972              	.LVL46:
 589:Core/Src/vl53l1_core.c **** 
 973              		.loc 1 589 13 view .LVU401
 974 000c 08E0     		b	.L51
 975              	.LVL47:
 976              	.L53:
 593:Core/Src/vl53l1_core.c **** 		value = 0xFFFF;
 977              		.loc 1 593 9 view .LVU402
ARM GAS  C:\Users\Lenovo\AppData\Local\Temp\cc9EJylw.s 			page 30


 978 000e 4FF0FF30 		mov	r0, #-1
 979              	.LVL48:
 980              		.loc 1 593 9 view .LVU403
 981 0012 05E0     		b	.L51
 982              	.LVL49:
 983              	.L52:
 594:Core/Src/vl53l1_core.c **** 	}
 595:Core/Src/vl53l1_core.c **** 
 596:Core/Src/vl53l1_core.c **** 	while (count-- > 0) {
 597:Core/Src/vl53l1_core.c **** 		value = (value << 8) | (int16_t)*pbuffer++;
 984              		.loc 1 597 3 is_stmt 1 view .LVU404
 985              		.loc 1 597 18 is_stmt 0 view .LVU405
 986 0014 0002     		lsls	r0, r0, #8
 987              	.LVL50:
 988              		.loc 1 597 24 view .LVU406
 989 0016 00B2     		sxth	r0, r0
 990              	.LVL51:
 991              		.loc 1 597 35 view .LVU407
 992 0018 11F8012B 		ldrb	r2, [r1], #1	@ zero_extendqisi2
 993              	.LVL52:
 994              		.loc 1 597 9 view .LVU408
 995 001c 1043     		orrs	r0, r0, r2
 996              	.LVL53:
 596:Core/Src/vl53l1_core.c **** 		value = (value << 8) | (int16_t)*pbuffer++;
 997              		.loc 1 596 14 view .LVU409
 998 001e 1A46     		mov	r2, r3
 999              	.LVL54:
 1000              	.L51:
 596:Core/Src/vl53l1_core.c **** 		value = (value << 8) | (int16_t)*pbuffer++;
 1001              		.loc 1 596 8 is_stmt 1 view .LVU410
 596:Core/Src/vl53l1_core.c **** 		value = (value << 8) | (int16_t)*pbuffer++;
 1002              		.loc 1 596 14 is_stmt 0 view .LVU411
 1003 0020 531E     		subs	r3, r2, #1
 1004 0022 9BB2     		uxth	r3, r3
 1005              	.LVL55:
 596:Core/Src/vl53l1_core.c **** 		value = (value << 8) | (int16_t)*pbuffer++;
 1006              		.loc 1 596 8 view .LVU412
 1007 0024 002A     		cmp	r2, #0
 1008 0026 F5D1     		bne	.L52
 598:Core/Src/vl53l1_core.c **** 	}
 599:Core/Src/vl53l1_core.c **** 
 600:Core/Src/vl53l1_core.c **** 	return value;
 1009              		.loc 1 600 2 is_stmt 1 view .LVU413
 601:Core/Src/vl53l1_core.c **** }
 1010              		.loc 1 601 1 is_stmt 0 view .LVU414
 1011 0028 7047     		bx	lr
 1012              		.cfi_endproc
 1013              	.LFE13:
 1015              		.section	.text.VL53L1_i2c_encode_uint32_t,"ax",%progbits
 1016              		.align	1
 1017              		.global	VL53L1_i2c_encode_uint32_t
 1018              		.syntax unified
 1019              		.thumb
 1020              		.thumb_func
 1022              	VL53L1_i2c_encode_uint32_t:
 1023              	.LVL56:
 1024              	.LFB14:
ARM GAS  C:\Users\Lenovo\AppData\Local\Temp\cc9EJylw.s 			page 31


 602:Core/Src/vl53l1_core.c **** 
 603:Core/Src/vl53l1_core.c **** void VL53L1_i2c_encode_uint32_t(
 604:Core/Src/vl53l1_core.c **** 	uint32_t    ip_value,
 605:Core/Src/vl53l1_core.c **** 	uint16_t    count,
 606:Core/Src/vl53l1_core.c **** 	uint8_t    *pbuffer)
 607:Core/Src/vl53l1_core.c **** {
 1025              		.loc 1 607 1 is_stmt 1 view -0
 1026              		.cfi_startproc
 1027              		@ args = 0, pretend = 0, frame = 0
 1028              		@ frame_needed = 0, uses_anonymous_args = 0
 1029              		@ link register save eliminated.
 608:Core/Src/vl53l1_core.c **** 	/*
 609:Core/Src/vl53l1_core.c **** 	 * Encodes a uint32_t register value into an I2C write buffer
 610:Core/Src/vl53l1_core.c **** 	 * MS byte first order (as per I2C register map.
 611:Core/Src/vl53l1_core.c **** 	 */
 612:Core/Src/vl53l1_core.c **** 
 613:Core/Src/vl53l1_core.c **** 	uint16_t   i    = 0;
 1030              		.loc 1 613 2 view .LVU416
 614:Core/Src/vl53l1_core.c **** 	uint32_t   data = 0;
 1031              		.loc 1 614 2 view .LVU417
 615:Core/Src/vl53l1_core.c **** 
 616:Core/Src/vl53l1_core.c **** 	data =  ip_value;
 1032              		.loc 1 616 2 view .LVU418
 617:Core/Src/vl53l1_core.c **** 
 618:Core/Src/vl53l1_core.c **** 	for (i = 0; i < count ; i++) {
 1033              		.loc 1 618 2 view .LVU419
 1034              		.loc 1 618 9 is_stmt 0 view .LVU420
 1035 0000 0023     		movs	r3, #0
 1036              		.loc 1 618 2 view .LVU421
 1037 0002 08E0     		b	.L55
 1038              	.LVL57:
 1039              	.L56:
 619:Core/Src/vl53l1_core.c **** 		pbuffer[count-i-1] = (uint8_t)(data & 0x00FF);
 1040              		.loc 1 619 3 is_stmt 1 discriminator 3 view .LVU422
 1041              		.loc 1 619 16 is_stmt 0 discriminator 3 view .LVU423
 1042 0004 A1EB030C 		sub	ip, r1, r3
 1043              		.loc 1 619 10 discriminator 3 view .LVU424
 1044 0008 0CF1FF3C 		add	ip, ip, #-1
 1045              		.loc 1 619 22 discriminator 3 view .LVU425
 1046 000c 02F80C00 		strb	r0, [r2, ip]
 620:Core/Src/vl53l1_core.c **** 		data = data >> 8;
 1047              		.loc 1 620 3 is_stmt 1 discriminator 3 view .LVU426
 1048              		.loc 1 620 8 is_stmt 0 discriminator 3 view .LVU427
 1049 0010 000A     		lsrs	r0, r0, #8
 1050              	.LVL58:
 618:Core/Src/vl53l1_core.c **** 		pbuffer[count-i-1] = (uint8_t)(data & 0x00FF);
 1051              		.loc 1 618 26 is_stmt 1 discriminator 3 view .LVU428
 618:Core/Src/vl53l1_core.c **** 		pbuffer[count-i-1] = (uint8_t)(data & 0x00FF);
 1052              		.loc 1 618 27 is_stmt 0 discriminator 3 view .LVU429
 1053 0012 0133     		adds	r3, r3, #1
 1054              	.LVL59:
 618:Core/Src/vl53l1_core.c **** 		pbuffer[count-i-1] = (uint8_t)(data & 0x00FF);
 1055              		.loc 1 618 27 discriminator 3 view .LVU430
 1056 0014 9BB2     		uxth	r3, r3
 1057              	.LVL60:
 1058              	.L55:
 618:Core/Src/vl53l1_core.c **** 		pbuffer[count-i-1] = (uint8_t)(data & 0x00FF);
ARM GAS  C:\Users\Lenovo\AppData\Local\Temp\cc9EJylw.s 			page 32


 1059              		.loc 1 618 14 is_stmt 1 discriminator 1 view .LVU431
 618:Core/Src/vl53l1_core.c **** 		pbuffer[count-i-1] = (uint8_t)(data & 0x00FF);
 1060              		.loc 1 618 2 is_stmt 0 discriminator 1 view .LVU432
 1061 0016 8B42     		cmp	r3, r1
 1062 0018 F4D3     		bcc	.L56
 621:Core/Src/vl53l1_core.c **** 	}
 622:Core/Src/vl53l1_core.c **** }
 1063              		.loc 1 622 1 view .LVU433
 1064 001a 7047     		bx	lr
 1065              		.cfi_endproc
 1066              	.LFE14:
 1068              		.section	.text.VL53L1_i2c_decode_uint32_t,"ax",%progbits
 1069              		.align	1
 1070              		.global	VL53L1_i2c_decode_uint32_t
 1071              		.syntax unified
 1072              		.thumb
 1073              		.thumb_func
 1075              	VL53L1_i2c_decode_uint32_t:
 1076              	.LVL61:
 1077              	.LFB15:
 623:Core/Src/vl53l1_core.c **** 
 624:Core/Src/vl53l1_core.c **** uint32_t VL53L1_i2c_decode_uint32_t(
 625:Core/Src/vl53l1_core.c **** 	uint16_t    count,
 626:Core/Src/vl53l1_core.c **** 	uint8_t    *pbuffer)
 627:Core/Src/vl53l1_core.c **** {
 1078              		.loc 1 627 1 is_stmt 1 view -0
 1079              		.cfi_startproc
 1080              		@ args = 0, pretend = 0, frame = 0
 1081              		@ frame_needed = 0, uses_anonymous_args = 0
 1082              		@ link register save eliminated.
 1083              		.loc 1 627 1 is_stmt 0 view .LVU435
 1084 0000 0246     		mov	r2, r0
 628:Core/Src/vl53l1_core.c **** 	/*
 629:Core/Src/vl53l1_core.c **** 	 * Decodes a uint32_t from the input I2C read buffer
 630:Core/Src/vl53l1_core.c **** 	 * (MS byte first order)
 631:Core/Src/vl53l1_core.c **** 	 */
 632:Core/Src/vl53l1_core.c **** 
 633:Core/Src/vl53l1_core.c **** 	uint32_t   value = 0x00;
 1085              		.loc 1 633 2 is_stmt 1 view .LVU436
 1086              	.LVL62:
 634:Core/Src/vl53l1_core.c **** 
 635:Core/Src/vl53l1_core.c **** 	while (count-- > 0) {
 1087              		.loc 1 635 2 view .LVU437
 633:Core/Src/vl53l1_core.c **** 
 1088              		.loc 1 633 13 is_stmt 0 view .LVU438
 1089 0002 0020     		movs	r0, #0
 1090              	.LVL63:
 1091              		.loc 1 635 8 view .LVU439
 1092 0004 04E0     		b	.L58
 1093              	.LVL64:
 1094              	.L59:
 636:Core/Src/vl53l1_core.c **** 		value = (value << 8) | (uint32_t)*pbuffer++;
 1095              		.loc 1 636 3 is_stmt 1 view .LVU440
 1096              		.loc 1 636 36 is_stmt 0 view .LVU441
 1097 0006 11F8012B 		ldrb	r2, [r1], #1	@ zero_extendqisi2
 1098              	.LVL65:
 1099              		.loc 1 636 9 view .LVU442
ARM GAS  C:\Users\Lenovo\AppData\Local\Temp\cc9EJylw.s 			page 33


 1100 000a 42EA0020 		orr	r0, r2, r0, lsl #8
 1101              	.LVL66:
 635:Core/Src/vl53l1_core.c **** 		value = (value << 8) | (uint32_t)*pbuffer++;
 1102              		.loc 1 635 14 view .LVU443
 1103 000e 1A46     		mov	r2, r3
 1104              	.LVL67:
 1105              	.L58:
 635:Core/Src/vl53l1_core.c **** 		value = (value << 8) | (uint32_t)*pbuffer++;
 1106              		.loc 1 635 8 is_stmt 1 view .LVU444
 635:Core/Src/vl53l1_core.c **** 		value = (value << 8) | (uint32_t)*pbuffer++;
 1107              		.loc 1 635 14 is_stmt 0 view .LVU445
 1108 0010 531E     		subs	r3, r2, #1
 1109 0012 9BB2     		uxth	r3, r3
 1110              	.LVL68:
 635:Core/Src/vl53l1_core.c **** 		value = (value << 8) | (uint32_t)*pbuffer++;
 1111              		.loc 1 635 8 view .LVU446
 1112 0014 002A     		cmp	r2, #0
 1113 0016 F6D1     		bne	.L59
 637:Core/Src/vl53l1_core.c **** 	}
 638:Core/Src/vl53l1_core.c **** 
 639:Core/Src/vl53l1_core.c **** 	return value;
 1114              		.loc 1 639 2 is_stmt 1 view .LVU447
 640:Core/Src/vl53l1_core.c **** }
 1115              		.loc 1 640 1 is_stmt 0 view .LVU448
 1116 0018 7047     		bx	lr
 1117              		.cfi_endproc
 1118              	.LFE15:
 1120              		.section	.text.VL53L1_i2c_decode_with_mask,"ax",%progbits
 1121              		.align	1
 1122              		.global	VL53L1_i2c_decode_with_mask
 1123              		.syntax unified
 1124              		.thumb
 1125              		.thumb_func
 1127              	VL53L1_i2c_decode_with_mask:
 1128              	.LVL69:
 1129              	.LFB16:
 641:Core/Src/vl53l1_core.c **** 
 642:Core/Src/vl53l1_core.c **** 
 643:Core/Src/vl53l1_core.c **** uint32_t VL53L1_i2c_decode_with_mask(
 644:Core/Src/vl53l1_core.c **** 	uint16_t    count,
 645:Core/Src/vl53l1_core.c **** 	uint8_t    *pbuffer,
 646:Core/Src/vl53l1_core.c **** 	uint32_t    bit_mask,
 647:Core/Src/vl53l1_core.c **** 	uint32_t    down_shift,
 648:Core/Src/vl53l1_core.c **** 	uint32_t    offset)
 649:Core/Src/vl53l1_core.c **** {
 1130              		.loc 1 649 1 is_stmt 1 view -0
 1131              		.cfi_startproc
 1132              		@ args = 4, pretend = 0, frame = 0
 1133              		@ frame_needed = 0, uses_anonymous_args = 0
 1134              		.loc 1 649 1 is_stmt 0 view .LVU450
 1135 0000 00B5     		push	{lr}
 1136              	.LCFI0:
 1137              		.cfi_def_cfa_offset 4
 1138              		.cfi_offset 14, -4
 650:Core/Src/vl53l1_core.c **** 	/*
 651:Core/Src/vl53l1_core.c **** 	 * Decodes an integer from the input I2C read buffer
 652:Core/Src/vl53l1_core.c **** 	 * (MS byte first order)
ARM GAS  C:\Users\Lenovo\AppData\Local\Temp\cc9EJylw.s 			page 34


 653:Core/Src/vl53l1_core.c **** 	 */
 654:Core/Src/vl53l1_core.c **** 
 655:Core/Src/vl53l1_core.c **** 	uint32_t   value = 0x00;
 1139              		.loc 1 655 2 is_stmt 1 view .LVU451
 1140              	.LVL70:
 656:Core/Src/vl53l1_core.c **** 
 657:Core/Src/vl53l1_core.c **** 	/* extract from buffer */
 658:Core/Src/vl53l1_core.c **** 	while (count-- > 0) {
 1141              		.loc 1 658 2 view .LVU452
 655:Core/Src/vl53l1_core.c **** 
 1142              		.loc 1 655 13 is_stmt 0 view .LVU453
 1143 0002 4FF0000E 		mov	lr, #0
 1144              		.loc 1 658 8 view .LVU454
 1145 0006 04E0     		b	.L61
 1146              	.LVL71:
 1147              	.L62:
 659:Core/Src/vl53l1_core.c **** 		value = (value << 8) | (uint32_t)*pbuffer++;
 1148              		.loc 1 659 3 is_stmt 1 view .LVU455
 1149              		.loc 1 659 36 is_stmt 0 view .LVU456
 1150 0008 11F8010B 		ldrb	r0, [r1], #1	@ zero_extendqisi2
 1151              	.LVL72:
 1152              		.loc 1 659 9 view .LVU457
 1153 000c 40EA0E2E 		orr	lr, r0, lr, lsl #8
 1154              	.LVL73:
 658:Core/Src/vl53l1_core.c **** 		value = (value << 8) | (uint32_t)*pbuffer++;
 1155              		.loc 1 658 14 view .LVU458
 1156 0010 6046     		mov	r0, ip
 1157              	.LVL74:
 1158              	.L61:
 658:Core/Src/vl53l1_core.c **** 		value = (value << 8) | (uint32_t)*pbuffer++;
 1159              		.loc 1 658 8 is_stmt 1 view .LVU459
 658:Core/Src/vl53l1_core.c **** 		value = (value << 8) | (uint32_t)*pbuffer++;
 1160              		.loc 1 658 14 is_stmt 0 view .LVU460
 1161 0012 00F1FF3C 		add	ip, r0, #-1
 1162 0016 1FFA8CFC 		uxth	ip, ip
 1163              	.LVL75:
 658:Core/Src/vl53l1_core.c **** 		value = (value << 8) | (uint32_t)*pbuffer++;
 1164              		.loc 1 658 8 view .LVU461
 1165 001a 0028     		cmp	r0, #0
 1166 001c F4D1     		bne	.L62
 660:Core/Src/vl53l1_core.c **** 	}
 661:Core/Src/vl53l1_core.c **** 
 662:Core/Src/vl53l1_core.c **** 	/* Apply bit mask and down shift */
 663:Core/Src/vl53l1_core.c **** 	value =  value & bit_mask;
 1167              		.loc 1 663 2 is_stmt 1 view .LVU462
 1168              		.loc 1 663 8 is_stmt 0 view .LVU463
 1169 001e 0EEA020E 		and	lr, lr, r2
 1170              	.LVL76:
 664:Core/Src/vl53l1_core.c **** 	if (down_shift > 0) {
 1171              		.loc 1 664 2 is_stmt 1 view .LVU464
 1172              		.loc 1 664 5 is_stmt 0 view .LVU465
 1173 0022 0BB1     		cbz	r3, .L63
 665:Core/Src/vl53l1_core.c **** 		value = value >> down_shift;
 1174              		.loc 1 665 3 is_stmt 1 view .LVU466
 1175              		.loc 1 665 9 is_stmt 0 view .LVU467
 1176 0024 2EFA03FE 		lsr	lr, lr, r3
 1177              	.LVL77:
ARM GAS  C:\Users\Lenovo\AppData\Local\Temp\cc9EJylw.s 			page 35


 1178              	.L63:
 666:Core/Src/vl53l1_core.c **** 	}
 667:Core/Src/vl53l1_core.c **** 
 668:Core/Src/vl53l1_core.c **** 	/* add offset */
 669:Core/Src/vl53l1_core.c **** 	value = value + offset;
 1179              		.loc 1 669 2 is_stmt 1 view .LVU468
 670:Core/Src/vl53l1_core.c **** 
 671:Core/Src/vl53l1_core.c **** 	return value;
 1180              		.loc 1 671 2 view .LVU469
 672:Core/Src/vl53l1_core.c **** }
 1181              		.loc 1 672 1 is_stmt 0 view .LVU470
 1182 0028 0198     		ldr	r0, [sp, #4]
 1183 002a 7044     		add	r0, r0, lr
 1184              	.LVL78:
 1185              		.loc 1 672 1 view .LVU471
 1186 002c 5DF804FB 		ldr	pc, [sp], #4
 1187              		.loc 1 672 1 view .LVU472
 1188              		.cfi_endproc
 1189              	.LFE16:
 1191              		.section	.text.VL53L1_i2c_encode_int32_t,"ax",%progbits
 1192              		.align	1
 1193              		.global	VL53L1_i2c_encode_int32_t
 1194              		.syntax unified
 1195              		.thumb
 1196              		.thumb_func
 1198              	VL53L1_i2c_encode_int32_t:
 1199              	.LVL79:
 1200              	.LFB17:
 673:Core/Src/vl53l1_core.c **** 
 674:Core/Src/vl53l1_core.c **** 
 675:Core/Src/vl53l1_core.c **** void VL53L1_i2c_encode_int32_t(
 676:Core/Src/vl53l1_core.c **** 	int32_t     ip_value,
 677:Core/Src/vl53l1_core.c **** 	uint16_t    count,
 678:Core/Src/vl53l1_core.c **** 	uint8_t    *pbuffer)
 679:Core/Src/vl53l1_core.c **** {
 1201              		.loc 1 679 1 is_stmt 1 view -0
 1202              		.cfi_startproc
 1203              		@ args = 0, pretend = 0, frame = 0
 1204              		@ frame_needed = 0, uses_anonymous_args = 0
 1205              		@ link register save eliminated.
 680:Core/Src/vl53l1_core.c **** 	/*
 681:Core/Src/vl53l1_core.c **** 	 * Encodes a int32_t register value into an I2C write buffer
 682:Core/Src/vl53l1_core.c **** 	 * MS byte first order (as per I2C register map.
 683:Core/Src/vl53l1_core.c **** 	 */
 684:Core/Src/vl53l1_core.c **** 
 685:Core/Src/vl53l1_core.c **** 	uint16_t   i    = 0;
 1206              		.loc 1 685 2 view .LVU474
 686:Core/Src/vl53l1_core.c **** 	int32_t    data = 0;
 1207              		.loc 1 686 2 view .LVU475
 687:Core/Src/vl53l1_core.c **** 
 688:Core/Src/vl53l1_core.c **** 	data =  ip_value;
 1208              		.loc 1 688 2 view .LVU476
 689:Core/Src/vl53l1_core.c **** 
 690:Core/Src/vl53l1_core.c **** 	for (i = 0; i < count ; i++) {
 1209              		.loc 1 690 2 view .LVU477
 1210              		.loc 1 690 9 is_stmt 0 view .LVU478
 1211 0000 0023     		movs	r3, #0
ARM GAS  C:\Users\Lenovo\AppData\Local\Temp\cc9EJylw.s 			page 36


 1212              		.loc 1 690 2 view .LVU479
 1213 0002 08E0     		b	.L66
 1214              	.LVL80:
 1215              	.L67:
 691:Core/Src/vl53l1_core.c **** 		pbuffer[count-i-1] = (uint8_t)(data & 0x00FF);
 1216              		.loc 1 691 3 is_stmt 1 discriminator 3 view .LVU480
 1217              		.loc 1 691 16 is_stmt 0 discriminator 3 view .LVU481
 1218 0004 A1EB030C 		sub	ip, r1, r3
 1219              		.loc 1 691 10 discriminator 3 view .LVU482
 1220 0008 0CF1FF3C 		add	ip, ip, #-1
 1221              		.loc 1 691 22 discriminator 3 view .LVU483
 1222 000c 02F80C00 		strb	r0, [r2, ip]
 692:Core/Src/vl53l1_core.c **** 		data = data >> 8;
 1223              		.loc 1 692 3 is_stmt 1 discriminator 3 view .LVU484
 1224              		.loc 1 692 8 is_stmt 0 discriminator 3 view .LVU485
 1225 0010 0012     		asrs	r0, r0, #8
 1226              	.LVL81:
 690:Core/Src/vl53l1_core.c **** 		pbuffer[count-i-1] = (uint8_t)(data & 0x00FF);
 1227              		.loc 1 690 26 is_stmt 1 discriminator 3 view .LVU486
 690:Core/Src/vl53l1_core.c **** 		pbuffer[count-i-1] = (uint8_t)(data & 0x00FF);
 1228              		.loc 1 690 27 is_stmt 0 discriminator 3 view .LVU487
 1229 0012 0133     		adds	r3, r3, #1
 1230              	.LVL82:
 690:Core/Src/vl53l1_core.c **** 		pbuffer[count-i-1] = (uint8_t)(data & 0x00FF);
 1231              		.loc 1 690 27 discriminator 3 view .LVU488
 1232 0014 9BB2     		uxth	r3, r3
 1233              	.LVL83:
 1234              	.L66:
 690:Core/Src/vl53l1_core.c **** 		pbuffer[count-i-1] = (uint8_t)(data & 0x00FF);
 1235              		.loc 1 690 14 is_stmt 1 discriminator 1 view .LVU489
 690:Core/Src/vl53l1_core.c **** 		pbuffer[count-i-1] = (uint8_t)(data & 0x00FF);
 1236              		.loc 1 690 2 is_stmt 0 discriminator 1 view .LVU490
 1237 0016 8B42     		cmp	r3, r1
 1238 0018 F4D3     		bcc	.L67
 693:Core/Src/vl53l1_core.c **** 	}
 694:Core/Src/vl53l1_core.c **** }
 1239              		.loc 1 694 1 view .LVU491
 1240 001a 7047     		bx	lr
 1241              		.cfi_endproc
 1242              	.LFE17:
 1244              		.section	.text.VL53L1_i2c_decode_int32_t,"ax",%progbits
 1245              		.align	1
 1246              		.global	VL53L1_i2c_decode_int32_t
 1247              		.syntax unified
 1248              		.thumb
 1249              		.thumb_func
 1251              	VL53L1_i2c_decode_int32_t:
 1252              	.LVL84:
 1253              	.LFB18:
 695:Core/Src/vl53l1_core.c **** 
 696:Core/Src/vl53l1_core.c **** int32_t VL53L1_i2c_decode_int32_t(
 697:Core/Src/vl53l1_core.c **** 	uint16_t    count,
 698:Core/Src/vl53l1_core.c **** 	uint8_t    *pbuffer)
 699:Core/Src/vl53l1_core.c **** {
 1254              		.loc 1 699 1 is_stmt 1 view -0
 1255              		.cfi_startproc
 1256              		@ args = 0, pretend = 0, frame = 0
ARM GAS  C:\Users\Lenovo\AppData\Local\Temp\cc9EJylw.s 			page 37


 1257              		@ frame_needed = 0, uses_anonymous_args = 0
 1258              		@ link register save eliminated.
 1259              		.loc 1 699 1 is_stmt 0 view .LVU493
 1260 0000 0246     		mov	r2, r0
 700:Core/Src/vl53l1_core.c **** 	/*
 701:Core/Src/vl53l1_core.c **** 	 * Decodes a int32_t from the input I2C read buffer
 702:Core/Src/vl53l1_core.c **** 	 * (MS byte first order)
 703:Core/Src/vl53l1_core.c **** 	 */
 704:Core/Src/vl53l1_core.c **** 
 705:Core/Src/vl53l1_core.c **** 	int32_t    value = 0x00;
 1261              		.loc 1 705 2 is_stmt 1 view .LVU494
 1262              	.LVL85:
 706:Core/Src/vl53l1_core.c **** 
 707:Core/Src/vl53l1_core.c **** 	/* implement sign extension */
 708:Core/Src/vl53l1_core.c **** 	if (*pbuffer >= 0x80) {
 1263              		.loc 1 708 2 view .LVU495
 1264              		.loc 1 708 15 is_stmt 0 view .LVU496
 1265 0002 91F90030 		ldrsb	r3, [r1]
 1266              		.loc 1 708 5 view .LVU497
 1267 0006 002B     		cmp	r3, #0
 1268 0008 01DB     		blt	.L72
 705:Core/Src/vl53l1_core.c **** 
 1269              		.loc 1 705 13 view .LVU498
 1270 000a 0020     		movs	r0, #0
 1271              	.LVL86:
 705:Core/Src/vl53l1_core.c **** 
 1272              		.loc 1 705 13 view .LVU499
 1273 000c 07E0     		b	.L70
 1274              	.LVL87:
 1275              	.L72:
 709:Core/Src/vl53l1_core.c **** 		value = 0xFFFFFFFF;
 1276              		.loc 1 709 9 view .LVU500
 1277 000e 4FF0FF30 		mov	r0, #-1
 1278              	.LVL88:
 1279              		.loc 1 709 9 view .LVU501
 1280 0012 04E0     		b	.L70
 1281              	.LVL89:
 1282              	.L71:
 710:Core/Src/vl53l1_core.c **** 	}
 711:Core/Src/vl53l1_core.c **** 
 712:Core/Src/vl53l1_core.c **** 	while (count-- > 0) {
 713:Core/Src/vl53l1_core.c **** 		value = (value << 8) | (int32_t)*pbuffer++;
 1283              		.loc 1 713 3 is_stmt 1 view .LVU502
 1284              		.loc 1 713 35 is_stmt 0 view .LVU503
 1285 0014 11F8012B 		ldrb	r2, [r1], #1	@ zero_extendqisi2
 1286              	.LVL90:
 1287              		.loc 1 713 9 view .LVU504
 1288 0018 42EA0020 		orr	r0, r2, r0, lsl #8
 1289              	.LVL91:
 712:Core/Src/vl53l1_core.c **** 		value = (value << 8) | (int32_t)*pbuffer++;
 1290              		.loc 1 712 14 view .LVU505
 1291 001c 1A46     		mov	r2, r3
 1292              	.LVL92:
 1293              	.L70:
 712:Core/Src/vl53l1_core.c **** 		value = (value << 8) | (int32_t)*pbuffer++;
 1294              		.loc 1 712 8 is_stmt 1 view .LVU506
 712:Core/Src/vl53l1_core.c **** 		value = (value << 8) | (int32_t)*pbuffer++;
ARM GAS  C:\Users\Lenovo\AppData\Local\Temp\cc9EJylw.s 			page 38


 1295              		.loc 1 712 14 is_stmt 0 view .LVU507
 1296 001e 531E     		subs	r3, r2, #1
 1297 0020 9BB2     		uxth	r3, r3
 1298              	.LVL93:
 712:Core/Src/vl53l1_core.c **** 		value = (value << 8) | (int32_t)*pbuffer++;
 1299              		.loc 1 712 8 view .LVU508
 1300 0022 002A     		cmp	r2, #0
 1301 0024 F6D1     		bne	.L71
 714:Core/Src/vl53l1_core.c **** 	}
 715:Core/Src/vl53l1_core.c **** 
 716:Core/Src/vl53l1_core.c **** 	return value;
 1302              		.loc 1 716 2 is_stmt 1 view .LVU509
 717:Core/Src/vl53l1_core.c **** }
 1303              		.loc 1 717 1 is_stmt 0 view .LVU510
 1304 0026 7047     		bx	lr
 1305              		.cfi_endproc
 1306              	.LFE18:
 1308              		.section	.text.VL53L1_start_test,"ax",%progbits
 1309              		.align	1
 1310              		.global	VL53L1_start_test
 1311              		.syntax unified
 1312              		.thumb
 1313              		.thumb_func
 1315              	VL53L1_start_test:
 1316              	.LVL94:
 1317              	.LFB19:
 718:Core/Src/vl53l1_core.c **** 
 719:Core/Src/vl53l1_core.c **** 
 720:Core/Src/vl53l1_core.c **** #ifndef VL53L1_NOCALIB
 721:Core/Src/vl53l1_core.c **** VL53L1_Error VL53L1_start_test(
 722:Core/Src/vl53l1_core.c **** 	VL53L1_DEV    Dev,
 723:Core/Src/vl53l1_core.c **** 	uint8_t       test_mode__ctrl)
 724:Core/Src/vl53l1_core.c **** {
 1318              		.loc 1 724 1 is_stmt 1 view -0
 1319              		.cfi_startproc
 1320              		@ args = 0, pretend = 0, frame = 0
 1321              		@ frame_needed = 0, uses_anonymous_args = 0
 1322              		.loc 1 724 1 is_stmt 0 view .LVU512
 1323 0000 08B5     		push	{r3, lr}
 1324              	.LCFI1:
 1325              		.cfi_def_cfa_offset 8
 1326              		.cfi_offset 3, -8
 1327              		.cfi_offset 14, -4
 1328 0002 0A46     		mov	r2, r1
 725:Core/Src/vl53l1_core.c **** 	/*
 726:Core/Src/vl53l1_core.c **** 	 * Triggers the start of a test mode
 727:Core/Src/vl53l1_core.c **** 	 */
 728:Core/Src/vl53l1_core.c **** 
 729:Core/Src/vl53l1_core.c **** 	VL53L1_Error status = VL53L1_ERROR_NONE;
 1329              		.loc 1 729 2 is_stmt 1 view .LVU513
 1330              	.LVL95:
 730:Core/Src/vl53l1_core.c **** 
 731:Core/Src/vl53l1_core.c **** 	LOG_FUNCTION_START("");
 1331              		.loc 1 731 24 view .LVU514
 732:Core/Src/vl53l1_core.c **** 
 733:Core/Src/vl53l1_core.c **** 	if (status == VL53L1_ERROR_NONE) { /*lint !e774 always true*/
 1332              		.loc 1 733 2 view .LVU515
ARM GAS  C:\Users\Lenovo\AppData\Local\Temp\cc9EJylw.s 			page 39


 734:Core/Src/vl53l1_core.c **** 		status = VL53L1_WrByte(
 1333              		.loc 1 734 3 view .LVU516
 1334              		.loc 1 734 12 is_stmt 0 view .LVU517
 1335 0004 2721     		movs	r1, #39
 1336              	.LVL96:
 1337              		.loc 1 734 12 view .LVU518
 1338 0006 FFF7FEFF 		bl	VL53L1_WrByte
 1339              	.LVL97:
 735:Core/Src/vl53l1_core.c **** 					Dev,
 736:Core/Src/vl53l1_core.c **** 					VL53L1_TEST_MODE__CTRL,
 737:Core/Src/vl53l1_core.c **** 					test_mode__ctrl);
 738:Core/Src/vl53l1_core.c **** 	}
 739:Core/Src/vl53l1_core.c **** 
 740:Core/Src/vl53l1_core.c **** 	LOG_FUNCTION_END(status);
 1340              		.loc 1 740 26 is_stmt 1 view .LVU519
 741:Core/Src/vl53l1_core.c **** 
 742:Core/Src/vl53l1_core.c **** 	return status;
 1341              		.loc 1 742 2 view .LVU520
 743:Core/Src/vl53l1_core.c **** }
 1342              		.loc 1 743 1 is_stmt 0 view .LVU521
 1343 000a 08BD     		pop	{r3, pc}
 1344              		.cfi_endproc
 1345              	.LFE19:
 1347              		.section	.text.VL53L1_set_firmware_enable_register,"ax",%progbits
 1348              		.align	1
 1349              		.global	VL53L1_set_firmware_enable_register
 1350              		.syntax unified
 1351              		.thumb
 1352              		.thumb_func
 1354              	VL53L1_set_firmware_enable_register:
 1355              	.LVL98:
 1356              	.LFB20:
 744:Core/Src/vl53l1_core.c **** #endif
 745:Core/Src/vl53l1_core.c **** 
 746:Core/Src/vl53l1_core.c **** 
 747:Core/Src/vl53l1_core.c **** VL53L1_Error VL53L1_set_firmware_enable_register(
 748:Core/Src/vl53l1_core.c **** 	VL53L1_DEV    Dev,
 749:Core/Src/vl53l1_core.c **** 	uint8_t       value)
 750:Core/Src/vl53l1_core.c **** {
 1357              		.loc 1 750 1 is_stmt 1 view -0
 1358              		.cfi_startproc
 1359              		@ args = 0, pretend = 0, frame = 0
 1360              		@ frame_needed = 0, uses_anonymous_args = 0
 1361              		.loc 1 750 1 is_stmt 0 view .LVU523
 1362 0000 08B5     		push	{r3, lr}
 1363              	.LCFI2:
 1364              		.cfi_def_cfa_offset 8
 1365              		.cfi_offset 3, -8
 1366              		.cfi_offset 14, -4
 1367 0002 0A46     		mov	r2, r1
 751:Core/Src/vl53l1_core.c **** 	/*
 752:Core/Src/vl53l1_core.c **** 	 * Set FIRMWARE__ENABLE register
 753:Core/Src/vl53l1_core.c **** 	 */
 754:Core/Src/vl53l1_core.c **** 
 755:Core/Src/vl53l1_core.c **** 	VL53L1_Error status         = VL53L1_ERROR_NONE;
 1368              		.loc 1 755 2 is_stmt 1 view .LVU524
 1369              	.LVL99:
ARM GAS  C:\Users\Lenovo\AppData\Local\Temp\cc9EJylw.s 			page 40


 756:Core/Src/vl53l1_core.c **** 	VL53L1_LLDriverData_t *pdev = VL53L1DevStructGetLLDriverHandle(Dev);
 1370              		.loc 1 756 2 view .LVU525
 757:Core/Src/vl53l1_core.c **** 
 758:Core/Src/vl53l1_core.c **** 	pdev->sys_ctrl.firmware__enable = value;
 1371              		.loc 1 758 2 view .LVU526
 1372              		.loc 1 758 34 is_stmt 0 view .LVU527
 1373 0004 80F8CA11 		strb	r1, [r0, #458]
 759:Core/Src/vl53l1_core.c **** 
 760:Core/Src/vl53l1_core.c **** 	status = VL53L1_WrByte(
 1374              		.loc 1 760 2 is_stmt 1 view .LVU528
 1375              		.loc 1 760 11 is_stmt 0 view .LVU529
 1376 0008 8521     		movs	r1, #133
 1377              	.LVL100:
 1378              		.loc 1 760 11 view .LVU530
 1379 000a FFF7FEFF 		bl	VL53L1_WrByte
 1380              	.LVL101:
 761:Core/Src/vl53l1_core.c **** 				Dev,
 762:Core/Src/vl53l1_core.c **** 				VL53L1_FIRMWARE__ENABLE,
 763:Core/Src/vl53l1_core.c **** 				pdev->sys_ctrl.firmware__enable);
 764:Core/Src/vl53l1_core.c **** 
 765:Core/Src/vl53l1_core.c **** 	return status;
 1381              		.loc 1 765 2 is_stmt 1 view .LVU531
 766:Core/Src/vl53l1_core.c **** }
 1382              		.loc 1 766 1 is_stmt 0 view .LVU532
 1383 000e 08BD     		pop	{r3, pc}
 1384              		.cfi_endproc
 1385              	.LFE20:
 1387              		.section	.text.VL53L1_enable_firmware,"ax",%progbits
 1388              		.align	1
 1389              		.global	VL53L1_enable_firmware
 1390              		.syntax unified
 1391              		.thumb
 1392              		.thumb_func
 1394              	VL53L1_enable_firmware:
 1395              	.LVL102:
 1396              	.LFB21:
 767:Core/Src/vl53l1_core.c **** 
 768:Core/Src/vl53l1_core.c **** VL53L1_Error VL53L1_enable_firmware(
 769:Core/Src/vl53l1_core.c **** 	VL53L1_DEV    Dev)
 770:Core/Src/vl53l1_core.c **** {
 1397              		.loc 1 770 1 is_stmt 1 view -0
 1398              		.cfi_startproc
 1399              		@ args = 0, pretend = 0, frame = 0
 1400              		@ frame_needed = 0, uses_anonymous_args = 0
 1401              		.loc 1 770 1 is_stmt 0 view .LVU534
 1402 0000 08B5     		push	{r3, lr}
 1403              	.LCFI3:
 1404              		.cfi_def_cfa_offset 8
 1405              		.cfi_offset 3, -8
 1406              		.cfi_offset 14, -4
 771:Core/Src/vl53l1_core.c **** 	/*
 772:Core/Src/vl53l1_core.c **** 	 * Enable firmware
 773:Core/Src/vl53l1_core.c **** 	 */
 774:Core/Src/vl53l1_core.c **** 
 775:Core/Src/vl53l1_core.c **** 	VL53L1_Error status       = VL53L1_ERROR_NONE;
 1407              		.loc 1 775 2 is_stmt 1 view .LVU535
 1408              	.LVL103:
ARM GAS  C:\Users\Lenovo\AppData\Local\Temp\cc9EJylw.s 			page 41


 776:Core/Src/vl53l1_core.c **** 
 777:Core/Src/vl53l1_core.c **** 	LOG_FUNCTION_START("");
 1409              		.loc 1 777 24 view .LVU536
 778:Core/Src/vl53l1_core.c **** 
 779:Core/Src/vl53l1_core.c **** 	status = VL53L1_set_firmware_enable_register(Dev, 0x01);
 1410              		.loc 1 779 2 view .LVU537
 1411              		.loc 1 779 11 is_stmt 0 view .LVU538
 1412 0002 0121     		movs	r1, #1
 1413 0004 FFF7FEFF 		bl	VL53L1_set_firmware_enable_register
 1414              	.LVL104:
 780:Core/Src/vl53l1_core.c **** 
 781:Core/Src/vl53l1_core.c **** 	LOG_FUNCTION_END(status);
 1415              		.loc 1 781 26 is_stmt 1 view .LVU539
 782:Core/Src/vl53l1_core.c **** 
 783:Core/Src/vl53l1_core.c **** 	return status;
 1416              		.loc 1 783 2 view .LVU540
 784:Core/Src/vl53l1_core.c **** }
 1417              		.loc 1 784 1 is_stmt 0 view .LVU541
 1418 0008 08BD     		pop	{r3, pc}
 1419              		.cfi_endproc
 1420              	.LFE21:
 1422              		.section	.text.VL53L1_disable_firmware,"ax",%progbits
 1423              		.align	1
 1424              		.global	VL53L1_disable_firmware
 1425              		.syntax unified
 1426              		.thumb
 1427              		.thumb_func
 1429              	VL53L1_disable_firmware:
 1430              	.LVL105:
 1431              	.LFB22:
 785:Core/Src/vl53l1_core.c **** 
 786:Core/Src/vl53l1_core.c **** 
 787:Core/Src/vl53l1_core.c **** VL53L1_Error VL53L1_disable_firmware(
 788:Core/Src/vl53l1_core.c **** 	VL53L1_DEV    Dev)
 789:Core/Src/vl53l1_core.c **** {
 1432              		.loc 1 789 1 is_stmt 1 view -0
 1433              		.cfi_startproc
 1434              		@ args = 0, pretend = 0, frame = 0
 1435              		@ frame_needed = 0, uses_anonymous_args = 0
 1436              		.loc 1 789 1 is_stmt 0 view .LVU543
 1437 0000 08B5     		push	{r3, lr}
 1438              	.LCFI4:
 1439              		.cfi_def_cfa_offset 8
 1440              		.cfi_offset 3, -8
 1441              		.cfi_offset 14, -4
 790:Core/Src/vl53l1_core.c **** 	/*
 791:Core/Src/vl53l1_core.c **** 	 * Disable firmware
 792:Core/Src/vl53l1_core.c **** 	 */
 793:Core/Src/vl53l1_core.c **** 
 794:Core/Src/vl53l1_core.c **** 	VL53L1_Error status       = VL53L1_ERROR_NONE;
 1442              		.loc 1 794 2 is_stmt 1 view .LVU544
 1443              	.LVL106:
 795:Core/Src/vl53l1_core.c **** 
 796:Core/Src/vl53l1_core.c **** 	LOG_FUNCTION_START("");
 1444              		.loc 1 796 24 view .LVU545
 797:Core/Src/vl53l1_core.c **** 
 798:Core/Src/vl53l1_core.c **** 	status = VL53L1_set_firmware_enable_register(Dev, 0x00);
ARM GAS  C:\Users\Lenovo\AppData\Local\Temp\cc9EJylw.s 			page 42


 1445              		.loc 1 798 2 view .LVU546
 1446              		.loc 1 798 11 is_stmt 0 view .LVU547
 1447 0002 0021     		movs	r1, #0
 1448 0004 FFF7FEFF 		bl	VL53L1_set_firmware_enable_register
 1449              	.LVL107:
 799:Core/Src/vl53l1_core.c **** 
 800:Core/Src/vl53l1_core.c **** 	LOG_FUNCTION_END(status);
 1450              		.loc 1 800 26 is_stmt 1 view .LVU548
 801:Core/Src/vl53l1_core.c **** 
 802:Core/Src/vl53l1_core.c **** 	return status;
 1451              		.loc 1 802 2 view .LVU549
 803:Core/Src/vl53l1_core.c **** }
 1452              		.loc 1 803 1 is_stmt 0 view .LVU550
 1453 0008 08BD     		pop	{r3, pc}
 1454              		.cfi_endproc
 1455              	.LFE22:
 1457              		.section	.text.VL53L1_set_powerforce_register,"ax",%progbits
 1458              		.align	1
 1459              		.global	VL53L1_set_powerforce_register
 1460              		.syntax unified
 1461              		.thumb
 1462              		.thumb_func
 1464              	VL53L1_set_powerforce_register:
 1465              	.LVL108:
 1466              	.LFB23:
 804:Core/Src/vl53l1_core.c **** 
 805:Core/Src/vl53l1_core.c **** 
 806:Core/Src/vl53l1_core.c **** VL53L1_Error VL53L1_set_powerforce_register(
 807:Core/Src/vl53l1_core.c **** 	VL53L1_DEV    Dev,
 808:Core/Src/vl53l1_core.c **** 	uint8_t       value)
 809:Core/Src/vl53l1_core.c **** {
 1467              		.loc 1 809 1 is_stmt 1 view -0
 1468              		.cfi_startproc
 1469              		@ args = 0, pretend = 0, frame = 0
 1470              		@ frame_needed = 0, uses_anonymous_args = 0
 1471              		.loc 1 809 1 is_stmt 0 view .LVU552
 1472 0000 08B5     		push	{r3, lr}
 1473              	.LCFI5:
 1474              		.cfi_def_cfa_offset 8
 1475              		.cfi_offset 3, -8
 1476              		.cfi_offset 14, -4
 1477 0002 0A46     		mov	r2, r1
 810:Core/Src/vl53l1_core.c **** 	/*
 811:Core/Src/vl53l1_core.c **** 	 * Set power force register
 812:Core/Src/vl53l1_core.c **** 	 */
 813:Core/Src/vl53l1_core.c **** 
 814:Core/Src/vl53l1_core.c **** 	VL53L1_Error status       = VL53L1_ERROR_NONE;
 1478              		.loc 1 814 2 is_stmt 1 view .LVU553
 1479              	.LVL109:
 815:Core/Src/vl53l1_core.c **** 	VL53L1_LLDriverData_t *pdev = VL53L1DevStructGetLLDriverHandle(Dev);
 1480              		.loc 1 815 2 view .LVU554
 816:Core/Src/vl53l1_core.c **** 
 817:Core/Src/vl53l1_core.c **** 	pdev->sys_ctrl.power_management__go1_power_force = value;
 1481              		.loc 1 817 2 view .LVU555
 1482              		.loc 1 817 51 is_stmt 0 view .LVU556
 1483 0004 80F8C811 		strb	r1, [r0, #456]
 818:Core/Src/vl53l1_core.c **** 
ARM GAS  C:\Users\Lenovo\AppData\Local\Temp\cc9EJylw.s 			page 43


 819:Core/Src/vl53l1_core.c **** 	status = VL53L1_WrByte(
 1484              		.loc 1 819 2 is_stmt 1 view .LVU557
 1485              		.loc 1 819 11 is_stmt 0 view .LVU558
 1486 0008 8321     		movs	r1, #131
 1487              	.LVL110:
 1488              		.loc 1 819 11 view .LVU559
 1489 000a FFF7FEFF 		bl	VL53L1_WrByte
 1490              	.LVL111:
 820:Core/Src/vl53l1_core.c **** 			Dev,
 821:Core/Src/vl53l1_core.c **** 			VL53L1_POWER_MANAGEMENT__GO1_POWER_FORCE,
 822:Core/Src/vl53l1_core.c **** 			pdev->sys_ctrl.power_management__go1_power_force);
 823:Core/Src/vl53l1_core.c **** 
 824:Core/Src/vl53l1_core.c **** 	return status;
 1491              		.loc 1 824 2 is_stmt 1 view .LVU560
 825:Core/Src/vl53l1_core.c **** }
 1492              		.loc 1 825 1 is_stmt 0 view .LVU561
 1493 000e 08BD     		pop	{r3, pc}
 1494              		.cfi_endproc
 1495              	.LFE23:
 1497              		.section	.text.VL53L1_enable_powerforce,"ax",%progbits
 1498              		.align	1
 1499              		.global	VL53L1_enable_powerforce
 1500              		.syntax unified
 1501              		.thumb
 1502              		.thumb_func
 1504              	VL53L1_enable_powerforce:
 1505              	.LVL112:
 1506              	.LFB24:
 826:Core/Src/vl53l1_core.c **** 
 827:Core/Src/vl53l1_core.c **** 
 828:Core/Src/vl53l1_core.c **** VL53L1_Error VL53L1_enable_powerforce(
 829:Core/Src/vl53l1_core.c **** 	VL53L1_DEV    Dev)
 830:Core/Src/vl53l1_core.c **** {
 1507              		.loc 1 830 1 is_stmt 1 view -0
 1508              		.cfi_startproc
 1509              		@ args = 0, pretend = 0, frame = 0
 1510              		@ frame_needed = 0, uses_anonymous_args = 0
 1511              		.loc 1 830 1 is_stmt 0 view .LVU563
 1512 0000 08B5     		push	{r3, lr}
 1513              	.LCFI6:
 1514              		.cfi_def_cfa_offset 8
 1515              		.cfi_offset 3, -8
 1516              		.cfi_offset 14, -4
 831:Core/Src/vl53l1_core.c **** 	/*
 832:Core/Src/vl53l1_core.c **** 	 * Enable power force
 833:Core/Src/vl53l1_core.c **** 	 */
 834:Core/Src/vl53l1_core.c **** 
 835:Core/Src/vl53l1_core.c **** 	VL53L1_Error status       = VL53L1_ERROR_NONE;
 1517              		.loc 1 835 2 is_stmt 1 view .LVU564
 1518              	.LVL113:
 836:Core/Src/vl53l1_core.c **** 
 837:Core/Src/vl53l1_core.c **** 	LOG_FUNCTION_START("");
 1519              		.loc 1 837 24 view .LVU565
 838:Core/Src/vl53l1_core.c **** 
 839:Core/Src/vl53l1_core.c **** 	status = VL53L1_set_powerforce_register(Dev, 0x01);
 1520              		.loc 1 839 2 view .LVU566
 1521              		.loc 1 839 11 is_stmt 0 view .LVU567
ARM GAS  C:\Users\Lenovo\AppData\Local\Temp\cc9EJylw.s 			page 44


 1522 0002 0121     		movs	r1, #1
 1523 0004 FFF7FEFF 		bl	VL53L1_set_powerforce_register
 1524              	.LVL114:
 840:Core/Src/vl53l1_core.c **** 
 841:Core/Src/vl53l1_core.c **** 	LOG_FUNCTION_END(status);
 1525              		.loc 1 841 26 is_stmt 1 view .LVU568
 842:Core/Src/vl53l1_core.c **** 
 843:Core/Src/vl53l1_core.c **** 	return status;
 1526              		.loc 1 843 2 view .LVU569
 844:Core/Src/vl53l1_core.c **** }
 1527              		.loc 1 844 1 is_stmt 0 view .LVU570
 1528 0008 08BD     		pop	{r3, pc}
 1529              		.cfi_endproc
 1530              	.LFE24:
 1532              		.section	.text.VL53L1_disable_powerforce,"ax",%progbits
 1533              		.align	1
 1534              		.global	VL53L1_disable_powerforce
 1535              		.syntax unified
 1536              		.thumb
 1537              		.thumb_func
 1539              	VL53L1_disable_powerforce:
 1540              	.LVL115:
 1541              	.LFB25:
 845:Core/Src/vl53l1_core.c **** 
 846:Core/Src/vl53l1_core.c **** 
 847:Core/Src/vl53l1_core.c **** VL53L1_Error VL53L1_disable_powerforce(
 848:Core/Src/vl53l1_core.c **** 	VL53L1_DEV    Dev)
 849:Core/Src/vl53l1_core.c **** {
 1542              		.loc 1 849 1 is_stmt 1 view -0
 1543              		.cfi_startproc
 1544              		@ args = 0, pretend = 0, frame = 0
 1545              		@ frame_needed = 0, uses_anonymous_args = 0
 1546              		.loc 1 849 1 is_stmt 0 view .LVU572
 1547 0000 08B5     		push	{r3, lr}
 1548              	.LCFI7:
 1549              		.cfi_def_cfa_offset 8
 1550              		.cfi_offset 3, -8
 1551              		.cfi_offset 14, -4
 850:Core/Src/vl53l1_core.c **** 	/*
 851:Core/Src/vl53l1_core.c **** 	 * Disable power force
 852:Core/Src/vl53l1_core.c **** 	 */
 853:Core/Src/vl53l1_core.c **** 
 854:Core/Src/vl53l1_core.c **** 	VL53L1_Error status       = VL53L1_ERROR_NONE;
 1552              		.loc 1 854 2 is_stmt 1 view .LVU573
 1553              	.LVL116:
 855:Core/Src/vl53l1_core.c **** 
 856:Core/Src/vl53l1_core.c **** 	LOG_FUNCTION_START("");
 1554              		.loc 1 856 24 view .LVU574
 857:Core/Src/vl53l1_core.c **** 
 858:Core/Src/vl53l1_core.c **** 	status = VL53L1_set_powerforce_register(Dev, 0x00);
 1555              		.loc 1 858 2 view .LVU575
 1556              		.loc 1 858 11 is_stmt 0 view .LVU576
 1557 0002 0021     		movs	r1, #0
 1558 0004 FFF7FEFF 		bl	VL53L1_set_powerforce_register
 1559              	.LVL117:
 859:Core/Src/vl53l1_core.c **** 
 860:Core/Src/vl53l1_core.c **** 	LOG_FUNCTION_END(status);
ARM GAS  C:\Users\Lenovo\AppData\Local\Temp\cc9EJylw.s 			page 45


 1560              		.loc 1 860 26 is_stmt 1 view .LVU577
 861:Core/Src/vl53l1_core.c **** 
 862:Core/Src/vl53l1_core.c **** 	return status;
 1561              		.loc 1 862 2 view .LVU578
 863:Core/Src/vl53l1_core.c **** }
 1562              		.loc 1 863 1 is_stmt 0 view .LVU579
 1563 0008 08BD     		pop	{r3, pc}
 1564              		.cfi_endproc
 1565              	.LFE25:
 1567              		.section	.text.VL53L1_clear_interrupt,"ax",%progbits
 1568              		.align	1
 1569              		.global	VL53L1_clear_interrupt
 1570              		.syntax unified
 1571              		.thumb
 1572              		.thumb_func
 1574              	VL53L1_clear_interrupt:
 1575              	.LVL118:
 1576              	.LFB26:
 864:Core/Src/vl53l1_core.c **** 
 865:Core/Src/vl53l1_core.c **** 
 866:Core/Src/vl53l1_core.c **** VL53L1_Error VL53L1_clear_interrupt(
 867:Core/Src/vl53l1_core.c **** 	VL53L1_DEV    Dev)
 868:Core/Src/vl53l1_core.c **** {
 1577              		.loc 1 868 1 is_stmt 1 view -0
 1578              		.cfi_startproc
 1579              		@ args = 0, pretend = 0, frame = 0
 1580              		@ frame_needed = 0, uses_anonymous_args = 0
 1581              		.loc 1 868 1 is_stmt 0 view .LVU581
 1582 0000 08B5     		push	{r3, lr}
 1583              	.LCFI8:
 1584              		.cfi_def_cfa_offset 8
 1585              		.cfi_offset 3, -8
 1586              		.cfi_offset 14, -4
 869:Core/Src/vl53l1_core.c **** 	/*
 870:Core/Src/vl53l1_core.c **** 	 * Clear Ranging interrupt by writing to
 871:Core/Src/vl53l1_core.c **** 	 */
 872:Core/Src/vl53l1_core.c **** 
 873:Core/Src/vl53l1_core.c **** 	VL53L1_Error status       = VL53L1_ERROR_NONE;
 1587              		.loc 1 873 2 is_stmt 1 view .LVU582
 1588              	.LVL119:
 874:Core/Src/vl53l1_core.c **** 	VL53L1_LLDriverData_t *pdev = VL53L1DevStructGetLLDriverHandle(Dev);
 1589              		.loc 1 874 2 view .LVU583
 875:Core/Src/vl53l1_core.c **** 
 876:Core/Src/vl53l1_core.c **** 	LOG_FUNCTION_START("");
 1590              		.loc 1 876 24 view .LVU584
 877:Core/Src/vl53l1_core.c **** 
 878:Core/Src/vl53l1_core.c **** 	pdev->sys_ctrl.system__interrupt_clear = VL53L1_CLEAR_RANGE_INT;
 1591              		.loc 1 878 2 view .LVU585
 1592              		.loc 1 878 41 is_stmt 0 view .LVU586
 1593 0002 0122     		movs	r2, #1
 1594 0004 80F8CB21 		strb	r2, [r0, #459]
 879:Core/Src/vl53l1_core.c **** 
 880:Core/Src/vl53l1_core.c **** 	status = VL53L1_WrByte(
 1595              		.loc 1 880 2 is_stmt 1 view .LVU587
 1596              		.loc 1 880 11 is_stmt 0 view .LVU588
 1597 0008 8621     		movs	r1, #134
 1598 000a FFF7FEFF 		bl	VL53L1_WrByte
ARM GAS  C:\Users\Lenovo\AppData\Local\Temp\cc9EJylw.s 			page 46


 1599              	.LVL120:
 881:Core/Src/vl53l1_core.c **** 					Dev,
 882:Core/Src/vl53l1_core.c **** 					VL53L1_SYSTEM__INTERRUPT_CLEAR,
 883:Core/Src/vl53l1_core.c **** 					pdev->sys_ctrl.system__interrupt_clear);
 884:Core/Src/vl53l1_core.c **** 
 885:Core/Src/vl53l1_core.c **** 	LOG_FUNCTION_END(status);
 1600              		.loc 1 885 26 is_stmt 1 view .LVU589
 886:Core/Src/vl53l1_core.c **** 
 887:Core/Src/vl53l1_core.c **** 	return status;
 1601              		.loc 1 887 2 view .LVU590
 888:Core/Src/vl53l1_core.c **** }
 1602              		.loc 1 888 1 is_stmt 0 view .LVU591
 1603 000e 08BD     		pop	{r3, pc}
 1604              		.cfi_endproc
 1605              	.LFE26:
 1607              		.section	.text.VL53L1_calc_macro_period_us,"ax",%progbits
 1608              		.align	1
 1609              		.global	VL53L1_calc_macro_period_us
 1610              		.syntax unified
 1611              		.thumb
 1612              		.thumb_func
 1614              	VL53L1_calc_macro_period_us:
 1615              	.LVL121:
 1616              	.LFB27:
 889:Core/Src/vl53l1_core.c **** 
 890:Core/Src/vl53l1_core.c **** 
 891:Core/Src/vl53l1_core.c **** #ifdef VL53L1_DEBUG
 892:Core/Src/vl53l1_core.c **** VL53L1_Error VL53L1_force_shadow_stream_count_to_zero(
 893:Core/Src/vl53l1_core.c **** 	VL53L1_DEV    Dev)
 894:Core/Src/vl53l1_core.c **** {
 895:Core/Src/vl53l1_core.c **** 	/*
 896:Core/Src/vl53l1_core.c **** 	 * Forces shadow stream count to zero
 897:Core/Src/vl53l1_core.c **** 	 */
 898:Core/Src/vl53l1_core.c **** 
 899:Core/Src/vl53l1_core.c **** 	VL53L1_Error status       = VL53L1_ERROR_NONE;
 900:Core/Src/vl53l1_core.c **** 
 901:Core/Src/vl53l1_core.c **** 	if (status == VL53L1_ERROR_NONE) { /*lint !e774 always true*/
 902:Core/Src/vl53l1_core.c **** 		status = VL53L1_disable_firmware(Dev);
 903:Core/Src/vl53l1_core.c **** 	}
 904:Core/Src/vl53l1_core.c **** 
 905:Core/Src/vl53l1_core.c **** 	if (status == VL53L1_ERROR_NONE) {
 906:Core/Src/vl53l1_core.c **** 		status = VL53L1_WrByte(
 907:Core/Src/vl53l1_core.c **** 				Dev,
 908:Core/Src/vl53l1_core.c **** 				VL53L1_SHADOW_RESULT__STREAM_COUNT,
 909:Core/Src/vl53l1_core.c **** 				0x00);
 910:Core/Src/vl53l1_core.c **** 	}
 911:Core/Src/vl53l1_core.c **** 
 912:Core/Src/vl53l1_core.c **** 	if (status == VL53L1_ERROR_NONE) {
 913:Core/Src/vl53l1_core.c **** 		status = VL53L1_enable_firmware(Dev);
 914:Core/Src/vl53l1_core.c **** 	}
 915:Core/Src/vl53l1_core.c **** 
 916:Core/Src/vl53l1_core.c **** 	return status;
 917:Core/Src/vl53l1_core.c **** }
 918:Core/Src/vl53l1_core.c **** #endif
 919:Core/Src/vl53l1_core.c **** 
 920:Core/Src/vl53l1_core.c **** uint32_t VL53L1_calc_macro_period_us(
 921:Core/Src/vl53l1_core.c **** 	uint16_t  fast_osc_frequency,
ARM GAS  C:\Users\Lenovo\AppData\Local\Temp\cc9EJylw.s 			page 47


 922:Core/Src/vl53l1_core.c **** 	uint8_t   vcsel_period)
 923:Core/Src/vl53l1_core.c **** {
 1617              		.loc 1 923 1 is_stmt 1 view -0
 1618              		.cfi_startproc
 1619              		@ args = 0, pretend = 0, frame = 0
 1620              		@ frame_needed = 0, uses_anonymous_args = 0
 1621              		.loc 1 923 1 is_stmt 0 view .LVU593
 1622 0000 38B5     		push	{r3, r4, r5, lr}
 1623              	.LCFI9:
 1624              		.cfi_def_cfa_offset 16
 1625              		.cfi_offset 3, -16
 1626              		.cfi_offset 4, -12
 1627              		.cfi_offset 5, -8
 1628              		.cfi_offset 14, -4
 1629 0002 0D46     		mov	r5, r1
 924:Core/Src/vl53l1_core.c **** 	/* Calculates macro period in [us] from the input fast oscillator
 925:Core/Src/vl53l1_core.c **** 	 * frequency and VCSEL period
 926:Core/Src/vl53l1_core.c **** 	 *
 927:Core/Src/vl53l1_core.c **** 	 * Macro period fixed point format = unsigned 12.12
 928:Core/Src/vl53l1_core.c **** 	 * Maximum supported macro period  = 4095.9999 us
 929:Core/Src/vl53l1_core.c **** 	 */
 930:Core/Src/vl53l1_core.c **** 
 931:Core/Src/vl53l1_core.c **** 	uint32_t  pll_period_us        = 0;
 1630              		.loc 1 931 2 is_stmt 1 view .LVU594
 1631              	.LVL122:
 932:Core/Src/vl53l1_core.c **** 	uint8_t   vcsel_period_pclks   = 0;
 1632              		.loc 1 932 2 view .LVU595
 933:Core/Src/vl53l1_core.c **** 	uint32_t  macro_period_us      = 0;
 1633              		.loc 1 933 2 view .LVU596
 934:Core/Src/vl53l1_core.c **** 
 935:Core/Src/vl53l1_core.c **** 	LOG_FUNCTION_START("");
 1634              		.loc 1 935 24 view .LVU597
 936:Core/Src/vl53l1_core.c **** 
 937:Core/Src/vl53l1_core.c **** 	/*  Calculate PLL period in [us] from the  fast_osc_frequency
 938:Core/Src/vl53l1_core.c **** 	 *  Fast osc frequency fixed point format = unsigned 4.12
 939:Core/Src/vl53l1_core.c **** 	 */
 940:Core/Src/vl53l1_core.c **** 
 941:Core/Src/vl53l1_core.c **** 	pll_period_us = VL53L1_calc_pll_period_us(fast_osc_frequency);
 1635              		.loc 1 941 2 view .LVU598
 1636              		.loc 1 941 18 is_stmt 0 view .LVU599
 1637 0004 FFF7FEFF 		bl	VL53L1_calc_pll_period_us
 1638              	.LVL123:
 1639              		.loc 1 941 18 view .LVU600
 1640 0008 0446     		mov	r4, r0
 1641              	.LVL124:
 942:Core/Src/vl53l1_core.c **** 
 943:Core/Src/vl53l1_core.c **** 	/*  VCSEL period
 944:Core/Src/vl53l1_core.c **** 	 *  - the real VCSEL period in PLL clocks = 2*(VCSEL_PERIOD+1)
 945:Core/Src/vl53l1_core.c **** 	 */
 946:Core/Src/vl53l1_core.c **** 
 947:Core/Src/vl53l1_core.c **** 	vcsel_period_pclks = VL53L1_decode_vcsel_period(vcsel_period);
 1642              		.loc 1 947 2 is_stmt 1 view .LVU601
 1643              		.loc 1 947 23 is_stmt 0 view .LVU602
 1644 000a 2846     		mov	r0, r5
 1645              	.LVL125:
 1646              		.loc 1 947 23 view .LVU603
 1647 000c FFF7FEFF 		bl	VL53L1_decode_vcsel_period
ARM GAS  C:\Users\Lenovo\AppData\Local\Temp\cc9EJylw.s 			page 48


 1648              	.LVL126:
 948:Core/Src/vl53l1_core.c **** 
 949:Core/Src/vl53l1_core.c **** 	/*  Macro period
 950:Core/Src/vl53l1_core.c **** 	 *  - PLL period [us]      = 0.24 format
 951:Core/Src/vl53l1_core.c **** 	 *      - for 1.0 MHz fast oscillator freq
 952:Core/Src/vl53l1_core.c **** 	 *      - max PLL period = 1/64 (6-bits)
 953:Core/Src/vl53l1_core.c **** 	 *      - i.e only the lower 18-bits of PLL Period value are used
 954:Core/Src/vl53l1_core.c **** 	 *  - Macro period [vclks] = 2304 (12-bits)
 955:Core/Src/vl53l1_core.c **** 	 *
 956:Core/Src/vl53l1_core.c **** 	 *  Max bits (24 - 6) + 12 = 30-bits usage
 957:Core/Src/vl53l1_core.c **** 	 *
 958:Core/Src/vl53l1_core.c **** 	 *  Downshift by 6 before multiplying by the VCSEL Period
 959:Core/Src/vl53l1_core.c **** 	 */
 960:Core/Src/vl53l1_core.c **** 
 961:Core/Src/vl53l1_core.c **** 	macro_period_us =
 1649              		.loc 1 961 2 is_stmt 1 view .LVU604
 1650              		.loc 1 961 18 is_stmt 0 view .LVU605
 1651 0010 04EBC404 		add	r4, r4, r4, lsl #3
 1652              	.LVL127:
 1653              		.loc 1 961 18 view .LVU606
 1654 0014 2402     		lsls	r4, r4, #8
 1655              	.LVL128:
 962:Core/Src/vl53l1_core.c **** 			(uint32_t)VL53L1_MACRO_PERIOD_VCSEL_PERIODS *
 963:Core/Src/vl53l1_core.c **** 			pll_period_us;
 964:Core/Src/vl53l1_core.c **** 	macro_period_us = macro_period_us >> 6;
 1656              		.loc 1 964 2 is_stmt 1 view .LVU607
 1657              		.loc 1 964 18 is_stmt 0 view .LVU608
 1658 0016 A409     		lsrs	r4, r4, #6
 1659              	.LVL129:
 965:Core/Src/vl53l1_core.c **** 
 966:Core/Src/vl53l1_core.c **** 	macro_period_us = macro_period_us * (uint32_t)vcsel_period_pclks;
 1660              		.loc 1 966 2 is_stmt 1 view .LVU609
 1661              		.loc 1 966 18 is_stmt 0 view .LVU610
 1662 0018 04FB00F0 		mul	r0, r4, r0
 1663              	.LVL130:
 967:Core/Src/vl53l1_core.c **** 	macro_period_us = macro_period_us >> 6;
 1664              		.loc 1 967 2 is_stmt 1 view .LVU611
 968:Core/Src/vl53l1_core.c **** 
 969:Core/Src/vl53l1_core.c **** #ifdef VL53L1_LOGGING
 970:Core/Src/vl53l1_core.c **** 	trace_print(VL53L1_TRACE_LEVEL_DEBUG,
 971:Core/Src/vl53l1_core.c **** 			"    %-48s : %10u\n", "pll_period_us",
 972:Core/Src/vl53l1_core.c **** 			pll_period_us);
 973:Core/Src/vl53l1_core.c **** 	trace_print(VL53L1_TRACE_LEVEL_DEBUG,
 974:Core/Src/vl53l1_core.c **** 			"    %-48s : %10u\n", "vcsel_period_pclks",
 975:Core/Src/vl53l1_core.c **** 			vcsel_period_pclks);
 976:Core/Src/vl53l1_core.c **** 	trace_print(VL53L1_TRACE_LEVEL_DEBUG,
 977:Core/Src/vl53l1_core.c **** 			"    %-48s : %10u\n", "macro_period_us",
 978:Core/Src/vl53l1_core.c **** 			macro_period_us);
 979:Core/Src/vl53l1_core.c **** #endif
 980:Core/Src/vl53l1_core.c **** 
 981:Core/Src/vl53l1_core.c **** 	LOG_FUNCTION_END(0);
 1665              		.loc 1 981 21 view .LVU612
 982:Core/Src/vl53l1_core.c **** 
 983:Core/Src/vl53l1_core.c **** 	return macro_period_us;
 1666              		.loc 1 983 2 view .LVU613
 984:Core/Src/vl53l1_core.c **** }
 1667              		.loc 1 984 1 is_stmt 0 view .LVU614
ARM GAS  C:\Users\Lenovo\AppData\Local\Temp\cc9EJylw.s 			page 49


 1668 001c 8009     		lsrs	r0, r0, #6
 1669              	.LVL131:
 1670              		.loc 1 984 1 view .LVU615
 1671 001e 38BD     		pop	{r3, r4, r5, pc}
 1672              		.cfi_endproc
 1673              	.LFE27:
 1675              		.section	.text.VL53L1_calc_range_ignore_threshold,"ax",%progbits
 1676              		.align	1
 1677              		.global	VL53L1_calc_range_ignore_threshold
 1678              		.syntax unified
 1679              		.thumb
 1680              		.thumb_func
 1682              	VL53L1_calc_range_ignore_threshold:
 1683              	.LVL132:
 1684              	.LFB28:
 985:Core/Src/vl53l1_core.c **** 
 986:Core/Src/vl53l1_core.c **** 
 987:Core/Src/vl53l1_core.c **** uint16_t VL53L1_calc_range_ignore_threshold(
 988:Core/Src/vl53l1_core.c **** 	uint32_t central_rate,
 989:Core/Src/vl53l1_core.c **** 	int16_t  x_gradient,
 990:Core/Src/vl53l1_core.c **** 	int16_t  y_gradient,
 991:Core/Src/vl53l1_core.c **** 	uint8_t  rate_mult)
 992:Core/Src/vl53l1_core.c **** {
 1685              		.loc 1 992 1 is_stmt 1 view -0
 1686              		.cfi_startproc
 1687              		@ args = 0, pretend = 0, frame = 0
 1688              		@ frame_needed = 0, uses_anonymous_args = 0
 1689              		@ link register save eliminated.
 1690              		.loc 1 992 1 is_stmt 0 view .LVU617
 1691 0000 10B4     		push	{r4}
 1692              	.LCFI10:
 1693              		.cfi_def_cfa_offset 4
 1694              		.cfi_offset 4, -4
 993:Core/Src/vl53l1_core.c **** 	/* Calculates Range Ignore Threshold rate per spad
 994:Core/Src/vl53l1_core.c **** 	 * in Mcps - 3.13 format
 995:Core/Src/vl53l1_core.c **** 	 *
 996:Core/Src/vl53l1_core.c **** 	 * Calculates worst case xtalk rate per spad in array corner
 997:Core/Src/vl53l1_core.c **** 	 * based on input central xtalk and x and y gradients
 998:Core/Src/vl53l1_core.c **** 	 *
 999:Core/Src/vl53l1_core.c **** 	 * Worst case rate = central rate + (8*(magnitude(xgrad)) +
1000:Core/Src/vl53l1_core.c **** 	 * (8*(magnitude(ygrad)))
1001:Core/Src/vl53l1_core.c **** 	 *
1002:Core/Src/vl53l1_core.c **** 	 * Range ignore threshold rate is then multiplied by user input
1003:Core/Src/vl53l1_core.c **** 	 * rate_mult (in 3.5 fractional format)
1004:Core/Src/vl53l1_core.c **** 	 *
1005:Core/Src/vl53l1_core.c **** 	 */
1006:Core/Src/vl53l1_core.c **** 
1007:Core/Src/vl53l1_core.c **** 	int32_t    range_ignore_thresh_int  = 0;
 1695              		.loc 1 1007 2 is_stmt 1 view .LVU618
 1696              	.LVL133:
1008:Core/Src/vl53l1_core.c **** 	uint16_t   range_ignore_thresh_kcps = 0;
 1697              		.loc 1 1008 2 view .LVU619
1009:Core/Src/vl53l1_core.c **** 	int32_t    central_rate_int         = 0;
 1698              		.loc 1 1009 2 view .LVU620
1010:Core/Src/vl53l1_core.c **** 	int16_t    x_gradient_int           = 0;
 1699              		.loc 1 1010 2 view .LVU621
1011:Core/Src/vl53l1_core.c **** 	int16_t    y_gradient_int           = 0;
ARM GAS  C:\Users\Lenovo\AppData\Local\Temp\cc9EJylw.s 			page 50


 1700              		.loc 1 1011 2 view .LVU622
1012:Core/Src/vl53l1_core.c **** 
1013:Core/Src/vl53l1_core.c **** 	LOG_FUNCTION_START("");
 1701              		.loc 1 1013 24 view .LVU623
1014:Core/Src/vl53l1_core.c **** 
1015:Core/Src/vl53l1_core.c **** 	/* Shift central_rate to .13 fractional for simple addition */
1016:Core/Src/vl53l1_core.c **** 
1017:Core/Src/vl53l1_core.c **** 	central_rate_int = ((int32_t)central_rate * (1 << 4)) / (1000);
 1702              		.loc 1 1017 2 view .LVU624
 1703              		.loc 1 1017 44 is_stmt 0 view .LVU625
 1704 0002 0001     		lsls	r0, r0, #4
 1705              	.LVL134:
 1706              		.loc 1 1017 19 view .LVU626
 1707 0004 164C     		ldr	r4, .L103
 1708 0006 84FB004C 		smull	r4, ip, r4, r0
 1709 000a C017     		asrs	r0, r0, #31
 1710 000c C0EBAC10 		rsb	r0, r0, ip, asr #6
 1711              	.LVL135:
1018:Core/Src/vl53l1_core.c **** 
1019:Core/Src/vl53l1_core.c **** 	if (x_gradient < 0) {
 1712              		.loc 1 1019 2 is_stmt 1 view .LVU627
 1713              		.loc 1 1019 5 is_stmt 0 view .LVU628
 1714 0010 0029     		cmp	r1, #0
 1715              	.LVL136:
 1716              		.loc 1 1019 5 view .LVU629
 1717 0012 19DB     		blt	.L100
1010:Core/Src/vl53l1_core.c **** 	int16_t    y_gradient_int           = 0;
 1718              		.loc 1 1010 13 view .LVU630
 1719 0014 0021     		movs	r1, #0
 1720              	.LVL137:
 1721              	.L92:
1020:Core/Src/vl53l1_core.c **** 		x_gradient_int = x_gradient * -1;
1021:Core/Src/vl53l1_core.c **** 	}
1022:Core/Src/vl53l1_core.c **** 
1023:Core/Src/vl53l1_core.c **** 	if (y_gradient < 0) {
 1722              		.loc 1 1023 2 is_stmt 1 view .LVU631
 1723              		.loc 1 1023 5 is_stmt 0 view .LVU632
 1724 0016 002A     		cmp	r2, #0
 1725 0018 19DB     		blt	.L101
1011:Core/Src/vl53l1_core.c **** 
 1726              		.loc 1 1011 13 view .LVU633
 1727 001a 0022     		movs	r2, #0
 1728              	.LVL138:
 1729              	.L93:
1024:Core/Src/vl53l1_core.c **** 		y_gradient_int = y_gradient * -1;
1025:Core/Src/vl53l1_core.c **** 	}
1026:Core/Src/vl53l1_core.c **** 
1027:Core/Src/vl53l1_core.c **** 	/* Calculate full rate per spad - worst case from measured xtalk */
1028:Core/Src/vl53l1_core.c **** 	/* Generated here from .11 fractional kcps */
1029:Core/Src/vl53l1_core.c **** 	/* Additional factor of 4 applied to bring fractional precision to .13 */
1030:Core/Src/vl53l1_core.c **** 
1031:Core/Src/vl53l1_core.c **** 	range_ignore_thresh_int = (8 * x_gradient_int * 4) + (8 * y_gradient_int * 4);
 1730              		.loc 1 1031 2 is_stmt 1 view .LVU634
 1731              		.loc 1 1031 53 is_stmt 0 view .LVU635
 1732 001c 0A44     		add	r2, r2, r1
 1733              	.LVL139:
 1734              		.loc 1 1031 26 view .LVU636
ARM GAS  C:\Users\Lenovo\AppData\Local\Temp\cc9EJylw.s 			page 51


 1735 001e 5201     		lsls	r2, r2, #5
 1736              	.LVL140:
1032:Core/Src/vl53l1_core.c **** 
1033:Core/Src/vl53l1_core.c **** 	/* Convert Kcps to Mcps */
1034:Core/Src/vl53l1_core.c **** 
1035:Core/Src/vl53l1_core.c **** 	range_ignore_thresh_int = range_ignore_thresh_int / 1000;
 1737              		.loc 1 1035 2 is_stmt 1 view .LVU637
 1738              		.loc 1 1035 26 is_stmt 0 view .LVU638
 1739 0020 0F49     		ldr	r1, .L103
 1740              	.LVL141:
 1741              		.loc 1 1035 26 view .LVU639
 1742 0022 81FB0241 		smull	r4, r1, r1, r2
 1743 0026 D217     		asrs	r2, r2, #31
 1744              	.LVL142:
 1745              		.loc 1 1035 26 view .LVU640
 1746 0028 C2EBA112 		rsb	r2, r2, r1, asr #6
 1747              	.LVL143:
1036:Core/Src/vl53l1_core.c **** 
1037:Core/Src/vl53l1_core.c **** 	/* Combine with Central Rate - Mcps .13 format*/
1038:Core/Src/vl53l1_core.c **** 
1039:Core/Src/vl53l1_core.c **** 	range_ignore_thresh_int = range_ignore_thresh_int + central_rate_int;
 1748              		.loc 1 1039 2 is_stmt 1 view .LVU641
 1749              		.loc 1 1039 26 is_stmt 0 view .LVU642
 1750 002c 1044     		add	r0, r0, r2
 1751              	.LVL144:
1040:Core/Src/vl53l1_core.c **** 
1041:Core/Src/vl53l1_core.c **** 	/* Mult by user input */
1042:Core/Src/vl53l1_core.c **** 
1043:Core/Src/vl53l1_core.c **** 	range_ignore_thresh_int = (int32_t)rate_mult * range_ignore_thresh_int;
 1752              		.loc 1 1043 2 is_stmt 1 view .LVU643
 1753              		.loc 1 1043 26 is_stmt 0 view .LVU644
 1754 002e 00FB03F3 		mul	r3, r0, r3
 1755              	.LVL145:
1044:Core/Src/vl53l1_core.c **** 
1045:Core/Src/vl53l1_core.c **** 	range_ignore_thresh_int = (range_ignore_thresh_int + (1<<4)) / (1<<5);
 1756              		.loc 1 1045 2 is_stmt 1 view .LVU645
 1757              		.loc 1 1045 26 is_stmt 0 view .LVU646
 1758 0032 13F11001 		adds	r1, r3, #16
 1759 0036 0DD4     		bmi	.L102
 1760              	.L94:
 1761 0038 4911     		asrs	r1, r1, #5
 1762              	.LVL146:
1046:Core/Src/vl53l1_core.c **** 
1047:Core/Src/vl53l1_core.c **** 	/* Finally clip and output in correct format */
1048:Core/Src/vl53l1_core.c **** 
1049:Core/Src/vl53l1_core.c **** 	if (range_ignore_thresh_int > 0xFFFF) {
 1763              		.loc 1 1049 2 is_stmt 1 view .LVU647
 1764              		.loc 1 1049 5 is_stmt 0 view .LVU648
 1765 003a 0A4A     		ldr	r2, .L103+4
 1766 003c 9342     		cmp	r3, r2
 1767 003e 0BDC     		bgt	.L98
1050:Core/Src/vl53l1_core.c **** 		range_ignore_thresh_kcps = 0xFFFF;
1051:Core/Src/vl53l1_core.c **** 	} else {
1052:Core/Src/vl53l1_core.c **** 		range_ignore_thresh_kcps = (uint16_t)range_ignore_thresh_int;
 1768              		.loc 1 1052 3 is_stmt 1 view .LVU649
 1769              		.loc 1 1052 28 is_stmt 0 view .LVU650
 1770 0040 88B2     		uxth	r0, r1
ARM GAS  C:\Users\Lenovo\AppData\Local\Temp\cc9EJylw.s 			page 52


 1771              	.LVL147:
 1772              	.L95:
1053:Core/Src/vl53l1_core.c **** 	}
1054:Core/Src/vl53l1_core.c **** 
1055:Core/Src/vl53l1_core.c **** #ifdef VL53L1_LOGGING
1056:Core/Src/vl53l1_core.c **** 	trace_print(VL53L1_TRACE_LEVEL_DEBUG,
1057:Core/Src/vl53l1_core.c **** 			"    %-48s : %10u\n", "range_ignore_thresh_kcps",
1058:Core/Src/vl53l1_core.c **** 			range_ignore_thresh_kcps);
1059:Core/Src/vl53l1_core.c **** #endif
1060:Core/Src/vl53l1_core.c **** 
1061:Core/Src/vl53l1_core.c **** 	LOG_FUNCTION_END(0);
 1773              		.loc 1 1061 21 is_stmt 1 view .LVU651
1062:Core/Src/vl53l1_core.c **** 
1063:Core/Src/vl53l1_core.c **** 	return range_ignore_thresh_kcps;
 1774              		.loc 1 1063 2 view .LVU652
1064:Core/Src/vl53l1_core.c **** }
 1775              		.loc 1 1064 1 is_stmt 0 view .LVU653
 1776 0042 5DF8044B 		ldr	r4, [sp], #4
 1777              	.LCFI11:
 1778              		.cfi_remember_state
 1779              		.cfi_restore 4
 1780              		.cfi_def_cfa_offset 0
 1781 0046 7047     		bx	lr
 1782              	.LVL148:
 1783              	.L100:
 1784              	.LCFI12:
 1785              		.cfi_restore_state
1020:Core/Src/vl53l1_core.c **** 	}
 1786              		.loc 1 1020 3 is_stmt 1 view .LVU654
1020:Core/Src/vl53l1_core.c **** 	}
 1787              		.loc 1 1020 18 is_stmt 0 view .LVU655
 1788 0048 4942     		rsbs	r1, r1, #0
 1789 004a 09B2     		sxth	r1, r1
 1790              	.LVL149:
1020:Core/Src/vl53l1_core.c **** 	}
 1791              		.loc 1 1020 18 view .LVU656
 1792 004c E3E7     		b	.L92
 1793              	.L101:
1024:Core/Src/vl53l1_core.c **** 	}
 1794              		.loc 1 1024 3 is_stmt 1 view .LVU657
1024:Core/Src/vl53l1_core.c **** 	}
 1795              		.loc 1 1024 18 is_stmt 0 view .LVU658
 1796 004e 5242     		rsbs	r2, r2, #0
 1797              	.LVL150:
1024:Core/Src/vl53l1_core.c **** 	}
 1798              		.loc 1 1024 18 view .LVU659
 1799 0050 12B2     		sxth	r2, r2
 1800              	.LVL151:
1024:Core/Src/vl53l1_core.c **** 	}
 1801              		.loc 1 1024 18 view .LVU660
 1802 0052 E3E7     		b	.L93
 1803              	.LVL152:
 1804              	.L102:
1045:Core/Src/vl53l1_core.c **** 
 1805              		.loc 1 1045 26 view .LVU661
 1806 0054 1F31     		adds	r1, r1, #31
 1807 0056 EFE7     		b	.L94
ARM GAS  C:\Users\Lenovo\AppData\Local\Temp\cc9EJylw.s 			page 53


 1808              	.LVL153:
 1809              	.L98:
1050:Core/Src/vl53l1_core.c **** 	} else {
 1810              		.loc 1 1050 28 view .LVU662
 1811 0058 4FF6FF70 		movw	r0, #65535
 1812 005c F1E7     		b	.L95
 1813              	.L104:
 1814 005e 00BF     		.align	2
 1815              	.L103:
 1816 0060 D34D6210 		.word	274877907
 1817 0064 EFFF1F00 		.word	2097135
 1818              		.cfi_endproc
 1819              	.LFE28:
 1821              		.section	.text.VL53L1_calc_timeout_mclks,"ax",%progbits
 1822              		.align	1
 1823              		.global	VL53L1_calc_timeout_mclks
 1824              		.syntax unified
 1825              		.thumb
 1826              		.thumb_func
 1828              	VL53L1_calc_timeout_mclks:
 1829              	.LVL154:
 1830              	.LFB29:
1065:Core/Src/vl53l1_core.c **** 
1066:Core/Src/vl53l1_core.c **** 
1067:Core/Src/vl53l1_core.c **** uint32_t VL53L1_calc_timeout_mclks(
1068:Core/Src/vl53l1_core.c **** 	uint32_t timeout_us,
1069:Core/Src/vl53l1_core.c **** 	uint32_t macro_period_us)
1070:Core/Src/vl53l1_core.c **** {
 1831              		.loc 1 1070 1 is_stmt 1 view -0
 1832              		.cfi_startproc
 1833              		@ args = 0, pretend = 0, frame = 0
 1834              		@ frame_needed = 0, uses_anonymous_args = 0
 1835              		@ link register save eliminated.
1071:Core/Src/vl53l1_core.c **** 	/*  Calculates the timeout value in macro periods based on the input
1072:Core/Src/vl53l1_core.c **** 	 *  timeout period in milliseconds and the macro period in [us]
1073:Core/Src/vl53l1_core.c **** 	 *
1074:Core/Src/vl53l1_core.c **** 	 *  Max timeout supported is 1000000 us (1 sec) -> 20-bits
1075:Core/Src/vl53l1_core.c **** 	 *  Max timeout in 20.12 format = 32-bits
1076:Core/Src/vl53l1_core.c **** 	 *
1077:Core/Src/vl53l1_core.c **** 	 *  Macro period [us] = 12.12 format
1078:Core/Src/vl53l1_core.c **** 	 */
1079:Core/Src/vl53l1_core.c **** 
1080:Core/Src/vl53l1_core.c **** 	uint32_t timeout_mclks   = 0;
 1836              		.loc 1 1080 2 view .LVU664
1081:Core/Src/vl53l1_core.c **** 
1082:Core/Src/vl53l1_core.c **** 	LOG_FUNCTION_START("");
 1837              		.loc 1 1082 24 view .LVU665
1083:Core/Src/vl53l1_core.c **** 
1084:Core/Src/vl53l1_core.c **** 	timeout_mclks   =
 1838              		.loc 1 1084 2 view .LVU666
1085:Core/Src/vl53l1_core.c **** 			((timeout_us << 12) + (macro_period_us>>1)) /
 1839              		.loc 1 1085 42 is_stmt 0 view .LVU667
 1840 0000 4B08     		lsrs	r3, r1, #1
 1841              		.loc 1 1085 24 view .LVU668
 1842 0002 03EB0030 		add	r0, r3, r0, lsl #12
 1843              	.LVL155:
1086:Core/Src/vl53l1_core.c **** 			macro_period_us;
ARM GAS  C:\Users\Lenovo\AppData\Local\Temp\cc9EJylw.s 			page 54


1087:Core/Src/vl53l1_core.c **** 
1088:Core/Src/vl53l1_core.c **** 	LOG_FUNCTION_END(0);
 1844              		.loc 1 1088 21 is_stmt 1 view .LVU669
1089:Core/Src/vl53l1_core.c **** 
1090:Core/Src/vl53l1_core.c **** 	return timeout_mclks;
 1845              		.loc 1 1090 2 view .LVU670
1091:Core/Src/vl53l1_core.c **** }
 1846              		.loc 1 1091 1 is_stmt 0 view .LVU671
 1847 0006 B0FBF1F0 		udiv	r0, r0, r1
 1848              	.LVL156:
 1849              		.loc 1 1091 1 view .LVU672
 1850 000a 7047     		bx	lr
 1851              		.cfi_endproc
 1852              	.LFE29:
 1854              		.section	.text.VL53L1_calc_timeout_us,"ax",%progbits
 1855              		.align	1
 1856              		.global	VL53L1_calc_timeout_us
 1857              		.syntax unified
 1858              		.thumb
 1859              		.thumb_func
 1861              	VL53L1_calc_timeout_us:
 1862              	.LVL157:
 1863              	.LFB31:
1092:Core/Src/vl53l1_core.c **** 
1093:Core/Src/vl53l1_core.c **** 
1094:Core/Src/vl53l1_core.c **** uint16_t VL53L1_calc_encoded_timeout(
1095:Core/Src/vl53l1_core.c **** 	uint32_t timeout_us,
1096:Core/Src/vl53l1_core.c **** 	uint32_t macro_period_us)
1097:Core/Src/vl53l1_core.c **** {
1098:Core/Src/vl53l1_core.c **** 	/*  Calculates the encoded timeout register value based on the input
1099:Core/Src/vl53l1_core.c **** 	 *  timeout period in milliseconds and the macro period in [us]
1100:Core/Src/vl53l1_core.c **** 	 *
1101:Core/Src/vl53l1_core.c **** 	 *  Max timeout supported is 1000000 us (1 sec) -> 20-bits
1102:Core/Src/vl53l1_core.c **** 	 *  Max timeout in 20.12 format = 32-bits
1103:Core/Src/vl53l1_core.c **** 	 *
1104:Core/Src/vl53l1_core.c **** 	 *  Macro period [us] = 12.12 format
1105:Core/Src/vl53l1_core.c **** 	 */
1106:Core/Src/vl53l1_core.c **** 
1107:Core/Src/vl53l1_core.c **** 	uint32_t timeout_mclks   = 0;
1108:Core/Src/vl53l1_core.c **** 	uint16_t timeout_encoded = 0;
1109:Core/Src/vl53l1_core.c **** 
1110:Core/Src/vl53l1_core.c **** 	LOG_FUNCTION_START("");
1111:Core/Src/vl53l1_core.c **** 
1112:Core/Src/vl53l1_core.c **** 	timeout_mclks   =
1113:Core/Src/vl53l1_core.c **** 		VL53L1_calc_timeout_mclks(timeout_us, macro_period_us);
1114:Core/Src/vl53l1_core.c **** 
1115:Core/Src/vl53l1_core.c **** 	timeout_encoded =
1116:Core/Src/vl53l1_core.c **** 		VL53L1_encode_timeout(timeout_mclks);
1117:Core/Src/vl53l1_core.c **** 
1118:Core/Src/vl53l1_core.c **** #ifdef VL53L1_LOGGING
1119:Core/Src/vl53l1_core.c **** 	trace_print(VL53L1_TRACE_LEVEL_DEBUG,
1120:Core/Src/vl53l1_core.c **** 			"    %-48s : %10u  (0x%04X)\n", "timeout_mclks",
1121:Core/Src/vl53l1_core.c **** 			timeout_mclks, timeout_mclks);
1122:Core/Src/vl53l1_core.c **** 	trace_print(VL53L1_TRACE_LEVEL_DEBUG,
1123:Core/Src/vl53l1_core.c **** 			"    %-48s : %10u  (0x%04X)\n", "timeout_encoded",
1124:Core/Src/vl53l1_core.c **** 			timeout_encoded, timeout_encoded);
1125:Core/Src/vl53l1_core.c **** #endif
ARM GAS  C:\Users\Lenovo\AppData\Local\Temp\cc9EJylw.s 			page 55


1126:Core/Src/vl53l1_core.c **** 
1127:Core/Src/vl53l1_core.c **** 	LOG_FUNCTION_END(0);
1128:Core/Src/vl53l1_core.c **** 
1129:Core/Src/vl53l1_core.c **** 	return timeout_encoded;
1130:Core/Src/vl53l1_core.c **** }
1131:Core/Src/vl53l1_core.c **** 
1132:Core/Src/vl53l1_core.c **** 
1133:Core/Src/vl53l1_core.c **** uint32_t VL53L1_calc_timeout_us(
1134:Core/Src/vl53l1_core.c **** 	uint32_t timeout_mclks,
1135:Core/Src/vl53l1_core.c **** 	uint32_t macro_period_us)
1136:Core/Src/vl53l1_core.c **** {
 1864              		.loc 1 1136 1 is_stmt 1 view -0
 1865              		.cfi_startproc
 1866              		@ args = 0, pretend = 0, frame = 0
 1867              		@ frame_needed = 0, uses_anonymous_args = 0
 1868              		@ link register save eliminated.
1137:Core/Src/vl53l1_core.c **** 	/*  Calculates the  timeout in [us] based on the input
1138:Core/Src/vl53l1_core.c **** 	 *  encoded timeout and the macro period in [us]
1139:Core/Src/vl53l1_core.c **** 	 *
1140:Core/Src/vl53l1_core.c **** 	 *  Max timeout supported is 1000000 us (1 sec) -> 20-bits
1141:Core/Src/vl53l1_core.c **** 	 *  Max timeout in 20.12 format = 32-bits
1142:Core/Src/vl53l1_core.c **** 	 *
1143:Core/Src/vl53l1_core.c **** 	 *  Macro period [us] = 12.12 format
1144:Core/Src/vl53l1_core.c **** 	 */
1145:Core/Src/vl53l1_core.c **** 
1146:Core/Src/vl53l1_core.c **** 	uint32_t timeout_us     = 0;
 1869              		.loc 1 1146 2 view .LVU674
1147:Core/Src/vl53l1_core.c **** 	uint64_t tmp            = 0;
 1870              		.loc 1 1147 2 view .LVU675
1148:Core/Src/vl53l1_core.c **** 
1149:Core/Src/vl53l1_core.c **** 	LOG_FUNCTION_START("");
 1871              		.loc 1 1149 24 view .LVU676
1150:Core/Src/vl53l1_core.c **** 
1151:Core/Src/vl53l1_core.c **** 	tmp  = (uint64_t)timeout_mclks * (uint64_t)macro_period_us;
 1872              		.loc 1 1151 2 view .LVU677
 1873              		.loc 1 1151 7 is_stmt 0 view .LVU678
 1874 0000 A0FB0101 		umull	r0, r1, r0, r1
 1875              	.LVL158:
1152:Core/Src/vl53l1_core.c **** 	tmp += 0x00800;
 1876              		.loc 1 1152 2 is_stmt 1 view .LVU679
 1877              		.loc 1 1152 6 is_stmt 0 view .LVU680
 1878 0004 10F50063 		adds	r3, r0, #2048
 1879 0008 41F10000 		adc	r0, r1, #0
 1880              	.LVL159:
1153:Core/Src/vl53l1_core.c **** 	tmp  = tmp >> 12;
 1881              		.loc 1 1153 2 is_stmt 1 view .LVU681
 1882              		.loc 1 1153 7 is_stmt 0 view .LVU682
 1883 000c 1B0B     		lsrs	r3, r3, #12
 1884              	.LVL160:
1154:Core/Src/vl53l1_core.c **** 
1155:Core/Src/vl53l1_core.c **** 	timeout_us = (uint32_t)tmp;
 1885              		.loc 1 1155 2 is_stmt 1 view .LVU683
1156:Core/Src/vl53l1_core.c **** 
1157:Core/Src/vl53l1_core.c **** #ifdef VL53L1_LOGGING
1158:Core/Src/vl53l1_core.c **** 	trace_print(VL53L1_TRACE_LEVEL_DEBUG,
1159:Core/Src/vl53l1_core.c **** 			"    %-48s : %10u  (0x%04X)\n", "timeout_mclks",
1160:Core/Src/vl53l1_core.c **** 			timeout_mclks, timeout_mclks);
ARM GAS  C:\Users\Lenovo\AppData\Local\Temp\cc9EJylw.s 			page 56


1161:Core/Src/vl53l1_core.c **** 
1162:Core/Src/vl53l1_core.c **** 	trace_print(VL53L1_TRACE_LEVEL_DEBUG,
1163:Core/Src/vl53l1_core.c **** 			"    %-48s : %10u us\n", "timeout_us",
1164:Core/Src/vl53l1_core.c **** 			timeout_us, timeout_us);
1165:Core/Src/vl53l1_core.c **** #endif
1166:Core/Src/vl53l1_core.c **** 
1167:Core/Src/vl53l1_core.c **** 	LOG_FUNCTION_END(0);
 1886              		.loc 1 1167 21 view .LVU684
1168:Core/Src/vl53l1_core.c **** 
1169:Core/Src/vl53l1_core.c **** 	return timeout_us;
 1887              		.loc 1 1169 2 view .LVU685
1170:Core/Src/vl53l1_core.c **** }
 1888              		.loc 1 1170 1 is_stmt 0 view .LVU686
 1889 000e 43EA0050 		orr	r0, r3, r0, lsl #20
 1890              	.LVL161:
 1891              		.loc 1 1170 1 view .LVU687
 1892 0012 7047     		bx	lr
 1893              		.cfi_endproc
 1894              	.LFE31:
 1896              		.section	.text.VL53L1_calc_crosstalk_plane_offset_with_margin,"ax",%progbits
 1897              		.align	1
 1898              		.global	VL53L1_calc_crosstalk_plane_offset_with_margin
 1899              		.syntax unified
 1900              		.thumb
 1901              		.thumb_func
 1903              	VL53L1_calc_crosstalk_plane_offset_with_margin:
 1904              	.LVL162:
 1905              	.LFB32:
1171:Core/Src/vl53l1_core.c **** 
1172:Core/Src/vl53l1_core.c **** uint32_t VL53L1_calc_crosstalk_plane_offset_with_margin(
1173:Core/Src/vl53l1_core.c **** 		uint32_t     plane_offset_kcps,
1174:Core/Src/vl53l1_core.c **** 		int16_t      margin_offset_kcps)
1175:Core/Src/vl53l1_core.c **** {
 1906              		.loc 1 1175 1 is_stmt 1 view -0
 1907              		.cfi_startproc
 1908              		@ args = 0, pretend = 0, frame = 0
 1909              		@ frame_needed = 0, uses_anonymous_args = 0
 1910              		@ link register save eliminated.
1176:Core/Src/vl53l1_core.c **** 	uint32_t plane_offset_with_margin = 0;
 1911              		.loc 1 1176 2 view .LVU689
1177:Core/Src/vl53l1_core.c **** 	int32_t  plane_offset_kcps_temp   = 0;
 1912              		.loc 1 1177 2 view .LVU690
1178:Core/Src/vl53l1_core.c **** 
1179:Core/Src/vl53l1_core.c **** 	LOG_FUNCTION_START("");
 1913              		.loc 1 1179 24 view .LVU691
1180:Core/Src/vl53l1_core.c **** 
1181:Core/Src/vl53l1_core.c **** 	plane_offset_kcps_temp =
 1914              		.loc 1 1181 2 view .LVU692
1182:Core/Src/vl53l1_core.c **** 		(int32_t)plane_offset_kcps +
1183:Core/Src/vl53l1_core.c **** 		(int32_t)margin_offset_kcps;
1184:Core/Src/vl53l1_core.c **** 
1185:Core/Src/vl53l1_core.c **** 	if (plane_offset_kcps_temp < 0) {
 1915              		.loc 1 1185 2 view .LVU693
 1916              		.loc 1 1185 5 is_stmt 0 view .LVU694
 1917 0000 0818     		adds	r0, r1, r0
 1918              	.LVL163:
 1919              		.loc 1 1185 5 view .LVU695
ARM GAS  C:\Users\Lenovo\AppData\Local\Temp\cc9EJylw.s 			page 57


 1920 0002 03D4     		bmi	.L109
1186:Core/Src/vl53l1_core.c **** 		plane_offset_kcps_temp = 0;
1187:Core/Src/vl53l1_core.c **** 	} else {
1188:Core/Src/vl53l1_core.c **** 		if (plane_offset_kcps_temp > 0x3FFFF) {
 1921              		.loc 1 1188 3 is_stmt 1 view .LVU696
 1922              		.loc 1 1188 6 is_stmt 0 view .LVU697
 1923 0004 B0F5802F 		cmp	r0, #262144
 1924 0008 02DA     		bge	.L110
 1925 000a 7047     		bx	lr
 1926              	.L109:
1186:Core/Src/vl53l1_core.c **** 		plane_offset_kcps_temp = 0;
 1927              		.loc 1 1186 26 view .LVU698
 1928 000c 0020     		movs	r0, #0
 1929              	.LVL164:
1186:Core/Src/vl53l1_core.c **** 		plane_offset_kcps_temp = 0;
 1930              		.loc 1 1186 26 view .LVU699
 1931 000e 7047     		bx	lr
 1932              	.LVL165:
 1933              	.L110:
1189:Core/Src/vl53l1_core.c **** 			plane_offset_kcps_temp = 0x3FFFF;
 1934              		.loc 1 1189 27 view .LVU700
 1935 0010 0048     		ldr	r0, .L111
 1936              	.LVL166:
1190:Core/Src/vl53l1_core.c **** 		}
1191:Core/Src/vl53l1_core.c **** 	}
1192:Core/Src/vl53l1_core.c **** 
1193:Core/Src/vl53l1_core.c **** 	plane_offset_with_margin = (uint32_t) plane_offset_kcps_temp;
 1937              		.loc 1 1193 2 is_stmt 1 view .LVU701
1194:Core/Src/vl53l1_core.c **** 
1195:Core/Src/vl53l1_core.c **** 	LOG_FUNCTION_END(0);
 1938              		.loc 1 1195 21 view .LVU702
1196:Core/Src/vl53l1_core.c **** 
1197:Core/Src/vl53l1_core.c **** 	return plane_offset_with_margin;
 1939              		.loc 1 1197 2 view .LVU703
1198:Core/Src/vl53l1_core.c **** 
1199:Core/Src/vl53l1_core.c **** }
 1940              		.loc 1 1199 1 is_stmt 0 view .LVU704
 1941 0012 7047     		bx	lr
 1942              	.L112:
 1943              		.align	2
 1944              	.L111:
 1945 0014 FFFF0300 		.word	262143
 1946              		.cfi_endproc
 1947              	.LFE32:
 1949              		.section	.text.VL53L1_encode_timeout,"ax",%progbits
 1950              		.align	1
 1951              		.global	VL53L1_encode_timeout
 1952              		.syntax unified
 1953              		.thumb
 1954              		.thumb_func
 1956              	VL53L1_encode_timeout:
 1957              	.LVL167:
 1958              	.LFB34:
1200:Core/Src/vl53l1_core.c **** 
1201:Core/Src/vl53l1_core.c **** uint32_t VL53L1_calc_decoded_timeout_us(
1202:Core/Src/vl53l1_core.c **** 	uint16_t timeout_encoded,
1203:Core/Src/vl53l1_core.c **** 	uint32_t macro_period_us)
ARM GAS  C:\Users\Lenovo\AppData\Local\Temp\cc9EJylw.s 			page 58


1204:Core/Src/vl53l1_core.c **** {
1205:Core/Src/vl53l1_core.c **** 	/*  Calculates the  timeout in [us] based on the input
1206:Core/Src/vl53l1_core.c **** 	 *  encoded timeout and the macro period in [us]
1207:Core/Src/vl53l1_core.c **** 	 *
1208:Core/Src/vl53l1_core.c **** 	 *  Max timeout supported is 1000000 us (1 sec) -> 20-bits
1209:Core/Src/vl53l1_core.c **** 	 *  Max timeout in 20.12 format = 32-bits
1210:Core/Src/vl53l1_core.c **** 	 *
1211:Core/Src/vl53l1_core.c **** 	 *  Macro period [us] = 12.12 format
1212:Core/Src/vl53l1_core.c **** 	 */
1213:Core/Src/vl53l1_core.c **** 
1214:Core/Src/vl53l1_core.c **** 	uint32_t timeout_mclks  = 0;
1215:Core/Src/vl53l1_core.c **** 	uint32_t timeout_us     = 0;
1216:Core/Src/vl53l1_core.c **** 
1217:Core/Src/vl53l1_core.c **** 	LOG_FUNCTION_START("");
1218:Core/Src/vl53l1_core.c **** 
1219:Core/Src/vl53l1_core.c **** 	timeout_mclks =
1220:Core/Src/vl53l1_core.c **** 		VL53L1_decode_timeout(timeout_encoded);
1221:Core/Src/vl53l1_core.c **** 
1222:Core/Src/vl53l1_core.c **** 	timeout_us    =
1223:Core/Src/vl53l1_core.c **** 		VL53L1_calc_timeout_us(timeout_mclks, macro_period_us);
1224:Core/Src/vl53l1_core.c **** 
1225:Core/Src/vl53l1_core.c **** 	LOG_FUNCTION_END(0);
1226:Core/Src/vl53l1_core.c **** 
1227:Core/Src/vl53l1_core.c **** 	return timeout_us;
1228:Core/Src/vl53l1_core.c **** }
1229:Core/Src/vl53l1_core.c **** 
1230:Core/Src/vl53l1_core.c **** 
1231:Core/Src/vl53l1_core.c **** uint16_t VL53L1_encode_timeout(uint32_t timeout_mclks)
1232:Core/Src/vl53l1_core.c **** {
 1959              		.loc 1 1232 1 is_stmt 1 view -0
 1960              		.cfi_startproc
 1961              		@ args = 0, pretend = 0, frame = 0
 1962              		@ frame_needed = 0, uses_anonymous_args = 0
 1963              		@ link register save eliminated.
1233:Core/Src/vl53l1_core.c **** 	/*
1234:Core/Src/vl53l1_core.c **** 	 * Encode timeout in macro periods in (LSByte * 2^MSByte) + 1 format
1235:Core/Src/vl53l1_core.c **** 	 */
1236:Core/Src/vl53l1_core.c **** 
1237:Core/Src/vl53l1_core.c **** 	uint16_t encoded_timeout = 0;
 1964              		.loc 1 1237 2 view .LVU706
1238:Core/Src/vl53l1_core.c **** 	uint32_t ls_byte = 0;
 1965              		.loc 1 1238 2 view .LVU707
1239:Core/Src/vl53l1_core.c **** 	uint16_t ms_byte = 0;
 1966              		.loc 1 1239 2 view .LVU708
1240:Core/Src/vl53l1_core.c **** 
1241:Core/Src/vl53l1_core.c **** 	if (timeout_mclks > 0) {
 1967              		.loc 1 1241 2 view .LVU709
 1968              		.loc 1 1241 5 is_stmt 0 view .LVU710
 1969 0000 70B1     		cbz	r0, .L117
1242:Core/Src/vl53l1_core.c **** 		ls_byte = timeout_mclks - 1;
 1970              		.loc 1 1242 3 is_stmt 1 view .LVU711
 1971              		.loc 1 1242 11 is_stmt 0 view .LVU712
 1972 0002 0138     		subs	r0, r0, #1
 1973              	.LVL168:
1243:Core/Src/vl53l1_core.c **** 
1244:Core/Src/vl53l1_core.c **** 		while ((ls_byte & 0xFFFFFF00) > 0) {
 1974              		.loc 1 1244 3 is_stmt 1 view .LVU713
ARM GAS  C:\Users\Lenovo\AppData\Local\Temp\cc9EJylw.s 			page 59


1239:Core/Src/vl53l1_core.c **** 
 1975              		.loc 1 1239 11 is_stmt 0 view .LVU714
 1976 0004 0023     		movs	r3, #0
 1977              		.loc 1 1244 9 view .LVU715
 1978 0006 02E0     		b	.L115
 1979              	.LVL169:
 1980              	.L116:
1245:Core/Src/vl53l1_core.c **** 			ls_byte = ls_byte >> 1;
 1981              		.loc 1 1245 4 is_stmt 1 view .LVU716
 1982              		.loc 1 1245 12 is_stmt 0 view .LVU717
 1983 0008 4008     		lsrs	r0, r0, #1
 1984              	.LVL170:
1246:Core/Src/vl53l1_core.c **** 			ms_byte++;
 1985              		.loc 1 1246 4 is_stmt 1 view .LVU718
 1986              		.loc 1 1246 11 is_stmt 0 view .LVU719
 1987 000a 0133     		adds	r3, r3, #1
 1988              	.LVL171:
 1989              		.loc 1 1246 11 view .LVU720
 1990 000c 9BB2     		uxth	r3, r3
 1991              	.LVL172:
 1992              	.L115:
1244:Core/Src/vl53l1_core.c **** 			ls_byte = ls_byte >> 1;
 1993              		.loc 1 1244 9 is_stmt 1 view .LVU721
 1994 000e 30F0FF02 		bics	r2, r0, #255
 1995 0012 F9D1     		bne	.L116
1247:Core/Src/vl53l1_core.c **** 		}
1248:Core/Src/vl53l1_core.c **** 
1249:Core/Src/vl53l1_core.c **** 		encoded_timeout = (ms_byte << 8)
 1996              		.loc 1 1249 3 view .LVU722
 1997              		.loc 1 1249 30 is_stmt 0 view .LVU723
 1998 0014 1B02     		lsls	r3, r3, #8
 1999              	.LVL173:
 2000              		.loc 1 1249 30 view .LVU724
 2001 0016 9BB2     		uxth	r3, r3
 2002              		.loc 1 1249 19 view .LVU725
 2003 0018 53FA80F0 		uxtab	r0, r3, r0
 2004              	.LVL174:
 2005              		.loc 1 1249 19 view .LVU726
 2006 001c 80B2     		uxth	r0, r0
 2007              	.LVL175:
 2008              		.loc 1 1249 19 view .LVU727
 2009 001e 7047     		bx	lr
 2010              	.LVL176:
 2011              	.L117:
1237:Core/Src/vl53l1_core.c **** 	uint32_t ls_byte = 0;
 2012              		.loc 1 1237 11 view .LVU728
 2013 0020 0020     		movs	r0, #0
 2014              	.LVL177:
1250:Core/Src/vl53l1_core.c **** 				+ (uint16_t) (ls_byte & 0x000000FF);
1251:Core/Src/vl53l1_core.c **** 	}
1252:Core/Src/vl53l1_core.c **** 
1253:Core/Src/vl53l1_core.c **** 	return encoded_timeout;
 2015              		.loc 1 1253 2 is_stmt 1 view .LVU729
1254:Core/Src/vl53l1_core.c **** }
 2016              		.loc 1 1254 1 is_stmt 0 view .LVU730
 2017 0022 7047     		bx	lr
 2018              		.cfi_endproc
ARM GAS  C:\Users\Lenovo\AppData\Local\Temp\cc9EJylw.s 			page 60


 2019              	.LFE34:
 2021              		.section	.text.VL53L1_calc_encoded_timeout,"ax",%progbits
 2022              		.align	1
 2023              		.global	VL53L1_calc_encoded_timeout
 2024              		.syntax unified
 2025              		.thumb
 2026              		.thumb_func
 2028              	VL53L1_calc_encoded_timeout:
 2029              	.LVL178:
 2030              	.LFB30:
1097:Core/Src/vl53l1_core.c **** 	/*  Calculates the encoded timeout register value based on the input
 2031              		.loc 1 1097 1 is_stmt 1 view -0
 2032              		.cfi_startproc
 2033              		@ args = 0, pretend = 0, frame = 0
 2034              		@ frame_needed = 0, uses_anonymous_args = 0
1097:Core/Src/vl53l1_core.c **** 	/*  Calculates the encoded timeout register value based on the input
 2035              		.loc 1 1097 1 is_stmt 0 view .LVU732
 2036 0000 08B5     		push	{r3, lr}
 2037              	.LCFI13:
 2038              		.cfi_def_cfa_offset 8
 2039              		.cfi_offset 3, -8
 2040              		.cfi_offset 14, -4
1107:Core/Src/vl53l1_core.c **** 	uint16_t timeout_encoded = 0;
 2041              		.loc 1 1107 2 is_stmt 1 view .LVU733
 2042              	.LVL179:
1108:Core/Src/vl53l1_core.c **** 
 2043              		.loc 1 1108 2 view .LVU734
1110:Core/Src/vl53l1_core.c **** 
 2044              		.loc 1 1110 24 view .LVU735
1112:Core/Src/vl53l1_core.c **** 		VL53L1_calc_timeout_mclks(timeout_us, macro_period_us);
 2045              		.loc 1 1112 2 view .LVU736
1113:Core/Src/vl53l1_core.c **** 
 2046              		.loc 1 1113 3 is_stmt 0 view .LVU737
 2047 0002 FFF7FEFF 		bl	VL53L1_calc_timeout_mclks
 2048              	.LVL180:
1115:Core/Src/vl53l1_core.c **** 		VL53L1_encode_timeout(timeout_mclks);
 2049              		.loc 1 1115 2 is_stmt 1 view .LVU738
1116:Core/Src/vl53l1_core.c **** 
 2050              		.loc 1 1116 3 is_stmt 0 view .LVU739
 2051 0006 FFF7FEFF 		bl	VL53L1_encode_timeout
 2052              	.LVL181:
1127:Core/Src/vl53l1_core.c **** 
 2053              		.loc 1 1127 21 is_stmt 1 view .LVU740
1129:Core/Src/vl53l1_core.c **** }
 2054              		.loc 1 1129 2 view .LVU741
1130:Core/Src/vl53l1_core.c **** 
 2055              		.loc 1 1130 1 is_stmt 0 view .LVU742
 2056 000a 08BD     		pop	{r3, pc}
 2057              		.cfi_endproc
 2058              	.LFE30:
 2060              		.section	.text.VL53L1_decode_timeout,"ax",%progbits
 2061              		.align	1
 2062              		.global	VL53L1_decode_timeout
 2063              		.syntax unified
 2064              		.thumb
 2065              		.thumb_func
 2067              	VL53L1_decode_timeout:
ARM GAS  C:\Users\Lenovo\AppData\Local\Temp\cc9EJylw.s 			page 61


 2068              	.LVL182:
 2069              	.LFB35:
1255:Core/Src/vl53l1_core.c **** 
1256:Core/Src/vl53l1_core.c **** 
1257:Core/Src/vl53l1_core.c **** uint32_t VL53L1_decode_timeout(uint16_t encoded_timeout)
1258:Core/Src/vl53l1_core.c **** {
 2070              		.loc 1 1258 1 is_stmt 1 view -0
 2071              		.cfi_startproc
 2072              		@ args = 0, pretend = 0, frame = 0
 2073              		@ frame_needed = 0, uses_anonymous_args = 0
 2074              		@ link register save eliminated.
1259:Core/Src/vl53l1_core.c **** 	/*
1260:Core/Src/vl53l1_core.c **** 	 * Decode 16-bit timeout register value
1261:Core/Src/vl53l1_core.c **** 	 * format (LSByte * 2^MSByte) + 1
1262:Core/Src/vl53l1_core.c **** 	 */
1263:Core/Src/vl53l1_core.c **** 
1264:Core/Src/vl53l1_core.c **** 	uint32_t timeout_macro_clks = 0;
 2075              		.loc 1 1264 2 view .LVU744
1265:Core/Src/vl53l1_core.c **** 
1266:Core/Src/vl53l1_core.c **** 	timeout_macro_clks = ((uint32_t) (encoded_timeout & 0x00FF)
 2076              		.loc 1 1266 2 view .LVU745
 2077              		.loc 1 1266 24 is_stmt 0 view .LVU746
 2078 0000 C3B2     		uxtb	r3, r0
1267:Core/Src/vl53l1_core.c **** 			<< (uint32_t) ((encoded_timeout & 0xFF00) >> 8)) + 1;
 2079              		.loc 1 1267 46 view .LVU747
 2080 0002 000A     		lsrs	r0, r0, #8
 2081              	.LVL183:
 2082              		.loc 1 1267 4 view .LVU748
 2083 0004 03FA00F0 		lsl	r0, r3, r0
 2084              	.LVL184:
1268:Core/Src/vl53l1_core.c **** 
1269:Core/Src/vl53l1_core.c **** 	return timeout_macro_clks;
 2085              		.loc 1 1269 2 is_stmt 1 view .LVU749
1270:Core/Src/vl53l1_core.c **** }
 2086              		.loc 1 1270 1 is_stmt 0 view .LVU750
 2087 0008 0130     		adds	r0, r0, #1
 2088              	.LVL185:
 2089              		.loc 1 1270 1 view .LVU751
 2090 000a 7047     		bx	lr
 2091              		.cfi_endproc
 2092              	.LFE35:
 2094              		.section	.text.VL53L1_calc_decoded_timeout_us,"ax",%progbits
 2095              		.align	1
 2096              		.global	VL53L1_calc_decoded_timeout_us
 2097              		.syntax unified
 2098              		.thumb
 2099              		.thumb_func
 2101              	VL53L1_calc_decoded_timeout_us:
 2102              	.LVL186:
 2103              	.LFB33:
1204:Core/Src/vl53l1_core.c **** 	/*  Calculates the  timeout in [us] based on the input
 2104              		.loc 1 1204 1 is_stmt 1 view -0
 2105              		.cfi_startproc
 2106              		@ args = 0, pretend = 0, frame = 0
 2107              		@ frame_needed = 0, uses_anonymous_args = 0
1204:Core/Src/vl53l1_core.c **** 	/*  Calculates the  timeout in [us] based on the input
 2108              		.loc 1 1204 1 is_stmt 0 view .LVU753
ARM GAS  C:\Users\Lenovo\AppData\Local\Temp\cc9EJylw.s 			page 62


 2109 0000 10B5     		push	{r4, lr}
 2110              	.LCFI14:
 2111              		.cfi_def_cfa_offset 8
 2112              		.cfi_offset 4, -8
 2113              		.cfi_offset 14, -4
 2114 0002 0C46     		mov	r4, r1
1214:Core/Src/vl53l1_core.c **** 	uint32_t timeout_us     = 0;
 2115              		.loc 1 1214 2 is_stmt 1 view .LVU754
 2116              	.LVL187:
1215:Core/Src/vl53l1_core.c **** 
 2117              		.loc 1 1215 2 view .LVU755
1217:Core/Src/vl53l1_core.c **** 
 2118              		.loc 1 1217 24 view .LVU756
1219:Core/Src/vl53l1_core.c **** 		VL53L1_decode_timeout(timeout_encoded);
 2119              		.loc 1 1219 2 view .LVU757
1220:Core/Src/vl53l1_core.c **** 
 2120              		.loc 1 1220 3 is_stmt 0 view .LVU758
 2121 0004 FFF7FEFF 		bl	VL53L1_decode_timeout
 2122              	.LVL188:
1222:Core/Src/vl53l1_core.c **** 		VL53L1_calc_timeout_us(timeout_mclks, macro_period_us);
 2123              		.loc 1 1222 2 is_stmt 1 view .LVU759
1223:Core/Src/vl53l1_core.c **** 
 2124              		.loc 1 1223 3 is_stmt 0 view .LVU760
 2125 0008 2146     		mov	r1, r4
 2126 000a FFF7FEFF 		bl	VL53L1_calc_timeout_us
 2127              	.LVL189:
1225:Core/Src/vl53l1_core.c **** 
 2128              		.loc 1 1225 21 is_stmt 1 view .LVU761
1227:Core/Src/vl53l1_core.c **** }
 2129              		.loc 1 1227 2 view .LVU762
1228:Core/Src/vl53l1_core.c **** 
 2130              		.loc 1 1228 1 is_stmt 0 view .LVU763
 2131 000e 10BD     		pop	{r4, pc}
1228:Core/Src/vl53l1_core.c **** 
 2132              		.loc 1 1228 1 view .LVU764
 2133              		.cfi_endproc
 2134              	.LFE33:
 2136              		.section	.text.VL53L1_calc_timeout_register_values,"ax",%progbits
 2137              		.align	1
 2138              		.global	VL53L1_calc_timeout_register_values
 2139              		.syntax unified
 2140              		.thumb
 2141              		.thumb_func
 2143              	VL53L1_calc_timeout_register_values:
 2144              	.LVL190:
 2145              	.LFB36:
1271:Core/Src/vl53l1_core.c **** 
1272:Core/Src/vl53l1_core.c **** 
1273:Core/Src/vl53l1_core.c **** VL53L1_Error VL53L1_calc_timeout_register_values(
1274:Core/Src/vl53l1_core.c **** 	uint32_t                 phasecal_config_timeout_us,
1275:Core/Src/vl53l1_core.c **** 	uint32_t                 mm_config_timeout_us,
1276:Core/Src/vl53l1_core.c **** 	uint32_t                 range_config_timeout_us,
1277:Core/Src/vl53l1_core.c **** 	uint16_t                 fast_osc_frequency,
1278:Core/Src/vl53l1_core.c **** 	VL53L1_general_config_t *pgeneral,
1279:Core/Src/vl53l1_core.c **** 	VL53L1_timing_config_t  *ptiming)
1280:Core/Src/vl53l1_core.c **** {
 2146              		.loc 1 1280 1 is_stmt 1 view -0
ARM GAS  C:\Users\Lenovo\AppData\Local\Temp\cc9EJylw.s 			page 63


 2147              		.cfi_startproc
 2148              		@ args = 8, pretend = 0, frame = 0
 2149              		@ frame_needed = 0, uses_anonymous_args = 0
 2150              		.loc 1 1280 1 is_stmt 0 view .LVU766
 2151 0000 2DE9F843 		push	{r3, r4, r5, r6, r7, r8, r9, lr}
 2152              	.LCFI15:
 2153              		.cfi_def_cfa_offset 32
 2154              		.cfi_offset 3, -32
 2155              		.cfi_offset 4, -28
 2156              		.cfi_offset 5, -24
 2157              		.cfi_offset 6, -20
 2158              		.cfi_offset 7, -16
 2159              		.cfi_offset 8, -12
 2160              		.cfi_offset 9, -8
 2161              		.cfi_offset 14, -4
 2162 0004 099C     		ldr	r4, [sp, #36]
1281:Core/Src/vl53l1_core.c **** 	/*
1282:Core/Src/vl53l1_core.c **** 	 * Converts the input MM and range timeouts in [us]
1283:Core/Src/vl53l1_core.c **** 	 * into the appropriate register values
1284:Core/Src/vl53l1_core.c **** 	 *
1285:Core/Src/vl53l1_core.c **** 	 * Must also be run after the VCSEL period settings are changed
1286:Core/Src/vl53l1_core.c **** 	 */
1287:Core/Src/vl53l1_core.c **** 
1288:Core/Src/vl53l1_core.c **** 	VL53L1_Error status = VL53L1_ERROR_NONE;
 2163              		.loc 1 1288 2 is_stmt 1 view .LVU767
 2164              	.LVL191:
1289:Core/Src/vl53l1_core.c **** 
1290:Core/Src/vl53l1_core.c **** 	uint32_t macro_period_us    = 0;
 2165              		.loc 1 1290 2 view .LVU768
1291:Core/Src/vl53l1_core.c **** 	uint32_t timeout_mclks      = 0;
 2166              		.loc 1 1291 2 view .LVU769
1292:Core/Src/vl53l1_core.c **** 	uint16_t timeout_encoded    = 0;
 2167              		.loc 1 1292 2 view .LVU770
1293:Core/Src/vl53l1_core.c **** 
1294:Core/Src/vl53l1_core.c **** 	LOG_FUNCTION_START("");
 2168              		.loc 1 1294 24 view .LVU771
1295:Core/Src/vl53l1_core.c **** 
1296:Core/Src/vl53l1_core.c **** 	if (fast_osc_frequency == 0) {
 2169              		.loc 1 1296 2 view .LVU772
 2170              		.loc 1 1296 5 is_stmt 0 view .LVU773
 2171 0006 CBB3     		cbz	r3, .L126
 2172 0008 8146     		mov	r9, r0
 2173 000a 0F46     		mov	r7, r1
 2174 000c 1646     		mov	r6, r2
 2175 000e 9846     		mov	r8, r3
1297:Core/Src/vl53l1_core.c **** 		status = VL53L1_ERROR_DIVISION_BY_ZERO;
1298:Core/Src/vl53l1_core.c **** 	} else {
1299:Core/Src/vl53l1_core.c **** 		/* Update Macro Period for Range A VCSEL Period */
1300:Core/Src/vl53l1_core.c **** 		macro_period_us =
 2176              		.loc 1 1300 3 is_stmt 1 view .LVU774
1301:Core/Src/vl53l1_core.c **** 				VL53L1_calc_macro_period_us(
 2177              		.loc 1 1301 5 is_stmt 0 view .LVU775
 2178 0010 A179     		ldrb	r1, [r4, #6]	@ zero_extendqisi2
 2179              	.LVL192:
 2180              		.loc 1 1301 5 view .LVU776
 2181 0012 1846     		mov	r0, r3
 2182              	.LVL193:
ARM GAS  C:\Users\Lenovo\AppData\Local\Temp\cc9EJylw.s 			page 64


 2183              		.loc 1 1301 5 view .LVU777
 2184 0014 FFF7FEFF 		bl	VL53L1_calc_macro_period_us
 2185              	.LVL194:
 2186              		.loc 1 1301 5 view .LVU778
 2187 0018 0546     		mov	r5, r0
 2188              	.LVL195:
1302:Core/Src/vl53l1_core.c **** 					fast_osc_frequency,
1303:Core/Src/vl53l1_core.c **** 					ptiming->range_config__vcsel_period_a);
1304:Core/Src/vl53l1_core.c **** 
1305:Core/Src/vl53l1_core.c **** 		/*  Update Phase timeout - uses Timing A */
1306:Core/Src/vl53l1_core.c **** 		timeout_mclks =
 2189              		.loc 1 1306 3 is_stmt 1 view .LVU779
1307:Core/Src/vl53l1_core.c **** 			VL53L1_calc_timeout_mclks(
 2190              		.loc 1 1307 4 is_stmt 0 view .LVU780
 2191 001a 0146     		mov	r1, r0
 2192 001c 4846     		mov	r0, r9
 2193              	.LVL196:
 2194              		.loc 1 1307 4 view .LVU781
 2195 001e FFF7FEFF 		bl	VL53L1_calc_timeout_mclks
 2196              	.LVL197:
1308:Core/Src/vl53l1_core.c **** 				phasecal_config_timeout_us,
1309:Core/Src/vl53l1_core.c **** 				macro_period_us);
1310:Core/Src/vl53l1_core.c **** 
1311:Core/Src/vl53l1_core.c **** 		/* clip as the phase cal timeout register is only 8-bits */
1312:Core/Src/vl53l1_core.c **** 		if (timeout_mclks > 0xFF)
 2197              		.loc 1 1312 3 is_stmt 1 view .LVU782
 2198              		.loc 1 1312 6 is_stmt 0 view .LVU783
 2199 0022 FF28     		cmp	r0, #255
 2200 0024 00D9     		bls	.L125
1313:Core/Src/vl53l1_core.c **** 			timeout_mclks = 0xFF;
 2201              		.loc 1 1313 18 view .LVU784
 2202 0026 FF20     		movs	r0, #255
 2203              	.LVL198:
 2204              	.L125:
1314:Core/Src/vl53l1_core.c **** 
1315:Core/Src/vl53l1_core.c **** 		pgeneral->phasecal_config__timeout_macrop =
 2205              		.loc 1 1315 3 is_stmt 1 view .LVU785
 2206              		.loc 1 1315 45 is_stmt 0 view .LVU786
 2207 0028 089B     		ldr	r3, [sp, #32]
 2208 002a D871     		strb	r0, [r3, #7]
1316:Core/Src/vl53l1_core.c **** 				(uint8_t)timeout_mclks;
1317:Core/Src/vl53l1_core.c **** 
1318:Core/Src/vl53l1_core.c **** 		/*  Update MM Timing A timeout */
1319:Core/Src/vl53l1_core.c **** 		timeout_encoded =
 2209              		.loc 1 1319 3 is_stmt 1 view .LVU787
1320:Core/Src/vl53l1_core.c **** 			VL53L1_calc_encoded_timeout(
 2210              		.loc 1 1320 4 is_stmt 0 view .LVU788
 2211 002c 2946     		mov	r1, r5
 2212 002e 3846     		mov	r0, r7
 2213              	.LVL199:
 2214              		.loc 1 1320 4 view .LVU789
 2215 0030 FFF7FEFF 		bl	VL53L1_calc_encoded_timeout
 2216              	.LVL200:
1321:Core/Src/vl53l1_core.c **** 				mm_config_timeout_us,
1322:Core/Src/vl53l1_core.c **** 				macro_period_us);
1323:Core/Src/vl53l1_core.c **** 
1324:Core/Src/vl53l1_core.c **** 		ptiming->mm_config__timeout_macrop_a_hi =
ARM GAS  C:\Users\Lenovo\AppData\Local\Temp\cc9EJylw.s 			page 65


 2217              		.loc 1 1324 3 is_stmt 1 view .LVU790
1325:Core/Src/vl53l1_core.c **** 				(uint8_t)((timeout_encoded & 0xFF00) >> 8);
 2218              		.loc 1 1325 5 is_stmt 0 view .LVU791
 2219 0034 C0F30723 		ubfx	r3, r0, #8, #8
1324:Core/Src/vl53l1_core.c **** 				(uint8_t)((timeout_encoded & 0xFF00) >> 8);
 2220              		.loc 1 1324 43 view .LVU792
 2221 0038 2370     		strb	r3, [r4]
1326:Core/Src/vl53l1_core.c **** 		ptiming->mm_config__timeout_macrop_a_lo =
 2222              		.loc 1 1326 3 is_stmt 1 view .LVU793
 2223              		.loc 1 1326 43 is_stmt 0 view .LVU794
 2224 003a 6070     		strb	r0, [r4, #1]
1327:Core/Src/vl53l1_core.c **** 				(uint8_t) (timeout_encoded & 0x00FF);
1328:Core/Src/vl53l1_core.c **** 
1329:Core/Src/vl53l1_core.c **** 		/* Update Range Timing A timeout */
1330:Core/Src/vl53l1_core.c **** 		timeout_encoded =
 2225              		.loc 1 1330 3 is_stmt 1 view .LVU795
1331:Core/Src/vl53l1_core.c **** 			VL53L1_calc_encoded_timeout(
 2226              		.loc 1 1331 4 is_stmt 0 view .LVU796
 2227 003c 2946     		mov	r1, r5
 2228 003e 3046     		mov	r0, r6
 2229              	.LVL201:
 2230              		.loc 1 1331 4 view .LVU797
 2231 0040 FFF7FEFF 		bl	VL53L1_calc_encoded_timeout
 2232              	.LVL202:
1332:Core/Src/vl53l1_core.c **** 				range_config_timeout_us,
1333:Core/Src/vl53l1_core.c **** 				macro_period_us);
1334:Core/Src/vl53l1_core.c **** 
1335:Core/Src/vl53l1_core.c **** 		ptiming->range_config__timeout_macrop_a_hi =
 2233              		.loc 1 1335 3 is_stmt 1 view .LVU798
1336:Core/Src/vl53l1_core.c **** 				(uint8_t)((timeout_encoded & 0xFF00) >> 8);
 2234              		.loc 1 1336 5 is_stmt 0 view .LVU799
 2235 0044 C0F30723 		ubfx	r3, r0, #8, #8
1335:Core/Src/vl53l1_core.c **** 				(uint8_t)((timeout_encoded & 0xFF00) >> 8);
 2236              		.loc 1 1335 46 view .LVU800
 2237 0048 2371     		strb	r3, [r4, #4]
1337:Core/Src/vl53l1_core.c **** 		ptiming->range_config__timeout_macrop_a_lo =
 2238              		.loc 1 1337 3 is_stmt 1 view .LVU801
 2239              		.loc 1 1337 46 is_stmt 0 view .LVU802
 2240 004a 6071     		strb	r0, [r4, #5]
1338:Core/Src/vl53l1_core.c **** 				(uint8_t) (timeout_encoded & 0x00FF);
1339:Core/Src/vl53l1_core.c **** 
1340:Core/Src/vl53l1_core.c **** 		/* Update Macro Period for Range B VCSEL Period */
1341:Core/Src/vl53l1_core.c **** 		macro_period_us =
 2241              		.loc 1 1341 3 is_stmt 1 view .LVU803
1342:Core/Src/vl53l1_core.c **** 				VL53L1_calc_macro_period_us(
 2242              		.loc 1 1342 5 is_stmt 0 view .LVU804
 2243 004c 617A     		ldrb	r1, [r4, #9]	@ zero_extendqisi2
 2244 004e 4046     		mov	r0, r8
 2245              	.LVL203:
 2246              		.loc 1 1342 5 view .LVU805
 2247 0050 FFF7FEFF 		bl	VL53L1_calc_macro_period_us
 2248              	.LVL204:
 2249 0054 0546     		mov	r5, r0
 2250              	.LVL205:
1343:Core/Src/vl53l1_core.c **** 					fast_osc_frequency,
1344:Core/Src/vl53l1_core.c **** 					ptiming->range_config__vcsel_period_b);
1345:Core/Src/vl53l1_core.c **** 
ARM GAS  C:\Users\Lenovo\AppData\Local\Temp\cc9EJylw.s 			page 66


1346:Core/Src/vl53l1_core.c **** 		/* Update MM Timing B timeout */
1347:Core/Src/vl53l1_core.c **** 		timeout_encoded =
 2251              		.loc 1 1347 3 is_stmt 1 view .LVU806
1348:Core/Src/vl53l1_core.c **** 				VL53L1_calc_encoded_timeout(
 2252              		.loc 1 1348 5 is_stmt 0 view .LVU807
 2253 0056 0146     		mov	r1, r0
 2254 0058 3846     		mov	r0, r7
 2255              	.LVL206:
 2256              		.loc 1 1348 5 view .LVU808
 2257 005a FFF7FEFF 		bl	VL53L1_calc_encoded_timeout
 2258              	.LVL207:
1349:Core/Src/vl53l1_core.c **** 					mm_config_timeout_us,
1350:Core/Src/vl53l1_core.c **** 					macro_period_us);
1351:Core/Src/vl53l1_core.c **** 
1352:Core/Src/vl53l1_core.c **** 		ptiming->mm_config__timeout_macrop_b_hi =
 2259              		.loc 1 1352 3 is_stmt 1 view .LVU809
1353:Core/Src/vl53l1_core.c **** 				(uint8_t)((timeout_encoded & 0xFF00) >> 8);
 2260              		.loc 1 1353 5 is_stmt 0 view .LVU810
 2261 005e C0F30723 		ubfx	r3, r0, #8, #8
1352:Core/Src/vl53l1_core.c **** 				(uint8_t)((timeout_encoded & 0xFF00) >> 8);
 2262              		.loc 1 1352 43 view .LVU811
 2263 0062 A370     		strb	r3, [r4, #2]
1354:Core/Src/vl53l1_core.c **** 		ptiming->mm_config__timeout_macrop_b_lo =
 2264              		.loc 1 1354 3 is_stmt 1 view .LVU812
 2265              		.loc 1 1354 43 is_stmt 0 view .LVU813
 2266 0064 E070     		strb	r0, [r4, #3]
1355:Core/Src/vl53l1_core.c **** 				(uint8_t) (timeout_encoded & 0x00FF);
1356:Core/Src/vl53l1_core.c **** 
1357:Core/Src/vl53l1_core.c **** 		/* Update Range Timing B timeout */
1358:Core/Src/vl53l1_core.c **** 		timeout_encoded = VL53L1_calc_encoded_timeout(
 2267              		.loc 1 1358 3 is_stmt 1 view .LVU814
 2268              		.loc 1 1358 21 is_stmt 0 view .LVU815
 2269 0066 2946     		mov	r1, r5
 2270 0068 3046     		mov	r0, r6
 2271              	.LVL208:
 2272              		.loc 1 1358 21 view .LVU816
 2273 006a FFF7FEFF 		bl	VL53L1_calc_encoded_timeout
 2274              	.LVL209:
1359:Core/Src/vl53l1_core.c **** 							range_config_timeout_us,
1360:Core/Src/vl53l1_core.c **** 							macro_period_us);
1361:Core/Src/vl53l1_core.c **** 
1362:Core/Src/vl53l1_core.c **** 		ptiming->range_config__timeout_macrop_b_hi =
 2275              		.loc 1 1362 3 is_stmt 1 view .LVU817
1363:Core/Src/vl53l1_core.c **** 				(uint8_t)((timeout_encoded & 0xFF00) >> 8);
 2276              		.loc 1 1363 5 is_stmt 0 view .LVU818
 2277 006e C0F30723 		ubfx	r3, r0, #8, #8
1362:Core/Src/vl53l1_core.c **** 				(uint8_t)((timeout_encoded & 0xFF00) >> 8);
 2278              		.loc 1 1362 46 view .LVU819
 2279 0072 E371     		strb	r3, [r4, #7]
1364:Core/Src/vl53l1_core.c **** 		ptiming->range_config__timeout_macrop_b_lo =
 2280              		.loc 1 1364 3 is_stmt 1 view .LVU820
 2281              		.loc 1 1364 46 is_stmt 0 view .LVU821
 2282 0074 2072     		strb	r0, [r4, #8]
1288:Core/Src/vl53l1_core.c **** 
 2283              		.loc 1 1288 15 view .LVU822
 2284 0076 0020     		movs	r0, #0
 2285              	.LVL210:
ARM GAS  C:\Users\Lenovo\AppData\Local\Temp\cc9EJylw.s 			page 67


 2286              	.L124:
1365:Core/Src/vl53l1_core.c **** 				(uint8_t) (timeout_encoded & 0x00FF);
1366:Core/Src/vl53l1_core.c **** 	}
1367:Core/Src/vl53l1_core.c **** 
1368:Core/Src/vl53l1_core.c **** 	LOG_FUNCTION_END(0);
 2287              		.loc 1 1368 21 is_stmt 1 view .LVU823
1369:Core/Src/vl53l1_core.c **** 
1370:Core/Src/vl53l1_core.c **** 	return status;
 2288              		.loc 1 1370 2 view .LVU824
1371:Core/Src/vl53l1_core.c **** 
1372:Core/Src/vl53l1_core.c **** }
 2289              		.loc 1 1372 1 is_stmt 0 view .LVU825
 2290 0078 BDE8F883 		pop	{r3, r4, r5, r6, r7, r8, r9, pc}
 2291              	.LVL211:
 2292              	.L126:
1297:Core/Src/vl53l1_core.c **** 	} else {
 2293              		.loc 1 1297 10 view .LVU826
 2294 007c 6FF00E00 		mvn	r0, #14
 2295              	.LVL212:
1297:Core/Src/vl53l1_core.c **** 	} else {
 2296              		.loc 1 1297 10 view .LVU827
 2297 0080 FAE7     		b	.L124
 2298              		.cfi_endproc
 2299              	.LFE36:
 2301              		.section	.text.VL53L1_encode_vcsel_period,"ax",%progbits
 2302              		.align	1
 2303              		.global	VL53L1_encode_vcsel_period
 2304              		.syntax unified
 2305              		.thumb
 2306              		.thumb_func
 2308              	VL53L1_encode_vcsel_period:
 2309              	.LVL213:
 2310              	.LFB37:
1373:Core/Src/vl53l1_core.c **** 
1374:Core/Src/vl53l1_core.c **** 
1375:Core/Src/vl53l1_core.c **** uint8_t VL53L1_encode_vcsel_period(uint8_t vcsel_period_pclks)
1376:Core/Src/vl53l1_core.c **** {
 2311              		.loc 1 1376 1 is_stmt 1 view -0
 2312              		.cfi_startproc
 2313              		@ args = 0, pretend = 0, frame = 0
 2314              		@ frame_needed = 0, uses_anonymous_args = 0
 2315              		@ link register save eliminated.
1377:Core/Src/vl53l1_core.c **** 	/*
1378:Core/Src/vl53l1_core.c **** 	 * Converts the encoded VCSEL period register value into
1379:Core/Src/vl53l1_core.c **** 	 * the real period in PLL clocks
1380:Core/Src/vl53l1_core.c **** 	 */
1381:Core/Src/vl53l1_core.c **** 
1382:Core/Src/vl53l1_core.c **** 	uint8_t vcsel_period_reg = 0;
 2316              		.loc 1 1382 2 view .LVU829
1383:Core/Src/vl53l1_core.c **** 
1384:Core/Src/vl53l1_core.c **** 	vcsel_period_reg = (vcsel_period_pclks >> 1) - 1;
 2317              		.loc 1 1384 2 view .LVU830
 2318              		.loc 1 1384 47 is_stmt 0 view .LVU831
 2319 0000 4008     		lsrs	r0, r0, #1
 2320              	.LVL214:
 2321              		.loc 1 1384 19 view .LVU832
 2322 0002 0138     		subs	r0, r0, #1
ARM GAS  C:\Users\Lenovo\AppData\Local\Temp\cc9EJylw.s 			page 68


 2323              	.LVL215:
1385:Core/Src/vl53l1_core.c **** 
1386:Core/Src/vl53l1_core.c **** 	return vcsel_period_reg;
 2324              		.loc 1 1386 2 is_stmt 1 view .LVU833
1387:Core/Src/vl53l1_core.c **** }
 2325              		.loc 1 1387 1 is_stmt 0 view .LVU834
 2326 0004 C0B2     		uxtb	r0, r0
 2327              		.loc 1 1387 1 view .LVU835
 2328 0006 7047     		bx	lr
 2329              		.cfi_endproc
 2330              	.LFE37:
 2332              		.section	.text.VL53L1_decode_unsigned_integer,"ax",%progbits
 2333              		.align	1
 2334              		.global	VL53L1_decode_unsigned_integer
 2335              		.syntax unified
 2336              		.thumb
 2337              		.thumb_func
 2339              	VL53L1_decode_unsigned_integer:
 2340              	.LVL216:
 2341              	.LFB38:
1388:Core/Src/vl53l1_core.c **** 
1389:Core/Src/vl53l1_core.c **** 
1390:Core/Src/vl53l1_core.c **** uint32_t VL53L1_decode_unsigned_integer(
1391:Core/Src/vl53l1_core.c **** 	uint8_t  *pbuffer,
1392:Core/Src/vl53l1_core.c **** 	uint8_t   no_of_bytes)
1393:Core/Src/vl53l1_core.c **** {
 2342              		.loc 1 1393 1 is_stmt 1 view -0
 2343              		.cfi_startproc
 2344              		@ args = 0, pretend = 0, frame = 0
 2345              		@ frame_needed = 0, uses_anonymous_args = 0
 2346              		@ link register save eliminated.
 2347              		.loc 1 1393 1 is_stmt 0 view .LVU837
 2348 0000 8446     		mov	ip, r0
1394:Core/Src/vl53l1_core.c **** 	/*
1395:Core/Src/vl53l1_core.c **** 	 * Decodes a integer number from the buffer
1396:Core/Src/vl53l1_core.c **** 	 */
1397:Core/Src/vl53l1_core.c **** 
1398:Core/Src/vl53l1_core.c **** 	uint8_t   i = 0;
 2349              		.loc 1 1398 2 is_stmt 1 view .LVU838
 2350              	.LVL217:
1399:Core/Src/vl53l1_core.c **** 	uint32_t  decoded_value = 0;
 2351              		.loc 1 1399 2 view .LVU839
1400:Core/Src/vl53l1_core.c **** 
1401:Core/Src/vl53l1_core.c **** 	for (i = 0 ; i < no_of_bytes ; i++) {
 2352              		.loc 1 1401 2 view .LVU840
1399:Core/Src/vl53l1_core.c **** 	uint32_t  decoded_value = 0;
 2353              		.loc 1 1399 12 is_stmt 0 view .LVU841
 2354 0002 0020     		movs	r0, #0
 2355              	.LVL218:
 2356              		.loc 1 1401 9 view .LVU842
 2357 0004 0346     		mov	r3, r0
 2358              		.loc 1 1401 2 view .LVU843
 2359 0006 05E0     		b	.L131
 2360              	.LVL219:
 2361              	.L132:
1402:Core/Src/vl53l1_core.c **** 		decoded_value = (decoded_value << 8) + (uint32_t)pbuffer[i];
 2362              		.loc 1 1402 3 is_stmt 1 discriminator 3 view .LVU844
ARM GAS  C:\Users\Lenovo\AppData\Local\Temp\cc9EJylw.s 			page 69


 2363              		.loc 1 1402 59 is_stmt 0 discriminator 3 view .LVU845
 2364 0008 1CF80320 		ldrb	r2, [ip, r3]	@ zero_extendqisi2
 2365              		.loc 1 1402 17 discriminator 3 view .LVU846
 2366 000c 02EB0020 		add	r0, r2, r0, lsl #8
 2367              	.LVL220:
1401:Core/Src/vl53l1_core.c **** 		decoded_value = (decoded_value << 8) + (uint32_t)pbuffer[i];
 2368              		.loc 1 1401 33 is_stmt 1 discriminator 3 view .LVU847
1401:Core/Src/vl53l1_core.c **** 		decoded_value = (decoded_value << 8) + (uint32_t)pbuffer[i];
 2369              		.loc 1 1401 34 is_stmt 0 discriminator 3 view .LVU848
 2370 0010 0133     		adds	r3, r3, #1
 2371              	.LVL221:
1401:Core/Src/vl53l1_core.c **** 		decoded_value = (decoded_value << 8) + (uint32_t)pbuffer[i];
 2372              		.loc 1 1401 34 discriminator 3 view .LVU849
 2373 0012 DBB2     		uxtb	r3, r3
 2374              	.LVL222:
 2375              	.L131:
1401:Core/Src/vl53l1_core.c **** 		decoded_value = (decoded_value << 8) + (uint32_t)pbuffer[i];
 2376              		.loc 1 1401 15 is_stmt 1 discriminator 1 view .LVU850
1401:Core/Src/vl53l1_core.c **** 		decoded_value = (decoded_value << 8) + (uint32_t)pbuffer[i];
 2377              		.loc 1 1401 2 is_stmt 0 discriminator 1 view .LVU851
 2378 0014 8B42     		cmp	r3, r1
 2379 0016 F7D3     		bcc	.L132
1403:Core/Src/vl53l1_core.c **** 	}
1404:Core/Src/vl53l1_core.c **** 
1405:Core/Src/vl53l1_core.c **** 	return decoded_value;
 2380              		.loc 1 1405 2 is_stmt 1 view .LVU852
1406:Core/Src/vl53l1_core.c **** }
 2381              		.loc 1 1406 1 is_stmt 0 view .LVU853
 2382 0018 7047     		bx	lr
 2383              		.cfi_endproc
 2384              	.LFE38:
 2386              		.section	.text.VL53L1_encode_unsigned_integer,"ax",%progbits
 2387              		.align	1
 2388              		.global	VL53L1_encode_unsigned_integer
 2389              		.syntax unified
 2390              		.thumb
 2391              		.thumb_func
 2393              	VL53L1_encode_unsigned_integer:
 2394              	.LVL223:
 2395              	.LFB39:
1407:Core/Src/vl53l1_core.c **** 
1408:Core/Src/vl53l1_core.c **** 
1409:Core/Src/vl53l1_core.c **** void VL53L1_encode_unsigned_integer(
1410:Core/Src/vl53l1_core.c **** 	uint32_t  ip_value,
1411:Core/Src/vl53l1_core.c **** 	uint8_t   no_of_bytes,
1412:Core/Src/vl53l1_core.c **** 	uint8_t  *pbuffer)
1413:Core/Src/vl53l1_core.c **** {
 2396              		.loc 1 1413 1 is_stmt 1 view -0
 2397              		.cfi_startproc
 2398              		@ args = 0, pretend = 0, frame = 0
 2399              		@ frame_needed = 0, uses_anonymous_args = 0
 2400              		@ link register save eliminated.
1414:Core/Src/vl53l1_core.c **** 	/*
1415:Core/Src/vl53l1_core.c **** 	 * Encodes an integer number into the buffer
1416:Core/Src/vl53l1_core.c **** 	 */
1417:Core/Src/vl53l1_core.c **** 
1418:Core/Src/vl53l1_core.c **** 	uint8_t   i    = 0;
ARM GAS  C:\Users\Lenovo\AppData\Local\Temp\cc9EJylw.s 			page 70


 2401              		.loc 1 1418 2 view .LVU855
1419:Core/Src/vl53l1_core.c **** 	uint32_t  data = 0;
 2402              		.loc 1 1419 2 view .LVU856
1420:Core/Src/vl53l1_core.c **** 
1421:Core/Src/vl53l1_core.c **** 	data = ip_value;
 2403              		.loc 1 1421 2 view .LVU857
1422:Core/Src/vl53l1_core.c **** 	for (i = 0; i < no_of_bytes ; i++) {
 2404              		.loc 1 1422 2 view .LVU858
 2405              		.loc 1 1422 9 is_stmt 0 view .LVU859
 2406 0000 0023     		movs	r3, #0
 2407              		.loc 1 1422 2 view .LVU860
 2408 0002 08E0     		b	.L134
 2409              	.LVL224:
 2410              	.L135:
1423:Core/Src/vl53l1_core.c **** 		pbuffer[no_of_bytes-i-1] = data & 0x00FF;
 2411              		.loc 1 1423 3 is_stmt 1 discriminator 3 view .LVU861
 2412              		.loc 1 1423 22 is_stmt 0 discriminator 3 view .LVU862
 2413 0004 A1EB030C 		sub	ip, r1, r3
 2414              		.loc 1 1423 10 discriminator 3 view .LVU863
 2415 0008 0CF1FF3C 		add	ip, ip, #-1
 2416              		.loc 1 1423 28 discriminator 3 view .LVU864
 2417 000c 02F80C00 		strb	r0, [r2, ip]
1424:Core/Src/vl53l1_core.c **** 		data = data >> 8;
 2418              		.loc 1 1424 3 is_stmt 1 discriminator 3 view .LVU865
 2419              		.loc 1 1424 8 is_stmt 0 discriminator 3 view .LVU866
 2420 0010 000A     		lsrs	r0, r0, #8
 2421              	.LVL225:
1422:Core/Src/vl53l1_core.c **** 	for (i = 0; i < no_of_bytes ; i++) {
 2422              		.loc 1 1422 32 is_stmt 1 discriminator 3 view .LVU867
1422:Core/Src/vl53l1_core.c **** 	for (i = 0; i < no_of_bytes ; i++) {
 2423              		.loc 1 1422 33 is_stmt 0 discriminator 3 view .LVU868
 2424 0012 0133     		adds	r3, r3, #1
 2425              	.LVL226:
1422:Core/Src/vl53l1_core.c **** 	for (i = 0; i < no_of_bytes ; i++) {
 2426              		.loc 1 1422 33 discriminator 3 view .LVU869
 2427 0014 DBB2     		uxtb	r3, r3
 2428              	.LVL227:
 2429              	.L134:
1422:Core/Src/vl53l1_core.c **** 	for (i = 0; i < no_of_bytes ; i++) {
 2430              		.loc 1 1422 14 is_stmt 1 discriminator 1 view .LVU870
1422:Core/Src/vl53l1_core.c **** 	for (i = 0; i < no_of_bytes ; i++) {
 2431              		.loc 1 1422 2 is_stmt 0 discriminator 1 view .LVU871
 2432 0016 8B42     		cmp	r3, r1
 2433 0018 F4D3     		bcc	.L135
1425:Core/Src/vl53l1_core.c **** 	}
1426:Core/Src/vl53l1_core.c **** }
 2434              		.loc 1 1426 1 view .LVU872
 2435 001a 7047     		bx	lr
 2436              		.cfi_endproc
 2437              	.LFE39:
 2439              		.section	.text.VL53L1_spad_number_to_byte_bit_index,"ax",%progbits
 2440              		.align	1
 2441              		.global	VL53L1_spad_number_to_byte_bit_index
 2442              		.syntax unified
 2443              		.thumb
 2444              		.thumb_func
 2446              	VL53L1_spad_number_to_byte_bit_index:
ARM GAS  C:\Users\Lenovo\AppData\Local\Temp\cc9EJylw.s 			page 71


 2447              	.LVL228:
 2448              	.LFB40:
1427:Core/Src/vl53l1_core.c **** 
1428:Core/Src/vl53l1_core.c **** 
1429:Core/Src/vl53l1_core.c **** void VL53L1_spad_number_to_byte_bit_index(
1430:Core/Src/vl53l1_core.c **** 	uint8_t  spad_number,
1431:Core/Src/vl53l1_core.c **** 	uint8_t *pbyte_index,
1432:Core/Src/vl53l1_core.c **** 	uint8_t *pbit_index,
1433:Core/Src/vl53l1_core.c **** 	uint8_t *pbit_mask)
1434:Core/Src/vl53l1_core.c **** {
 2449              		.loc 1 1434 1 is_stmt 1 view -0
 2450              		.cfi_startproc
 2451              		@ args = 0, pretend = 0, frame = 0
 2452              		@ frame_needed = 0, uses_anonymous_args = 0
 2453              		@ link register save eliminated.
1435:Core/Src/vl53l1_core.c **** 
1436:Core/Src/vl53l1_core.c ****     /**
1437:Core/Src/vl53l1_core.c ****      *  Converts the input SPAD number into the SPAD Enable byte index, bit index and bit mask
1438:Core/Src/vl53l1_core.c ****      *
1439:Core/Src/vl53l1_core.c ****      *  byte_index = (spad_no >> 3)
1440:Core/Src/vl53l1_core.c ****      *  bit_index  =  spad_no & 0x07
1441:Core/Src/vl53l1_core.c ****      *  bit_mask   =  0x01 << bit_index
1442:Core/Src/vl53l1_core.c ****      */
1443:Core/Src/vl53l1_core.c **** 
1444:Core/Src/vl53l1_core.c ****     *pbyte_index  = spad_number >> 3;
 2454              		.loc 1 1444 5 view .LVU874
 2455              		.loc 1 1444 19 is_stmt 0 view .LVU875
 2456 0000 4FEAD00C 		lsr	ip, r0, #3
 2457 0004 81F800C0 		strb	ip, [r1]
1445:Core/Src/vl53l1_core.c ****     *pbit_index   = spad_number & 0x07;
 2458              		.loc 1 1445 5 is_stmt 1 view .LVU876
 2459              		.loc 1 1445 33 is_stmt 0 view .LVU877
 2460 0008 00F00700 		and	r0, r0, #7
 2461              	.LVL229:
 2462              		.loc 1 1445 19 view .LVU878
 2463 000c 1070     		strb	r0, [r2]
1446:Core/Src/vl53l1_core.c ****     *pbit_mask    = 0x01 << *pbit_index;
 2464              		.loc 1 1446 5 is_stmt 1 view .LVU879
 2465              		.loc 1 1446 26 is_stmt 0 view .LVU880
 2466 000e 0122     		movs	r2, #1
 2467              	.LVL230:
 2468              		.loc 1 1446 26 view .LVU881
 2469 0010 02FA00F0 		lsl	r0, r2, r0
 2470              		.loc 1 1446 19 view .LVU882
 2471 0014 1870     		strb	r0, [r3]
1447:Core/Src/vl53l1_core.c **** 
1448:Core/Src/vl53l1_core.c **** }
 2472              		.loc 1 1448 1 view .LVU883
 2473 0016 7047     		bx	lr
 2474              		.cfi_endproc
 2475              	.LFE40:
 2477              		.section	.text.VL53L1_encode_row_col,"ax",%progbits
 2478              		.align	1
 2479              		.global	VL53L1_encode_row_col
 2480              		.syntax unified
 2481              		.thumb
 2482              		.thumb_func
ARM GAS  C:\Users\Lenovo\AppData\Local\Temp\cc9EJylw.s 			page 72


 2484              	VL53L1_encode_row_col:
 2485              	.LVL231:
 2486              	.LFB41:
1449:Core/Src/vl53l1_core.c **** 
1450:Core/Src/vl53l1_core.c **** 
1451:Core/Src/vl53l1_core.c **** void VL53L1_encode_row_col(
1452:Core/Src/vl53l1_core.c **** 	uint8_t  row,
1453:Core/Src/vl53l1_core.c **** 	uint8_t  col,
1454:Core/Src/vl53l1_core.c **** 	uint8_t *pspad_number)
1455:Core/Src/vl53l1_core.c **** {
 2487              		.loc 1 1455 1 is_stmt 1 view -0
 2488              		.cfi_startproc
 2489              		@ args = 0, pretend = 0, frame = 0
 2490              		@ frame_needed = 0, uses_anonymous_args = 0
 2491              		@ link register save eliminated.
1456:Core/Src/vl53l1_core.c **** 	/**
1457:Core/Src/vl53l1_core.c **** 	 *  Encodes the input array(row,col) location as SPAD number.
1458:Core/Src/vl53l1_core.c **** 	 */
1459:Core/Src/vl53l1_core.c **** 
1460:Core/Src/vl53l1_core.c **** 	if (row > 7) {
 2492              		.loc 1 1460 2 view .LVU885
 2493              		.loc 1 1460 5 is_stmt 0 view .LVU886
 2494 0000 0728     		cmp	r0, #7
 2495 0002 05D9     		bls	.L138
1461:Core/Src/vl53l1_core.c **** 		*pspad_number = 128 + (col << 3) + (15-row);
 2496              		.loc 1 1461 3 is_stmt 1 view .LVU887
 2497              		.loc 1 1461 30 is_stmt 0 view .LVU888
 2498 0004 C900     		lsls	r1, r1, #3
 2499              	.LVL232:
 2500              		.loc 1 1461 30 view .LVU889
 2501 0006 C9B2     		uxtb	r1, r1
 2502              		.loc 1 1461 36 view .LVU890
 2503 0008 081A     		subs	r0, r1, r0
 2504              	.LVL233:
 2505              		.loc 1 1461 36 view .LVU891
 2506 000a 7138     		subs	r0, r0, #113
 2507              		.loc 1 1461 17 view .LVU892
 2508 000c 1070     		strb	r0, [r2]
 2509 000e 7047     		bx	lr
 2510              	.LVL234:
 2511              	.L138:
1462:Core/Src/vl53l1_core.c **** 	} else {
1463:Core/Src/vl53l1_core.c **** 		*pspad_number = ((15-col) << 3) + row;
 2512              		.loc 1 1463 3 is_stmt 1 view .LVU893
 2513              		.loc 1 1463 23 is_stmt 0 view .LVU894
 2514 0010 C1F10F01 		rsb	r1, r1, #15
 2515              	.LVL235:
 2516              		.loc 1 1463 23 view .LVU895
 2517 0014 C9B2     		uxtb	r1, r1
 2518              		.loc 1 1463 29 view .LVU896
 2519 0016 C900     		lsls	r1, r1, #3
 2520 0018 C9B2     		uxtb	r1, r1
 2521              		.loc 1 1463 35 view .LVU897
 2522 001a 0844     		add	r0, r0, r1
 2523              	.LVL236:
 2524              		.loc 1 1463 17 view .LVU898
 2525 001c 1070     		strb	r0, [r2]
ARM GAS  C:\Users\Lenovo\AppData\Local\Temp\cc9EJylw.s 			page 73


1464:Core/Src/vl53l1_core.c **** 	}
1465:Core/Src/vl53l1_core.c **** }
 2526              		.loc 1 1465 1 view .LVU899
 2527 001e 7047     		bx	lr
 2528              		.cfi_endproc
 2529              	.LFE41:
 2531              		.section	.text.VL53L1_decode_zone_size,"ax",%progbits
 2532              		.align	1
 2533              		.global	VL53L1_decode_zone_size
 2534              		.syntax unified
 2535              		.thumb
 2536              		.thumb_func
 2538              	VL53L1_decode_zone_size:
 2539              	.LVL237:
 2540              	.LFB42:
1466:Core/Src/vl53l1_core.c **** 
1467:Core/Src/vl53l1_core.c **** 
1468:Core/Src/vl53l1_core.c **** void VL53L1_decode_zone_size(
1469:Core/Src/vl53l1_core.c **** 	uint8_t  encoded_xy_size,
1470:Core/Src/vl53l1_core.c **** 	uint8_t  *pwidth,
1471:Core/Src/vl53l1_core.c **** 	uint8_t  *pheight)
1472:Core/Src/vl53l1_core.c **** {
 2541              		.loc 1 1472 1 is_stmt 1 view -0
 2542              		.cfi_startproc
 2543              		@ args = 0, pretend = 0, frame = 0
 2544              		@ frame_needed = 0, uses_anonymous_args = 0
 2545              		@ link register save eliminated.
1473:Core/Src/vl53l1_core.c **** 
1474:Core/Src/vl53l1_core.c **** 	/* extract x and y sizes
1475:Core/Src/vl53l1_core.c **** 	 *
1476:Core/Src/vl53l1_core.c **** 	 * Important: the sense of the device width and height is swapped
1477:Core/Src/vl53l1_core.c **** 	 * versus the API sense
1478:Core/Src/vl53l1_core.c **** 	 *
1479:Core/Src/vl53l1_core.c **** 	 * MS Nibble = height
1480:Core/Src/vl53l1_core.c **** 	 * LS Nibble = width
1481:Core/Src/vl53l1_core.c **** 	 */
1482:Core/Src/vl53l1_core.c **** 
1483:Core/Src/vl53l1_core.c **** 	*pheight = encoded_xy_size >> 4;
 2546              		.loc 1 1483 2 view .LVU901
 2547              		.loc 1 1483 11 is_stmt 0 view .LVU902
 2548 0000 0309     		lsrs	r3, r0, #4
 2549 0002 1370     		strb	r3, [r2]
1484:Core/Src/vl53l1_core.c **** 	*pwidth  = encoded_xy_size & 0x0F;
 2550              		.loc 1 1484 2 is_stmt 1 view .LVU903
 2551              		.loc 1 1484 29 is_stmt 0 view .LVU904
 2552 0004 00F00F00 		and	r0, r0, #15
 2553              	.LVL238:
 2554              		.loc 1 1484 11 view .LVU905
 2555 0008 0870     		strb	r0, [r1]
1485:Core/Src/vl53l1_core.c **** 
1486:Core/Src/vl53l1_core.c **** }
 2556              		.loc 1 1486 1 view .LVU906
 2557 000a 7047     		bx	lr
 2558              		.cfi_endproc
 2559              	.LFE42:
 2561              		.section	.text.VL53L1_encode_zone_size,"ax",%progbits
 2562              		.align	1
ARM GAS  C:\Users\Lenovo\AppData\Local\Temp\cc9EJylw.s 			page 74


 2563              		.global	VL53L1_encode_zone_size
 2564              		.syntax unified
 2565              		.thumb
 2566              		.thumb_func
 2568              	VL53L1_encode_zone_size:
 2569              	.LVL239:
 2570              	.LFB43:
1487:Core/Src/vl53l1_core.c **** 
1488:Core/Src/vl53l1_core.c **** 
1489:Core/Src/vl53l1_core.c **** void VL53L1_encode_zone_size(
1490:Core/Src/vl53l1_core.c **** 	uint8_t  width,
1491:Core/Src/vl53l1_core.c **** 	uint8_t  height,
1492:Core/Src/vl53l1_core.c **** 	uint8_t *pencoded_xy_size)
1493:Core/Src/vl53l1_core.c **** {
 2571              		.loc 1 1493 1 is_stmt 1 view -0
 2572              		.cfi_startproc
 2573              		@ args = 0, pretend = 0, frame = 0
 2574              		@ frame_needed = 0, uses_anonymous_args = 0
 2575              		@ link register save eliminated.
1494:Core/Src/vl53l1_core.c **** 	/* merge x and y sizes
1495:Core/Src/vl53l1_core.c **** 	 *
1496:Core/Src/vl53l1_core.c **** 	 * Important: the sense of the device width and height is swapped
1497:Core/Src/vl53l1_core.c **** 	 * versus the API sense
1498:Core/Src/vl53l1_core.c **** 	 *
1499:Core/Src/vl53l1_core.c **** 	 * MS Nibble = height
1500:Core/Src/vl53l1_core.c **** 	 * LS Nibble = width
1501:Core/Src/vl53l1_core.c **** 	 */
1502:Core/Src/vl53l1_core.c **** 
1503:Core/Src/vl53l1_core.c **** 	*pencoded_xy_size = (height << 4) + width;
 2576              		.loc 1 1503 2 view .LVU908
 2577              		.loc 1 1503 30 is_stmt 0 view .LVU909
 2578 0000 0901     		lsls	r1, r1, #4
 2579              	.LVL240:
 2580              		.loc 1 1503 30 view .LVU910
 2581 0002 C9B2     		uxtb	r1, r1
 2582              		.loc 1 1503 36 view .LVU911
 2583 0004 0144     		add	r1, r1, r0
 2584              		.loc 1 1503 20 view .LVU912
 2585 0006 1170     		strb	r1, [r2]
1504:Core/Src/vl53l1_core.c **** 
1505:Core/Src/vl53l1_core.c **** }
 2586              		.loc 1 1505 1 view .LVU913
 2587 0008 7047     		bx	lr
 2588              		.cfi_endproc
 2589              	.LFE43:
 2591              		.section	.text.VL53L1_decode_zone_limits,"ax",%progbits
 2592              		.align	1
 2593              		.global	VL53L1_decode_zone_limits
 2594              		.syntax unified
 2595              		.thumb
 2596              		.thumb_func
 2598              	VL53L1_decode_zone_limits:
 2599              	.LVL241:
 2600              	.LFB44:
1506:Core/Src/vl53l1_core.c **** 
1507:Core/Src/vl53l1_core.c **** 
1508:Core/Src/vl53l1_core.c **** void VL53L1_decode_zone_limits(
ARM GAS  C:\Users\Lenovo\AppData\Local\Temp\cc9EJylw.s 			page 75


1509:Core/Src/vl53l1_core.c **** 	uint8_t   encoded_xy_centre,
1510:Core/Src/vl53l1_core.c **** 	uint8_t   encoded_xy_size,
1511:Core/Src/vl53l1_core.c **** 	int16_t  *px_ll,
1512:Core/Src/vl53l1_core.c **** 	int16_t  *py_ll,
1513:Core/Src/vl53l1_core.c **** 	int16_t  *px_ur,
1514:Core/Src/vl53l1_core.c **** 	int16_t  *py_ur)
1515:Core/Src/vl53l1_core.c **** {
 2601              		.loc 1 1515 1 is_stmt 1 view -0
 2602              		.cfi_startproc
 2603              		@ args = 8, pretend = 0, frame = 8
 2604              		@ frame_needed = 0, uses_anonymous_args = 0
 2605              		.loc 1 1515 1 is_stmt 0 view .LVU915
 2606 0000 2DE9F041 		push	{r4, r5, r6, r7, r8, lr}
 2607              	.LCFI16:
 2608              		.cfi_def_cfa_offset 24
 2609              		.cfi_offset 4, -24
 2610              		.cfi_offset 5, -20
 2611              		.cfi_offset 6, -16
 2612              		.cfi_offset 7, -12
 2613              		.cfi_offset 8, -8
 2614              		.cfi_offset 14, -4
 2615 0004 82B0     		sub	sp, sp, #8
 2616              	.LCFI17:
 2617              		.cfi_def_cfa_offset 32
 2618 0006 8846     		mov	r8, r1
 2619 0008 1646     		mov	r6, r2
 2620 000a 1C46     		mov	r4, r3
 2621 000c 089F     		ldr	r7, [sp, #32]
 2622 000e 099D     		ldr	r5, [sp, #36]
1516:Core/Src/vl53l1_core.c **** 
1517:Core/Src/vl53l1_core.c **** 	/*
1518:Core/Src/vl53l1_core.c **** 	 * compute zone lower left and upper right limits
1519:Core/Src/vl53l1_core.c **** 	 *
1520:Core/Src/vl53l1_core.c **** 	 * centre (8,8) width = 16, height = 16  -> (0,0) -> (15,15)
1521:Core/Src/vl53l1_core.c ****      * centre (8,8) width = 14, height = 16  -> (1,0) -> (14,15)
1522:Core/Src/vl53l1_core.c **** 	 */
1523:Core/Src/vl53l1_core.c **** 
1524:Core/Src/vl53l1_core.c **** 	uint8_t x_centre = 0;
 2623              		.loc 1 1524 2 is_stmt 1 view .LVU916
 2624              		.loc 1 1524 10 is_stmt 0 view .LVU917
 2625 0010 0023     		movs	r3, #0
 2626              	.LVL242:
 2627              		.loc 1 1524 10 view .LVU918
 2628 0012 8DF80730 		strb	r3, [sp, #7]
1525:Core/Src/vl53l1_core.c **** 	uint8_t y_centre = 0;
 2629              		.loc 1 1525 2 is_stmt 1 view .LVU919
 2630              		.loc 1 1525 10 is_stmt 0 view .LVU920
 2631 0016 8DF80630 		strb	r3, [sp, #6]
1526:Core/Src/vl53l1_core.c **** 	uint8_t width    = 0;
 2632              		.loc 1 1526 2 is_stmt 1 view .LVU921
 2633              		.loc 1 1526 10 is_stmt 0 view .LVU922
 2634 001a 8DF80530 		strb	r3, [sp, #5]
1527:Core/Src/vl53l1_core.c **** 	uint8_t height   = 0;
 2635              		.loc 1 1527 2 is_stmt 1 view .LVU923
 2636              		.loc 1 1527 10 is_stmt 0 view .LVU924
 2637 001e 8DF80430 		strb	r3, [sp, #4]
1528:Core/Src/vl53l1_core.c **** 
ARM GAS  C:\Users\Lenovo\AppData\Local\Temp\cc9EJylw.s 			page 76


1529:Core/Src/vl53l1_core.c **** 	/* decode zone centre and size information */
1530:Core/Src/vl53l1_core.c **** 
1531:Core/Src/vl53l1_core.c **** 	VL53L1_decode_row_col(
 2638              		.loc 1 1531 2 is_stmt 1 view .LVU925
 2639 0022 0DF10702 		add	r2, sp, #7
 2640              	.LVL243:
 2641              		.loc 1 1531 2 is_stmt 0 view .LVU926
 2642 0026 0DF10601 		add	r1, sp, #6
 2643              	.LVL244:
 2644              		.loc 1 1531 2 view .LVU927
 2645 002a FFF7FEFF 		bl	VL53L1_decode_row_col
 2646              	.LVL245:
1532:Core/Src/vl53l1_core.c **** 		encoded_xy_centre,
1533:Core/Src/vl53l1_core.c **** 		&y_centre,
1534:Core/Src/vl53l1_core.c **** 		&x_centre);
1535:Core/Src/vl53l1_core.c **** 
1536:Core/Src/vl53l1_core.c **** 	VL53L1_decode_zone_size(
 2647              		.loc 1 1536 2 is_stmt 1 view .LVU928
 2648 002e 01AA     		add	r2, sp, #4
 2649 0030 0DF10501 		add	r1, sp, #5
 2650 0034 4046     		mov	r0, r8
 2651 0036 FFF7FEFF 		bl	VL53L1_decode_zone_size
 2652              	.LVL246:
1537:Core/Src/vl53l1_core.c **** 		encoded_xy_size,
1538:Core/Src/vl53l1_core.c **** 		&width,
1539:Core/Src/vl53l1_core.c **** 		&height);
1540:Core/Src/vl53l1_core.c **** 
1541:Core/Src/vl53l1_core.c **** 	/* compute bounds and clip */
1542:Core/Src/vl53l1_core.c **** 
1543:Core/Src/vl53l1_core.c **** 	*px_ll = (int16_t)x_centre - ((int16_t)width + 1) / 2;
 2653              		.loc 1 1543 2 view .LVU929
 2654              		.loc 1 1543 32 is_stmt 0 view .LVU930
 2655 003a 9DF80530 		ldrb	r3, [sp, #5]	@ zero_extendqisi2
 2656              		.loc 1 1543 52 view .LVU931
 2657 003e 5A1C     		adds	r2, r3, #1
 2658              		.loc 1 1543 29 view .LVU932
 2659 0040 9DF80730 		ldrb	r3, [sp, #7]	@ zero_extendqisi2
 2660 0044 A3EB6203 		sub	r3, r3, r2, asr #1
 2661              		.loc 1 1543 9 view .LVU933
 2662 0048 3380     		strh	r3, [r6]	@ movhi
1544:Core/Src/vl53l1_core.c **** 	if (*px_ll < 0)
 2663              		.loc 1 1544 2 is_stmt 1 view .LVU934
 2664              		.loc 1 1544 5 is_stmt 0 view .LVU935
 2665 004a 002B     		cmp	r3, #0
 2666 004c 20DB     		blt	.L148
 2667              	.L143:
1545:Core/Src/vl53l1_core.c **** 		*px_ll = 0;
1546:Core/Src/vl53l1_core.c **** 
1547:Core/Src/vl53l1_core.c **** 	*px_ur = *px_ll + (int16_t)width;
 2668              		.loc 1 1547 2 is_stmt 1 view .LVU936
 2669              		.loc 1 1547 11 is_stmt 0 view .LVU937
 2670 004e 3288     		ldrh	r2, [r6]
 2671              		.loc 1 1547 18 view .LVU938
 2672 0050 9DF80530 		ldrb	r3, [sp, #5]	@ zero_extendqisi2
 2673 0054 1A44     		add	r2, r2, r3
 2674 0056 12B2     		sxth	r2, r2
 2675              		.loc 1 1547 9 view .LVU939
ARM GAS  C:\Users\Lenovo\AppData\Local\Temp\cc9EJylw.s 			page 77


 2676 0058 3A80     		strh	r2, [r7]	@ movhi
1548:Core/Src/vl53l1_core.c **** 	if (*px_ur > (VL53L1_SPAD_ARRAY_WIDTH-1))
 2677              		.loc 1 1548 2 is_stmt 1 view .LVU940
 2678              		.loc 1 1548 5 is_stmt 0 view .LVU941
 2679 005a 0F2A     		cmp	r2, #15
 2680 005c 01DD     		ble	.L144
1549:Core/Src/vl53l1_core.c **** 		*px_ur = VL53L1_SPAD_ARRAY_WIDTH-1;
 2681              		.loc 1 1549 3 is_stmt 1 view .LVU942
 2682              		.loc 1 1549 10 is_stmt 0 view .LVU943
 2683 005e 0F23     		movs	r3, #15
 2684 0060 3B80     		strh	r3, [r7]	@ movhi
 2685              	.L144:
1550:Core/Src/vl53l1_core.c **** 
1551:Core/Src/vl53l1_core.c **** 	*py_ll = (int16_t)y_centre - ((int16_t)height + 1) / 2;
 2686              		.loc 1 1551 2 is_stmt 1 view .LVU944
 2687              		.loc 1 1551 32 is_stmt 0 view .LVU945
 2688 0062 9DF80430 		ldrb	r3, [sp, #4]	@ zero_extendqisi2
 2689              		.loc 1 1551 53 view .LVU946
 2690 0066 5A1C     		adds	r2, r3, #1
 2691              		.loc 1 1551 29 view .LVU947
 2692 0068 9DF80630 		ldrb	r3, [sp, #6]	@ zero_extendqisi2
 2693 006c A3EB6203 		sub	r3, r3, r2, asr #1
 2694              		.loc 1 1551 9 view .LVU948
 2695 0070 2380     		strh	r3, [r4]	@ movhi
1552:Core/Src/vl53l1_core.c **** 	if (*py_ll < 0)
 2696              		.loc 1 1552 2 is_stmt 1 view .LVU949
 2697              		.loc 1 1552 5 is_stmt 0 view .LVU950
 2698 0072 002B     		cmp	r3, #0
 2699 0074 0FDB     		blt	.L149
 2700              	.L145:
1553:Core/Src/vl53l1_core.c **** 		*py_ll = 0;
1554:Core/Src/vl53l1_core.c **** 
1555:Core/Src/vl53l1_core.c **** 	*py_ur = *py_ll + (int16_t)height;
 2701              		.loc 1 1555 2 is_stmt 1 view .LVU951
 2702              		.loc 1 1555 11 is_stmt 0 view .LVU952
 2703 0076 2388     		ldrh	r3, [r4]
 2704              		.loc 1 1555 18 view .LVU953
 2705 0078 9DF80420 		ldrb	r2, [sp, #4]	@ zero_extendqisi2
 2706 007c 1344     		add	r3, r3, r2
 2707 007e 1BB2     		sxth	r3, r3
 2708              		.loc 1 1555 9 view .LVU954
 2709 0080 2B80     		strh	r3, [r5]	@ movhi
1556:Core/Src/vl53l1_core.c **** 	if (*py_ur > (VL53L1_SPAD_ARRAY_HEIGHT-1))
 2710              		.loc 1 1556 2 is_stmt 1 view .LVU955
 2711              		.loc 1 1556 5 is_stmt 0 view .LVU956
 2712 0082 0F2B     		cmp	r3, #15
 2713 0084 01DD     		ble	.L142
1557:Core/Src/vl53l1_core.c **** 		*py_ur = VL53L1_SPAD_ARRAY_HEIGHT-1;
 2714              		.loc 1 1557 3 is_stmt 1 view .LVU957
 2715              		.loc 1 1557 10 is_stmt 0 view .LVU958
 2716 0086 0F23     		movs	r3, #15
 2717 0088 2B80     		strh	r3, [r5]	@ movhi
 2718              	.L142:
1558:Core/Src/vl53l1_core.c **** }
 2719              		.loc 1 1558 1 view .LVU959
 2720 008a 02B0     		add	sp, sp, #8
 2721              	.LCFI18:
ARM GAS  C:\Users\Lenovo\AppData\Local\Temp\cc9EJylw.s 			page 78


 2722              		.cfi_remember_state
 2723              		.cfi_def_cfa_offset 24
 2724              		@ sp needed
 2725 008c BDE8F081 		pop	{r4, r5, r6, r7, r8, pc}
 2726              	.LVL247:
 2727              	.L148:
 2728              	.LCFI19:
 2729              		.cfi_restore_state
1545:Core/Src/vl53l1_core.c **** 
 2730              		.loc 1 1545 3 is_stmt 1 view .LVU960
1545:Core/Src/vl53l1_core.c **** 
 2731              		.loc 1 1545 10 is_stmt 0 view .LVU961
 2732 0090 0023     		movs	r3, #0
 2733 0092 3380     		strh	r3, [r6]	@ movhi
 2734 0094 DBE7     		b	.L143
 2735              	.L149:
1553:Core/Src/vl53l1_core.c **** 
 2736              		.loc 1 1553 3 is_stmt 1 view .LVU962
1553:Core/Src/vl53l1_core.c **** 
 2737              		.loc 1 1553 10 is_stmt 0 view .LVU963
 2738 0096 0023     		movs	r3, #0
 2739 0098 2380     		strh	r3, [r4]	@ movhi
 2740 009a ECE7     		b	.L145
 2741              		.cfi_endproc
 2742              	.LFE44:
 2744              		.section	.text.VL53L1_is_aperture_location,"ax",%progbits
 2745              		.align	1
 2746              		.global	VL53L1_is_aperture_location
 2747              		.syntax unified
 2748              		.thumb
 2749              		.thumb_func
 2751              	VL53L1_is_aperture_location:
 2752              	.LVL248:
 2753              	.LFB45:
1559:Core/Src/vl53l1_core.c **** 
1560:Core/Src/vl53l1_core.c **** 
1561:Core/Src/vl53l1_core.c **** uint8_t VL53L1_is_aperture_location(
1562:Core/Src/vl53l1_core.c **** 	uint8_t row,
1563:Core/Src/vl53l1_core.c **** 	uint8_t col)
1564:Core/Src/vl53l1_core.c **** {
 2754              		.loc 1 1564 1 is_stmt 1 view -0
 2755              		.cfi_startproc
 2756              		@ args = 0, pretend = 0, frame = 0
 2757              		@ frame_needed = 0, uses_anonymous_args = 0
 2758              		@ link register save eliminated.
1565:Core/Src/vl53l1_core.c **** 	/*
1566:Core/Src/vl53l1_core.c **** 	 * Returns > 0 if input (row,col) location  is an aperture
1567:Core/Src/vl53l1_core.c **** 	 */
1568:Core/Src/vl53l1_core.c **** 
1569:Core/Src/vl53l1_core.c **** 	uint8_t is_aperture = 0;
 2759              		.loc 1 1569 2 view .LVU965
1570:Core/Src/vl53l1_core.c **** 	uint8_t mod_row     = row % 4;
 2760              		.loc 1 1570 2 view .LVU966
1571:Core/Src/vl53l1_core.c **** 	uint8_t mod_col     = col % 4;
 2761              		.loc 1 1571 2 view .LVU967
 2762              		.loc 1 1571 10 is_stmt 0 view .LVU968
 2763 0000 01F00301 		and	r1, r1, #3
ARM GAS  C:\Users\Lenovo\AppData\Local\Temp\cc9EJylw.s 			page 79


 2764              	.LVL249:
1572:Core/Src/vl53l1_core.c **** 
1573:Core/Src/vl53l1_core.c **** 	if (mod_row == 0 && mod_col == 2)
 2765              		.loc 1 1573 2 is_stmt 1 view .LVU969
 2766              		.loc 1 1573 5 is_stmt 0 view .LVU970
 2767 0004 10F00303 		ands	r3, r0, #3
 2768 0008 03D1     		bne	.L153
 2769              		.loc 1 1573 19 discriminator 1 view .LVU971
 2770 000a 0229     		cmp	r1, #2
 2771 000c 05D0     		beq	.L154
1569:Core/Src/vl53l1_core.c **** 	uint8_t mod_row     = row % 4;
 2772              		.loc 1 1569 10 view .LVU972
 2773 000e 1846     		mov	r0, r3
 2774              	.LVL250:
1569:Core/Src/vl53l1_core.c **** 	uint8_t mod_row     = row % 4;
 2775              		.loc 1 1569 10 view .LVU973
 2776 0010 00E0     		b	.L151
 2777              	.LVL251:
 2778              	.L153:
1569:Core/Src/vl53l1_core.c **** 	uint8_t mod_row     = row % 4;
 2779              		.loc 1 1569 10 view .LVU974
 2780 0012 0020     		movs	r0, #0
 2781              	.LVL252:
 2782              	.L151:
1574:Core/Src/vl53l1_core.c **** 		is_aperture = 1;
1575:Core/Src/vl53l1_core.c **** 
1576:Core/Src/vl53l1_core.c **** 	if (mod_row == 2 && mod_col == 0)
 2783              		.loc 1 1576 2 is_stmt 1 view .LVU975
 2784              		.loc 1 1576 5 is_stmt 0 view .LVU976
 2785 0014 022B     		cmp	r3, #2
 2786 0016 02D0     		beq	.L156
 2787              	.LVL253:
 2788              	.L152:
1577:Core/Src/vl53l1_core.c **** 		is_aperture = 1;
1578:Core/Src/vl53l1_core.c **** 
1579:Core/Src/vl53l1_core.c **** 	return is_aperture;
 2789              		.loc 1 1579 2 is_stmt 1 view .LVU977
1580:Core/Src/vl53l1_core.c **** }
 2790              		.loc 1 1580 1 is_stmt 0 view .LVU978
 2791 0018 7047     		bx	lr
 2792              	.LVL254:
 2793              	.L154:
1574:Core/Src/vl53l1_core.c **** 		is_aperture = 1;
 2794              		.loc 1 1574 15 view .LVU979
 2795 001a 0120     		movs	r0, #1
 2796              	.LVL255:
1574:Core/Src/vl53l1_core.c **** 		is_aperture = 1;
 2797              		.loc 1 1574 15 view .LVU980
 2798 001c FAE7     		b	.L151
 2799              	.LVL256:
 2800              	.L156:
1576:Core/Src/vl53l1_core.c **** 		is_aperture = 1;
 2801              		.loc 1 1576 19 discriminator 1 view .LVU981
 2802 001e 0029     		cmp	r1, #0
 2803 0020 FAD1     		bne	.L152
1577:Core/Src/vl53l1_core.c **** 		is_aperture = 1;
 2804              		.loc 1 1577 15 view .LVU982
ARM GAS  C:\Users\Lenovo\AppData\Local\Temp\cc9EJylw.s 			page 80


 2805 0022 0120     		movs	r0, #1
 2806              	.LVL257:
1577:Core/Src/vl53l1_core.c **** 		is_aperture = 1;
 2807              		.loc 1 1577 15 view .LVU983
 2808 0024 F8E7     		b	.L152
 2809              		.cfi_endproc
 2810              	.LFE45:
 2812              		.section	.text.VL53L1_calc_mm_effective_spads,"ax",%progbits
 2813              		.align	1
 2814              		.global	VL53L1_calc_mm_effective_spads
 2815              		.syntax unified
 2816              		.thumb
 2817              		.thumb_func
 2819              	VL53L1_calc_mm_effective_spads:
 2820              	.LVL258:
 2821              	.LFB46:
1581:Core/Src/vl53l1_core.c **** 
1582:Core/Src/vl53l1_core.c **** 
1583:Core/Src/vl53l1_core.c **** void VL53L1_calc_mm_effective_spads(
1584:Core/Src/vl53l1_core.c **** 	uint8_t     encoded_mm_roi_centre,
1585:Core/Src/vl53l1_core.c **** 	uint8_t     encoded_mm_roi_size,
1586:Core/Src/vl53l1_core.c **** 	uint8_t     encoded_zone_centre,
1587:Core/Src/vl53l1_core.c **** 	uint8_t     encoded_zone_size,
1588:Core/Src/vl53l1_core.c **** 	uint8_t    *pgood_spads,
1589:Core/Src/vl53l1_core.c **** 	uint16_t    aperture_attenuation,
1590:Core/Src/vl53l1_core.c **** 	uint16_t   *pmm_inner_effective_spads,
1591:Core/Src/vl53l1_core.c **** 	uint16_t   *pmm_outer_effective_spads)
1592:Core/Src/vl53l1_core.c **** {
 2822              		.loc 1 1592 1 is_stmt 1 view -0
 2823              		.cfi_startproc
 2824              		@ args = 16, pretend = 0, frame = 24
 2825              		@ frame_needed = 0, uses_anonymous_args = 0
 2826              		.loc 1 1592 1 is_stmt 0 view .LVU985
 2827 0000 2DE9F04F 		push	{r4, r5, r6, r7, r8, r9, r10, fp, lr}
 2828              	.LCFI20:
 2829              		.cfi_def_cfa_offset 36
 2830              		.cfi_offset 4, -36
 2831              		.cfi_offset 5, -32
 2832              		.cfi_offset 6, -28
 2833              		.cfi_offset 7, -24
 2834              		.cfi_offset 8, -20
 2835              		.cfi_offset 9, -16
 2836              		.cfi_offset 10, -12
 2837              		.cfi_offset 11, -8
 2838              		.cfi_offset 14, -4
 2839 0004 89B0     		sub	sp, sp, #36
 2840              	.LCFI21:
 2841              		.cfi_def_cfa_offset 72
 2842 0006 1546     		mov	r5, r2
 2843 0008 1E46     		mov	r6, r3
 2844 000a DDF84880 		ldr	r8, [sp, #72]
 2845 000e BDF84CA0 		ldrh	r10, [sp, #76]
 2846 0012 DDF850B0 		ldr	fp, [sp, #80]
 2847 0016 DDF85490 		ldr	r9, [sp, #84]
1593:Core/Src/vl53l1_core.c **** 
1594:Core/Src/vl53l1_core.c **** 	/* Calculates the effective SPAD counts for the MM inner and outer
1595:Core/Src/vl53l1_core.c **** 	 * regions based on the input MM ROI, Zone info and return good
ARM GAS  C:\Users\Lenovo\AppData\Local\Temp\cc9EJylw.s 			page 81


1596:Core/Src/vl53l1_core.c **** 	 * SPAD map
1597:Core/Src/vl53l1_core.c **** 	 */
1598:Core/Src/vl53l1_core.c **** 
1599:Core/Src/vl53l1_core.c **** 	int16_t   x         = 0;
 2848              		.loc 1 1599 2 is_stmt 1 view .LVU986
 2849              	.LVL259:
1600:Core/Src/vl53l1_core.c **** 	int16_t   y         = 0;
 2850              		.loc 1 1600 2 view .LVU987
1601:Core/Src/vl53l1_core.c **** 
1602:Core/Src/vl53l1_core.c **** 	int16_t   mm_x_ll   = 0;
 2851              		.loc 1 1602 2 view .LVU988
 2852              		.loc 1 1602 12 is_stmt 0 view .LVU989
 2853 001a 0024     		movs	r4, #0
 2854 001c ADF81E40 		strh	r4, [sp, #30]	@ movhi
1603:Core/Src/vl53l1_core.c **** 	int16_t   mm_y_ll   = 0;
 2855              		.loc 1 1603 2 is_stmt 1 view .LVU990
 2856              		.loc 1 1603 12 is_stmt 0 view .LVU991
 2857 0020 ADF81C40 		strh	r4, [sp, #28]	@ movhi
1604:Core/Src/vl53l1_core.c **** 	int16_t   mm_x_ur   = 0;
 2858              		.loc 1 1604 2 is_stmt 1 view .LVU992
 2859              		.loc 1 1604 12 is_stmt 0 view .LVU993
 2860 0024 ADF81A40 		strh	r4, [sp, #26]	@ movhi
1605:Core/Src/vl53l1_core.c **** 	int16_t   mm_y_ur   = 0;
 2861              		.loc 1 1605 2 is_stmt 1 view .LVU994
 2862              		.loc 1 1605 12 is_stmt 0 view .LVU995
 2863 0028 ADF81840 		strh	r4, [sp, #24]	@ movhi
1606:Core/Src/vl53l1_core.c **** 
1607:Core/Src/vl53l1_core.c **** 	int16_t   zone_x_ll = 0;
 2864              		.loc 1 1607 2 is_stmt 1 view .LVU996
 2865              		.loc 1 1607 12 is_stmt 0 view .LVU997
 2866 002c ADF81640 		strh	r4, [sp, #22]	@ movhi
1608:Core/Src/vl53l1_core.c **** 	int16_t   zone_y_ll = 0;
 2867              		.loc 1 1608 2 is_stmt 1 view .LVU998
 2868              		.loc 1 1608 12 is_stmt 0 view .LVU999
 2869 0030 ADF81440 		strh	r4, [sp, #20]	@ movhi
1609:Core/Src/vl53l1_core.c **** 	int16_t   zone_x_ur = 0;
 2870              		.loc 1 1609 2 is_stmt 1 view .LVU1000
 2871              		.loc 1 1609 12 is_stmt 0 view .LVU1001
 2872 0034 ADF81240 		strh	r4, [sp, #18]	@ movhi
1610:Core/Src/vl53l1_core.c **** 	int16_t   zone_y_ur = 0;
 2873              		.loc 1 1610 2 is_stmt 1 view .LVU1002
 2874              		.loc 1 1610 12 is_stmt 0 view .LVU1003
 2875 0038 ADF81040 		strh	r4, [sp, #16]	@ movhi
1611:Core/Src/vl53l1_core.c **** 
1612:Core/Src/vl53l1_core.c **** 	uint8_t   spad_number = 0;
 2876              		.loc 1 1612 2 is_stmt 1 view .LVU1004
 2877              		.loc 1 1612 12 is_stmt 0 view .LVU1005
 2878 003c 8DF80F40 		strb	r4, [sp, #15]
1613:Core/Src/vl53l1_core.c **** 	uint8_t   byte_index  = 0;
 2879              		.loc 1 1613 2 is_stmt 1 view .LVU1006
 2880              		.loc 1 1613 12 is_stmt 0 view .LVU1007
 2881 0040 8DF80E40 		strb	r4, [sp, #14]
1614:Core/Src/vl53l1_core.c **** 	uint8_t   bit_index   = 0;
 2882              		.loc 1 1614 2 is_stmt 1 view .LVU1008
 2883              		.loc 1 1614 12 is_stmt 0 view .LVU1009
 2884 0044 8DF80D40 		strb	r4, [sp, #13]
1615:Core/Src/vl53l1_core.c **** 	uint8_t   bit_mask    = 0;
ARM GAS  C:\Users\Lenovo\AppData\Local\Temp\cc9EJylw.s 			page 82


 2885              		.loc 1 1615 2 is_stmt 1 view .LVU1010
 2886              		.loc 1 1615 12 is_stmt 0 view .LVU1011
 2887 0048 8DF80C40 		strb	r4, [sp, #12]
1616:Core/Src/vl53l1_core.c **** 
1617:Core/Src/vl53l1_core.c **** 	uint8_t   is_aperture = 0;
 2888              		.loc 1 1617 2 is_stmt 1 view .LVU1012
 2889              	.LVL260:
1618:Core/Src/vl53l1_core.c **** 	uint16_t  spad_attenuation = 0;
 2890              		.loc 1 1618 2 view .LVU1013
1619:Core/Src/vl53l1_core.c **** 
1620:Core/Src/vl53l1_core.c **** 	/* decode the MM ROI and Zone limits */
1621:Core/Src/vl53l1_core.c **** 
1622:Core/Src/vl53l1_core.c **** 	VL53L1_decode_zone_limits(
 2891              		.loc 1 1622 2 view .LVU1014
 2892 004c 06AB     		add	r3, sp, #24
 2893              	.LVL261:
 2894              		.loc 1 1622 2 is_stmt 0 view .LVU1015
 2895 004e 0193     		str	r3, [sp, #4]
 2896 0050 0DF11A03 		add	r3, sp, #26
 2897 0054 0093     		str	r3, [sp]
 2898 0056 07AB     		add	r3, sp, #28
 2899 0058 0DF11E02 		add	r2, sp, #30
 2900              	.LVL262:
 2901              		.loc 1 1622 2 view .LVU1016
 2902 005c FFF7FEFF 		bl	VL53L1_decode_zone_limits
 2903              	.LVL263:
1623:Core/Src/vl53l1_core.c **** 		encoded_mm_roi_centre,
1624:Core/Src/vl53l1_core.c **** 		encoded_mm_roi_size,
1625:Core/Src/vl53l1_core.c **** 		&mm_x_ll,
1626:Core/Src/vl53l1_core.c **** 		&mm_y_ll,
1627:Core/Src/vl53l1_core.c **** 		&mm_x_ur,
1628:Core/Src/vl53l1_core.c **** 		&mm_y_ur);
1629:Core/Src/vl53l1_core.c **** 
1630:Core/Src/vl53l1_core.c **** 	VL53L1_decode_zone_limits(
 2904              		.loc 1 1630 2 is_stmt 1 view .LVU1017
 2905 0060 04AB     		add	r3, sp, #16
 2906 0062 0193     		str	r3, [sp, #4]
 2907 0064 0DF11203 		add	r3, sp, #18
 2908 0068 0093     		str	r3, [sp]
 2909 006a 05AB     		add	r3, sp, #20
 2910 006c 0DF11602 		add	r2, sp, #22
 2911 0070 3146     		mov	r1, r6
 2912 0072 2846     		mov	r0, r5
 2913 0074 FFF7FEFF 		bl	VL53L1_decode_zone_limits
 2914              	.LVL264:
1631:Core/Src/vl53l1_core.c **** 		encoded_zone_centre,
1632:Core/Src/vl53l1_core.c **** 		encoded_zone_size,
1633:Core/Src/vl53l1_core.c **** 		&zone_x_ll,
1634:Core/Src/vl53l1_core.c **** 		&zone_y_ll,
1635:Core/Src/vl53l1_core.c **** 		&zone_x_ur,
1636:Core/Src/vl53l1_core.c **** 		&zone_y_ur);
1637:Core/Src/vl53l1_core.c **** 
1638:Core/Src/vl53l1_core.c **** 	/*
1639:Core/Src/vl53l1_core.c **** 	 * Loop though all SPAD within the zone. Check if it is
1640:Core/Src/vl53l1_core.c **** 	 * a good SPAD then add the  transmission value to either
1641:Core/Src/vl53l1_core.c **** 	 * the inner or outer effective SPAD count dependent if
1642:Core/Src/vl53l1_core.c **** 	 * the SPAD lies within the MM ROI.
ARM GAS  C:\Users\Lenovo\AppData\Local\Temp\cc9EJylw.s 			page 83


1643:Core/Src/vl53l1_core.c **** 	 */
1644:Core/Src/vl53l1_core.c **** 
1645:Core/Src/vl53l1_core.c **** 	*pmm_inner_effective_spads = 0;
 2915              		.loc 1 1645 2 view .LVU1018
 2916              		.loc 1 1645 29 is_stmt 0 view .LVU1019
 2917 0078 ABF80040 		strh	r4, [fp]	@ movhi
1646:Core/Src/vl53l1_core.c **** 	*pmm_outer_effective_spads = 0;
 2918              		.loc 1 1646 2 is_stmt 1 view .LVU1020
 2919              		.loc 1 1646 29 is_stmt 0 view .LVU1021
 2920 007c A9F80040 		strh	r4, [r9]	@ movhi
1647:Core/Src/vl53l1_core.c **** 
1648:Core/Src/vl53l1_core.c **** 	for (y = zone_y_ll ; y <= zone_y_ur ; y++) {
 2921              		.loc 1 1648 2 is_stmt 1 view .LVU1022
 2922              		.loc 1 1648 9 is_stmt 0 view .LVU1023
 2923 0080 BDF91470 		ldrsh	r7, [sp, #20]
 2924              	.LVL265:
 2925              		.loc 1 1648 2 view .LVU1024
 2926 0084 45E0     		b	.L158
 2927              	.LVL266:
 2928              	.L165:
1649:Core/Src/vl53l1_core.c **** 		for (x = zone_x_ll ; x <= zone_x_ur ; x++) {
1650:Core/Src/vl53l1_core.c **** 
1651:Core/Src/vl53l1_core.c **** 			/* Convert location into SPAD number */
1652:Core/Src/vl53l1_core.c **** 
1653:Core/Src/vl53l1_core.c **** 			VL53L1_encode_row_col(
1654:Core/Src/vl53l1_core.c **** 				(uint8_t)y,
1655:Core/Src/vl53l1_core.c **** 				(uint8_t)x,
1656:Core/Src/vl53l1_core.c **** 				&spad_number);
1657:Core/Src/vl53l1_core.c **** 
1658:Core/Src/vl53l1_core.c **** 			/* Convert spad number into byte and bit index
1659:Core/Src/vl53l1_core.c **** 			 * this is required to look up the appropriate
1660:Core/Src/vl53l1_core.c **** 			 * SPAD enable bit with the 32-byte good SPAD
1661:Core/Src/vl53l1_core.c **** 			 * enable buffer
1662:Core/Src/vl53l1_core.c **** 			 */
1663:Core/Src/vl53l1_core.c **** 
1664:Core/Src/vl53l1_core.c **** 			VL53L1_spad_number_to_byte_bit_index(
1665:Core/Src/vl53l1_core.c **** 				spad_number,
1666:Core/Src/vl53l1_core.c **** 				&byte_index,
1667:Core/Src/vl53l1_core.c **** 				&bit_index,
1668:Core/Src/vl53l1_core.c **** 				&bit_mask);
1669:Core/Src/vl53l1_core.c **** 
1670:Core/Src/vl53l1_core.c **** 			/* If spad is good then add it */
1671:Core/Src/vl53l1_core.c **** 
1672:Core/Src/vl53l1_core.c **** 			if ((pgood_spads[byte_index] & bit_mask) > 0) {
1673:Core/Src/vl53l1_core.c **** 				/* determine if apertured SPAD or not */
1674:Core/Src/vl53l1_core.c **** 
1675:Core/Src/vl53l1_core.c **** 				is_aperture = VL53L1_is_aperture_location(
1676:Core/Src/vl53l1_core.c **** 					(uint8_t)y,
1677:Core/Src/vl53l1_core.c **** 					(uint8_t)x);
1678:Core/Src/vl53l1_core.c **** 
1679:Core/Src/vl53l1_core.c **** 				if (is_aperture > 0)
1680:Core/Src/vl53l1_core.c **** 					spad_attenuation = aperture_attenuation;
1681:Core/Src/vl53l1_core.c **** 				else
1682:Core/Src/vl53l1_core.c **** 					spad_attenuation = 0x0100;
 2929              		.loc 1 1682 23 view .LVU1025
 2930 0086 4FF48073 		mov	r3, #256
 2931 008a 2AE0     		b	.L161
ARM GAS  C:\Users\Lenovo\AppData\Local\Temp\cc9EJylw.s 			page 84


 2932              	.LVL267:
 2933              	.L162:
1683:Core/Src/vl53l1_core.c **** 
1684:Core/Src/vl53l1_core.c **** 				/*
1685:Core/Src/vl53l1_core.c **** 				 * if inside MM roi add to inner effective SPAD count
1686:Core/Src/vl53l1_core.c **** 				 * otherwise add to outer effective SPAD Count
1687:Core/Src/vl53l1_core.c **** 				 */
1688:Core/Src/vl53l1_core.c **** 
1689:Core/Src/vl53l1_core.c **** 				if (x >= mm_x_ll && x <= mm_x_ur &&
1690:Core/Src/vl53l1_core.c **** 					y >= mm_y_ll && y <= mm_y_ur)
1691:Core/Src/vl53l1_core.c **** 					*pmm_inner_effective_spads +=
1692:Core/Src/vl53l1_core.c **** 						spad_attenuation;
1693:Core/Src/vl53l1_core.c **** 				else
1694:Core/Src/vl53l1_core.c **** 					*pmm_outer_effective_spads +=
 2934              		.loc 1 1694 6 is_stmt 1 view .LVU1026
 2935              		.loc 1 1694 33 is_stmt 0 view .LVU1027
 2936 008c B9F80020 		ldrh	r2, [r9]
 2937 0090 1344     		add	r3, r3, r2
 2938              	.LVL268:
 2939              		.loc 1 1694 33 view .LVU1028
 2940 0092 A9F80030 		strh	r3, [r9]	@ movhi
 2941              	.LVL269:
 2942              	.L160:
1649:Core/Src/vl53l1_core.c **** 		for (x = zone_x_ll ; x <= zone_x_ur ; x++) {
 2943              		.loc 1 1649 41 is_stmt 1 discriminator 2 view .LVU1029
1649:Core/Src/vl53l1_core.c **** 		for (x = zone_x_ll ; x <= zone_x_ur ; x++) {
 2944              		.loc 1 1649 42 is_stmt 0 discriminator 2 view .LVU1030
 2945 0096 0134     		adds	r4, r4, #1
 2946              	.LVL270:
1649:Core/Src/vl53l1_core.c **** 		for (x = zone_x_ll ; x <= zone_x_ur ; x++) {
 2947              		.loc 1 1649 42 discriminator 2 view .LVU1031
 2948 0098 24B2     		sxth	r4, r4
 2949              	.LVL271:
 2950              	.L159:
1649:Core/Src/vl53l1_core.c **** 		for (x = zone_x_ll ; x <= zone_x_ur ; x++) {
 2951              		.loc 1 1649 24 is_stmt 1 discriminator 1 view .LVU1032
1649:Core/Src/vl53l1_core.c **** 		for (x = zone_x_ll ; x <= zone_x_ur ; x++) {
 2952              		.loc 1 1649 26 is_stmt 0 discriminator 1 view .LVU1033
 2953 009a BDF91230 		ldrsh	r3, [sp, #18]
1649:Core/Src/vl53l1_core.c **** 		for (x = zone_x_ll ; x <= zone_x_ur ; x++) {
 2954              		.loc 1 1649 3 discriminator 1 view .LVU1034
 2955 009e A342     		cmp	r3, r4
 2956 00a0 35DB     		blt	.L167
1653:Core/Src/vl53l1_core.c **** 				(uint8_t)y,
 2957              		.loc 1 1653 4 is_stmt 1 view .LVU1035
 2958 00a2 FDB2     		uxtb	r5, r7
 2959 00a4 E6B2     		uxtb	r6, r4
 2960 00a6 0DF10F02 		add	r2, sp, #15
 2961 00aa 3146     		mov	r1, r6
 2962 00ac 2846     		mov	r0, r5
 2963 00ae FFF7FEFF 		bl	VL53L1_encode_row_col
 2964              	.LVL272:
1664:Core/Src/vl53l1_core.c **** 				spad_number,
 2965              		.loc 1 1664 4 view .LVU1036
 2966 00b2 03AB     		add	r3, sp, #12
 2967 00b4 0DF10D02 		add	r2, sp, #13
 2968 00b8 0DF10E01 		add	r1, sp, #14
ARM GAS  C:\Users\Lenovo\AppData\Local\Temp\cc9EJylw.s 			page 85


 2969 00bc 9DF80F00 		ldrb	r0, [sp, #15]	@ zero_extendqisi2
 2970 00c0 FFF7FEFF 		bl	VL53L1_spad_number_to_byte_bit_index
 2971              	.LVL273:
1672:Core/Src/vl53l1_core.c **** 				/* determine if apertured SPAD or not */
 2972              		.loc 1 1672 4 view .LVU1037
1672:Core/Src/vl53l1_core.c **** 				/* determine if apertured SPAD or not */
 2973              		.loc 1 1672 20 is_stmt 0 view .LVU1038
 2974 00c4 9DF80E30 		ldrb	r3, [sp, #14]	@ zero_extendqisi2
 2975 00c8 18F80320 		ldrb	r2, [r8, r3]	@ zero_extendqisi2
1672:Core/Src/vl53l1_core.c **** 				/* determine if apertured SPAD or not */
 2976              		.loc 1 1672 45 view .LVU1039
 2977 00cc 9DF80C30 		ldrb	r3, [sp, #12]	@ zero_extendqisi2
1672:Core/Src/vl53l1_core.c **** 				/* determine if apertured SPAD or not */
 2978              		.loc 1 1672 7 view .LVU1040
 2979 00d0 1A42     		tst	r2, r3
 2980 00d2 E0D0     		beq	.L160
1675:Core/Src/vl53l1_core.c **** 					(uint8_t)y,
 2981              		.loc 1 1675 5 is_stmt 1 view .LVU1041
1675:Core/Src/vl53l1_core.c **** 					(uint8_t)y,
 2982              		.loc 1 1675 19 is_stmt 0 view .LVU1042
 2983 00d4 3146     		mov	r1, r6
 2984 00d6 2846     		mov	r0, r5
 2985 00d8 FFF7FEFF 		bl	VL53L1_is_aperture_location
 2986              	.LVL274:
1679:Core/Src/vl53l1_core.c **** 					spad_attenuation = aperture_attenuation;
 2987              		.loc 1 1679 5 is_stmt 1 view .LVU1043
1679:Core/Src/vl53l1_core.c **** 					spad_attenuation = aperture_attenuation;
 2988              		.loc 1 1679 8 is_stmt 0 view .LVU1044
 2989 00dc 0028     		cmp	r0, #0
 2990 00de D2D0     		beq	.L165
1680:Core/Src/vl53l1_core.c **** 				else
 2991              		.loc 1 1680 23 view .LVU1045
 2992 00e0 5346     		mov	r3, r10
 2993              	.L161:
 2994              	.LVL275:
1689:Core/Src/vl53l1_core.c **** 					y >= mm_y_ll && y <= mm_y_ur)
 2995              		.loc 1 1689 5 is_stmt 1 view .LVU1046
1689:Core/Src/vl53l1_core.c **** 					y >= mm_y_ll && y <= mm_y_ur)
 2996              		.loc 1 1689 11 is_stmt 0 view .LVU1047
 2997 00e2 BDF91E20 		ldrsh	r2, [sp, #30]
1689:Core/Src/vl53l1_core.c **** 					y >= mm_y_ll && y <= mm_y_ur)
 2998              		.loc 1 1689 8 view .LVU1048
 2999 00e6 A242     		cmp	r2, r4
 3000 00e8 D0DC     		bgt	.L162
1689:Core/Src/vl53l1_core.c **** 					y >= mm_y_ll && y <= mm_y_ur)
 3001              		.loc 1 1689 27 discriminator 1 view .LVU1049
 3002 00ea BDF91A20 		ldrsh	r2, [sp, #26]
1689:Core/Src/vl53l1_core.c **** 					y >= mm_y_ll && y <= mm_y_ur)
 3003              		.loc 1 1689 22 discriminator 1 view .LVU1050
 3004 00ee A242     		cmp	r2, r4
 3005 00f0 CCDB     		blt	.L162
1690:Core/Src/vl53l1_core.c **** 					*pmm_inner_effective_spads +=
 3006              		.loc 1 1690 8 discriminator 2 view .LVU1051
 3007 00f2 BDF91C20 		ldrsh	r2, [sp, #28]
1689:Core/Src/vl53l1_core.c **** 					y >= mm_y_ll && y <= mm_y_ur)
 3008              		.loc 1 1689 38 discriminator 2 view .LVU1052
 3009 00f6 BA42     		cmp	r2, r7
ARM GAS  C:\Users\Lenovo\AppData\Local\Temp\cc9EJylw.s 			page 86


 3010 00f8 C8DC     		bgt	.L162
1690:Core/Src/vl53l1_core.c **** 					*pmm_inner_effective_spads +=
 3011              		.loc 1 1690 24 view .LVU1053
 3012 00fa BDF91820 		ldrsh	r2, [sp, #24]
1690:Core/Src/vl53l1_core.c **** 					*pmm_inner_effective_spads +=
 3013              		.loc 1 1690 19 view .LVU1054
 3014 00fe BA42     		cmp	r2, r7
 3015 0100 C4DB     		blt	.L162
1691:Core/Src/vl53l1_core.c **** 						spad_attenuation;
 3016              		.loc 1 1691 6 is_stmt 1 view .LVU1055
1691:Core/Src/vl53l1_core.c **** 						spad_attenuation;
 3017              		.loc 1 1691 33 is_stmt 0 view .LVU1056
 3018 0102 BBF80020 		ldrh	r2, [fp]
 3019 0106 1344     		add	r3, r3, r2
 3020              	.LVL276:
1691:Core/Src/vl53l1_core.c **** 						spad_attenuation;
 3021              		.loc 1 1691 33 view .LVU1057
 3022 0108 ABF80030 		strh	r3, [fp]	@ movhi
 3023 010c C3E7     		b	.L160
 3024              	.LVL277:
 3025              	.L167:
1648:Core/Src/vl53l1_core.c **** 		for (x = zone_x_ll ; x <= zone_x_ur ; x++) {
 3026              		.loc 1 1648 40 is_stmt 1 discriminator 2 view .LVU1058
1648:Core/Src/vl53l1_core.c **** 		for (x = zone_x_ll ; x <= zone_x_ur ; x++) {
 3027              		.loc 1 1648 41 is_stmt 0 discriminator 2 view .LVU1059
 3028 010e 0137     		adds	r7, r7, #1
 3029              	.LVL278:
1648:Core/Src/vl53l1_core.c **** 		for (x = zone_x_ll ; x <= zone_x_ur ; x++) {
 3030              		.loc 1 1648 41 discriminator 2 view .LVU1060
 3031 0110 3FB2     		sxth	r7, r7
 3032              	.LVL279:
 3033              	.L158:
1648:Core/Src/vl53l1_core.c **** 		for (x = zone_x_ll ; x <= zone_x_ur ; x++) {
 3034              		.loc 1 1648 23 is_stmt 1 discriminator 1 view .LVU1061
1648:Core/Src/vl53l1_core.c **** 		for (x = zone_x_ll ; x <= zone_x_ur ; x++) {
 3035              		.loc 1 1648 25 is_stmt 0 discriminator 1 view .LVU1062
 3036 0112 BDF91030 		ldrsh	r3, [sp, #16]
1648:Core/Src/vl53l1_core.c **** 		for (x = zone_x_ll ; x <= zone_x_ur ; x++) {
 3037              		.loc 1 1648 2 discriminator 1 view .LVU1063
 3038 0116 BB42     		cmp	r3, r7
 3039 0118 02DB     		blt	.L168
1649:Core/Src/vl53l1_core.c **** 
 3040              		.loc 1 1649 3 is_stmt 1 view .LVU1064
1649:Core/Src/vl53l1_core.c **** 
 3041              		.loc 1 1649 10 is_stmt 0 view .LVU1065
 3042 011a BDF91640 		ldrsh	r4, [sp, #22]
 3043              	.LVL280:
1649:Core/Src/vl53l1_core.c **** 
 3044              		.loc 1 1649 3 view .LVU1066
 3045 011e BCE7     		b	.L159
 3046              	.LVL281:
 3047              	.L168:
1695:Core/Src/vl53l1_core.c **** 						spad_attenuation;
1696:Core/Src/vl53l1_core.c **** 			}
1697:Core/Src/vl53l1_core.c **** 		}
1698:Core/Src/vl53l1_core.c **** 	}
1699:Core/Src/vl53l1_core.c **** }
ARM GAS  C:\Users\Lenovo\AppData\Local\Temp\cc9EJylw.s 			page 87


 3048              		.loc 1 1699 1 view .LVU1067
 3049 0120 09B0     		add	sp, sp, #36
 3050              	.LCFI22:
 3051              		.cfi_def_cfa_offset 36
 3052              		@ sp needed
 3053 0122 BDE8F08F 		pop	{r4, r5, r6, r7, r8, r9, r10, fp, pc}
 3054              		.loc 1 1699 1 view .LVU1068
 3055              		.cfi_endproc
 3056              	.LFE46:
 3058              		.section	.text.VL53L1_encode_GPIO_interrupt_config,"ax",%progbits
 3059              		.align	1
 3060              		.global	VL53L1_encode_GPIO_interrupt_config
 3061              		.syntax unified
 3062              		.thumb
 3063              		.thumb_func
 3065              	VL53L1_encode_GPIO_interrupt_config:
 3066              	.LVL282:
 3067              	.LFB47:
1700:Core/Src/vl53l1_core.c **** 
1701:Core/Src/vl53l1_core.c **** 
1702:Core/Src/vl53l1_core.c **** /*
1703:Core/Src/vl53l1_core.c ****  * Encodes VL53L1_GPIO_interrupt_config_t structure to FW register format
1704:Core/Src/vl53l1_core.c ****  */
1705:Core/Src/vl53l1_core.c **** 
1706:Core/Src/vl53l1_core.c **** uint8_t	VL53L1_encode_GPIO_interrupt_config(
1707:Core/Src/vl53l1_core.c **** 	VL53L1_GPIO_interrupt_config_t	*pintconf)
1708:Core/Src/vl53l1_core.c **** {
 3068              		.loc 1 1708 1 is_stmt 1 view -0
 3069              		.cfi_startproc
 3070              		@ args = 0, pretend = 0, frame = 0
 3071              		@ frame_needed = 0, uses_anonymous_args = 0
 3072              		@ link register save eliminated.
1709:Core/Src/vl53l1_core.c **** 	uint8_t system__interrupt_config;
 3073              		.loc 1 1709 2 view .LVU1070
1710:Core/Src/vl53l1_core.c **** 
1711:Core/Src/vl53l1_core.c **** 	system__interrupt_config = pintconf->intr_mode_distance;
 3074              		.loc 1 1711 2 view .LVU1071
 3075              		.loc 1 1711 27 is_stmt 0 view .LVU1072
 3076 0000 0378     		ldrb	r3, [r0]	@ zero_extendqisi2
 3077              	.LVL283:
1712:Core/Src/vl53l1_core.c **** 	system__interrupt_config |= ((pintconf->intr_mode_rate) << 2);
 3078              		.loc 1 1712 2 is_stmt 1 view .LVU1073
 3079              		.loc 1 1712 40 is_stmt 0 view .LVU1074
 3080 0002 4278     		ldrb	r2, [r0, #1]	@ zero_extendqisi2
 3081              		.loc 1 1712 27 view .LVU1075
 3082 0004 43EA8203 		orr	r3, r3, r2, lsl #2
 3083              	.LVL284:
 3084              		.loc 1 1712 27 view .LVU1076
 3085 0008 5BB2     		sxtb	r3, r3
 3086              	.LVL285:
1713:Core/Src/vl53l1_core.c **** 	system__interrupt_config |= ((pintconf->intr_new_measure_ready) << 5);
 3087              		.loc 1 1713 2 is_stmt 1 view .LVU1077
 3088              		.loc 1 1713 40 is_stmt 0 view .LVU1078
 3089 000a 8278     		ldrb	r2, [r0, #2]	@ zero_extendqisi2
 3090              		.loc 1 1713 27 view .LVU1079
 3091 000c 43EA4213 		orr	r3, r3, r2, lsl #5
 3092              	.LVL286:
ARM GAS  C:\Users\Lenovo\AppData\Local\Temp\cc9EJylw.s 			page 88


 3093              		.loc 1 1713 27 view .LVU1080
 3094 0010 5BB2     		sxtb	r3, r3
 3095              	.LVL287:
1714:Core/Src/vl53l1_core.c **** 	system__interrupt_config |= ((pintconf->intr_no_target) << 6);
 3096              		.loc 1 1714 2 is_stmt 1 view .LVU1081
 3097              		.loc 1 1714 40 is_stmt 0 view .LVU1082
 3098 0012 C278     		ldrb	r2, [r0, #3]	@ zero_extendqisi2
 3099              		.loc 1 1714 27 view .LVU1083
 3100 0014 43EA8213 		orr	r3, r3, r2, lsl #6
 3101              	.LVL288:
 3102              		.loc 1 1714 27 view .LVU1084
 3103 0018 5BB2     		sxtb	r3, r3
 3104              	.LVL289:
1715:Core/Src/vl53l1_core.c **** 	system__interrupt_config |= ((pintconf->intr_combined_mode) << 7);
 3105              		.loc 1 1715 2 is_stmt 1 view .LVU1085
 3106              		.loc 1 1715 40 is_stmt 0 view .LVU1086
 3107 001a 0079     		ldrb	r0, [r0, #4]	@ zero_extendqisi2
 3108              	.LVL290:
 3109              		.loc 1 1715 27 view .LVU1087
 3110 001c 43EAC010 		orr	r0, r3, r0, lsl #7
 3111              	.LVL291:
1716:Core/Src/vl53l1_core.c **** 
1717:Core/Src/vl53l1_core.c **** 	return system__interrupt_config;
 3112              		.loc 1 1717 2 is_stmt 1 view .LVU1088
1718:Core/Src/vl53l1_core.c **** }
 3113              		.loc 1 1718 1 is_stmt 0 view .LVU1089
 3114 0020 C0B2     		uxtb	r0, r0
 3115              		.loc 1 1718 1 view .LVU1090
 3116 0022 7047     		bx	lr
 3117              		.cfi_endproc
 3118              	.LFE47:
 3120              		.section	.text.VL53L1_decode_GPIO_interrupt_config,"ax",%progbits
 3121              		.align	1
 3122              		.global	VL53L1_decode_GPIO_interrupt_config
 3123              		.syntax unified
 3124              		.thumb
 3125              		.thumb_func
 3127              	VL53L1_decode_GPIO_interrupt_config:
 3128              	.LVL292:
 3129              	.LFB48:
1719:Core/Src/vl53l1_core.c **** 
1720:Core/Src/vl53l1_core.c **** /*
1721:Core/Src/vl53l1_core.c ****  * Decodes FW register to VL53L1_GPIO_interrupt_config_t structure
1722:Core/Src/vl53l1_core.c ****  */
1723:Core/Src/vl53l1_core.c **** 
1724:Core/Src/vl53l1_core.c **** VL53L1_GPIO_interrupt_config_t VL53L1_decode_GPIO_interrupt_config(
1725:Core/Src/vl53l1_core.c **** 	uint8_t		system__interrupt_config)
1726:Core/Src/vl53l1_core.c **** {
 3130              		.loc 1 1726 1 is_stmt 1 view -0
 3131              		.cfi_startproc
 3132              		@ args = 0, pretend = 0, frame = 0
 3133              		@ frame_needed = 0, uses_anonymous_args = 0
 3134              		@ link register save eliminated.
1727:Core/Src/vl53l1_core.c **** 	VL53L1_GPIO_interrupt_config_t	intconf;
 3135              		.loc 1 1727 2 view .LVU1092
1728:Core/Src/vl53l1_core.c **** 
1729:Core/Src/vl53l1_core.c **** 	intconf.intr_mode_distance = system__interrupt_config & 0x03;
ARM GAS  C:\Users\Lenovo\AppData\Local\Temp\cc9EJylw.s 			page 89


 3136              		.loc 1 1729 2 view .LVU1093
 3137              		.loc 1 1729 56 is_stmt 0 view .LVU1094
 3138 0000 01F00302 		and	r2, r1, #3
 3139              		.loc 1 1729 29 view .LVU1095
 3140 0004 0270     		strb	r2, [r0]
1730:Core/Src/vl53l1_core.c **** 	intconf.intr_mode_rate = (system__interrupt_config >> 2) & 0x03;
 3141              		.loc 1 1730 2 is_stmt 1 view .LVU1096
 3142              		.loc 1 1730 59 is_stmt 0 view .LVU1097
 3143 0006 C1F38102 		ubfx	r2, r1, #2, #2
 3144              		.loc 1 1730 25 view .LVU1098
 3145 000a 4270     		strb	r2, [r0, #1]
1731:Core/Src/vl53l1_core.c **** 	intconf.intr_new_measure_ready = (system__interrupt_config >> 5) & 0x01;
 3146              		.loc 1 1731 2 is_stmt 1 view .LVU1099
 3147              		.loc 1 1731 67 is_stmt 0 view .LVU1100
 3148 000c C1F34012 		ubfx	r2, r1, #5, #1
 3149              		.loc 1 1731 33 view .LVU1101
 3150 0010 8270     		strb	r2, [r0, #2]
1732:Core/Src/vl53l1_core.c **** 	intconf.intr_no_target = (system__interrupt_config >> 6) & 0x01;
 3151              		.loc 1 1732 2 is_stmt 1 view .LVU1102
 3152              		.loc 1 1732 59 is_stmt 0 view .LVU1103
 3153 0012 C1F38012 		ubfx	r2, r1, #6, #1
 3154              		.loc 1 1732 25 view .LVU1104
 3155 0016 C270     		strb	r2, [r0, #3]
1733:Core/Src/vl53l1_core.c **** 	intconf.intr_combined_mode = (system__interrupt_config >> 7) & 0x01;
 3156              		.loc 1 1733 2 is_stmt 1 view .LVU1105
 3157              		.loc 1 1733 29 is_stmt 0 view .LVU1106
 3158 0018 C909     		lsrs	r1, r1, #7
 3159              	.LVL293:
 3160              		.loc 1 1733 29 view .LVU1107
 3161 001a 0171     		strb	r1, [r0, #4]
1734:Core/Src/vl53l1_core.c **** 
1735:Core/Src/vl53l1_core.c **** 	/* set some default values */
1736:Core/Src/vl53l1_core.c **** 	intconf.threshold_rate_low = 0;
 3162              		.loc 1 1736 2 is_stmt 1 view .LVU1108
 3163              		.loc 1 1736 29 is_stmt 0 view .LVU1109
 3164 001c 0022     		movs	r2, #0
 3165 001e 8281     		strh	r2, [r0, #12]	@ movhi
1737:Core/Src/vl53l1_core.c **** 	intconf.threshold_rate_high = 0;
 3166              		.loc 1 1737 2 is_stmt 1 view .LVU1110
 3167              		.loc 1 1737 30 is_stmt 0 view .LVU1111
 3168 0020 4281     		strh	r2, [r0, #10]	@ movhi
1738:Core/Src/vl53l1_core.c **** 	intconf.threshold_distance_low = 0;
 3169              		.loc 1 1738 2 is_stmt 1 view .LVU1112
 3170              		.loc 1 1738 33 is_stmt 0 view .LVU1113
 3171 0022 0281     		strh	r2, [r0, #8]	@ movhi
1739:Core/Src/vl53l1_core.c **** 	intconf.threshold_distance_high = 0;
 3172              		.loc 1 1739 2 is_stmt 1 view .LVU1114
 3173              		.loc 1 1739 34 is_stmt 0 view .LVU1115
 3174 0024 C280     		strh	r2, [r0, #6]	@ movhi
1740:Core/Src/vl53l1_core.c **** 
1741:Core/Src/vl53l1_core.c **** 	return intconf;
 3175              		.loc 1 1741 2 is_stmt 1 view .LVU1116
1742:Core/Src/vl53l1_core.c **** }
 3176              		.loc 1 1742 1 is_stmt 0 view .LVU1117
 3177 0026 7047     		bx	lr
 3178              		.cfi_endproc
 3179              	.LFE48:
ARM GAS  C:\Users\Lenovo\AppData\Local\Temp\cc9EJylw.s 			page 90


 3181              		.section	.text.VL53L1_set_GPIO_distance_threshold,"ax",%progbits
 3182              		.align	1
 3183              		.global	VL53L1_set_GPIO_distance_threshold
 3184              		.syntax unified
 3185              		.thumb
 3186              		.thumb_func
 3188              	VL53L1_set_GPIO_distance_threshold:
 3189              	.LVL294:
 3190              	.LFB49:
1743:Core/Src/vl53l1_core.c **** 
1744:Core/Src/vl53l1_core.c **** /*
1745:Core/Src/vl53l1_core.c ****  * Set GPIO distance threshold
1746:Core/Src/vl53l1_core.c ****  */
1747:Core/Src/vl53l1_core.c **** 
1748:Core/Src/vl53l1_core.c **** VL53L1_Error VL53L1_set_GPIO_distance_threshold(
1749:Core/Src/vl53l1_core.c **** 	VL53L1_DEV                      Dev,
1750:Core/Src/vl53l1_core.c **** 	uint16_t			threshold_high,
1751:Core/Src/vl53l1_core.c **** 	uint16_t			threshold_low)
1752:Core/Src/vl53l1_core.c **** {
 3191              		.loc 1 1752 1 is_stmt 1 view -0
 3192              		.cfi_startproc
 3193              		@ args = 0, pretend = 0, frame = 0
 3194              		@ frame_needed = 0, uses_anonymous_args = 0
 3195              		@ link register save eliminated.
1753:Core/Src/vl53l1_core.c **** 	VL53L1_Error  status = VL53L1_ERROR_NONE;
 3196              		.loc 1 1753 2 view .LVU1119
1754:Core/Src/vl53l1_core.c **** 
1755:Core/Src/vl53l1_core.c **** 	VL53L1_LLDriverData_t *pdev = VL53L1DevStructGetLLDriverHandle(Dev);
 3197              		.loc 1 1755 2 view .LVU1120
1756:Core/Src/vl53l1_core.c **** 
1757:Core/Src/vl53l1_core.c **** 	LOG_FUNCTION_START("");
 3198              		.loc 1 1757 24 view .LVU1121
1758:Core/Src/vl53l1_core.c **** 
1759:Core/Src/vl53l1_core.c **** 	pdev->dyn_cfg.system__thresh_high = threshold_high;
 3199              		.loc 1 1759 2 view .LVU1122
 3200              		.loc 1 1759 36 is_stmt 0 view .LVU1123
 3201 0000 A0F8B611 		strh	r1, [r0, #438]	@ movhi
1760:Core/Src/vl53l1_core.c **** 	pdev->dyn_cfg.system__thresh_low = threshold_low;
 3202              		.loc 1 1760 2 is_stmt 1 view .LVU1124
 3203              		.loc 1 1760 35 is_stmt 0 view .LVU1125
 3204 0004 A0F8B821 		strh	r2, [r0, #440]	@ movhi
1761:Core/Src/vl53l1_core.c **** 
1762:Core/Src/vl53l1_core.c **** 	LOG_FUNCTION_END(status);
 3205              		.loc 1 1762 26 is_stmt 1 view .LVU1126
1763:Core/Src/vl53l1_core.c **** 	return status;
 3206              		.loc 1 1763 2 view .LVU1127
1764:Core/Src/vl53l1_core.c **** }
 3207              		.loc 1 1764 1 is_stmt 0 view .LVU1128
 3208 0008 0020     		movs	r0, #0
 3209              	.LVL295:
 3210              		.loc 1 1764 1 view .LVU1129
 3211 000a 7047     		bx	lr
 3212              		.cfi_endproc
 3213              	.LFE49:
 3215              		.section	.text.VL53L1_set_GPIO_rate_threshold,"ax",%progbits
 3216              		.align	1
 3217              		.global	VL53L1_set_GPIO_rate_threshold
ARM GAS  C:\Users\Lenovo\AppData\Local\Temp\cc9EJylw.s 			page 91


 3218              		.syntax unified
 3219              		.thumb
 3220              		.thumb_func
 3222              	VL53L1_set_GPIO_rate_threshold:
 3223              	.LVL296:
 3224              	.LFB50:
1765:Core/Src/vl53l1_core.c **** 
1766:Core/Src/vl53l1_core.c **** /*
1767:Core/Src/vl53l1_core.c ****  * Set GPIO rate threshold
1768:Core/Src/vl53l1_core.c ****  */
1769:Core/Src/vl53l1_core.c **** 
1770:Core/Src/vl53l1_core.c **** VL53L1_Error VL53L1_set_GPIO_rate_threshold(
1771:Core/Src/vl53l1_core.c **** 	VL53L1_DEV                      Dev,
1772:Core/Src/vl53l1_core.c **** 	uint16_t			threshold_high,
1773:Core/Src/vl53l1_core.c **** 	uint16_t			threshold_low)
1774:Core/Src/vl53l1_core.c **** {
 3225              		.loc 1 1774 1 is_stmt 1 view -0
 3226              		.cfi_startproc
 3227              		@ args = 0, pretend = 0, frame = 0
 3228              		@ frame_needed = 0, uses_anonymous_args = 0
 3229              		@ link register save eliminated.
1775:Core/Src/vl53l1_core.c **** 	VL53L1_Error  status = VL53L1_ERROR_NONE;
 3230              		.loc 1 1775 2 view .LVU1131
1776:Core/Src/vl53l1_core.c **** 
1777:Core/Src/vl53l1_core.c **** 	VL53L1_LLDriverData_t *pdev = VL53L1DevStructGetLLDriverHandle(Dev);
 3231              		.loc 1 1777 2 view .LVU1132
1778:Core/Src/vl53l1_core.c **** 
1779:Core/Src/vl53l1_core.c **** 	LOG_FUNCTION_START("");
 3232              		.loc 1 1779 24 view .LVU1133
1780:Core/Src/vl53l1_core.c **** 
1781:Core/Src/vl53l1_core.c **** 	pdev->gen_cfg.system__thresh_rate_high = threshold_high;
 3233              		.loc 1 1781 2 view .LVU1134
 3234              		.loc 1 1781 41 is_stmt 0 view .LVU1135
 3235 0000 A0F89011 		strh	r1, [r0, #400]	@ movhi
1782:Core/Src/vl53l1_core.c **** 	pdev->gen_cfg.system__thresh_rate_low = threshold_low;
 3236              		.loc 1 1782 2 is_stmt 1 view .LVU1136
 3237              		.loc 1 1782 40 is_stmt 0 view .LVU1137
 3238 0004 A0F89221 		strh	r2, [r0, #402]	@ movhi
1783:Core/Src/vl53l1_core.c **** 
1784:Core/Src/vl53l1_core.c **** 	LOG_FUNCTION_END(status);
 3239              		.loc 1 1784 26 is_stmt 1 view .LVU1138
1785:Core/Src/vl53l1_core.c **** 	return status;
 3240              		.loc 1 1785 2 view .LVU1139
1786:Core/Src/vl53l1_core.c **** }
 3241              		.loc 1 1786 1 is_stmt 0 view .LVU1140
 3242 0008 0020     		movs	r0, #0
 3243              	.LVL297:
 3244              		.loc 1 1786 1 view .LVU1141
 3245 000a 7047     		bx	lr
 3246              		.cfi_endproc
 3247              	.LFE50:
 3249              		.section	.text.VL53L1_set_GPIO_thresholds_from_struct,"ax",%progbits
 3250              		.align	1
 3251              		.global	VL53L1_set_GPIO_thresholds_from_struct
 3252              		.syntax unified
 3253              		.thumb
 3254              		.thumb_func
ARM GAS  C:\Users\Lenovo\AppData\Local\Temp\cc9EJylw.s 			page 92


 3256              	VL53L1_set_GPIO_thresholds_from_struct:
 3257              	.LVL298:
 3258              	.LFB51:
1787:Core/Src/vl53l1_core.c **** 
1788:Core/Src/vl53l1_core.c **** /*
1789:Core/Src/vl53l1_core.c ****  * Set GPIO thresholds from structure
1790:Core/Src/vl53l1_core.c ****  */
1791:Core/Src/vl53l1_core.c **** 
1792:Core/Src/vl53l1_core.c **** VL53L1_Error VL53L1_set_GPIO_thresholds_from_struct(
1793:Core/Src/vl53l1_core.c **** 	VL53L1_DEV                      Dev,
1794:Core/Src/vl53l1_core.c **** 	VL53L1_GPIO_interrupt_config_t *pintconf)
1795:Core/Src/vl53l1_core.c **** {
 3259              		.loc 1 1795 1 is_stmt 1 view -0
 3260              		.cfi_startproc
 3261              		@ args = 0, pretend = 0, frame = 0
 3262              		@ frame_needed = 0, uses_anonymous_args = 0
 3263              		.loc 1 1795 1 is_stmt 0 view .LVU1143
 3264 0000 38B5     		push	{r3, r4, r5, lr}
 3265              	.LCFI23:
 3266              		.cfi_def_cfa_offset 16
 3267              		.cfi_offset 3, -16
 3268              		.cfi_offset 4, -12
 3269              		.cfi_offset 5, -8
 3270              		.cfi_offset 14, -4
 3271 0002 0546     		mov	r5, r0
 3272 0004 0C46     		mov	r4, r1
1796:Core/Src/vl53l1_core.c **** 	VL53L1_Error  status = VL53L1_ERROR_NONE;
 3273              		.loc 1 1796 2 is_stmt 1 view .LVU1144
 3274              	.LVL299:
1797:Core/Src/vl53l1_core.c **** 
1798:Core/Src/vl53l1_core.c **** 	LOG_FUNCTION_START("");
 3275              		.loc 1 1798 24 view .LVU1145
1799:Core/Src/vl53l1_core.c **** 
1800:Core/Src/vl53l1_core.c **** 	status = VL53L1_set_GPIO_distance_threshold(
 3276              		.loc 1 1800 2 view .LVU1146
 3277              		.loc 1 1800 11 is_stmt 0 view .LVU1147
 3278 0006 0A89     		ldrh	r2, [r1, #8]
 3279 0008 C988     		ldrh	r1, [r1, #6]
 3280              	.LVL300:
 3281              		.loc 1 1800 11 view .LVU1148
 3282 000a FFF7FEFF 		bl	VL53L1_set_GPIO_distance_threshold
 3283              	.LVL301:
1801:Core/Src/vl53l1_core.c **** 			Dev,
1802:Core/Src/vl53l1_core.c **** 			pintconf->threshold_distance_high,
1803:Core/Src/vl53l1_core.c **** 			pintconf->threshold_distance_low);
1804:Core/Src/vl53l1_core.c **** 
1805:Core/Src/vl53l1_core.c **** 	if (status == VL53L1_ERROR_NONE) {
 3284              		.loc 1 1805 2 is_stmt 1 view .LVU1149
 3285              		.loc 1 1805 5 is_stmt 0 view .LVU1150
 3286 000e 00B1     		cbz	r0, .L176
 3287              	.L174:
 3288              	.LVL302:
1806:Core/Src/vl53l1_core.c **** 		status =
1807:Core/Src/vl53l1_core.c **** 			VL53L1_set_GPIO_rate_threshold(
1808:Core/Src/vl53l1_core.c **** 				Dev,
1809:Core/Src/vl53l1_core.c **** 				pintconf->threshold_rate_high,
1810:Core/Src/vl53l1_core.c **** 				pintconf->threshold_rate_low);
ARM GAS  C:\Users\Lenovo\AppData\Local\Temp\cc9EJylw.s 			page 93


1811:Core/Src/vl53l1_core.c **** 	}
1812:Core/Src/vl53l1_core.c **** 
1813:Core/Src/vl53l1_core.c **** 	LOG_FUNCTION_END(status);
 3289              		.loc 1 1813 26 is_stmt 1 view .LVU1151
1814:Core/Src/vl53l1_core.c **** 	return status;
 3290              		.loc 1 1814 2 view .LVU1152
1815:Core/Src/vl53l1_core.c **** }
 3291              		.loc 1 1815 1 is_stmt 0 view .LVU1153
 3292 0010 38BD     		pop	{r3, r4, r5, pc}
 3293              	.LVL303:
 3294              	.L176:
1806:Core/Src/vl53l1_core.c **** 		status =
 3295              		.loc 1 1806 3 is_stmt 1 view .LVU1154
1807:Core/Src/vl53l1_core.c **** 				Dev,
 3296              		.loc 1 1807 4 is_stmt 0 view .LVU1155
 3297 0012 A289     		ldrh	r2, [r4, #12]
 3298 0014 6189     		ldrh	r1, [r4, #10]
 3299 0016 2846     		mov	r0, r5
 3300 0018 FFF7FEFF 		bl	VL53L1_set_GPIO_rate_threshold
 3301              	.LVL304:
1807:Core/Src/vl53l1_core.c **** 				Dev,
 3302              		.loc 1 1807 4 view .LVU1156
 3303 001c F8E7     		b	.L174
 3304              		.cfi_endproc
 3305              	.LFE51:
 3307              		.section	.text.VL53L1_set_ref_spad_char_config,"ax",%progbits
 3308              		.align	1
 3309              		.global	VL53L1_set_ref_spad_char_config
 3310              		.syntax unified
 3311              		.thumb
 3312              		.thumb_func
 3314              	VL53L1_set_ref_spad_char_config:
 3315              	.LVL305:
 3316              	.LFB52:
1816:Core/Src/vl53l1_core.c **** 
1817:Core/Src/vl53l1_core.c **** 
1818:Core/Src/vl53l1_core.c **** #ifndef VL53L1_NOCALIB
1819:Core/Src/vl53l1_core.c **** VL53L1_Error VL53L1_set_ref_spad_char_config(
1820:Core/Src/vl53l1_core.c **** 	VL53L1_DEV    Dev,
1821:Core/Src/vl53l1_core.c **** 	uint8_t       vcsel_period_a,
1822:Core/Src/vl53l1_core.c **** 	uint32_t      phasecal_timeout_us,
1823:Core/Src/vl53l1_core.c **** 	uint16_t      total_rate_target_mcps,
1824:Core/Src/vl53l1_core.c **** 	uint16_t      max_count_rate_rtn_limit_mcps,
1825:Core/Src/vl53l1_core.c **** 	uint16_t      min_count_rate_rtn_limit_mcps,
1826:Core/Src/vl53l1_core.c **** 	uint16_t      fast_osc_frequency)
1827:Core/Src/vl53l1_core.c **** {
 3317              		.loc 1 1827 1 is_stmt 1 view -0
 3318              		.cfi_startproc
 3319              		@ args = 12, pretend = 0, frame = 8
 3320              		@ frame_needed = 0, uses_anonymous_args = 0
 3321              		.loc 1 1827 1 is_stmt 0 view .LVU1158
 3322 0000 F0B5     		push	{r4, r5, r6, r7, lr}
 3323              	.LCFI24:
 3324              		.cfi_def_cfa_offset 20
 3325              		.cfi_offset 4, -20
 3326              		.cfi_offset 5, -16
 3327              		.cfi_offset 6, -12
ARM GAS  C:\Users\Lenovo\AppData\Local\Temp\cc9EJylw.s 			page 94


 3328              		.cfi_offset 7, -8
 3329              		.cfi_offset 14, -4
 3330 0002 83B0     		sub	sp, sp, #12
 3331              	.LCFI25:
 3332              		.cfi_def_cfa_offset 32
 3333 0004 0446     		mov	r4, r0
 3334 0006 0E46     		mov	r6, r1
 3335 0008 1746     		mov	r7, r2
 3336 000a 1D46     		mov	r5, r3
1828:Core/Src/vl53l1_core.c **** 	/*
1829:Core/Src/vl53l1_core.c **** 	 * Initialises the VCSEL period A and phasecal timeout registers
1830:Core/Src/vl53l1_core.c **** 	 * for the Reference SPAD Characterisation test
1831:Core/Src/vl53l1_core.c **** 	 */
1832:Core/Src/vl53l1_core.c **** 
1833:Core/Src/vl53l1_core.c **** 	VL53L1_Error status = VL53L1_ERROR_NONE;
 3337              		.loc 1 1833 2 is_stmt 1 view .LVU1159
 3338              	.LVL306:
1834:Core/Src/vl53l1_core.c **** 	VL53L1_LLDriverData_t *pdev = VL53L1DevStructGetLLDriverHandle(Dev);
 3339              		.loc 1 1834 2 view .LVU1160
1835:Core/Src/vl53l1_core.c **** 
1836:Core/Src/vl53l1_core.c **** 	uint8_t buffer[2];
 3340              		.loc 1 1836 2 view .LVU1161
1837:Core/Src/vl53l1_core.c **** 
1838:Core/Src/vl53l1_core.c **** 	uint32_t macro_period_us = 0;
 3341              		.loc 1 1838 2 view .LVU1162
1839:Core/Src/vl53l1_core.c **** 	uint32_t timeout_mclks   = 0;
 3342              		.loc 1 1839 2 view .LVU1163
1840:Core/Src/vl53l1_core.c **** 
1841:Core/Src/vl53l1_core.c **** 	LOG_FUNCTION_START("");
 3343              		.loc 1 1841 24 view .LVU1164
1842:Core/Src/vl53l1_core.c **** 
1843:Core/Src/vl53l1_core.c **** 	/*
1844:Core/Src/vl53l1_core.c **** 	 * Update Macro Period for Range A VCSEL Period
1845:Core/Src/vl53l1_core.c **** 	 */
1846:Core/Src/vl53l1_core.c **** 	macro_period_us =
 3344              		.loc 1 1846 2 view .LVU1165
1847:Core/Src/vl53l1_core.c **** 		VL53L1_calc_macro_period_us(
 3345              		.loc 1 1847 3 is_stmt 0 view .LVU1166
 3346 000c BDF82800 		ldrh	r0, [sp, #40]
 3347              	.LVL307:
 3348              		.loc 1 1847 3 view .LVU1167
 3349 0010 FFF7FEFF 		bl	VL53L1_calc_macro_period_us
 3350              	.LVL308:
1848:Core/Src/vl53l1_core.c **** 			fast_osc_frequency,
1849:Core/Src/vl53l1_core.c **** 			vcsel_period_a);
1850:Core/Src/vl53l1_core.c **** 
1851:Core/Src/vl53l1_core.c **** 	/*
1852:Core/Src/vl53l1_core.c **** 	 *  Calculate PhaseCal timeout and clip to max of 255 macro periods
1853:Core/Src/vl53l1_core.c **** 	 */
1854:Core/Src/vl53l1_core.c **** 
1855:Core/Src/vl53l1_core.c **** 	timeout_mclks = phasecal_timeout_us << 12;
 3351              		.loc 1 1855 2 is_stmt 1 view .LVU1168
1856:Core/Src/vl53l1_core.c **** 	timeout_mclks = timeout_mclks + (macro_period_us>>1);
 3352              		.loc 1 1856 2 view .LVU1169
 3353              		.loc 1 1856 50 is_stmt 0 view .LVU1170
 3354 0014 4FEA500C 		lsr	ip, r0, #1
 3355              		.loc 1 1856 16 view .LVU1171
ARM GAS  C:\Users\Lenovo\AppData\Local\Temp\cc9EJylw.s 			page 95


 3356 0018 0CEB073C 		add	ip, ip, r7, lsl #12
 3357              	.LVL309:
1857:Core/Src/vl53l1_core.c **** 	timeout_mclks = timeout_mclks / macro_period_us;
 3358              		.loc 1 1857 2 is_stmt 1 view .LVU1172
 3359              		.loc 1 1857 16 is_stmt 0 view .LVU1173
 3360 001c BCFBF0F0 		udiv	r0, ip, r0
 3361              	.LVL310:
1858:Core/Src/vl53l1_core.c **** 
1859:Core/Src/vl53l1_core.c **** 	if (timeout_mclks > 0xFF)
 3362              		.loc 1 1859 2 is_stmt 1 view .LVU1174
 3363              		.loc 1 1859 5 is_stmt 0 view .LVU1175
 3364 0020 FF28     		cmp	r0, #255
 3365 0022 19D9     		bls	.L178
1860:Core/Src/vl53l1_core.c **** 		pdev->gen_cfg.phasecal_config__timeout_macrop = 0xFF;
 3366              		.loc 1 1860 3 is_stmt 1 view .LVU1176
 3367              		.loc 1 1860 49 is_stmt 0 view .LVU1177
 3368 0024 FF23     		movs	r3, #255
 3369 0026 84F88B31 		strb	r3, [r4, #395]
 3370              	.L179:
1861:Core/Src/vl53l1_core.c **** 	else
1862:Core/Src/vl53l1_core.c **** 		pdev->gen_cfg.phasecal_config__timeout_macrop =
1863:Core/Src/vl53l1_core.c **** 				(uint8_t)timeout_mclks;
1864:Core/Src/vl53l1_core.c **** 
1865:Core/Src/vl53l1_core.c **** 	pdev->tim_cfg.range_config__vcsel_period_a = vcsel_period_a;
 3371              		.loc 1 1865 2 is_stmt 1 view .LVU1178
 3372              		.loc 1 1865 45 is_stmt 0 view .LVU1179
 3373 002a 84F8A261 		strb	r6, [r4, #418]
1866:Core/Src/vl53l1_core.c **** 
1867:Core/Src/vl53l1_core.c **** 	/*
1868:Core/Src/vl53l1_core.c **** 	 * Update device settings
1869:Core/Src/vl53l1_core.c **** 	 */
1870:Core/Src/vl53l1_core.c **** 
1871:Core/Src/vl53l1_core.c **** 	if (status == VL53L1_ERROR_NONE) /*lint !e774 always true*/
 3374              		.loc 1 1871 2 is_stmt 1 view .LVU1180
1872:Core/Src/vl53l1_core.c **** 		status =
 3375              		.loc 1 1872 3 view .LVU1181
1873:Core/Src/vl53l1_core.c **** 			VL53L1_WrByte(
 3376              		.loc 1 1873 4 is_stmt 0 view .LVU1182
 3377 002e 94F88B21 		ldrb	r2, [r4, #395]	@ zero_extendqisi2
 3378 0032 4B21     		movs	r1, #75
 3379 0034 2046     		mov	r0, r4
 3380              	.LVL311:
 3381              		.loc 1 1873 4 view .LVU1183
 3382 0036 FFF7FEFF 		bl	VL53L1_WrByte
 3383              	.LVL312:
1874:Core/Src/vl53l1_core.c **** 				Dev,
1875:Core/Src/vl53l1_core.c **** 				VL53L1_PHASECAL_CONFIG__TIMEOUT_MACROP,
1876:Core/Src/vl53l1_core.c **** 				pdev->gen_cfg.phasecal_config__timeout_macrop);
1877:Core/Src/vl53l1_core.c **** 
1878:Core/Src/vl53l1_core.c **** 	if (status == VL53L1_ERROR_NONE)
 3384              		.loc 1 1878 2 is_stmt 1 view .LVU1184
 3385              		.loc 1 1878 5 is_stmt 0 view .LVU1185
 3386 003a 80B1     		cbz	r0, .L186
 3387              	.L180:
1879:Core/Src/vl53l1_core.c **** 		status =
1880:Core/Src/vl53l1_core.c **** 			VL53L1_WrByte(
1881:Core/Src/vl53l1_core.c **** 				Dev,
ARM GAS  C:\Users\Lenovo\AppData\Local\Temp\cc9EJylw.s 			page 96


1882:Core/Src/vl53l1_core.c **** 				VL53L1_RANGE_CONFIG__VCSEL_PERIOD_A,
1883:Core/Src/vl53l1_core.c **** 				pdev->tim_cfg.range_config__vcsel_period_a);
1884:Core/Src/vl53l1_core.c **** 
1885:Core/Src/vl53l1_core.c **** 	/*
1886:Core/Src/vl53l1_core.c **** 	 * Copy vcsel register value to the WOI registers to ensure that
1887:Core/Src/vl53l1_core.c **** 	 * it is correctly set for the specified VCSEL period
1888:Core/Src/vl53l1_core.c **** 	 */
1889:Core/Src/vl53l1_core.c **** 
1890:Core/Src/vl53l1_core.c **** 	buffer[0] = pdev->tim_cfg.range_config__vcsel_period_a;
 3388              		.loc 1 1890 2 is_stmt 1 view .LVU1186
 3389              		.loc 1 1890 27 is_stmt 0 view .LVU1187
 3390 003c 94F8A231 		ldrb	r3, [r4, #418]	@ zero_extendqisi2
 3391              		.loc 1 1890 12 view .LVU1188
 3392 0040 8DF80430 		strb	r3, [sp, #4]
1891:Core/Src/vl53l1_core.c **** 	buffer[1] = pdev->tim_cfg.range_config__vcsel_period_a;
 3393              		.loc 1 1891 2 is_stmt 1 view .LVU1189
 3394              		.loc 1 1891 12 is_stmt 0 view .LVU1190
 3395 0044 8DF80530 		strb	r3, [sp, #5]
1892:Core/Src/vl53l1_core.c **** 
1893:Core/Src/vl53l1_core.c **** 	if (status == VL53L1_ERROR_NONE)
 3396              		.loc 1 1893 2 is_stmt 1 view .LVU1191
 3397              		.loc 1 1893 5 is_stmt 0 view .LVU1192
 3398 0048 80B1     		cbz	r0, .L187
 3399              	.L181:
1894:Core/Src/vl53l1_core.c **** 		status =
1895:Core/Src/vl53l1_core.c **** 			VL53L1_WriteMulti(
1896:Core/Src/vl53l1_core.c **** 				Dev,
1897:Core/Src/vl53l1_core.c **** 				VL53L1_SD_CONFIG__WOI_SD0,
1898:Core/Src/vl53l1_core.c **** 				buffer,
1899:Core/Src/vl53l1_core.c **** 				2); /* It should be be replaced with a define */
1900:Core/Src/vl53l1_core.c **** 
1901:Core/Src/vl53l1_core.c **** 	/*
1902:Core/Src/vl53l1_core.c **** 	 * Set min, target and max rate limits
1903:Core/Src/vl53l1_core.c **** 	 */
1904:Core/Src/vl53l1_core.c **** 
1905:Core/Src/vl53l1_core.c **** 	pdev->customer.ref_spad_char__total_rate_target_mcps =
 3400              		.loc 1 1905 2 is_stmt 1 view .LVU1193
 3401              		.loc 1 1905 55 is_stmt 0 view .LVU1194
 3402 004a A4F85250 		strh	r5, [r4, #82]	@ movhi
1906:Core/Src/vl53l1_core.c **** 			total_rate_target_mcps;
1907:Core/Src/vl53l1_core.c **** 
1908:Core/Src/vl53l1_core.c **** 	if (status == VL53L1_ERROR_NONE)
 3403              		.loc 1 1908 2 is_stmt 1 view .LVU1195
 3404              		.loc 1 1908 5 is_stmt 0 view .LVU1196
 3405 004e A0B1     		cbz	r0, .L188
 3406              	.L182:
1909:Core/Src/vl53l1_core.c **** 		status =
1910:Core/Src/vl53l1_core.c **** 			VL53L1_WrWord(
1911:Core/Src/vl53l1_core.c **** 				Dev,
1912:Core/Src/vl53l1_core.c **** 				VL53L1_REF_SPAD_CHAR__TOTAL_RATE_TARGET_MCPS,
1913:Core/Src/vl53l1_core.c **** 				total_rate_target_mcps);  /* 9.7 format */
1914:Core/Src/vl53l1_core.c **** 
1915:Core/Src/vl53l1_core.c **** 	if (status == VL53L1_ERROR_NONE)
 3407              		.loc 1 1915 2 is_stmt 1 view .LVU1197
 3408              		.loc 1 1915 5 is_stmt 0 view .LVU1198
 3409 0050 C8B1     		cbz	r0, .L189
 3410              	.L183:
ARM GAS  C:\Users\Lenovo\AppData\Local\Temp\cc9EJylw.s 			page 97


1916:Core/Src/vl53l1_core.c **** 		status =
1917:Core/Src/vl53l1_core.c **** 			VL53L1_WrWord(
1918:Core/Src/vl53l1_core.c **** 				Dev,
1919:Core/Src/vl53l1_core.c **** 				VL53L1_RANGE_CONFIG__SIGMA_THRESH,
1920:Core/Src/vl53l1_core.c **** 				max_count_rate_rtn_limit_mcps);
1921:Core/Src/vl53l1_core.c **** 
1922:Core/Src/vl53l1_core.c **** 	if (status == VL53L1_ERROR_NONE)
 3411              		.loc 1 1922 2 is_stmt 1 view .LVU1199
 3412              		.loc 1 1922 5 is_stmt 0 view .LVU1200
 3413 0052 F8B1     		cbz	r0, .L190
 3414              	.L184:
1923:Core/Src/vl53l1_core.c **** 		status =
1924:Core/Src/vl53l1_core.c **** 			VL53L1_WrWord(
1925:Core/Src/vl53l1_core.c **** 				Dev,
1926:Core/Src/vl53l1_core.c **** 				VL53L1_RANGE_CONFIG__MIN_COUNT_RATE_RTN_LIMIT_MCPS,
1927:Core/Src/vl53l1_core.c **** 				min_count_rate_rtn_limit_mcps);
1928:Core/Src/vl53l1_core.c **** 
1929:Core/Src/vl53l1_core.c **** 	LOG_FUNCTION_END(status);
 3415              		.loc 1 1929 26 is_stmt 1 view .LVU1201
1930:Core/Src/vl53l1_core.c **** 
1931:Core/Src/vl53l1_core.c **** 	return status;
 3416              		.loc 1 1931 2 view .LVU1202
1932:Core/Src/vl53l1_core.c **** }
 3417              		.loc 1 1932 1 is_stmt 0 view .LVU1203
 3418 0054 03B0     		add	sp, sp, #12
 3419              	.LCFI26:
 3420              		.cfi_remember_state
 3421              		.cfi_def_cfa_offset 20
 3422              		@ sp needed
 3423 0056 F0BD     		pop	{r4, r5, r6, r7, pc}
 3424              	.LVL313:
 3425              	.L178:
 3426              	.LCFI27:
 3427              		.cfi_restore_state
1862:Core/Src/vl53l1_core.c **** 				(uint8_t)timeout_mclks;
 3428              		.loc 1 1862 3 is_stmt 1 view .LVU1204
1862:Core/Src/vl53l1_core.c **** 				(uint8_t)timeout_mclks;
 3429              		.loc 1 1862 49 is_stmt 0 view .LVU1205
 3430 0058 84F88B01 		strb	r0, [r4, #395]
 3431 005c E5E7     		b	.L179
 3432              	.LVL314:
 3433              	.L186:
1879:Core/Src/vl53l1_core.c **** 			VL53L1_WrByte(
 3434              		.loc 1 1879 3 is_stmt 1 view .LVU1206
1880:Core/Src/vl53l1_core.c **** 				Dev,
 3435              		.loc 1 1880 4 is_stmt 0 view .LVU1207
 3436 005e 94F8A221 		ldrb	r2, [r4, #418]	@ zero_extendqisi2
 3437 0062 6021     		movs	r1, #96
 3438 0064 2046     		mov	r0, r4
 3439              	.LVL315:
1880:Core/Src/vl53l1_core.c **** 				Dev,
 3440              		.loc 1 1880 4 view .LVU1208
 3441 0066 FFF7FEFF 		bl	VL53L1_WrByte
 3442              	.LVL316:
1880:Core/Src/vl53l1_core.c **** 				Dev,
 3443              		.loc 1 1880 4 view .LVU1209
 3444 006a E7E7     		b	.L180
ARM GAS  C:\Users\Lenovo\AppData\Local\Temp\cc9EJylw.s 			page 98


 3445              	.L187:
1894:Core/Src/vl53l1_core.c **** 			VL53L1_WriteMulti(
 3446              		.loc 1 1894 3 is_stmt 1 view .LVU1210
1895:Core/Src/vl53l1_core.c **** 				Dev,
 3447              		.loc 1 1895 4 is_stmt 0 view .LVU1211
 3448 006c 0223     		movs	r3, #2
 3449 006e 01AA     		add	r2, sp, #4
 3450 0070 7821     		movs	r1, #120
 3451 0072 2046     		mov	r0, r4
 3452              	.LVL317:
1895:Core/Src/vl53l1_core.c **** 				Dev,
 3453              		.loc 1 1895 4 view .LVU1212
 3454 0074 FFF7FEFF 		bl	VL53L1_WriteMulti
 3455              	.LVL318:
1895:Core/Src/vl53l1_core.c **** 				Dev,
 3456              		.loc 1 1895 4 view .LVU1213
 3457 0078 E7E7     		b	.L181
 3458              	.L188:
1909:Core/Src/vl53l1_core.c **** 			VL53L1_WrWord(
 3459              		.loc 1 1909 3 is_stmt 1 view .LVU1214
1910:Core/Src/vl53l1_core.c **** 				Dev,
 3460              		.loc 1 1910 4 is_stmt 0 view .LVU1215
 3461 007a 2A46     		mov	r2, r5
 3462 007c 1C21     		movs	r1, #28
 3463 007e 2046     		mov	r0, r4
 3464              	.LVL319:
1910:Core/Src/vl53l1_core.c **** 				Dev,
 3465              		.loc 1 1910 4 view .LVU1216
 3466 0080 FFF7FEFF 		bl	VL53L1_WrWord
 3467              	.LVL320:
1910:Core/Src/vl53l1_core.c **** 				Dev,
 3468              		.loc 1 1910 4 view .LVU1217
 3469 0084 E4E7     		b	.L182
 3470              	.L189:
1916:Core/Src/vl53l1_core.c **** 			VL53L1_WrWord(
 3471              		.loc 1 1916 3 is_stmt 1 view .LVU1218
1917:Core/Src/vl53l1_core.c **** 				Dev,
 3472              		.loc 1 1917 4 is_stmt 0 view .LVU1219
 3473 0086 BDF82020 		ldrh	r2, [sp, #32]
 3474 008a 6421     		movs	r1, #100
 3475 008c 2046     		mov	r0, r4
 3476              	.LVL321:
1917:Core/Src/vl53l1_core.c **** 				Dev,
 3477              		.loc 1 1917 4 view .LVU1220
 3478 008e FFF7FEFF 		bl	VL53L1_WrWord
 3479              	.LVL322:
1917:Core/Src/vl53l1_core.c **** 				Dev,
 3480              		.loc 1 1917 4 view .LVU1221
 3481 0092 DEE7     		b	.L183
 3482              	.L190:
1923:Core/Src/vl53l1_core.c **** 			VL53L1_WrWord(
 3483              		.loc 1 1923 3 is_stmt 1 view .LVU1222
1924:Core/Src/vl53l1_core.c **** 				Dev,
 3484              		.loc 1 1924 4 is_stmt 0 view .LVU1223
 3485 0094 BDF82420 		ldrh	r2, [sp, #36]
 3486 0098 6621     		movs	r1, #102
 3487 009a 2046     		mov	r0, r4
ARM GAS  C:\Users\Lenovo\AppData\Local\Temp\cc9EJylw.s 			page 99


 3488              	.LVL323:
1924:Core/Src/vl53l1_core.c **** 				Dev,
 3489              		.loc 1 1924 4 view .LVU1224
 3490 009c FFF7FEFF 		bl	VL53L1_WrWord
 3491              	.LVL324:
1924:Core/Src/vl53l1_core.c **** 				Dev,
 3492              		.loc 1 1924 4 view .LVU1225
 3493 00a0 D8E7     		b	.L184
 3494              		.cfi_endproc
 3495              	.LFE52:
 3497              		.section	.text.VL53L1_set_ssc_config,"ax",%progbits
 3498              		.align	1
 3499              		.global	VL53L1_set_ssc_config
 3500              		.syntax unified
 3501              		.thumb
 3502              		.thumb_func
 3504              	VL53L1_set_ssc_config:
 3505              	.LVL325:
 3506              	.LFB53:
1933:Core/Src/vl53l1_core.c **** 
1934:Core/Src/vl53l1_core.c **** 
1935:Core/Src/vl53l1_core.c **** VL53L1_Error VL53L1_set_ssc_config(
1936:Core/Src/vl53l1_core.c **** 	VL53L1_DEV            Dev,
1937:Core/Src/vl53l1_core.c **** 	VL53L1_ssc_config_t  *pssc_cfg,
1938:Core/Src/vl53l1_core.c **** 	uint16_t              fast_osc_frequency)
1939:Core/Src/vl53l1_core.c **** {
 3507              		.loc 1 1939 1 is_stmt 1 view -0
 3508              		.cfi_startproc
 3509              		@ args = 0, pretend = 0, frame = 8
 3510              		@ frame_needed = 0, uses_anonymous_args = 0
 3511              		.loc 1 1939 1 is_stmt 0 view .LVU1227
 3512 0000 70B5     		push	{r4, r5, r6, lr}
 3513              	.LCFI28:
 3514              		.cfi_def_cfa_offset 16
 3515              		.cfi_offset 4, -16
 3516              		.cfi_offset 5, -12
 3517              		.cfi_offset 6, -8
 3518              		.cfi_offset 14, -4
 3519 0002 82B0     		sub	sp, sp, #8
 3520              	.LCFI29:
 3521              		.cfi_def_cfa_offset 24
 3522 0004 0546     		mov	r5, r0
 3523 0006 0C46     		mov	r4, r1
1940:Core/Src/vl53l1_core.c **** 	/**
1941:Core/Src/vl53l1_core.c **** 	 * Builds and sends a single I2C multiple byte transaction to
1942:Core/Src/vl53l1_core.c **** 	 * initialize the device for SSC.
1943:Core/Src/vl53l1_core.c **** 	 *
1944:Core/Src/vl53l1_core.c **** 	 * The function also sets the WOI registers based on the input
1945:Core/Src/vl53l1_core.c **** 	 * vcsel period register value.
1946:Core/Src/vl53l1_core.c **** 	 */
1947:Core/Src/vl53l1_core.c **** 
1948:Core/Src/vl53l1_core.c **** 	VL53L1_Error status = VL53L1_ERROR_NONE;
 3524              		.loc 1 1948 2 is_stmt 1 view .LVU1228
 3525              	.LVL326:
1949:Core/Src/vl53l1_core.c **** 	uint8_t buffer[5];
 3526              		.loc 1 1949 2 view .LVU1229
1950:Core/Src/vl53l1_core.c **** 
ARM GAS  C:\Users\Lenovo\AppData\Local\Temp\cc9EJylw.s 			page 100


1951:Core/Src/vl53l1_core.c **** 	uint32_t macro_period_us = 0;
 3527              		.loc 1 1951 2 view .LVU1230
1952:Core/Src/vl53l1_core.c **** 	uint16_t timeout_encoded = 0;
 3528              		.loc 1 1952 2 view .LVU1231
1953:Core/Src/vl53l1_core.c **** 
1954:Core/Src/vl53l1_core.c **** 	LOG_FUNCTION_START("");
 3529              		.loc 1 1954 24 view .LVU1232
1955:Core/Src/vl53l1_core.c **** 
1956:Core/Src/vl53l1_core.c **** 	/*
1957:Core/Src/vl53l1_core.c **** 	 * Update Macro Period for Range A VCSEL Period
1958:Core/Src/vl53l1_core.c **** 	 */
1959:Core/Src/vl53l1_core.c **** 	macro_period_us =
 3530              		.loc 1 1959 2 view .LVU1233
1960:Core/Src/vl53l1_core.c **** 		VL53L1_calc_macro_period_us(
 3531              		.loc 1 1960 3 is_stmt 0 view .LVU1234
 3532 0008 4978     		ldrb	r1, [r1, #1]	@ zero_extendqisi2
 3533              	.LVL327:
 3534              		.loc 1 1960 3 view .LVU1235
 3535 000a 1046     		mov	r0, r2
 3536              	.LVL328:
 3537              		.loc 1 1960 3 view .LVU1236
 3538 000c FFF7FEFF 		bl	VL53L1_calc_macro_period_us
 3539              	.LVL329:
 3540              		.loc 1 1960 3 view .LVU1237
 3541 0010 0146     		mov	r1, r0
 3542              	.LVL330:
1961:Core/Src/vl53l1_core.c **** 			fast_osc_frequency,
1962:Core/Src/vl53l1_core.c **** 			pssc_cfg->vcsel_period);
1963:Core/Src/vl53l1_core.c **** 
1964:Core/Src/vl53l1_core.c **** 	/*
1965:Core/Src/vl53l1_core.c **** 	 *  Update MM Timing A timeout
1966:Core/Src/vl53l1_core.c **** 	 */
1967:Core/Src/vl53l1_core.c **** 	timeout_encoded =
 3543              		.loc 1 1967 2 is_stmt 1 view .LVU1238
1968:Core/Src/vl53l1_core.c **** 		VL53L1_calc_encoded_timeout(
 3544              		.loc 1 1968 3 is_stmt 0 view .LVU1239
 3545 0012 6068     		ldr	r0, [r4, #4]
 3546              	.LVL331:
 3547              		.loc 1 1968 3 view .LVU1240
 3548 0014 FFF7FEFF 		bl	VL53L1_calc_encoded_timeout
 3549              	.LVL332:
 3550              		.loc 1 1968 3 view .LVU1241
 3551 0018 0646     		mov	r6, r0
 3552              	.LVL333:
1969:Core/Src/vl53l1_core.c **** 			pssc_cfg->timeout_us,
1970:Core/Src/vl53l1_core.c **** 			macro_period_us);
1971:Core/Src/vl53l1_core.c **** 
1972:Core/Src/vl53l1_core.c **** 	/* update VCSEL timings */
1973:Core/Src/vl53l1_core.c **** 
1974:Core/Src/vl53l1_core.c **** 	if (status == VL53L1_ERROR_NONE)
 3553              		.loc 1 1974 2 is_stmt 1 view .LVU1242
1975:Core/Src/vl53l1_core.c **** 		status =
 3554              		.loc 1 1975 3 view .LVU1243
1976:Core/Src/vl53l1_core.c **** 			VL53L1_WrByte(
 3555              		.loc 1 1976 4 is_stmt 0 view .LVU1244
 3556 001a A278     		ldrb	r2, [r4, #2]	@ zero_extendqisi2
 3557 001c 4721     		movs	r1, #71
ARM GAS  C:\Users\Lenovo\AppData\Local\Temp\cc9EJylw.s 			page 101


 3558 001e 2846     		mov	r0, r5
 3559 0020 FFF7FEFF 		bl	VL53L1_WrByte
 3560              	.LVL334:
1977:Core/Src/vl53l1_core.c **** 				Dev,
1978:Core/Src/vl53l1_core.c **** 				VL53L1_CAL_CONFIG__VCSEL_START,
1979:Core/Src/vl53l1_core.c **** 				pssc_cfg->vcsel_start);
1980:Core/Src/vl53l1_core.c **** 
1981:Core/Src/vl53l1_core.c **** 	if (status == VL53L1_ERROR_NONE)
 3561              		.loc 1 1981 2 is_stmt 1 view .LVU1245
 3562              		.loc 1 1981 5 is_stmt 0 view .LVU1246
 3563 0024 C0B1     		cbz	r0, .L197
 3564              	.L192:
 3565              	.LVL335:
1982:Core/Src/vl53l1_core.c **** 		status =
1983:Core/Src/vl53l1_core.c **** 			VL53L1_WrByte(
1984:Core/Src/vl53l1_core.c **** 				Dev,
1985:Core/Src/vl53l1_core.c **** 				VL53L1_GLOBAL_CONFIG__VCSEL_WIDTH,
1986:Core/Src/vl53l1_core.c **** 				pssc_cfg->vcsel_width);
1987:Core/Src/vl53l1_core.c **** 
1988:Core/Src/vl53l1_core.c **** 	/* build buffer for timeouts, period and rate limit */
1989:Core/Src/vl53l1_core.c **** 
1990:Core/Src/vl53l1_core.c ****     buffer[0] = (uint8_t)((timeout_encoded &  0x0000FF00) >> 8);
 3566              		.loc 1 1990 5 is_stmt 1 view .LVU1247
 3567              		.loc 1 1990 17 is_stmt 0 view .LVU1248
 3568 0026 C6F30723 		ubfx	r3, r6, #8, #8
 3569              		.loc 1 1990 15 view .LVU1249
 3570 002a 8DF80030 		strb	r3, [sp]
1991:Core/Src/vl53l1_core.c ****     buffer[1] = (uint8_t) (timeout_encoded &  0x000000FF);
 3571              		.loc 1 1991 5 is_stmt 1 view .LVU1250
 3572              		.loc 1 1991 15 is_stmt 0 view .LVU1251
 3573 002e 8DF80160 		strb	r6, [sp, #1]
1992:Core/Src/vl53l1_core.c ****     buffer[2] = pssc_cfg->vcsel_period;
 3574              		.loc 1 1992 5 is_stmt 1 view .LVU1252
 3575              		.loc 1 1992 25 is_stmt 0 view .LVU1253
 3576 0032 6378     		ldrb	r3, [r4, #1]	@ zero_extendqisi2
 3577              		.loc 1 1992 15 view .LVU1254
 3578 0034 8DF80230 		strb	r3, [sp, #2]
1993:Core/Src/vl53l1_core.c ****     buffer[3] = (uint8_t)((pssc_cfg->rate_limit_mcps &  0x0000FF00) >> 8);
 3579              		.loc 1 1993 5 is_stmt 1 view .LVU1255
 3580              		.loc 1 1993 36 is_stmt 0 view .LVU1256
 3581 0038 2389     		ldrh	r3, [r4, #8]
 3582              		.loc 1 1993 17 view .LVU1257
 3583 003a 1A0A     		lsrs	r2, r3, #8
 3584              		.loc 1 1993 15 view .LVU1258
 3585 003c 8DF80320 		strb	r2, [sp, #3]
1994:Core/Src/vl53l1_core.c ****     buffer[4] = (uint8_t) (pssc_cfg->rate_limit_mcps &  0x000000FF);
 3586              		.loc 1 1994 5 is_stmt 1 view .LVU1259
 3587              		.loc 1 1994 15 is_stmt 0 view .LVU1260
 3588 0040 8DF80430 		strb	r3, [sp, #4]
1995:Core/Src/vl53l1_core.c **** 
1996:Core/Src/vl53l1_core.c **** 	if (status == VL53L1_ERROR_NONE)
 3589              		.loc 1 1996 2 is_stmt 1 view .LVU1261
 3590              		.loc 1 1996 5 is_stmt 0 view .LVU1262
 3591 0044 70B1     		cbz	r0, .L198
 3592              	.L193:
1997:Core/Src/vl53l1_core.c **** 		status =
1998:Core/Src/vl53l1_core.c **** 			VL53L1_WriteMulti(
ARM GAS  C:\Users\Lenovo\AppData\Local\Temp\cc9EJylw.s 			page 102


1999:Core/Src/vl53l1_core.c **** 				Dev,
2000:Core/Src/vl53l1_core.c **** 				VL53L1_RANGE_CONFIG__TIMEOUT_MACROP_B_HI,
2001:Core/Src/vl53l1_core.c **** 				buffer,
2002:Core/Src/vl53l1_core.c **** 				5);
2003:Core/Src/vl53l1_core.c **** 
2004:Core/Src/vl53l1_core.c **** 	/*
2005:Core/Src/vl53l1_core.c **** 	 * Copy vcsel register value to the WOI registers to ensure that
2006:Core/Src/vl53l1_core.c **** 	 * it is correctly set for the specified VCSEL period
2007:Core/Src/vl53l1_core.c **** 	 */
2008:Core/Src/vl53l1_core.c **** 
2009:Core/Src/vl53l1_core.c ****     buffer[0] = pssc_cfg->vcsel_period;
 3593              		.loc 1 2009 5 is_stmt 1 view .LVU1263
 3594              		.loc 1 2009 25 is_stmt 0 view .LVU1264
 3595 0046 6378     		ldrb	r3, [r4, #1]	@ zero_extendqisi2
 3596              		.loc 1 2009 15 view .LVU1265
 3597 0048 8DF80030 		strb	r3, [sp]
2010:Core/Src/vl53l1_core.c ****     buffer[1] = pssc_cfg->vcsel_period;
 3598              		.loc 1 2010 5 is_stmt 1 view .LVU1266
 3599              		.loc 1 2010 15 is_stmt 0 view .LVU1267
 3600 004c 8DF80130 		strb	r3, [sp, #1]
2011:Core/Src/vl53l1_core.c **** 
2012:Core/Src/vl53l1_core.c **** 	if (status == VL53L1_ERROR_NONE)
 3601              		.loc 1 2012 2 is_stmt 1 view .LVU1268
 3602              		.loc 1 2012 5 is_stmt 0 view .LVU1269
 3603 0050 78B1     		cbz	r0, .L199
 3604              	.L194:
2013:Core/Src/vl53l1_core.c **** 		status =
2014:Core/Src/vl53l1_core.c **** 			VL53L1_WriteMulti(
2015:Core/Src/vl53l1_core.c **** 				Dev,
2016:Core/Src/vl53l1_core.c **** 				VL53L1_SD_CONFIG__WOI_SD0,
2017:Core/Src/vl53l1_core.c **** 				buffer,
2018:Core/Src/vl53l1_core.c **** 				2);
2019:Core/Src/vl53l1_core.c **** 
2020:Core/Src/vl53l1_core.c **** 	/*
2021:Core/Src/vl53l1_core.c **** 	 * Write zero to NVM_BIST_CTRL to send RTN CountRate to Patch RAM
2022:Core/Src/vl53l1_core.c **** 	 * or 1 to write REF CountRate to Patch RAM
2023:Core/Src/vl53l1_core.c **** 	 */
2024:Core/Src/vl53l1_core.c **** 	if (status == VL53L1_ERROR_NONE)
 3605              		.loc 1 2024 2 is_stmt 1 view .LVU1270
 3606              		.loc 1 2024 5 is_stmt 0 view .LVU1271
 3607 0052 A8B1     		cbz	r0, .L200
 3608              	.L195:
2025:Core/Src/vl53l1_core.c **** 		status =
2026:Core/Src/vl53l1_core.c **** 			VL53L1_WrByte(
2027:Core/Src/vl53l1_core.c **** 				Dev,
2028:Core/Src/vl53l1_core.c **** 				VL53L1_NVM_BIST__CTRL,
2029:Core/Src/vl53l1_core.c **** 				pssc_cfg->array_select);
2030:Core/Src/vl53l1_core.c **** 
2031:Core/Src/vl53l1_core.c **** 	LOG_FUNCTION_END(status);
 3609              		.loc 1 2031 26 is_stmt 1 view .LVU1272
2032:Core/Src/vl53l1_core.c **** 
2033:Core/Src/vl53l1_core.c **** 	return status;
 3610              		.loc 1 2033 2 view .LVU1273
2034:Core/Src/vl53l1_core.c **** }
 3611              		.loc 1 2034 1 is_stmt 0 view .LVU1274
 3612 0054 02B0     		add	sp, sp, #8
 3613              	.LCFI30:
ARM GAS  C:\Users\Lenovo\AppData\Local\Temp\cc9EJylw.s 			page 103


 3614              		.cfi_remember_state
 3615              		.cfi_def_cfa_offset 16
 3616              		@ sp needed
 3617 0056 70BD     		pop	{r4, r5, r6, pc}
 3618              	.LVL336:
 3619              	.L197:
 3620              	.LCFI31:
 3621              		.cfi_restore_state
1982:Core/Src/vl53l1_core.c **** 			VL53L1_WrByte(
 3622              		.loc 1 1982 3 is_stmt 1 view .LVU1275
1983:Core/Src/vl53l1_core.c **** 				Dev,
 3623              		.loc 1 1983 4 is_stmt 0 view .LVU1276
 3624 0058 E278     		ldrb	r2, [r4, #3]	@ zero_extendqisi2
 3625 005a 4A21     		movs	r1, #74
 3626 005c 2846     		mov	r0, r5
 3627 005e FFF7FEFF 		bl	VL53L1_WrByte
 3628              	.LVL337:
1983:Core/Src/vl53l1_core.c **** 				Dev,
 3629              		.loc 1 1983 4 view .LVU1277
 3630 0062 E0E7     		b	.L192
 3631              	.L198:
1997:Core/Src/vl53l1_core.c **** 			VL53L1_WriteMulti(
 3632              		.loc 1 1997 3 is_stmt 1 view .LVU1278
1998:Core/Src/vl53l1_core.c **** 				Dev,
 3633              		.loc 1 1998 4 is_stmt 0 view .LVU1279
 3634 0064 0523     		movs	r3, #5
 3635 0066 6A46     		mov	r2, sp
 3636 0068 6121     		movs	r1, #97
 3637 006a 2846     		mov	r0, r5
 3638              	.LVL338:
1998:Core/Src/vl53l1_core.c **** 				Dev,
 3639              		.loc 1 1998 4 view .LVU1280
 3640 006c FFF7FEFF 		bl	VL53L1_WriteMulti
 3641              	.LVL339:
1998:Core/Src/vl53l1_core.c **** 				Dev,
 3642              		.loc 1 1998 4 view .LVU1281
 3643 0070 E9E7     		b	.L193
 3644              	.L199:
2013:Core/Src/vl53l1_core.c **** 			VL53L1_WriteMulti(
 3645              		.loc 1 2013 3 is_stmt 1 view .LVU1282
2014:Core/Src/vl53l1_core.c **** 				Dev,
 3646              		.loc 1 2014 4 is_stmt 0 view .LVU1283
 3647 0072 0223     		movs	r3, #2
 3648 0074 6A46     		mov	r2, sp
 3649 0076 7821     		movs	r1, #120
 3650 0078 2846     		mov	r0, r5
 3651              	.LVL340:
2014:Core/Src/vl53l1_core.c **** 				Dev,
 3652              		.loc 1 2014 4 view .LVU1284
 3653 007a FFF7FEFF 		bl	VL53L1_WriteMulti
 3654              	.LVL341:
2014:Core/Src/vl53l1_core.c **** 				Dev,
 3655              		.loc 1 2014 4 view .LVU1285
 3656 007e E8E7     		b	.L194
 3657              	.L200:
2025:Core/Src/vl53l1_core.c **** 			VL53L1_WrByte(
 3658              		.loc 1 2025 3 is_stmt 1 view .LVU1286
ARM GAS  C:\Users\Lenovo\AppData\Local\Temp\cc9EJylw.s 			page 104


2026:Core/Src/vl53l1_core.c **** 				Dev,
 3659              		.loc 1 2026 4 is_stmt 0 view .LVU1287
 3660 0080 2278     		ldrb	r2, [r4]	@ zero_extendqisi2
 3661 0082 2921     		movs	r1, #41
 3662 0084 2846     		mov	r0, r5
 3663              	.LVL342:
2026:Core/Src/vl53l1_core.c **** 				Dev,
 3664              		.loc 1 2026 4 view .LVU1288
 3665 0086 FFF7FEFF 		bl	VL53L1_WrByte
 3666              	.LVL343:
2026:Core/Src/vl53l1_core.c **** 				Dev,
 3667              		.loc 1 2026 4 view .LVU1289
 3668 008a E3E7     		b	.L195
 3669              		.cfi_endproc
 3670              	.LFE53:
 3672              		.section	.text.VL53L1_get_spad_rate_data,"ax",%progbits
 3673              		.align	1
 3674              		.global	VL53L1_get_spad_rate_data
 3675              		.syntax unified
 3676              		.thumb
 3677              		.thumb_func
 3679              	VL53L1_get_spad_rate_data:
 3680              	.LVL344:
 3681              	.LFB54:
2035:Core/Src/vl53l1_core.c **** #endif
2036:Core/Src/vl53l1_core.c **** 
2037:Core/Src/vl53l1_core.c **** 
2038:Core/Src/vl53l1_core.c **** #ifndef VL53L1_NOCALIB
2039:Core/Src/vl53l1_core.c **** VL53L1_Error VL53L1_get_spad_rate_data(
2040:Core/Src/vl53l1_core.c **** 	VL53L1_DEV                Dev,
2041:Core/Src/vl53l1_core.c **** 	VL53L1_spad_rate_data_t  *pspad_rates)
2042:Core/Src/vl53l1_core.c **** {
 3682              		.loc 1 2042 1 is_stmt 1 view -0
 3683              		.cfi_startproc
 3684              		@ args = 0, pretend = 0, frame = 512
 3685              		@ frame_needed = 0, uses_anonymous_args = 0
 3686              		.loc 1 2042 1 is_stmt 0 view .LVU1291
 3687 0000 2DE9F041 		push	{r4, r5, r6, r7, r8, lr}
 3688              	.LCFI32:
 3689              		.cfi_def_cfa_offset 24
 3690              		.cfi_offset 4, -24
 3691              		.cfi_offset 5, -20
 3692              		.cfi_offset 6, -16
 3693              		.cfi_offset 7, -12
 3694              		.cfi_offset 8, -8
 3695              		.cfi_offset 14, -4
 3696 0004 ADF5007D 		sub	sp, sp, #512
 3697              	.LCFI33:
 3698              		.cfi_def_cfa_offset 536
 3699 0008 8046     		mov	r8, r0
 3700 000a 0E46     		mov	r6, r1
2043:Core/Src/vl53l1_core.c **** 
2044:Core/Src/vl53l1_core.c ****     /**
2045:Core/Src/vl53l1_core.c ****      *  Gets the SSC rate map output
2046:Core/Src/vl53l1_core.c ****      */
2047:Core/Src/vl53l1_core.c **** 
2048:Core/Src/vl53l1_core.c **** 	VL53L1_Error status = VL53L1_ERROR_NONE;
ARM GAS  C:\Users\Lenovo\AppData\Local\Temp\cc9EJylw.s 			page 105


 3701              		.loc 1 2048 2 is_stmt 1 view .LVU1292
 3702              	.LVL345:
2049:Core/Src/vl53l1_core.c ****     int               i = 0;
 3703              		.loc 1 2049 5 view .LVU1293
2050:Core/Src/vl53l1_core.c **** 
2051:Core/Src/vl53l1_core.c ****     uint8_t  data[512];
 3704              		.loc 1 2051 5 view .LVU1294
2052:Core/Src/vl53l1_core.c ****     uint8_t *pdata = &data[0];
 3705              		.loc 1 2052 5 view .LVU1295
2053:Core/Src/vl53l1_core.c **** 
2054:Core/Src/vl53l1_core.c **** 	LOG_FUNCTION_START("");
 3706              		.loc 1 2054 24 view .LVU1296
2055:Core/Src/vl53l1_core.c **** 
2056:Core/Src/vl53l1_core.c **** 	/* Disable Firmware to Read Patch Ram */
2057:Core/Src/vl53l1_core.c **** 
2058:Core/Src/vl53l1_core.c **** 	if (status == VL53L1_ERROR_NONE)
 3707              		.loc 1 2058 2 view .LVU1297
2059:Core/Src/vl53l1_core.c **** 		status = VL53L1_disable_firmware(Dev);
 3708              		.loc 1 2059 3 view .LVU1298
 3709              		.loc 1 2059 12 is_stmt 0 view .LVU1299
 3710 000c FFF7FEFF 		bl	VL53L1_disable_firmware
 3711              	.LVL346:
2060:Core/Src/vl53l1_core.c **** 
2061:Core/Src/vl53l1_core.c ****     /*
2062:Core/Src/vl53l1_core.c ****      * Read Return SPADs Rates from patch RAM.
2063:Core/Src/vl53l1_core.c ****      * Note : platform layer  splits the I2C comms into smaller chunks
2064:Core/Src/vl53l1_core.c ****      */
2065:Core/Src/vl53l1_core.c **** 
2066:Core/Src/vl53l1_core.c **** 	if (status == VL53L1_ERROR_NONE)
 3712              		.loc 1 2066 2 is_stmt 1 view .LVU1300
 3713              		.loc 1 2066 5 is_stmt 0 view .LVU1301
 3714 0010 0746     		mov	r7, r0
 3715 0012 10B1     		cbz	r0, .L207
 3716              	.LVL347:
 3717              	.L202:
2067:Core/Src/vl53l1_core.c **** 		status =
2068:Core/Src/vl53l1_core.c **** 			VL53L1_ReadMulti(
2069:Core/Src/vl53l1_core.c **** 				Dev,
2070:Core/Src/vl53l1_core.c **** 				VL53L1_PRIVATE__PATCH_BASE_ADDR_RSLV,
2071:Core/Src/vl53l1_core.c **** 				pdata,
2072:Core/Src/vl53l1_core.c **** 				512);
2073:Core/Src/vl53l1_core.c **** 
2074:Core/Src/vl53l1_core.c ****     /* now convert into 16-bit number */
2075:Core/Src/vl53l1_core.c ****     pdata = &data[0];
 3718              		.loc 1 2075 5 is_stmt 1 view .LVU1302
2076:Core/Src/vl53l1_core.c ****     for (i = 0 ; i < VL53L1_NO_OF_SPAD_ENABLES ; i++) {
 3719              		.loc 1 2076 5 view .LVU1303
2075:Core/Src/vl53l1_core.c ****     for (i = 0 ; i < VL53L1_NO_OF_SPAD_ENABLES ; i++) {
 3720              		.loc 1 2075 11 is_stmt 0 view .LVU1304
 3721 0014 6D46     		mov	r5, sp
 3722              		.loc 1 2076 12 view .LVU1305
 3723 0016 0024     		movs	r4, #0
 3724              		.loc 1 2076 5 view .LVU1306
 3725 0018 12E0     		b	.L203
 3726              	.LVL348:
 3727              	.L207:
2067:Core/Src/vl53l1_core.c **** 		status =
ARM GAS  C:\Users\Lenovo\AppData\Local\Temp\cc9EJylw.s 			page 106


 3728              		.loc 1 2067 3 is_stmt 1 view .LVU1307
2068:Core/Src/vl53l1_core.c **** 				Dev,
 3729              		.loc 1 2068 4 is_stmt 0 view .LVU1308
 3730 001a 4FF40073 		mov	r3, #512
 3731 001e 6A46     		mov	r2, sp
 3732 0020 4FF46061 		mov	r1, #3584
 3733 0024 4046     		mov	r0, r8
 3734              	.LVL349:
2068:Core/Src/vl53l1_core.c **** 				Dev,
 3735              		.loc 1 2068 4 view .LVU1309
 3736 0026 FFF7FEFF 		bl	VL53L1_ReadMulti
 3737              	.LVL350:
 3738 002a 0746     		mov	r7, r0
 3739              	.LVL351:
2068:Core/Src/vl53l1_core.c **** 				Dev,
 3740              		.loc 1 2068 4 view .LVU1310
 3741 002c F2E7     		b	.L202
 3742              	.LVL352:
 3743              	.L204:
2077:Core/Src/vl53l1_core.c **** 		pspad_rates->rate_data[i] =
 3744              		.loc 1 2077 3 is_stmt 1 discriminator 3 view .LVU1311
2078:Core/Src/vl53l1_core.c **** 			(uint16_t)VL53L1_decode_unsigned_integer(pdata, 2);
 3745              		.loc 1 2078 14 is_stmt 0 discriminator 3 view .LVU1312
 3746 002e 0221     		movs	r1, #2
 3747 0030 2846     		mov	r0, r5
 3748 0032 FFF7FEFF 		bl	VL53L1_decode_unsigned_integer
 3749              	.LVL353:
2077:Core/Src/vl53l1_core.c **** 		pspad_rates->rate_data[i] =
 3750              		.loc 1 2077 29 discriminator 3 view .LVU1313
 3751 0036 06EB4403 		add	r3, r6, r4, lsl #1
 3752 003a 9880     		strh	r0, [r3, #4]	@ movhi
2079:Core/Src/vl53l1_core.c **** 		pdata += 2;
 3753              		.loc 1 2079 3 is_stmt 1 discriminator 3 view .LVU1314
 3754              		.loc 1 2079 9 is_stmt 0 discriminator 3 view .LVU1315
 3755 003c 0235     		adds	r5, r5, #2
 3756              	.LVL354:
2076:Core/Src/vl53l1_core.c **** 		pspad_rates->rate_data[i] =
 3757              		.loc 1 2076 50 is_stmt 1 discriminator 3 view .LVU1316
2076:Core/Src/vl53l1_core.c **** 		pspad_rates->rate_data[i] =
 3758              		.loc 1 2076 51 is_stmt 0 discriminator 3 view .LVU1317
 3759 003e 0134     		adds	r4, r4, #1
 3760              	.LVL355:
 3761              	.L203:
2076:Core/Src/vl53l1_core.c **** 		pspad_rates->rate_data[i] =
 3762              		.loc 1 2076 18 is_stmt 1 discriminator 1 view .LVU1318
2076:Core/Src/vl53l1_core.c **** 		pspad_rates->rate_data[i] =
 3763              		.loc 1 2076 5 is_stmt 0 discriminator 1 view .LVU1319
 3764 0040 FF2C     		cmp	r4, #255
 3765 0042 F4DD     		ble	.L204
2080:Core/Src/vl53l1_core.c ****     }
2081:Core/Src/vl53l1_core.c **** 
2082:Core/Src/vl53l1_core.c ****     /* Initialise structure info */
2083:Core/Src/vl53l1_core.c **** 
2084:Core/Src/vl53l1_core.c ****     pspad_rates->buffer_size     = VL53L1_NO_OF_SPAD_ENABLES;
 3766              		.loc 1 2084 5 is_stmt 1 view .LVU1320
 3767              		.loc 1 2084 34 is_stmt 0 view .LVU1321
 3768 0044 4FF48073 		mov	r3, #256
ARM GAS  C:\Users\Lenovo\AppData\Local\Temp\cc9EJylw.s 			page 107


 3769 0048 7380     		strh	r3, [r6, #2]	@ movhi
2085:Core/Src/vl53l1_core.c ****     pspad_rates->no_of_values    = VL53L1_NO_OF_SPAD_ENABLES;
 3770              		.loc 1 2085 5 is_stmt 1 view .LVU1322
 3771              		.loc 1 2085 34 is_stmt 0 view .LVU1323
 3772 004a A6F80432 		strh	r3, [r6, #516]	@ movhi
2086:Core/Src/vl53l1_core.c ****     pspad_rates->fractional_bits = 15;
 3773              		.loc 1 2086 5 is_stmt 1 view .LVU1324
 3774              		.loc 1 2086 34 is_stmt 0 view .LVU1325
 3775 004e 0F23     		movs	r3, #15
 3776 0050 86F80632 		strb	r3, [r6, #518]
2087:Core/Src/vl53l1_core.c **** 
2088:Core/Src/vl53l1_core.c **** 	/* Re-enable Firmware */
2089:Core/Src/vl53l1_core.c **** 
2090:Core/Src/vl53l1_core.c **** 	if (status == VL53L1_ERROR_NONE)
 3777              		.loc 1 2090 2 is_stmt 1 view .LVU1326
 3778              		.loc 1 2090 5 is_stmt 0 view .LVU1327
 3779 0054 27B1     		cbz	r7, .L208
 3780              	.L205:
2091:Core/Src/vl53l1_core.c **** 		status = VL53L1_enable_firmware(Dev);
2092:Core/Src/vl53l1_core.c **** 
2093:Core/Src/vl53l1_core.c **** 	LOG_FUNCTION_END(status);
 3781              		.loc 1 2093 26 is_stmt 1 view .LVU1328
2094:Core/Src/vl53l1_core.c **** 
2095:Core/Src/vl53l1_core.c **** 	return status;
 3782              		.loc 1 2095 2 view .LVU1329
2096:Core/Src/vl53l1_core.c **** }
 3783              		.loc 1 2096 1 is_stmt 0 view .LVU1330
 3784 0056 3846     		mov	r0, r7
 3785 0058 0DF5007D 		add	sp, sp, #512
 3786              	.LCFI34:
 3787              		.cfi_remember_state
 3788              		.cfi_def_cfa_offset 24
 3789              		@ sp needed
 3790 005c BDE8F081 		pop	{r4, r5, r6, r7, r8, pc}
 3791              	.LVL356:
 3792              	.L208:
 3793              	.LCFI35:
 3794              		.cfi_restore_state
2091:Core/Src/vl53l1_core.c **** 		status = VL53L1_enable_firmware(Dev);
 3795              		.loc 1 2091 3 is_stmt 1 view .LVU1331
2091:Core/Src/vl53l1_core.c **** 		status = VL53L1_enable_firmware(Dev);
 3796              		.loc 1 2091 12 is_stmt 0 view .LVU1332
 3797 0060 4046     		mov	r0, r8
 3798 0062 FFF7FEFF 		bl	VL53L1_enable_firmware
 3799              	.LVL357:
 3800 0066 0746     		mov	r7, r0
 3801              	.LVL358:
2091:Core/Src/vl53l1_core.c **** 		status = VL53L1_enable_firmware(Dev);
 3802              		.loc 1 2091 12 view .LVU1333
 3803 0068 F5E7     		b	.L205
 3804              		.cfi_endproc
 3805              	.LFE54:
 3807              		.section	.text.VL53L1_low_power_auto_data_init,"ax",%progbits
 3808              		.align	1
 3809              		.global	VL53L1_low_power_auto_data_init
 3810              		.syntax unified
 3811              		.thumb
ARM GAS  C:\Users\Lenovo\AppData\Local\Temp\cc9EJylw.s 			page 108


 3812              		.thumb_func
 3814              	VL53L1_low_power_auto_data_init:
 3815              	.LVL359:
 3816              	.LFB55:
2097:Core/Src/vl53l1_core.c **** #endif
2098:Core/Src/vl53l1_core.c **** 
2099:Core/Src/vl53l1_core.c **** /* Start Patch_LowPowerAutoMode */
2100:Core/Src/vl53l1_core.c **** 
2101:Core/Src/vl53l1_core.c **** VL53L1_Error VL53L1_low_power_auto_data_init(
2102:Core/Src/vl53l1_core.c **** 	VL53L1_DEV                          Dev
2103:Core/Src/vl53l1_core.c **** 	)
2104:Core/Src/vl53l1_core.c **** {
 3817              		.loc 1 2104 1 is_stmt 1 view -0
 3818              		.cfi_startproc
 3819              		@ args = 0, pretend = 0, frame = 0
 3820              		@ frame_needed = 0, uses_anonymous_args = 0
 3821              		@ link register save eliminated.
 3822              		.loc 1 2104 1 is_stmt 0 view .LVU1335
 3823 0000 0346     		mov	r3, r0
2105:Core/Src/vl53l1_core.c **** 
2106:Core/Src/vl53l1_core.c **** 	/*
2107:Core/Src/vl53l1_core.c **** 	 * Initializes internal data structures for low power auto mode
2108:Core/Src/vl53l1_core.c **** 	 */
2109:Core/Src/vl53l1_core.c **** 
2110:Core/Src/vl53l1_core.c **** 	/* don't really use this here */
2111:Core/Src/vl53l1_core.c **** 	VL53L1_Error  status = VL53L1_ERROR_NONE;
 3824              		.loc 1 2111 2 is_stmt 1 view .LVU1336
 3825              	.LVL360:
2112:Core/Src/vl53l1_core.c **** 
2113:Core/Src/vl53l1_core.c **** 	VL53L1_LLDriverData_t *pdev = VL53L1DevStructGetLLDriverHandle(Dev);
 3826              		.loc 1 2113 2 view .LVU1337
2114:Core/Src/vl53l1_core.c **** 
2115:Core/Src/vl53l1_core.c **** 	LOG_FUNCTION_START("");
 3827              		.loc 1 2115 24 view .LVU1338
2116:Core/Src/vl53l1_core.c **** 
2117:Core/Src/vl53l1_core.c **** 	pdev->low_power_auto_data.vhv_loop_bound =
 3828              		.loc 1 2117 2 view .LVU1339
 3829              		.loc 1 2117 43 is_stmt 0 view .LVU1340
 3830 0002 0322     		movs	r2, #3
 3831 0004 80F8E422 		strb	r2, [r0, #740]
2118:Core/Src/vl53l1_core.c **** 		VL53L1_TUNINGPARM_LOWPOWERAUTO_VHV_LOOP_BOUND_DEFAULT;
2119:Core/Src/vl53l1_core.c **** 	pdev->low_power_auto_data.is_low_power_auto_mode = 0;
 3832              		.loc 1 2119 2 is_stmt 1 view .LVU1341
 3833              		.loc 1 2119 51 is_stmt 0 view .LVU1342
 3834 0008 0020     		movs	r0, #0
 3835              	.LVL361:
 3836              		.loc 1 2119 51 view .LVU1343
 3837 000a 83F8E502 		strb	r0, [r3, #741]
2120:Core/Src/vl53l1_core.c **** 	pdev->low_power_auto_data.low_power_auto_range_count = 0;
 3838              		.loc 1 2120 2 is_stmt 1 view .LVU1344
 3839              		.loc 1 2120 55 is_stmt 0 view .LVU1345
 3840 000e 83F8E602 		strb	r0, [r3, #742]
2121:Core/Src/vl53l1_core.c **** 	pdev->low_power_auto_data.saved_interrupt_config = 0;
 3841              		.loc 1 2121 2 is_stmt 1 view .LVU1346
 3842              		.loc 1 2121 51 is_stmt 0 view .LVU1347
 3843 0012 83F8E702 		strb	r0, [r3, #743]
2122:Core/Src/vl53l1_core.c **** 	pdev->low_power_auto_data.saved_vhv_init = 0;
ARM GAS  C:\Users\Lenovo\AppData\Local\Temp\cc9EJylw.s 			page 109


 3844              		.loc 1 2122 2 is_stmt 1 view .LVU1348
 3845              		.loc 1 2122 43 is_stmt 0 view .LVU1349
 3846 0016 83F8E802 		strb	r0, [r3, #744]
2123:Core/Src/vl53l1_core.c **** 	pdev->low_power_auto_data.saved_vhv_timeout = 0;
 3847              		.loc 1 2123 2 is_stmt 1 view .LVU1350
 3848              		.loc 1 2123 46 is_stmt 0 view .LVU1351
 3849 001a 83F8E902 		strb	r0, [r3, #745]
2124:Core/Src/vl53l1_core.c **** 	pdev->low_power_auto_data.first_run_phasecal_result = 0;
 3850              		.loc 1 2124 2 is_stmt 1 view .LVU1352
 3851              		.loc 1 2124 54 is_stmt 0 view .LVU1353
 3852 001e 83F8EA02 		strb	r0, [r3, #746]
2125:Core/Src/vl53l1_core.c **** 	pdev->low_power_auto_data.dss__total_rate_per_spad_mcps = 0;
 3853              		.loc 1 2125 2 is_stmt 1 view .LVU1354
 3854              		.loc 1 2125 58 is_stmt 0 view .LVU1355
 3855 0022 C3F8EC02 		str	r0, [r3, #748]
2126:Core/Src/vl53l1_core.c **** 	pdev->low_power_auto_data.dss__required_spads = 0;
 3856              		.loc 1 2126 2 is_stmt 1 view .LVU1356
 3857              		.loc 1 2126 48 is_stmt 0 view .LVU1357
 3858 0026 A3F8F002 		strh	r0, [r3, #752]	@ movhi
2127:Core/Src/vl53l1_core.c **** 
2128:Core/Src/vl53l1_core.c **** 	LOG_FUNCTION_END(status);
 3859              		.loc 1 2128 26 is_stmt 1 view .LVU1358
2129:Core/Src/vl53l1_core.c **** 
2130:Core/Src/vl53l1_core.c **** 	return status;
 3860              		.loc 1 2130 2 view .LVU1359
2131:Core/Src/vl53l1_core.c **** }
 3861              		.loc 1 2131 1 is_stmt 0 view .LVU1360
 3862 002a 7047     		bx	lr
 3863              		.cfi_endproc
 3864              	.LFE55:
 3866              		.section	.text.VL53L1_low_power_auto_data_stop_range,"ax",%progbits
 3867              		.align	1
 3868              		.global	VL53L1_low_power_auto_data_stop_range
 3869              		.syntax unified
 3870              		.thumb
 3871              		.thumb_func
 3873              	VL53L1_low_power_auto_data_stop_range:
 3874              	.LVL362:
 3875              	.LFB56:
2132:Core/Src/vl53l1_core.c **** 
2133:Core/Src/vl53l1_core.c **** VL53L1_Error VL53L1_low_power_auto_data_stop_range(
2134:Core/Src/vl53l1_core.c **** 	VL53L1_DEV                          Dev
2135:Core/Src/vl53l1_core.c **** 	)
2136:Core/Src/vl53l1_core.c **** {
 3876              		.loc 1 2136 1 is_stmt 1 view -0
 3877              		.cfi_startproc
 3878              		@ args = 0, pretend = 0, frame = 0
 3879              		@ frame_needed = 0, uses_anonymous_args = 0
 3880              		@ link register save eliminated.
 3881              		.loc 1 2136 1 is_stmt 0 view .LVU1362
 3882 0000 0346     		mov	r3, r0
2137:Core/Src/vl53l1_core.c **** 
2138:Core/Src/vl53l1_core.c **** 	/*
2139:Core/Src/vl53l1_core.c **** 	 * Range has been paused but may continue later
2140:Core/Src/vl53l1_core.c **** 	 */
2141:Core/Src/vl53l1_core.c **** 
2142:Core/Src/vl53l1_core.c **** 	/* don't really use this here */
ARM GAS  C:\Users\Lenovo\AppData\Local\Temp\cc9EJylw.s 			page 110


2143:Core/Src/vl53l1_core.c **** 	VL53L1_Error  status = VL53L1_ERROR_NONE;
 3883              		.loc 1 2143 2 is_stmt 1 view .LVU1363
 3884              	.LVL363:
2144:Core/Src/vl53l1_core.c **** 
2145:Core/Src/vl53l1_core.c **** 	VL53L1_LLDriverData_t *pdev = VL53L1DevStructGetLLDriverHandle(Dev);
 3885              		.loc 1 2145 2 view .LVU1364
2146:Core/Src/vl53l1_core.c **** 
2147:Core/Src/vl53l1_core.c **** 	LOG_FUNCTION_START("");
 3886              		.loc 1 2147 24 view .LVU1365
2148:Core/Src/vl53l1_core.c **** 
2149:Core/Src/vl53l1_core.c **** 	/* doing this ensures stop_range followed by a get_device_results does
2150:Core/Src/vl53l1_core.c **** 	 * not mess up the counters */
2151:Core/Src/vl53l1_core.c **** 
2152:Core/Src/vl53l1_core.c **** 	pdev->low_power_auto_data.low_power_auto_range_count = 0xFF;
 3887              		.loc 1 2152 2 view .LVU1366
 3888              		.loc 1 2152 55 is_stmt 0 view .LVU1367
 3889 0002 FF22     		movs	r2, #255
 3890 0004 80F8E622 		strb	r2, [r0, #742]
2153:Core/Src/vl53l1_core.c **** 
2154:Core/Src/vl53l1_core.c **** 	pdev->low_power_auto_data.first_run_phasecal_result = 0;
 3891              		.loc 1 2154 2 is_stmt 1 view .LVU1368
 3892              		.loc 1 2154 54 is_stmt 0 view .LVU1369
 3893 0008 0022     		movs	r2, #0
 3894 000a 80F8EA22 		strb	r2, [r0, #746]
2155:Core/Src/vl53l1_core.c **** 	pdev->low_power_auto_data.dss__total_rate_per_spad_mcps = 0;
 3895              		.loc 1 2155 2 is_stmt 1 view .LVU1370
 3896              		.loc 1 2155 58 is_stmt 0 view .LVU1371
 3897 000e C0F8EC22 		str	r2, [r0, #748]
2156:Core/Src/vl53l1_core.c **** 	pdev->low_power_auto_data.dss__required_spads = 0;
 3898              		.loc 1 2156 2 is_stmt 1 view .LVU1372
 3899              		.loc 1 2156 48 is_stmt 0 view .LVU1373
 3900 0012 A0F8F022 		strh	r2, [r0, #752]	@ movhi
2157:Core/Src/vl53l1_core.c **** 
2158:Core/Src/vl53l1_core.c **** 	/* restore vhv configs */
2159:Core/Src/vl53l1_core.c **** 	if (pdev->low_power_auto_data.saved_vhv_init != 0)
 3901              		.loc 1 2159 2 is_stmt 1 view .LVU1374
 3902              		.loc 1 2159 31 is_stmt 0 view .LVU1375
 3903 0016 90F8E822 		ldrb	r2, [r0, #744]	@ zero_extendqisi2
 3904              		.loc 1 2159 5 view .LVU1376
 3905 001a 0AB1     		cbz	r2, .L211
2160:Core/Src/vl53l1_core.c **** 		pdev->stat_nvm.vhv_config__init =
 3906              		.loc 1 2160 3 is_stmt 1 view .LVU1377
 3907              		.loc 1 2160 35 is_stmt 0 view .LVU1378
 3908 001c 80F86321 		strb	r2, [r0, #355]
 3909              	.L211:
2161:Core/Src/vl53l1_core.c **** 			pdev->low_power_auto_data.saved_vhv_init;
2162:Core/Src/vl53l1_core.c **** 	if (pdev->low_power_auto_data.saved_vhv_timeout != 0)
 3910              		.loc 1 2162 2 is_stmt 1 view .LVU1379
 3911              		.loc 1 2162 31 is_stmt 0 view .LVU1380
 3912 0020 93F8E922 		ldrb	r2, [r3, #745]	@ zero_extendqisi2
 3913              		.loc 1 2162 5 view .LVU1381
 3914 0024 0AB1     		cbz	r2, .L212
2163:Core/Src/vl53l1_core.c **** 		pdev->stat_nvm.vhv_config__timeout_macrop_loop_bound =
 3915              		.loc 1 2163 3 is_stmt 1 view .LVU1382
 3916              		.loc 1 2163 56 is_stmt 0 view .LVU1383
 3917 0026 83F86021 		strb	r2, [r3, #352]
 3918              	.L212:
ARM GAS  C:\Users\Lenovo\AppData\Local\Temp\cc9EJylw.s 			page 111


2164:Core/Src/vl53l1_core.c **** 			pdev->low_power_auto_data.saved_vhv_timeout;
2165:Core/Src/vl53l1_core.c **** 
2166:Core/Src/vl53l1_core.c **** 	/* remove phasecal override */
2167:Core/Src/vl53l1_core.c **** 	pdev->gen_cfg.phasecal_config__override = 0x00;
 3919              		.loc 1 2167 2 is_stmt 1 view .LVU1384
 3920              		.loc 1 2167 42 is_stmt 0 view .LVU1385
 3921 002a 0020     		movs	r0, #0
 3922              	.LVL364:
 3923              		.loc 1 2167 42 view .LVU1386
 3924 002c 83F88D01 		strb	r0, [r3, #397]
2168:Core/Src/vl53l1_core.c **** 
2169:Core/Src/vl53l1_core.c **** 	LOG_FUNCTION_END(status);
 3925              		.loc 1 2169 26 is_stmt 1 view .LVU1387
2170:Core/Src/vl53l1_core.c **** 
2171:Core/Src/vl53l1_core.c **** 	return status;
 3926              		.loc 1 2171 2 view .LVU1388
2172:Core/Src/vl53l1_core.c **** }
 3927              		.loc 1 2172 1 is_stmt 0 view .LVU1389
 3928 0030 7047     		bx	lr
 3929              		.cfi_endproc
 3930              	.LFE56:
 3932              		.section	.text.VL53L1_config_low_power_auto_mode,"ax",%progbits
 3933              		.align	1
 3934              		.global	VL53L1_config_low_power_auto_mode
 3935              		.syntax unified
 3936              		.thumb
 3937              		.thumb_func
 3939              	VL53L1_config_low_power_auto_mode:
 3940              	.LVL365:
 3941              	.LFB57:
2173:Core/Src/vl53l1_core.c **** 
2174:Core/Src/vl53l1_core.c **** VL53L1_Error VL53L1_config_low_power_auto_mode(
2175:Core/Src/vl53l1_core.c **** 	VL53L1_general_config_t   *pgeneral,
2176:Core/Src/vl53l1_core.c **** 	VL53L1_dynamic_config_t   *pdynamic,
2177:Core/Src/vl53l1_core.c **** 	VL53L1_low_power_auto_data_t *plpadata
2178:Core/Src/vl53l1_core.c **** 	)
2179:Core/Src/vl53l1_core.c **** {
 3942              		.loc 1 2179 1 is_stmt 1 view -0
 3943              		.cfi_startproc
 3944              		@ args = 0, pretend = 0, frame = 0
 3945              		@ frame_needed = 0, uses_anonymous_args = 0
 3946              		@ link register save eliminated.
2180:Core/Src/vl53l1_core.c **** 
2181:Core/Src/vl53l1_core.c **** 	/*
2182:Core/Src/vl53l1_core.c **** 	 * Initializes configs for when low power auto presets are selected
2183:Core/Src/vl53l1_core.c **** 	 */
2184:Core/Src/vl53l1_core.c **** 
2185:Core/Src/vl53l1_core.c **** 	/* don't really use this here */
2186:Core/Src/vl53l1_core.c **** 	VL53L1_Error  status = VL53L1_ERROR_NONE;
 3947              		.loc 1 2186 2 view .LVU1391
2187:Core/Src/vl53l1_core.c **** 
2188:Core/Src/vl53l1_core.c **** 	SUPPRESS_UNUSED_WARNING(pgeneral);
 3948              		.loc 1 2188 2 view .LVU1392
2189:Core/Src/vl53l1_core.c **** 
2190:Core/Src/vl53l1_core.c **** 	LOG_FUNCTION_START("");
 3949              		.loc 1 2190 24 view .LVU1393
2191:Core/Src/vl53l1_core.c **** 
ARM GAS  C:\Users\Lenovo\AppData\Local\Temp\cc9EJylw.s 			page 112


2192:Core/Src/vl53l1_core.c **** 	/* set low power auto mode */
2193:Core/Src/vl53l1_core.c **** 	plpadata->is_low_power_auto_mode = 1;
 3950              		.loc 1 2193 2 view .LVU1394
 3951              		.loc 1 2193 35 is_stmt 0 view .LVU1395
 3952 0000 0123     		movs	r3, #1
 3953 0002 5370     		strb	r3, [r2, #1]
2194:Core/Src/vl53l1_core.c **** 
2195:Core/Src/vl53l1_core.c **** 	/* set low power range count to 0 */
2196:Core/Src/vl53l1_core.c **** 	plpadata->low_power_auto_range_count = 0;
 3954              		.loc 1 2196 2 is_stmt 1 view .LVU1396
 3955              		.loc 1 2196 39 is_stmt 0 view .LVU1397
 3956 0004 0020     		movs	r0, #0
 3957              	.LVL366:
 3958              		.loc 1 2196 39 view .LVU1398
 3959 0006 9070     		strb	r0, [r2, #2]
2197:Core/Src/vl53l1_core.c **** 
2198:Core/Src/vl53l1_core.c **** 	/* Turn off MM1/MM2 and DSS2 */
2199:Core/Src/vl53l1_core.c **** 	pdynamic->system__sequence_config = \
 3960              		.loc 1 2199 2 is_stmt 1 view .LVU1399
 3961              		.loc 1 2199 36 is_stmt 0 view .LVU1400
 3962 0008 9B23     		movs	r3, #155
 3963 000a 4B74     		strb	r3, [r1, #17]
2200:Core/Src/vl53l1_core.c **** 			VL53L1_SEQUENCE_VHV_EN | \
2201:Core/Src/vl53l1_core.c **** 			VL53L1_SEQUENCE_PHASECAL_EN | \
2202:Core/Src/vl53l1_core.c **** 			VL53L1_SEQUENCE_DSS1_EN | \
2203:Core/Src/vl53l1_core.c **** 			VL53L1_SEQUENCE_DSS2_EN | \
2204:Core/Src/vl53l1_core.c **** 			/* VL53L1_SEQUENCE_MM1_EN | \*/
2205:Core/Src/vl53l1_core.c **** 			/* VL53L1_SEQUENCE_MM2_EN | \*/
2206:Core/Src/vl53l1_core.c **** 			VL53L1_SEQUENCE_RANGE_EN;
2207:Core/Src/vl53l1_core.c **** 
2208:Core/Src/vl53l1_core.c **** 	LOG_FUNCTION_END(status);
 3964              		.loc 1 2208 26 is_stmt 1 view .LVU1401
2209:Core/Src/vl53l1_core.c **** 
2210:Core/Src/vl53l1_core.c **** 	return status;
 3965              		.loc 1 2210 2 view .LVU1402
2211:Core/Src/vl53l1_core.c **** }
 3966              		.loc 1 2211 1 is_stmt 0 view .LVU1403
 3967 000c 7047     		bx	lr
 3968              		.cfi_endproc
 3969              	.LFE57:
 3971              		.section	.text.VL53L1_low_power_auto_setup_manual_calibration,"ax",%progbits
 3972              		.align	1
 3973              		.global	VL53L1_low_power_auto_setup_manual_calibration
 3974              		.syntax unified
 3975              		.thumb
 3976              		.thumb_func
 3978              	VL53L1_low_power_auto_setup_manual_calibration:
 3979              	.LVL367:
 3980              	.LFB58:
2212:Core/Src/vl53l1_core.c **** 
2213:Core/Src/vl53l1_core.c **** VL53L1_Error VL53L1_low_power_auto_setup_manual_calibration(
2214:Core/Src/vl53l1_core.c **** 	VL53L1_DEV        Dev)
2215:Core/Src/vl53l1_core.c **** {
 3981              		.loc 1 2215 1 is_stmt 1 view -0
 3982              		.cfi_startproc
 3983              		@ args = 0, pretend = 0, frame = 0
 3984              		@ frame_needed = 0, uses_anonymous_args = 0
ARM GAS  C:\Users\Lenovo\AppData\Local\Temp\cc9EJylw.s 			page 113


 3985              		@ link register save eliminated.
2216:Core/Src/vl53l1_core.c **** 
2217:Core/Src/vl53l1_core.c **** 	/*
2218:Core/Src/vl53l1_core.c **** 	 * Setup ranges after the first one in low power auto mode by turning
2219:Core/Src/vl53l1_core.c **** 	 * off FW calibration steps and programming static values
2220:Core/Src/vl53l1_core.c **** 	 */
2221:Core/Src/vl53l1_core.c **** 
2222:Core/Src/vl53l1_core.c **** 	VL53L1_LLDriverData_t *pdev = VL53L1DevStructGetLLDriverHandle(Dev);
 3986              		.loc 1 2222 2 view .LVU1405
2223:Core/Src/vl53l1_core.c **** 
2224:Core/Src/vl53l1_core.c **** 	/* don't really use this here */
2225:Core/Src/vl53l1_core.c **** 	VL53L1_Error  status = VL53L1_ERROR_NONE;
 3987              		.loc 1 2225 2 view .LVU1406
2226:Core/Src/vl53l1_core.c **** 
2227:Core/Src/vl53l1_core.c **** 	LOG_FUNCTION_START("");
 3988              		.loc 1 2227 24 view .LVU1407
2228:Core/Src/vl53l1_core.c **** 
2229:Core/Src/vl53l1_core.c **** 	/* save original vhv configs */
2230:Core/Src/vl53l1_core.c **** 	pdev->low_power_auto_data.saved_vhv_init =
 3989              		.loc 1 2230 2 view .LVU1408
2231:Core/Src/vl53l1_core.c **** 		pdev->stat_nvm.vhv_config__init;
 3990              		.loc 1 2231 17 is_stmt 0 view .LVU1409
 3991 0000 90F86321 		ldrb	r2, [r0, #355]	@ zero_extendqisi2
2230:Core/Src/vl53l1_core.c **** 		pdev->stat_nvm.vhv_config__init;
 3992              		.loc 1 2230 43 view .LVU1410
 3993 0004 80F8E822 		strb	r2, [r0, #744]
2232:Core/Src/vl53l1_core.c **** 	pdev->low_power_auto_data.saved_vhv_timeout =
 3994              		.loc 1 2232 2 is_stmt 1 view .LVU1411
2233:Core/Src/vl53l1_core.c **** 		pdev->stat_nvm.vhv_config__timeout_macrop_loop_bound;
 3995              		.loc 1 2233 17 is_stmt 0 view .LVU1412
 3996 0008 90F86031 		ldrb	r3, [r0, #352]	@ zero_extendqisi2
2232:Core/Src/vl53l1_core.c **** 	pdev->low_power_auto_data.saved_vhv_timeout =
 3997              		.loc 1 2232 46 view .LVU1413
 3998 000c 80F8E932 		strb	r3, [r0, #745]
2234:Core/Src/vl53l1_core.c **** 
2235:Core/Src/vl53l1_core.c **** 	/* disable VHV init */
2236:Core/Src/vl53l1_core.c **** 	pdev->stat_nvm.vhv_config__init &= 0x7F;
 3999              		.loc 1 2236 2 is_stmt 1 view .LVU1414
 4000              		.loc 1 2236 34 is_stmt 0 view .LVU1415
 4001 0010 02F07F02 		and	r2, r2, #127
 4002 0014 80F86321 		strb	r2, [r0, #355]
2237:Core/Src/vl53l1_core.c **** 	/* set loop bound to tuning param */
2238:Core/Src/vl53l1_core.c **** 	pdev->stat_nvm.vhv_config__timeout_macrop_loop_bound =
 4003              		.loc 1 2238 2 is_stmt 1 view .LVU1416
2239:Core/Src/vl53l1_core.c **** 		(pdev->stat_nvm.vhv_config__timeout_macrop_loop_bound & 0x03) +
 4004              		.loc 1 2239 57 is_stmt 0 view .LVU1417
 4005 0018 03F00303 		and	r3, r3, #3
2240:Core/Src/vl53l1_core.c **** 		(pdev->low_power_auto_data.vhv_loop_bound << 2);
 4006              		.loc 1 2240 29 view .LVU1418
 4007 001c 90F8E422 		ldrb	r2, [r0, #740]	@ zero_extendqisi2
 4008              		.loc 1 2240 45 view .LVU1419
 4009 0020 9200     		lsls	r2, r2, #2
 4010 0022 D2B2     		uxtb	r2, r2
2239:Core/Src/vl53l1_core.c **** 		(pdev->stat_nvm.vhv_config__timeout_macrop_loop_bound & 0x03) +
 4011              		.loc 1 2239 65 view .LVU1420
 4012 0024 1344     		add	r3, r3, r2
2238:Core/Src/vl53l1_core.c **** 		(pdev->stat_nvm.vhv_config__timeout_macrop_loop_bound & 0x03) +
ARM GAS  C:\Users\Lenovo\AppData\Local\Temp\cc9EJylw.s 			page 114


 4013              		.loc 1 2238 55 view .LVU1421
 4014 0026 80F86031 		strb	r3, [r0, #352]
2241:Core/Src/vl53l1_core.c **** 	/* override phasecal */
2242:Core/Src/vl53l1_core.c **** 	pdev->gen_cfg.phasecal_config__override = 0x01;
 4015              		.loc 1 2242 2 is_stmt 1 view .LVU1422
 4016              		.loc 1 2242 42 is_stmt 0 view .LVU1423
 4017 002a 0123     		movs	r3, #1
 4018 002c 80F88D31 		strb	r3, [r0, #397]
2243:Core/Src/vl53l1_core.c **** 	pdev->low_power_auto_data.first_run_phasecal_result =
 4019              		.loc 1 2243 2 is_stmt 1 view .LVU1424
2244:Core/Src/vl53l1_core.c **** 		pdev->dbg_results.phasecal_result__vcsel_start;
 4020              		.loc 1 2244 20 is_stmt 0 view .LVU1425
 4021 0030 90F8AE32 		ldrb	r3, [r0, #686]	@ zero_extendqisi2
2243:Core/Src/vl53l1_core.c **** 	pdev->low_power_auto_data.first_run_phasecal_result =
 4022              		.loc 1 2243 54 view .LVU1426
 4023 0034 80F8EA32 		strb	r3, [r0, #746]
2245:Core/Src/vl53l1_core.c **** 	pdev->gen_cfg.cal_config__vcsel_start =
 4024              		.loc 1 2245 2 is_stmt 1 view .LVU1427
 4025              		.loc 1 2245 40 is_stmt 0 view .LVU1428
 4026 0038 80F88731 		strb	r3, [r0, #391]
2246:Core/Src/vl53l1_core.c **** 		pdev->low_power_auto_data.first_run_phasecal_result;
2247:Core/Src/vl53l1_core.c **** 
2248:Core/Src/vl53l1_core.c **** 	LOG_FUNCTION_END(status);
 4027              		.loc 1 2248 26 is_stmt 1 view .LVU1429
2249:Core/Src/vl53l1_core.c **** 
2250:Core/Src/vl53l1_core.c **** 	return status;
 4028              		.loc 1 2250 2 view .LVU1430
2251:Core/Src/vl53l1_core.c **** }
 4029              		.loc 1 2251 1 is_stmt 0 view .LVU1431
 4030 003c 0020     		movs	r0, #0
 4031              	.LVL368:
 4032              		.loc 1 2251 1 view .LVU1432
 4033 003e 7047     		bx	lr
 4034              		.cfi_endproc
 4035              	.LFE58:
 4037              		.section	.text.VL53L1_low_power_auto_update_DSS,"ax",%progbits
 4038              		.align	1
 4039              		.global	VL53L1_low_power_auto_update_DSS
 4040              		.syntax unified
 4041              		.thumb
 4042              		.thumb_func
 4044              	VL53L1_low_power_auto_update_DSS:
 4045              	.LVL369:
 4046              	.LFB59:
2252:Core/Src/vl53l1_core.c **** 
2253:Core/Src/vl53l1_core.c **** VL53L1_Error VL53L1_low_power_auto_update_DSS(
2254:Core/Src/vl53l1_core.c **** 	VL53L1_DEV        Dev)
2255:Core/Src/vl53l1_core.c **** {
 4047              		.loc 1 2255 1 is_stmt 1 view -0
 4048              		.cfi_startproc
 4049              		@ args = 0, pretend = 0, frame = 0
 4050              		@ frame_needed = 0, uses_anonymous_args = 0
 4051              		@ link register save eliminated.
2256:Core/Src/vl53l1_core.c **** 
2257:Core/Src/vl53l1_core.c **** 	/*
2258:Core/Src/vl53l1_core.c **** 	 * Do a DSS calculation and update manual config
2259:Core/Src/vl53l1_core.c **** 	 */
ARM GAS  C:\Users\Lenovo\AppData\Local\Temp\cc9EJylw.s 			page 115


2260:Core/Src/vl53l1_core.c **** 
2261:Core/Src/vl53l1_core.c **** 	VL53L1_LLDriverData_t *pdev = VL53L1DevStructGetLLDriverHandle(Dev);
 4052              		.loc 1 2261 2 view .LVU1434
2262:Core/Src/vl53l1_core.c **** 
2263:Core/Src/vl53l1_core.c **** 	/* don't really use this here */
2264:Core/Src/vl53l1_core.c **** 	VL53L1_Error  status = VL53L1_ERROR_NONE;
 4053              		.loc 1 2264 2 view .LVU1435
2265:Core/Src/vl53l1_core.c **** 
2266:Core/Src/vl53l1_core.c **** 	uint32_t utemp32a;
 4054              		.loc 1 2266 2 view .LVU1436
2267:Core/Src/vl53l1_core.c **** 
2268:Core/Src/vl53l1_core.c **** 	LOG_FUNCTION_START("");
 4055              		.loc 1 2268 24 view .LVU1437
2269:Core/Src/vl53l1_core.c **** 
2270:Core/Src/vl53l1_core.c **** 	/* Calc total rate per spad */
2271:Core/Src/vl53l1_core.c **** 
2272:Core/Src/vl53l1_core.c **** 	/* 9.7 format */
2273:Core/Src/vl53l1_core.c **** 	utemp32a = pdev->sys_results.result__peak_signal_count_rate_crosstalk_corrected_mcps_sd0 +
 4056              		.loc 1 2273 2 view .LVU1438
 4057              		.loc 1 2273 30 is_stmt 0 view .LVU1439
 4058 0000 B0F8DE31 		ldrh	r3, [r0, #478]
2274:Core/Src/vl53l1_core.c **** 		pdev->sys_results.result__ambient_count_rate_mcps_sd0;
 4059              		.loc 1 2274 20 view .LVU1440
 4060 0004 B0F8D621 		ldrh	r2, [r0, #470]
2273:Core/Src/vl53l1_core.c **** 		pdev->sys_results.result__ambient_count_rate_mcps_sd0;
 4061              		.loc 1 2273 91 view .LVU1441
 4062 0008 1344     		add	r3, r3, r2
 4063              	.LVL370:
2275:Core/Src/vl53l1_core.c **** 
2276:Core/Src/vl53l1_core.c **** 	/* clip to 16 bits */
2277:Core/Src/vl53l1_core.c **** 	if (utemp32a > 0xFFFF)
 4064              		.loc 1 2277 2 is_stmt 1 view .LVU1442
 4065              		.loc 1 2277 5 is_stmt 0 view .LVU1443
 4066 000a B3F5803F 		cmp	r3, #65536
 4067 000e 01D3     		bcc	.L216
2278:Core/Src/vl53l1_core.c **** 		utemp32a = 0xFFFF;
 4068              		.loc 1 2278 12 view .LVU1444
 4069 0010 4FF6FF73 		movw	r3, #65535
 4070              	.LVL371:
 4071              	.L216:
2279:Core/Src/vl53l1_core.c **** 
2280:Core/Src/vl53l1_core.c **** 	/* shift up to take advantage of 32 bits */
2281:Core/Src/vl53l1_core.c **** 	/* 9.23 format */
2282:Core/Src/vl53l1_core.c **** 	utemp32a = utemp32a << 16;
 4072              		.loc 1 2282 2 is_stmt 1 view .LVU1445
 4073              		.loc 1 2282 11 is_stmt 0 view .LVU1446
 4074 0014 1B04     		lsls	r3, r3, #16
 4075              	.LVL372:
2283:Core/Src/vl53l1_core.c **** 
2284:Core/Src/vl53l1_core.c **** 	/* check SPAD count */
2285:Core/Src/vl53l1_core.c **** 	if (pdev->sys_results.result__dss_actual_effective_spads_sd0 == 0)
 4076              		.loc 1 2285 2 is_stmt 1 view .LVU1447
 4077              		.loc 1 2285 23 is_stmt 0 view .LVU1448
 4078 0016 B0F8D221 		ldrh	r2, [r0, #466]
 4079              		.loc 1 2285 5 view .LVU1449
 4080 001a BAB1     		cbz	r2, .L217
2286:Core/Src/vl53l1_core.c **** 		status = VL53L1_ERROR_DIVISION_BY_ZERO;
ARM GAS  C:\Users\Lenovo\AppData\Local\Temp\cc9EJylw.s 			page 116


2287:Core/Src/vl53l1_core.c **** 	else {
2288:Core/Src/vl53l1_core.c **** 		/* format 17.15 */
2289:Core/Src/vl53l1_core.c **** 		utemp32a = utemp32a /
 4081              		.loc 1 2289 3 is_stmt 1 view .LVU1450
 4082              		.loc 1 2289 12 is_stmt 0 view .LVU1451
 4083 001c B3FBF2F3 		udiv	r3, r3, r2
 4084              	.LVL373:
2290:Core/Src/vl53l1_core.c **** 			pdev->sys_results.result__dss_actual_effective_spads_sd0;
2291:Core/Src/vl53l1_core.c **** 		/* save intermediate result */
2292:Core/Src/vl53l1_core.c **** 		pdev->low_power_auto_data.dss__total_rate_per_spad_mcps =
 4085              		.loc 1 2292 3 is_stmt 1 view .LVU1452
 4086              		.loc 1 2292 59 is_stmt 0 view .LVU1453
 4087 0020 C0F8EC32 		str	r3, [r0, #748]
2293:Core/Src/vl53l1_core.c **** 			utemp32a;
2294:Core/Src/vl53l1_core.c **** 
2295:Core/Src/vl53l1_core.c **** 		/* get the target rate and shift up by 16
2296:Core/Src/vl53l1_core.c **** 		 * format 9.23 */
2297:Core/Src/vl53l1_core.c **** 		utemp32a = pdev->stat_cfg.dss_config__target_total_rate_mcps;
 4088              		.loc 1 2297 3 is_stmt 1 view .LVU1454
 4089              		.loc 1 2297 28 is_stmt 0 view .LVU1455
 4090 0024 B0F86421 		ldrh	r2, [r0, #356]
 4091              	.LVL374:
2298:Core/Src/vl53l1_core.c **** 		utemp32a = utemp32a << 16;
 4092              		.loc 1 2298 3 is_stmt 1 view .LVU1456
 4093              		.loc 1 2298 12 is_stmt 0 view .LVU1457
 4094 0028 1204     		lsls	r2, r2, #16
 4095              	.LVL375:
2299:Core/Src/vl53l1_core.c **** 
2300:Core/Src/vl53l1_core.c **** 		/* check for divide by zero */
2301:Core/Src/vl53l1_core.c **** 		if (pdev->low_power_auto_data.dss__total_rate_per_spad_mcps == 0)
 4096              		.loc 1 2301 3 is_stmt 1 view .LVU1458
 4097              		.loc 1 2301 6 is_stmt 0 view .LVU1459
 4098 002a 7BB1     		cbz	r3, .L217
2302:Core/Src/vl53l1_core.c **** 			status = VL53L1_ERROR_DIVISION_BY_ZERO;
2303:Core/Src/vl53l1_core.c **** 		else {
2304:Core/Src/vl53l1_core.c **** 			/* divide by rate per spad
2305:Core/Src/vl53l1_core.c **** 			 * format 24.8 */
2306:Core/Src/vl53l1_core.c **** 			utemp32a = utemp32a /
 4099              		.loc 1 2306 4 is_stmt 1 view .LVU1460
 4100              		.loc 1 2306 13 is_stmt 0 view .LVU1461
 4101 002c B2FBF3F3 		udiv	r3, r2, r3
 4102              	.LVL376:
2307:Core/Src/vl53l1_core.c **** 				pdev->low_power_auto_data.dss__total_rate_per_spad_mcps;
2308:Core/Src/vl53l1_core.c **** 
2309:Core/Src/vl53l1_core.c **** 			/* clip to 16 bit */
2310:Core/Src/vl53l1_core.c **** 			if (utemp32a > 0xFFFF)
 4103              		.loc 1 2310 4 is_stmt 1 view .LVU1462
 4104              		.loc 1 2310 7 is_stmt 0 view .LVU1463
 4105 0030 B3F5803F 		cmp	r3, #65536
 4106 0034 01D3     		bcc	.L218
2311:Core/Src/vl53l1_core.c **** 				utemp32a = 0xFFFF;
 4107              		.loc 1 2311 14 view .LVU1464
 4108 0036 4FF6FF73 		movw	r3, #65535
 4109              	.LVL377:
 4110              	.L218:
2312:Core/Src/vl53l1_core.c **** 
2313:Core/Src/vl53l1_core.c **** 			/* save result in low power auto data */
ARM GAS  C:\Users\Lenovo\AppData\Local\Temp\cc9EJylw.s 			page 117


2314:Core/Src/vl53l1_core.c **** 			pdev->low_power_auto_data.dss__required_spads =
 4111              		.loc 1 2314 4 is_stmt 1 view .LVU1465
2315:Core/Src/vl53l1_core.c **** 				(uint16_t)utemp32a;
 4112              		.loc 1 2315 5 is_stmt 0 view .LVU1466
 4113 003a 9BB2     		uxth	r3, r3
 4114              	.LVL378:
2314:Core/Src/vl53l1_core.c **** 				(uint16_t)utemp32a;
 4115              		.loc 1 2314 50 view .LVU1467
 4116 003c A0F8F032 		strh	r3, [r0, #752]	@ movhi
2316:Core/Src/vl53l1_core.c **** 
2317:Core/Src/vl53l1_core.c **** 			/* override DSS config */
2318:Core/Src/vl53l1_core.c **** 			pdev->gen_cfg.dss_config__manual_effective_spads_select =
 4117              		.loc 1 2318 4 is_stmt 1 view .LVU1468
 4118              		.loc 1 2318 60 is_stmt 0 view .LVU1469
 4119 0040 A0F89431 		strh	r3, [r0, #404]	@ movhi
2319:Core/Src/vl53l1_core.c **** 				pdev->low_power_auto_data.dss__required_spads;
2320:Core/Src/vl53l1_core.c **** 			pdev->gen_cfg.dss_config__roi_mode_control =
 4120              		.loc 1 2320 4 is_stmt 1 view .LVU1470
 4121              		.loc 1 2320 47 is_stmt 0 view .LVU1471
 4122 0044 0223     		movs	r3, #2
 4123 0046 80F88E31 		strb	r3, [r0, #398]
2321:Core/Src/vl53l1_core.c **** 				VL53L1_DEVICEDSSMODE__REQUESTED_EFFFECTIVE_SPADS;
2322:Core/Src/vl53l1_core.c **** 		}
2323:Core/Src/vl53l1_core.c **** 
2324:Core/Src/vl53l1_core.c **** 	}
2325:Core/Src/vl53l1_core.c **** 
2326:Core/Src/vl53l1_core.c **** 	if (status == VL53L1_ERROR_DIVISION_BY_ZERO) {
 4124              		.loc 1 2326 2 is_stmt 1 view .LVU1472
 4125 004a 08E0     		b	.L219
 4126              	.L217:
 4127              	.LVL379:
2327:Core/Src/vl53l1_core.c **** 		/* We want to gracefully set a spad target, not just exit with
2328:Core/Src/vl53l1_core.c **** 		* an error */
2329:Core/Src/vl53l1_core.c **** 
2330:Core/Src/vl53l1_core.c **** 		/* set target to mid point */
2331:Core/Src/vl53l1_core.c **** 		pdev->low_power_auto_data.dss__required_spads = 0x8000;
 4128              		.loc 1 2331 3 view .LVU1473
 4129              		.loc 1 2331 49 is_stmt 0 view .LVU1474
 4130 004c 4FF40043 		mov	r3, #32768
 4131 0050 A0F8F032 		strh	r3, [r0, #752]	@ movhi
2332:Core/Src/vl53l1_core.c **** 
2333:Core/Src/vl53l1_core.c **** 		/* override DSS config */
2334:Core/Src/vl53l1_core.c **** 		pdev->gen_cfg.dss_config__manual_effective_spads_select =
 4132              		.loc 1 2334 3 is_stmt 1 view .LVU1475
 4133              		.loc 1 2334 59 is_stmt 0 view .LVU1476
 4134 0054 A0F89431 		strh	r3, [r0, #404]	@ movhi
2335:Core/Src/vl53l1_core.c **** 		pdev->low_power_auto_data.dss__required_spads;
2336:Core/Src/vl53l1_core.c **** 		pdev->gen_cfg.dss_config__roi_mode_control =
 4135              		.loc 1 2336 3 is_stmt 1 view .LVU1477
 4136              		.loc 1 2336 46 is_stmt 0 view .LVU1478
 4137 0058 0223     		movs	r3, #2
 4138 005a 80F88E31 		strb	r3, [r0, #398]
2337:Core/Src/vl53l1_core.c **** 		VL53L1_DEVICEDSSMODE__REQUESTED_EFFFECTIVE_SPADS;
2338:Core/Src/vl53l1_core.c **** 
2339:Core/Src/vl53l1_core.c **** 		/* reset error */
2340:Core/Src/vl53l1_core.c **** 		status = VL53L1_ERROR_NONE;
 4139              		.loc 1 2340 3 is_stmt 1 view .LVU1479
ARM GAS  C:\Users\Lenovo\AppData\Local\Temp\cc9EJylw.s 			page 118


 4140              	.LVL380:
 4141              	.L219:
2341:Core/Src/vl53l1_core.c **** 	}
2342:Core/Src/vl53l1_core.c **** 
2343:Core/Src/vl53l1_core.c **** 	LOG_FUNCTION_END(status);
 4142              		.loc 1 2343 26 view .LVU1480
2344:Core/Src/vl53l1_core.c **** 
2345:Core/Src/vl53l1_core.c **** 	return status;
 4143              		.loc 1 2345 2 view .LVU1481
2346:Core/Src/vl53l1_core.c **** }
 4144              		.loc 1 2346 1 is_stmt 0 view .LVU1482
 4145 005e 0020     		movs	r0, #0
 4146              	.LVL381:
 4147              		.loc 1 2346 1 view .LVU1483
 4148 0060 7047     		bx	lr
 4149              		.cfi_endproc
 4150              	.LFE59:
 4152              		.text
 4153              	.Letext0:
 4154              		.file 2 "c:\\program files (x86)\\gnu arm embedded toolchain\\10 2021.10\\arm-none-eabi\\include\\
 4155              		.file 3 "c:\\program files (x86)\\gnu arm embedded toolchain\\10 2021.10\\arm-none-eabi\\include\\
 4156              		.file 4 "Core/Inc/vl53l1_types.h"
 4157              		.file 5 "Core/Inc/vl53l1_ll_device.h"
 4158              		.file 6 "Core/Inc/vl53l1_error_codes.h"
 4159              		.file 7 "Core/Inc/vl53l1_register_structs.h"
 4160              		.file 8 "Core/Inc/vl53l1_ll_def.h"
 4161              		.file 9 "Core/Inc/vl53l1_def.h"
 4162              		.file 10 "Core/Inc/vl53l1_platform_user_data.h"
 4163              		.file 11 "Core/Inc/vl53l1_platform.h"
 4164              		.file 12 "Core/Inc/vl53l1_core_support.h"
ARM GAS  C:\Users\Lenovo\AppData\Local\Temp\cc9EJylw.s 			page 119


DEFINED SYMBOLS
                            *ABS*:00000000 vl53l1_core.c
C:\Users\Lenovo\AppData\Local\Temp\cc9EJylw.s:20     .text.VL53L1_init_version:00000000 $t
C:\Users\Lenovo\AppData\Local\Temp\cc9EJylw.s:26     .text.VL53L1_init_version:00000000 VL53L1_init_version
C:\Users\Lenovo\AppData\Local\Temp\cc9EJylw.s:58     .text.VL53L1_init_ll_driver_state:00000000 $t
C:\Users\Lenovo\AppData\Local\Temp\cc9EJylw.s:64     .text.VL53L1_init_ll_driver_state:00000000 VL53L1_init_ll_driver_state
C:\Users\Lenovo\AppData\Local\Temp\cc9EJylw.s:106    .text.VL53L1_update_ll_driver_rd_state:00000000 $t
C:\Users\Lenovo\AppData\Local\Temp\cc9EJylw.s:112    .text.VL53L1_update_ll_driver_rd_state:00000000 VL53L1_update_ll_driver_rd_state
C:\Users\Lenovo\AppData\Local\Temp\cc9EJylw.s:180    .text.VL53L1_update_ll_driver_rd_state:0000004c $d
C:\Users\Lenovo\AppData\Local\Temp\cc9EJylw.s:186    .text.VL53L1_update_ll_driver_rd_state:00000052 $t
C:\Users\Lenovo\AppData\Local\Temp\cc9EJylw.s:272    .text.VL53L1_check_ll_driver_rd_state:00000000 $t
C:\Users\Lenovo\AppData\Local\Temp\cc9EJylw.s:278    .text.VL53L1_check_ll_driver_rd_state:00000000 VL53L1_check_ll_driver_rd_state
C:\Users\Lenovo\AppData\Local\Temp\cc9EJylw.s:387    .text.VL53L1_update_ll_driver_cfg_state:00000000 $t
C:\Users\Lenovo\AppData\Local\Temp\cc9EJylw.s:393    .text.VL53L1_update_ll_driver_cfg_state:00000000 VL53L1_update_ll_driver_cfg_state
C:\Users\Lenovo\AppData\Local\Temp\cc9EJylw.s:511    .text.VL53L1_copy_rtn_good_spads_to_buffer:00000000 $t
C:\Users\Lenovo\AppData\Local\Temp\cc9EJylw.s:517    .text.VL53L1_copy_rtn_good_spads_to_buffer:00000000 VL53L1_copy_rtn_good_spads_to_buffer
C:\Users\Lenovo\AppData\Local\Temp\cc9EJylw.s:691    .text.VL53L1_init_system_results:00000000 $t
C:\Users\Lenovo\AppData\Local\Temp\cc9EJylw.s:697    .text.VL53L1_init_system_results:00000000 VL53L1_init_system_results
C:\Users\Lenovo\AppData\Local\Temp\cc9EJylw.s:785    .text.VL53L1_i2c_encode_uint16_t:00000000 $t
C:\Users\Lenovo\AppData\Local\Temp\cc9EJylw.s:791    .text.VL53L1_i2c_encode_uint16_t:00000000 VL53L1_i2c_encode_uint16_t
C:\Users\Lenovo\AppData\Local\Temp\cc9EJylw.s:838    .text.VL53L1_i2c_decode_uint16_t:00000000 $t
C:\Users\Lenovo\AppData\Local\Temp\cc9EJylw.s:844    .text.VL53L1_i2c_decode_uint16_t:00000000 VL53L1_i2c_decode_uint16_t
C:\Users\Lenovo\AppData\Local\Temp\cc9EJylw.s:893    .text.VL53L1_i2c_encode_int16_t:00000000 $t
C:\Users\Lenovo\AppData\Local\Temp\cc9EJylw.s:899    .text.VL53L1_i2c_encode_int16_t:00000000 VL53L1_i2c_encode_int16_t
C:\Users\Lenovo\AppData\Local\Temp\cc9EJylw.s:946    .text.VL53L1_i2c_decode_int16_t:00000000 $t
C:\Users\Lenovo\AppData\Local\Temp\cc9EJylw.s:952    .text.VL53L1_i2c_decode_int16_t:00000000 VL53L1_i2c_decode_int16_t
C:\Users\Lenovo\AppData\Local\Temp\cc9EJylw.s:1016   .text.VL53L1_i2c_encode_uint32_t:00000000 $t
C:\Users\Lenovo\AppData\Local\Temp\cc9EJylw.s:1022   .text.VL53L1_i2c_encode_uint32_t:00000000 VL53L1_i2c_encode_uint32_t
C:\Users\Lenovo\AppData\Local\Temp\cc9EJylw.s:1069   .text.VL53L1_i2c_decode_uint32_t:00000000 $t
C:\Users\Lenovo\AppData\Local\Temp\cc9EJylw.s:1075   .text.VL53L1_i2c_decode_uint32_t:00000000 VL53L1_i2c_decode_uint32_t
C:\Users\Lenovo\AppData\Local\Temp\cc9EJylw.s:1121   .text.VL53L1_i2c_decode_with_mask:00000000 $t
C:\Users\Lenovo\AppData\Local\Temp\cc9EJylw.s:1127   .text.VL53L1_i2c_decode_with_mask:00000000 VL53L1_i2c_decode_with_mask
C:\Users\Lenovo\AppData\Local\Temp\cc9EJylw.s:1192   .text.VL53L1_i2c_encode_int32_t:00000000 $t
C:\Users\Lenovo\AppData\Local\Temp\cc9EJylw.s:1198   .text.VL53L1_i2c_encode_int32_t:00000000 VL53L1_i2c_encode_int32_t
C:\Users\Lenovo\AppData\Local\Temp\cc9EJylw.s:1245   .text.VL53L1_i2c_decode_int32_t:00000000 $t
C:\Users\Lenovo\AppData\Local\Temp\cc9EJylw.s:1251   .text.VL53L1_i2c_decode_int32_t:00000000 VL53L1_i2c_decode_int32_t
C:\Users\Lenovo\AppData\Local\Temp\cc9EJylw.s:1309   .text.VL53L1_start_test:00000000 $t
C:\Users\Lenovo\AppData\Local\Temp\cc9EJylw.s:1315   .text.VL53L1_start_test:00000000 VL53L1_start_test
C:\Users\Lenovo\AppData\Local\Temp\cc9EJylw.s:1348   .text.VL53L1_set_firmware_enable_register:00000000 $t
C:\Users\Lenovo\AppData\Local\Temp\cc9EJylw.s:1354   .text.VL53L1_set_firmware_enable_register:00000000 VL53L1_set_firmware_enable_register
C:\Users\Lenovo\AppData\Local\Temp\cc9EJylw.s:1388   .text.VL53L1_enable_firmware:00000000 $t
C:\Users\Lenovo\AppData\Local\Temp\cc9EJylw.s:1394   .text.VL53L1_enable_firmware:00000000 VL53L1_enable_firmware
C:\Users\Lenovo\AppData\Local\Temp\cc9EJylw.s:1423   .text.VL53L1_disable_firmware:00000000 $t
C:\Users\Lenovo\AppData\Local\Temp\cc9EJylw.s:1429   .text.VL53L1_disable_firmware:00000000 VL53L1_disable_firmware
C:\Users\Lenovo\AppData\Local\Temp\cc9EJylw.s:1458   .text.VL53L1_set_powerforce_register:00000000 $t
C:\Users\Lenovo\AppData\Local\Temp\cc9EJylw.s:1464   .text.VL53L1_set_powerforce_register:00000000 VL53L1_set_powerforce_register
C:\Users\Lenovo\AppData\Local\Temp\cc9EJylw.s:1498   .text.VL53L1_enable_powerforce:00000000 $t
C:\Users\Lenovo\AppData\Local\Temp\cc9EJylw.s:1504   .text.VL53L1_enable_powerforce:00000000 VL53L1_enable_powerforce
C:\Users\Lenovo\AppData\Local\Temp\cc9EJylw.s:1533   .text.VL53L1_disable_powerforce:00000000 $t
C:\Users\Lenovo\AppData\Local\Temp\cc9EJylw.s:1539   .text.VL53L1_disable_powerforce:00000000 VL53L1_disable_powerforce
C:\Users\Lenovo\AppData\Local\Temp\cc9EJylw.s:1568   .text.VL53L1_clear_interrupt:00000000 $t
C:\Users\Lenovo\AppData\Local\Temp\cc9EJylw.s:1574   .text.VL53L1_clear_interrupt:00000000 VL53L1_clear_interrupt
C:\Users\Lenovo\AppData\Local\Temp\cc9EJylw.s:1608   .text.VL53L1_calc_macro_period_us:00000000 $t
C:\Users\Lenovo\AppData\Local\Temp\cc9EJylw.s:1614   .text.VL53L1_calc_macro_period_us:00000000 VL53L1_calc_macro_period_us
C:\Users\Lenovo\AppData\Local\Temp\cc9EJylw.s:1676   .text.VL53L1_calc_range_ignore_threshold:00000000 $t
C:\Users\Lenovo\AppData\Local\Temp\cc9EJylw.s:1682   .text.VL53L1_calc_range_ignore_threshold:00000000 VL53L1_calc_range_ignore_threshold
C:\Users\Lenovo\AppData\Local\Temp\cc9EJylw.s:1816   .text.VL53L1_calc_range_ignore_threshold:00000060 $d
ARM GAS  C:\Users\Lenovo\AppData\Local\Temp\cc9EJylw.s 			page 120


C:\Users\Lenovo\AppData\Local\Temp\cc9EJylw.s:1822   .text.VL53L1_calc_timeout_mclks:00000000 $t
C:\Users\Lenovo\AppData\Local\Temp\cc9EJylw.s:1828   .text.VL53L1_calc_timeout_mclks:00000000 VL53L1_calc_timeout_mclks
C:\Users\Lenovo\AppData\Local\Temp\cc9EJylw.s:1855   .text.VL53L1_calc_timeout_us:00000000 $t
C:\Users\Lenovo\AppData\Local\Temp\cc9EJylw.s:1861   .text.VL53L1_calc_timeout_us:00000000 VL53L1_calc_timeout_us
C:\Users\Lenovo\AppData\Local\Temp\cc9EJylw.s:1897   .text.VL53L1_calc_crosstalk_plane_offset_with_margin:00000000 $t
C:\Users\Lenovo\AppData\Local\Temp\cc9EJylw.s:1903   .text.VL53L1_calc_crosstalk_plane_offset_with_margin:00000000 VL53L1_calc_crosstalk_plane_offset_with_margin
C:\Users\Lenovo\AppData\Local\Temp\cc9EJylw.s:1945   .text.VL53L1_calc_crosstalk_plane_offset_with_margin:00000014 $d
C:\Users\Lenovo\AppData\Local\Temp\cc9EJylw.s:1950   .text.VL53L1_encode_timeout:00000000 $t
C:\Users\Lenovo\AppData\Local\Temp\cc9EJylw.s:1956   .text.VL53L1_encode_timeout:00000000 VL53L1_encode_timeout
C:\Users\Lenovo\AppData\Local\Temp\cc9EJylw.s:2022   .text.VL53L1_calc_encoded_timeout:00000000 $t
C:\Users\Lenovo\AppData\Local\Temp\cc9EJylw.s:2028   .text.VL53L1_calc_encoded_timeout:00000000 VL53L1_calc_encoded_timeout
C:\Users\Lenovo\AppData\Local\Temp\cc9EJylw.s:2061   .text.VL53L1_decode_timeout:00000000 $t
C:\Users\Lenovo\AppData\Local\Temp\cc9EJylw.s:2067   .text.VL53L1_decode_timeout:00000000 VL53L1_decode_timeout
C:\Users\Lenovo\AppData\Local\Temp\cc9EJylw.s:2095   .text.VL53L1_calc_decoded_timeout_us:00000000 $t
C:\Users\Lenovo\AppData\Local\Temp\cc9EJylw.s:2101   .text.VL53L1_calc_decoded_timeout_us:00000000 VL53L1_calc_decoded_timeout_us
C:\Users\Lenovo\AppData\Local\Temp\cc9EJylw.s:2137   .text.VL53L1_calc_timeout_register_values:00000000 $t
C:\Users\Lenovo\AppData\Local\Temp\cc9EJylw.s:2143   .text.VL53L1_calc_timeout_register_values:00000000 VL53L1_calc_timeout_register_values
C:\Users\Lenovo\AppData\Local\Temp\cc9EJylw.s:2302   .text.VL53L1_encode_vcsel_period:00000000 $t
C:\Users\Lenovo\AppData\Local\Temp\cc9EJylw.s:2308   .text.VL53L1_encode_vcsel_period:00000000 VL53L1_encode_vcsel_period
C:\Users\Lenovo\AppData\Local\Temp\cc9EJylw.s:2333   .text.VL53L1_decode_unsigned_integer:00000000 $t
C:\Users\Lenovo\AppData\Local\Temp\cc9EJylw.s:2339   .text.VL53L1_decode_unsigned_integer:00000000 VL53L1_decode_unsigned_integer
C:\Users\Lenovo\AppData\Local\Temp\cc9EJylw.s:2387   .text.VL53L1_encode_unsigned_integer:00000000 $t
C:\Users\Lenovo\AppData\Local\Temp\cc9EJylw.s:2393   .text.VL53L1_encode_unsigned_integer:00000000 VL53L1_encode_unsigned_integer
C:\Users\Lenovo\AppData\Local\Temp\cc9EJylw.s:2440   .text.VL53L1_spad_number_to_byte_bit_index:00000000 $t
C:\Users\Lenovo\AppData\Local\Temp\cc9EJylw.s:2446   .text.VL53L1_spad_number_to_byte_bit_index:00000000 VL53L1_spad_number_to_byte_bit_index
C:\Users\Lenovo\AppData\Local\Temp\cc9EJylw.s:2478   .text.VL53L1_encode_row_col:00000000 $t
C:\Users\Lenovo\AppData\Local\Temp\cc9EJylw.s:2484   .text.VL53L1_encode_row_col:00000000 VL53L1_encode_row_col
C:\Users\Lenovo\AppData\Local\Temp\cc9EJylw.s:2532   .text.VL53L1_decode_zone_size:00000000 $t
C:\Users\Lenovo\AppData\Local\Temp\cc9EJylw.s:2538   .text.VL53L1_decode_zone_size:00000000 VL53L1_decode_zone_size
C:\Users\Lenovo\AppData\Local\Temp\cc9EJylw.s:2562   .text.VL53L1_encode_zone_size:00000000 $t
C:\Users\Lenovo\AppData\Local\Temp\cc9EJylw.s:2568   .text.VL53L1_encode_zone_size:00000000 VL53L1_encode_zone_size
C:\Users\Lenovo\AppData\Local\Temp\cc9EJylw.s:2592   .text.VL53L1_decode_zone_limits:00000000 $t
C:\Users\Lenovo\AppData\Local\Temp\cc9EJylw.s:2598   .text.VL53L1_decode_zone_limits:00000000 VL53L1_decode_zone_limits
C:\Users\Lenovo\AppData\Local\Temp\cc9EJylw.s:2745   .text.VL53L1_is_aperture_location:00000000 $t
C:\Users\Lenovo\AppData\Local\Temp\cc9EJylw.s:2751   .text.VL53L1_is_aperture_location:00000000 VL53L1_is_aperture_location
C:\Users\Lenovo\AppData\Local\Temp\cc9EJylw.s:2813   .text.VL53L1_calc_mm_effective_spads:00000000 $t
C:\Users\Lenovo\AppData\Local\Temp\cc9EJylw.s:2819   .text.VL53L1_calc_mm_effective_spads:00000000 VL53L1_calc_mm_effective_spads
C:\Users\Lenovo\AppData\Local\Temp\cc9EJylw.s:3059   .text.VL53L1_encode_GPIO_interrupt_config:00000000 $t
C:\Users\Lenovo\AppData\Local\Temp\cc9EJylw.s:3065   .text.VL53L1_encode_GPIO_interrupt_config:00000000 VL53L1_encode_GPIO_interrupt_config
C:\Users\Lenovo\AppData\Local\Temp\cc9EJylw.s:3121   .text.VL53L1_decode_GPIO_interrupt_config:00000000 $t
C:\Users\Lenovo\AppData\Local\Temp\cc9EJylw.s:3127   .text.VL53L1_decode_GPIO_interrupt_config:00000000 VL53L1_decode_GPIO_interrupt_config
C:\Users\Lenovo\AppData\Local\Temp\cc9EJylw.s:3182   .text.VL53L1_set_GPIO_distance_threshold:00000000 $t
C:\Users\Lenovo\AppData\Local\Temp\cc9EJylw.s:3188   .text.VL53L1_set_GPIO_distance_threshold:00000000 VL53L1_set_GPIO_distance_threshold
C:\Users\Lenovo\AppData\Local\Temp\cc9EJylw.s:3216   .text.VL53L1_set_GPIO_rate_threshold:00000000 $t
C:\Users\Lenovo\AppData\Local\Temp\cc9EJylw.s:3222   .text.VL53L1_set_GPIO_rate_threshold:00000000 VL53L1_set_GPIO_rate_threshold
C:\Users\Lenovo\AppData\Local\Temp\cc9EJylw.s:3250   .text.VL53L1_set_GPIO_thresholds_from_struct:00000000 $t
C:\Users\Lenovo\AppData\Local\Temp\cc9EJylw.s:3256   .text.VL53L1_set_GPIO_thresholds_from_struct:00000000 VL53L1_set_GPIO_thresholds_from_struct
C:\Users\Lenovo\AppData\Local\Temp\cc9EJylw.s:3308   .text.VL53L1_set_ref_spad_char_config:00000000 $t
C:\Users\Lenovo\AppData\Local\Temp\cc9EJylw.s:3314   .text.VL53L1_set_ref_spad_char_config:00000000 VL53L1_set_ref_spad_char_config
C:\Users\Lenovo\AppData\Local\Temp\cc9EJylw.s:3498   .text.VL53L1_set_ssc_config:00000000 $t
C:\Users\Lenovo\AppData\Local\Temp\cc9EJylw.s:3504   .text.VL53L1_set_ssc_config:00000000 VL53L1_set_ssc_config
C:\Users\Lenovo\AppData\Local\Temp\cc9EJylw.s:3673   .text.VL53L1_get_spad_rate_data:00000000 $t
C:\Users\Lenovo\AppData\Local\Temp\cc9EJylw.s:3679   .text.VL53L1_get_spad_rate_data:00000000 VL53L1_get_spad_rate_data
C:\Users\Lenovo\AppData\Local\Temp\cc9EJylw.s:3808   .text.VL53L1_low_power_auto_data_init:00000000 $t
C:\Users\Lenovo\AppData\Local\Temp\cc9EJylw.s:3814   .text.VL53L1_low_power_auto_data_init:00000000 VL53L1_low_power_auto_data_init
C:\Users\Lenovo\AppData\Local\Temp\cc9EJylw.s:3867   .text.VL53L1_low_power_auto_data_stop_range:00000000 $t
C:\Users\Lenovo\AppData\Local\Temp\cc9EJylw.s:3873   .text.VL53L1_low_power_auto_data_stop_range:00000000 VL53L1_low_power_auto_data_stop_range
ARM GAS  C:\Users\Lenovo\AppData\Local\Temp\cc9EJylw.s 			page 121


C:\Users\Lenovo\AppData\Local\Temp\cc9EJylw.s:3933   .text.VL53L1_config_low_power_auto_mode:00000000 $t
C:\Users\Lenovo\AppData\Local\Temp\cc9EJylw.s:3939   .text.VL53L1_config_low_power_auto_mode:00000000 VL53L1_config_low_power_auto_mode
C:\Users\Lenovo\AppData\Local\Temp\cc9EJylw.s:3972   .text.VL53L1_low_power_auto_setup_manual_calibration:00000000 $t
C:\Users\Lenovo\AppData\Local\Temp\cc9EJylw.s:3978   .text.VL53L1_low_power_auto_setup_manual_calibration:00000000 VL53L1_low_power_auto_setup_manual_calibration
C:\Users\Lenovo\AppData\Local\Temp\cc9EJylw.s:4038   .text.VL53L1_low_power_auto_update_DSS:00000000 $t
C:\Users\Lenovo\AppData\Local\Temp\cc9EJylw.s:4044   .text.VL53L1_low_power_auto_update_DSS:00000000 VL53L1_low_power_auto_update_DSS

UNDEFINED SYMBOLS
VL53L1_WrByte
VL53L1_calc_pll_period_us
VL53L1_decode_vcsel_period
VL53L1_decode_row_col
VL53L1_WriteMulti
VL53L1_WrWord
VL53L1_ReadMulti
