ARM GAS  C:\Users\Lenovo\AppData\Local\Temp\ccO2RBeu.s 			page 1


   1              		.cpu cortex-m4
   2              		.arch armv7e-m
   3              		.fpu fpv4-sp-d16
   4              		.eabi_attribute 27, 1
   5              		.eabi_attribute 28, 1
   6              		.eabi_attribute 20, 1
   7              		.eabi_attribute 21, 1
   8              		.eabi_attribute 23, 3
   9              		.eabi_attribute 24, 1
  10              		.eabi_attribute 25, 1
  11              		.eabi_attribute 26, 1
  12              		.eabi_attribute 30, 1
  13              		.eabi_attribute 34, 1
  14              		.eabi_attribute 18, 4
  15              		.file	"vl53l1_api_preset_modes.c"
  16              		.text
  17              	.Ltext0:
  18              		.cfi_sections	.debug_frame
  19              		.section	.text.VL53L1_init_refspadchar_config_struct,"ax",%progbits
  20              		.align	1
  21              		.global	VL53L1_init_refspadchar_config_struct
  22              		.syntax unified
  23              		.thumb
  24              		.thumb_func
  26              	VL53L1_init_refspadchar_config_struct:
  27              	.LVL0:
  28              	.LFB3:
  29              		.file 1 "Core/Src/vl53l1_api_preset_modes.c"
   1:Core/Src/vl53l1_api_preset_modes.c **** /*
   2:Core/Src/vl53l1_api_preset_modes.c **** * Copyright (c) 2017, STMicroelectronics - All Rights Reserved
   3:Core/Src/vl53l1_api_preset_modes.c **** *
   4:Core/Src/vl53l1_api_preset_modes.c **** * This file is part of VL53L1 Core and is dual licensed,
   5:Core/Src/vl53l1_api_preset_modes.c **** * either 'STMicroelectronics
   6:Core/Src/vl53l1_api_preset_modes.c **** * Proprietary license'
   7:Core/Src/vl53l1_api_preset_modes.c **** * or 'BSD 3-clause "New" or "Revised" License' , at your option.
   8:Core/Src/vl53l1_api_preset_modes.c **** *
   9:Core/Src/vl53l1_api_preset_modes.c **** ********************************************************************************
  10:Core/Src/vl53l1_api_preset_modes.c **** *
  11:Core/Src/vl53l1_api_preset_modes.c **** * 'STMicroelectronics Proprietary license'
  12:Core/Src/vl53l1_api_preset_modes.c **** *
  13:Core/Src/vl53l1_api_preset_modes.c **** ********************************************************************************
  14:Core/Src/vl53l1_api_preset_modes.c **** *
  15:Core/Src/vl53l1_api_preset_modes.c **** * License terms: STMicroelectronics Proprietary in accordance with licensing
  16:Core/Src/vl53l1_api_preset_modes.c **** * terms at www.st.com/sla0081
  17:Core/Src/vl53l1_api_preset_modes.c **** *
  18:Core/Src/vl53l1_api_preset_modes.c **** * STMicroelectronics confidential
  19:Core/Src/vl53l1_api_preset_modes.c **** * Reproduction and Communication of this document is strictly prohibited unless
  20:Core/Src/vl53l1_api_preset_modes.c **** * specifically authorized in writing by STMicroelectronics.
  21:Core/Src/vl53l1_api_preset_modes.c **** *
  22:Core/Src/vl53l1_api_preset_modes.c **** *
  23:Core/Src/vl53l1_api_preset_modes.c **** ********************************************************************************
  24:Core/Src/vl53l1_api_preset_modes.c **** *
  25:Core/Src/vl53l1_api_preset_modes.c **** * Alternatively, VL53L1 Core may be distributed under the terms of
  26:Core/Src/vl53l1_api_preset_modes.c **** * 'BSD 3-clause "New" or "Revised" License', in which case the following
  27:Core/Src/vl53l1_api_preset_modes.c **** * provisions apply instead of the ones mentioned above :
  28:Core/Src/vl53l1_api_preset_modes.c **** *
  29:Core/Src/vl53l1_api_preset_modes.c **** ********************************************************************************
ARM GAS  C:\Users\Lenovo\AppData\Local\Temp\ccO2RBeu.s 			page 2


  30:Core/Src/vl53l1_api_preset_modes.c **** *
  31:Core/Src/vl53l1_api_preset_modes.c **** * License terms: BSD 3-clause "New" or "Revised" License.
  32:Core/Src/vl53l1_api_preset_modes.c **** *
  33:Core/Src/vl53l1_api_preset_modes.c **** * Redistribution and use in source and binary forms, with or without
  34:Core/Src/vl53l1_api_preset_modes.c **** * modification, are permitted provided that the following conditions are met:
  35:Core/Src/vl53l1_api_preset_modes.c **** *
  36:Core/Src/vl53l1_api_preset_modes.c **** * 1. Redistributions of source code must retain the above copyright notice, this
  37:Core/Src/vl53l1_api_preset_modes.c **** * list of conditions and the following disclaimer.
  38:Core/Src/vl53l1_api_preset_modes.c **** *
  39:Core/Src/vl53l1_api_preset_modes.c **** * 2. Redistributions in binary form must reproduce the above copyright notice,
  40:Core/Src/vl53l1_api_preset_modes.c **** * this list of conditions and the following disclaimer in the documentation
  41:Core/Src/vl53l1_api_preset_modes.c **** * and/or other materials provided with the distribution.
  42:Core/Src/vl53l1_api_preset_modes.c **** *
  43:Core/Src/vl53l1_api_preset_modes.c **** * 3. Neither the name of the copyright holder nor the names of its contributors
  44:Core/Src/vl53l1_api_preset_modes.c **** * may be used to endorse or promote products derived from this software
  45:Core/Src/vl53l1_api_preset_modes.c **** * without specific prior written permission.
  46:Core/Src/vl53l1_api_preset_modes.c **** *
  47:Core/Src/vl53l1_api_preset_modes.c **** * THIS SOFTWARE IS PROVIDED BY THE COPYRIGHT HOLDERS AND CONTRIBUTORS "AS IS"
  48:Core/Src/vl53l1_api_preset_modes.c **** * AND ANY EXPRESS OR IMPLIED WARRANTIES, INCLUDING, BUT NOT LIMITED TO, THE
  49:Core/Src/vl53l1_api_preset_modes.c **** * IMPLIED WARRANTIES OF MERCHANTABILITY AND FITNESS FOR A PARTICULAR PURPOSE ARE
  50:Core/Src/vl53l1_api_preset_modes.c **** * DISCLAIMED. IN NO EVENT SHALL THE COPYRIGHT HOLDER OR CONTRIBUTORS BE LIABLE
  51:Core/Src/vl53l1_api_preset_modes.c **** * FOR ANY DIRECT, INDIRECT, INCIDENTAL, SPECIAL, EXEMPLARY, OR CONSEQUENTIAL
  52:Core/Src/vl53l1_api_preset_modes.c **** * DAMAGES (INCLUDING, BUT NOT LIMITED TO, PROCUREMENT OF SUBSTITUTE GOODS OR
  53:Core/Src/vl53l1_api_preset_modes.c **** * SERVICES; LOSS OF USE, DATA, OR PROFITS; OR BUSINESS INTERRUPTION) HOWEVER
  54:Core/Src/vl53l1_api_preset_modes.c **** * CAUSED AND ON ANY THEORY OF LIABILITY, WHETHER IN CONTRACT, STRICT LIABILITY,
  55:Core/Src/vl53l1_api_preset_modes.c **** * OR TORT (INCLUDING NEGLIGENCE OR OTHERWISE) ARISING IN ANY WAY OUT OF THE USE
  56:Core/Src/vl53l1_api_preset_modes.c **** * OF THIS SOFTWARE, EVEN IF ADVISED OF THE POSSIBILITY OF SUCH DAMAGE.
  57:Core/Src/vl53l1_api_preset_modes.c **** *
  58:Core/Src/vl53l1_api_preset_modes.c **** *
  59:Core/Src/vl53l1_api_preset_modes.c **** ********************************************************************************
  60:Core/Src/vl53l1_api_preset_modes.c **** *
  61:Core/Src/vl53l1_api_preset_modes.c **** */
  62:Core/Src/vl53l1_api_preset_modes.c **** 
  63:Core/Src/vl53l1_api_preset_modes.c **** /**
  64:Core/Src/vl53l1_api_preset_modes.c ****  * @file  vl53l1_api_preset_modes.c
  65:Core/Src/vl53l1_api_preset_modes.c ****  *
  66:Core/Src/vl53l1_api_preset_modes.c ****  * @brief EwokPlus25 API Preset Modes definitions
  67:Core/Src/vl53l1_api_preset_modes.c ****  */
  68:Core/Src/vl53l1_api_preset_modes.c **** 
  69:Core/Src/vl53l1_api_preset_modes.c **** #include "vl53l1_ll_def.h"
  70:Core/Src/vl53l1_api_preset_modes.c **** #include "vl53l1_platform_log.h"
  71:Core/Src/vl53l1_api_preset_modes.c **** #include "vl53l1_register_structs.h"
  72:Core/Src/vl53l1_api_preset_modes.c **** #include "vl53l1_register_settings.h"
  73:Core/Src/vl53l1_api_preset_modes.c **** #include "vl53l1_core.h"
  74:Core/Src/vl53l1_api_preset_modes.c **** #include "vl53l1_api_preset_modes.h"
  75:Core/Src/vl53l1_api_preset_modes.c **** #include "vl53l1_tuning_parm_defaults.h"
  76:Core/Src/vl53l1_api_preset_modes.c **** 
  77:Core/Src/vl53l1_api_preset_modes.c **** 
  78:Core/Src/vl53l1_api_preset_modes.c **** #define LOG_FUNCTION_START(fmt, ...) \
  79:Core/Src/vl53l1_api_preset_modes.c **** 	_LOG_FUNCTION_START(VL53L1_TRACE_MODULE_API, fmt, ##__VA_ARGS__)
  80:Core/Src/vl53l1_api_preset_modes.c **** #define LOG_FUNCTION_END(status, ...) \
  81:Core/Src/vl53l1_api_preset_modes.c **** 	_LOG_FUNCTION_END(VL53L1_TRACE_MODULE_API, status, ##__VA_ARGS__)
  82:Core/Src/vl53l1_api_preset_modes.c **** #define LOG_FUNCTION_END_FMT(status, fmt, ...) \
  83:Core/Src/vl53l1_api_preset_modes.c **** 	_LOG_FUNCTION_END_FMT(VL53L1_TRACE_MODULE_API, status, fmt, ##__VA_ARGS__)
  84:Core/Src/vl53l1_api_preset_modes.c **** 
  85:Core/Src/vl53l1_api_preset_modes.c **** 
  86:Core/Src/vl53l1_api_preset_modes.c **** #ifndef VL53L1_NOCALIB
ARM GAS  C:\Users\Lenovo\AppData\Local\Temp\ccO2RBeu.s 			page 3


  87:Core/Src/vl53l1_api_preset_modes.c **** VL53L1_Error VL53L1_init_refspadchar_config_struct(
  88:Core/Src/vl53l1_api_preset_modes.c **** 	VL53L1_refspadchar_config_t   *pdata)
  89:Core/Src/vl53l1_api_preset_modes.c **** {
  30              		.loc 1 89 1 view -0
  31              		.cfi_startproc
  32              		@ args = 0, pretend = 0, frame = 0
  33              		@ frame_needed = 0, uses_anonymous_args = 0
  34              		@ link register save eliminated.
  90:Core/Src/vl53l1_api_preset_modes.c **** 	/*
  91:Core/Src/vl53l1_api_preset_modes.c **** 	 * Initializes Ref SPAD Char data structures preset mode
  92:Core/Src/vl53l1_api_preset_modes.c **** 	 */
  93:Core/Src/vl53l1_api_preset_modes.c **** 
  94:Core/Src/vl53l1_api_preset_modes.c **** 	VL53L1_Error  status = VL53L1_ERROR_NONE;
  35              		.loc 1 94 2 view .LVU1
  95:Core/Src/vl53l1_api_preset_modes.c **** 
  96:Core/Src/vl53l1_api_preset_modes.c **** 	LOG_FUNCTION_START("");
  36              		.loc 1 96 24 view .LVU2
  97:Core/Src/vl53l1_api_preset_modes.c **** 
  98:Core/Src/vl53l1_api_preset_modes.c **** 	/* Reference SPAD Char Configuration
  99:Core/Src/vl53l1_api_preset_modes.c **** 	 *
 100:Core/Src/vl53l1_api_preset_modes.c **** 	 * vcsel_period              = 0x0B   - 24 clock VCSEL period
 101:Core/Src/vl53l1_api_preset_modes.c **** 	 * timeout_us                = 1000   - Set 1000us phase cal timeout
 102:Core/Src/vl53l1_api_preset_modes.c **** 	 * target_count_rate_mcps    = 0x0A00 - 9.7 -> 20.0 Mcps
 103:Core/Src/vl53l1_api_preset_modes.c **** 	 * min_count_rate_limit_mcps = 0x0500 - 9.7 -> 10.0 Mcps
 104:Core/Src/vl53l1_api_preset_modes.c **** 	 * max_count_rate_limit_mcps = 0x1400 - 9.7 -> 40.0 Mcps
 105:Core/Src/vl53l1_api_preset_modes.c **** 	 */
 106:Core/Src/vl53l1_api_preset_modes.c **** 
 107:Core/Src/vl53l1_api_preset_modes.c **** 	pdata->device_test_mode =
  37              		.loc 1 107 2 view .LVU3
  38              		.loc 1 107 26 is_stmt 0 view .LVU4
  39 0000 0823     		movs	r3, #8
  40 0002 0370     		strb	r3, [r0]
 108:Core/Src/vl53l1_api_preset_modes.c **** 			VL53L1_TUNINGPARM_REFSPADCHAR_DEVICE_TEST_MODE_DEFAULT;
 109:Core/Src/vl53l1_api_preset_modes.c **** 	pdata->vcsel_period              =
  41              		.loc 1 109 2 is_stmt 1 view .LVU5
  42              		.loc 1 109 35 is_stmt 0 view .LVU6
  43 0004 0B23     		movs	r3, #11
  44 0006 4370     		strb	r3, [r0, #1]
 110:Core/Src/vl53l1_api_preset_modes.c **** 			VL53L1_TUNINGPARM_REFSPADCHAR_VCSEL_PERIOD_DEFAULT;
 111:Core/Src/vl53l1_api_preset_modes.c **** 	pdata->timeout_us                =
  45              		.loc 1 111 2 is_stmt 1 view .LVU7
  46              		.loc 1 111 35 is_stmt 0 view .LVU8
  47 0008 4FF47A73 		mov	r3, #1000
  48 000c 4360     		str	r3, [r0, #4]
 112:Core/Src/vl53l1_api_preset_modes.c **** 			VL53L1_TUNINGPARM_REFSPADCHAR_PHASECAL_TIMEOUT_US_DEFAULT;
 113:Core/Src/vl53l1_api_preset_modes.c **** 	pdata->target_count_rate_mcps    =
  49              		.loc 1 113 2 is_stmt 1 view .LVU9
  50              		.loc 1 113 35 is_stmt 0 view .LVU10
  51 000e 4FF42063 		mov	r3, #2560
  52 0012 0381     		strh	r3, [r0, #8]	@ movhi
 114:Core/Src/vl53l1_api_preset_modes.c **** 			VL53L1_TUNINGPARM_REFSPADCHAR_TARGET_COUNT_RATE_MCPS_DEFAULT;
 115:Core/Src/vl53l1_api_preset_modes.c **** 	pdata->min_count_rate_limit_mcps =
  53              		.loc 1 115 2 is_stmt 1 view .LVU11
  54              		.loc 1 115 35 is_stmt 0 view .LVU12
  55 0014 4FF4A063 		mov	r3, #1280
  56 0018 4381     		strh	r3, [r0, #10]	@ movhi
 116:Core/Src/vl53l1_api_preset_modes.c **** 			VL53L1_TUNINGPARM_REFSPADCHAR_MIN_COUNTRATE_LIMIT_MCPS_DEFAULT;
ARM GAS  C:\Users\Lenovo\AppData\Local\Temp\ccO2RBeu.s 			page 4


 117:Core/Src/vl53l1_api_preset_modes.c **** 	pdata->max_count_rate_limit_mcps =
  57              		.loc 1 117 2 is_stmt 1 view .LVU13
  58              		.loc 1 117 35 is_stmt 0 view .LVU14
  59 001a 4FF4A053 		mov	r3, #5120
  60 001e 8381     		strh	r3, [r0, #12]	@ movhi
 118:Core/Src/vl53l1_api_preset_modes.c **** 			VL53L1_TUNINGPARM_REFSPADCHAR_MAX_COUNTRATE_LIMIT_MCPS_DEFAULT;
 119:Core/Src/vl53l1_api_preset_modes.c **** 
 120:Core/Src/vl53l1_api_preset_modes.c **** 	LOG_FUNCTION_END(status);
  61              		.loc 1 120 26 is_stmt 1 view .LVU15
 121:Core/Src/vl53l1_api_preset_modes.c **** 
 122:Core/Src/vl53l1_api_preset_modes.c **** 	return status;
  62              		.loc 1 122 2 view .LVU16
 123:Core/Src/vl53l1_api_preset_modes.c **** }
  63              		.loc 1 123 1 is_stmt 0 view .LVU17
  64 0020 0020     		movs	r0, #0
  65              	.LVL1:
  66              		.loc 1 123 1 view .LVU18
  67 0022 7047     		bx	lr
  68              		.cfi_endproc
  69              	.LFE3:
  71              		.section	.text.VL53L1_init_ssc_config_struct,"ax",%progbits
  72              		.align	1
  73              		.global	VL53L1_init_ssc_config_struct
  74              		.syntax unified
  75              		.thumb
  76              		.thumb_func
  78              	VL53L1_init_ssc_config_struct:
  79              	.LVL2:
  80              	.LFB4:
 124:Core/Src/vl53l1_api_preset_modes.c **** #endif
 125:Core/Src/vl53l1_api_preset_modes.c **** 
 126:Core/Src/vl53l1_api_preset_modes.c **** 
 127:Core/Src/vl53l1_api_preset_modes.c **** #ifndef VL53L1_NOCALIB
 128:Core/Src/vl53l1_api_preset_modes.c **** VL53L1_Error VL53L1_init_ssc_config_struct(
 129:Core/Src/vl53l1_api_preset_modes.c **** 	VL53L1_ssc_config_t   *pdata)
 130:Core/Src/vl53l1_api_preset_modes.c **** {
  81              		.loc 1 130 1 is_stmt 1 view -0
  82              		.cfi_startproc
  83              		@ args = 0, pretend = 0, frame = 0
  84              		@ frame_needed = 0, uses_anonymous_args = 0
  85              		@ link register save eliminated.
  86              		.loc 1 130 1 is_stmt 0 view .LVU20
  87 0000 0346     		mov	r3, r0
 131:Core/Src/vl53l1_api_preset_modes.c **** 	/*
 132:Core/Src/vl53l1_api_preset_modes.c **** 	 * Initializes SPAD Self Check (SSC) data structure
 133:Core/Src/vl53l1_api_preset_modes.c **** 	 */
 134:Core/Src/vl53l1_api_preset_modes.c **** 
 135:Core/Src/vl53l1_api_preset_modes.c **** 	VL53L1_Error  status = VL53L1_ERROR_NONE;
  88              		.loc 1 135 2 is_stmt 1 view .LVU21
  89              	.LVL3:
 136:Core/Src/vl53l1_api_preset_modes.c **** 
 137:Core/Src/vl53l1_api_preset_modes.c **** 	LOG_FUNCTION_START("");
  90              		.loc 1 137 24 view .LVU22
 138:Core/Src/vl53l1_api_preset_modes.c **** 
 139:Core/Src/vl53l1_api_preset_modes.c **** 	/* SPAD Select Check Configuration */
 140:Core/Src/vl53l1_api_preset_modes.c **** 
 141:Core/Src/vl53l1_api_preset_modes.c **** 	/* 0 - store RTN count rates
ARM GAS  C:\Users\Lenovo\AppData\Local\Temp\ccO2RBeu.s 			page 5


 142:Core/Src/vl53l1_api_preset_modes.c **** 	 * 1 - store REF count rates
 143:Core/Src/vl53l1_api_preset_modes.c **** 	 */
 144:Core/Src/vl53l1_api_preset_modes.c **** 	pdata->array_select = VL53L1_DEVICESSCARRAY_RTN;
  91              		.loc 1 144 2 view .LVU23
  92              		.loc 1 144 22 is_stmt 0 view .LVU24
  93 0002 0020     		movs	r0, #0
  94              	.LVL4:
  95              		.loc 1 144 22 view .LVU25
  96 0004 1870     		strb	r0, [r3]
 145:Core/Src/vl53l1_api_preset_modes.c **** 
 146:Core/Src/vl53l1_api_preset_modes.c **** 	/* VCSEL period register value  0x12 (18) -> 38 VCSEL clocks */
 147:Core/Src/vl53l1_api_preset_modes.c **** 	pdata->vcsel_period =
  97              		.loc 1 147 2 is_stmt 1 view .LVU26
  98              		.loc 1 147 22 is_stmt 0 view .LVU27
  99 0006 1222     		movs	r2, #18
 100 0008 5A70     		strb	r2, [r3, #1]
 148:Core/Src/vl53l1_api_preset_modes.c **** 			VL53L1_TUNINGPARM_SPADMAP_VCSEL_PERIOD_DEFAULT;
 149:Core/Src/vl53l1_api_preset_modes.c **** 
 150:Core/Src/vl53l1_api_preset_modes.c **** 	/* VCSEL pulse start */
 151:Core/Src/vl53l1_api_preset_modes.c **** 	pdata->vcsel_start  =
 101              		.loc 1 151 2 is_stmt 1 view .LVU28
 102              		.loc 1 151 22 is_stmt 0 view .LVU29
 103 000a 0F22     		movs	r2, #15
 104 000c 9A70     		strb	r2, [r3, #2]
 152:Core/Src/vl53l1_api_preset_modes.c **** 			VL53L1_TUNINGPARM_SPADMAP_VCSEL_START_DEFAULT;
 153:Core/Src/vl53l1_api_preset_modes.c **** 
 154:Core/Src/vl53l1_api_preset_modes.c **** 	/* VCSEL pulse width */
 155:Core/Src/vl53l1_api_preset_modes.c **** 	pdata->vcsel_width  = 0x02;
 105              		.loc 1 155 2 is_stmt 1 view .LVU30
 106              		.loc 1 155 22 is_stmt 0 view .LVU31
 107 000e 0222     		movs	r2, #2
 108 0010 DA70     		strb	r2, [r3, #3]
 156:Core/Src/vl53l1_api_preset_modes.c **** 
 157:Core/Src/vl53l1_api_preset_modes.c **** 	/* SSC timeout [us] */
 158:Core/Src/vl53l1_api_preset_modes.c **** 	pdata->timeout_us   = 36000;
 109              		.loc 1 158 2 is_stmt 1 view .LVU32
 110              		.loc 1 158 22 is_stmt 0 view .LVU33
 111 0012 48F6A042 		movw	r2, #36000
 112 0016 5A60     		str	r2, [r3, #4]
 159:Core/Src/vl53l1_api_preset_modes.c **** 
 160:Core/Src/vl53l1_api_preset_modes.c **** 	/* SSC rate limit [Mcps]
 161:Core/Src/vl53l1_api_preset_modes.c **** 	 * - 9.7 for VCSEL ON
 162:Core/Src/vl53l1_api_preset_modes.c **** 	 * - 1.15 for VCSEL OFF
 163:Core/Src/vl53l1_api_preset_modes.c **** 	 */
 164:Core/Src/vl53l1_api_preset_modes.c **** 	pdata->rate_limit_mcps =
 113              		.loc 1 164 2 is_stmt 1 view .LVU34
 114              		.loc 1 164 25 is_stmt 0 view .LVU35
 115 0018 0C22     		movs	r2, #12
 116 001a 1A81     		strh	r2, [r3, #8]	@ movhi
 165:Core/Src/vl53l1_api_preset_modes.c **** 			VL53L1_TUNINGPARM_SPADMAP_RATE_LIMIT_MCPS_DEFAULT;
 166:Core/Src/vl53l1_api_preset_modes.c **** 
 167:Core/Src/vl53l1_api_preset_modes.c **** 	LOG_FUNCTION_END(status);
 117              		.loc 1 167 26 is_stmt 1 view .LVU36
 168:Core/Src/vl53l1_api_preset_modes.c **** 
 169:Core/Src/vl53l1_api_preset_modes.c **** 	return status;
 118              		.loc 1 169 2 view .LVU37
 170:Core/Src/vl53l1_api_preset_modes.c **** }
ARM GAS  C:\Users\Lenovo\AppData\Local\Temp\ccO2RBeu.s 			page 6


 119              		.loc 1 170 1 is_stmt 0 view .LVU38
 120 001c 7047     		bx	lr
 121              		.cfi_endproc
 122              	.LFE4:
 124              		.section	.text.VL53L1_init_xtalk_config_struct,"ax",%progbits
 125              		.align	1
 126              		.global	VL53L1_init_xtalk_config_struct
 127              		.syntax unified
 128              		.thumb
 129              		.thumb_func
 131              	VL53L1_init_xtalk_config_struct:
 132              	.LVL5:
 133              	.LFB5:
 171:Core/Src/vl53l1_api_preset_modes.c **** #endif
 172:Core/Src/vl53l1_api_preset_modes.c **** 
 173:Core/Src/vl53l1_api_preset_modes.c **** 
 174:Core/Src/vl53l1_api_preset_modes.c **** VL53L1_Error VL53L1_init_xtalk_config_struct(
 175:Core/Src/vl53l1_api_preset_modes.c **** 	VL53L1_customer_nvm_managed_t *pnvm,
 176:Core/Src/vl53l1_api_preset_modes.c **** 	VL53L1_xtalk_config_t   *pdata)
 177:Core/Src/vl53l1_api_preset_modes.c **** {
 134              		.loc 1 177 1 is_stmt 1 view -0
 135              		.cfi_startproc
 136              		@ args = 0, pretend = 0, frame = 0
 137              		@ frame_needed = 0, uses_anonymous_args = 0
 138              		.loc 1 177 1 is_stmt 0 view .LVU40
 139 0000 38B5     		push	{r3, r4, r5, lr}
 140              	.LCFI0:
 141              		.cfi_def_cfa_offset 16
 142              		.cfi_offset 3, -16
 143              		.cfi_offset 4, -12
 144              		.cfi_offset 5, -8
 145              		.cfi_offset 14, -4
 146 0002 0C46     		mov	r4, r1
 178:Core/Src/vl53l1_api_preset_modes.c **** 	/*
 179:Core/Src/vl53l1_api_preset_modes.c **** 	 * Initializes Xtalk Config structure
 180:Core/Src/vl53l1_api_preset_modes.c **** 	 */
 181:Core/Src/vl53l1_api_preset_modes.c **** 
 182:Core/Src/vl53l1_api_preset_modes.c **** 	VL53L1_Error  status = VL53L1_ERROR_NONE;
 147              		.loc 1 182 2 is_stmt 1 view .LVU41
 148              	.LVL6:
 183:Core/Src/vl53l1_api_preset_modes.c **** 
 184:Core/Src/vl53l1_api_preset_modes.c **** 	LOG_FUNCTION_START("");
 149              		.loc 1 184 24 view .LVU42
 185:Core/Src/vl53l1_api_preset_modes.c **** 
 186:Core/Src/vl53l1_api_preset_modes.c **** 	/* Xtalk default configuration
 187:Core/Src/vl53l1_api_preset_modes.c **** 	 *
 188:Core/Src/vl53l1_api_preset_modes.c **** 	 * algo__crosstalk_compensation_plane_offset_kcps
 189:Core/Src/vl53l1_api_preset_modes.c **** 	 *  = pdev->customer.algo__crosstalk_compensation_plane_offset_kcps
 190:Core/Src/vl53l1_api_preset_modes.c **** 	 * algo__crosstalk_compensation_x_plane_gradient_kcps
 191:Core/Src/vl53l1_api_preset_modes.c **** 	 *  = pdev->customer.algo__crosstalk_compensation_x_plane_gradient_kcps
 192:Core/Src/vl53l1_api_preset_modes.c **** 	 * algo__crosstalk_compensation_y_plane_gradient_kcps
 193:Core/Src/vl53l1_api_preset_modes.c **** 	 *  = pdev->customer.algo__crosstalk_compensation_y_plane_gradient_kcps
 194:Core/Src/vl53l1_api_preset_modes.c **** 	 *
 195:Core/Src/vl53l1_api_preset_modes.c **** 	 */
 196:Core/Src/vl53l1_api_preset_modes.c **** 
 197:Core/Src/vl53l1_api_preset_modes.c **** 	/* Store xtalk data into golden copy */
 198:Core/Src/vl53l1_api_preset_modes.c **** 
ARM GAS  C:\Users\Lenovo\AppData\Local\Temp\ccO2RBeu.s 			page 7


 199:Core/Src/vl53l1_api_preset_modes.c **** 	pdata->algo__crosstalk_compensation_plane_offset_kcps      =
 150              		.loc 1 199 2 view .LVU43
 200:Core/Src/vl53l1_api_preset_modes.c **** 		pnvm->algo__crosstalk_compensation_plane_offset_kcps;
 151              		.loc 1 200 7 is_stmt 0 view .LVU44
 152 0004 4589     		ldrh	r5, [r0, #10]
 199:Core/Src/vl53l1_api_preset_modes.c **** 		pnvm->algo__crosstalk_compensation_plane_offset_kcps;
 153              		.loc 1 199 61 view .LVU45
 154 0006 0D60     		str	r5, [r1]
 201:Core/Src/vl53l1_api_preset_modes.c **** 	pdata->algo__crosstalk_compensation_x_plane_gradient_kcps  =
 155              		.loc 1 201 2 is_stmt 1 view .LVU46
 202:Core/Src/vl53l1_api_preset_modes.c **** 		pnvm->algo__crosstalk_compensation_x_plane_gradient_kcps;
 156              		.loc 1 202 7 is_stmt 0 view .LVU47
 157 0008 B0F90C10 		ldrsh	r1, [r0, #12]
 158              	.LVL7:
 201:Core/Src/vl53l1_api_preset_modes.c **** 	pdata->algo__crosstalk_compensation_x_plane_gradient_kcps  =
 159              		.loc 1 201 61 view .LVU48
 160 000c A180     		strh	r1, [r4, #4]	@ movhi
 203:Core/Src/vl53l1_api_preset_modes.c **** 	pdata->algo__crosstalk_compensation_y_plane_gradient_kcps  =
 161              		.loc 1 203 2 is_stmt 1 view .LVU49
 204:Core/Src/vl53l1_api_preset_modes.c **** 		pnvm->algo__crosstalk_compensation_y_plane_gradient_kcps;
 162              		.loc 1 204 7 is_stmt 0 view .LVU50
 163 000e B0F90E20 		ldrsh	r2, [r0, #14]
 203:Core/Src/vl53l1_api_preset_modes.c **** 	pdata->algo__crosstalk_compensation_y_plane_gradient_kcps  =
 164              		.loc 1 203 61 view .LVU51
 165 0012 E280     		strh	r2, [r4, #6]	@ movhi
 205:Core/Src/vl53l1_api_preset_modes.c **** 
 206:Core/Src/vl53l1_api_preset_modes.c **** 	/* Store NVM defaults for later use */
 207:Core/Src/vl53l1_api_preset_modes.c **** 
 208:Core/Src/vl53l1_api_preset_modes.c **** 	pdata->nvm_default__crosstalk_compensation_plane_offset_kcps      =
 166              		.loc 1 208 2 is_stmt 1 view .LVU52
 209:Core/Src/vl53l1_api_preset_modes.c **** 		(uint32_t)pnvm->algo__crosstalk_compensation_plane_offset_kcps;
 167              		.loc 1 209 17 is_stmt 0 view .LVU53
 168 0014 4389     		ldrh	r3, [r0, #10]
 208:Core/Src/vl53l1_api_preset_modes.c **** 		(uint32_t)pnvm->algo__crosstalk_compensation_plane_offset_kcps;
 169              		.loc 1 208 68 view .LVU54
 170 0016 A360     		str	r3, [r4, #8]
 210:Core/Src/vl53l1_api_preset_modes.c **** 	pdata->nvm_default__crosstalk_compensation_x_plane_gradient_kcps  =
 171              		.loc 1 210 2 is_stmt 1 view .LVU55
 211:Core/Src/vl53l1_api_preset_modes.c **** 		pnvm->algo__crosstalk_compensation_x_plane_gradient_kcps;
 172              		.loc 1 211 7 is_stmt 0 view .LVU56
 173 0018 B0F90C30 		ldrsh	r3, [r0, #12]
 210:Core/Src/vl53l1_api_preset_modes.c **** 	pdata->nvm_default__crosstalk_compensation_x_plane_gradient_kcps  =
 174              		.loc 1 210 68 view .LVU57
 175 001c A381     		strh	r3, [r4, #12]	@ movhi
 212:Core/Src/vl53l1_api_preset_modes.c **** 	pdata->nvm_default__crosstalk_compensation_y_plane_gradient_kcps  =
 176              		.loc 1 212 2 is_stmt 1 view .LVU58
 213:Core/Src/vl53l1_api_preset_modes.c **** 		pnvm->algo__crosstalk_compensation_y_plane_gradient_kcps;
 177              		.loc 1 213 7 is_stmt 0 view .LVU59
 178 001e B0F90E30 		ldrsh	r3, [r0, #14]
 212:Core/Src/vl53l1_api_preset_modes.c **** 	pdata->nvm_default__crosstalk_compensation_y_plane_gradient_kcps  =
 179              		.loc 1 212 68 view .LVU60
 180 0022 E381     		strh	r3, [r4, #14]	@ movhi
 214:Core/Src/vl53l1_api_preset_modes.c **** 
 215:Core/Src/vl53l1_api_preset_modes.c **** 	pdata->lite_mode_crosstalk_margin_kcps                     =
 181              		.loc 1 215 2 is_stmt 1 view .LVU61
 182              		.loc 1 215 61 is_stmt 0 view .LVU62
 183 0024 0023     		movs	r3, #0
ARM GAS  C:\Users\Lenovo\AppData\Local\Temp\ccO2RBeu.s 			page 8


 184 0026 6382     		strh	r3, [r4, #18]	@ movhi
 216:Core/Src/vl53l1_api_preset_modes.c **** 			VL53L1_TUNINGPARM_LITE_XTALK_MARGIN_KCPS_DEFAULT;
 217:Core/Src/vl53l1_api_preset_modes.c **** 
 218:Core/Src/vl53l1_api_preset_modes.c **** 	/* Default for Range Ignore Threshold Mult = 2.0 */
 219:Core/Src/vl53l1_api_preset_modes.c **** 
 220:Core/Src/vl53l1_api_preset_modes.c **** 	pdata->crosstalk_range_ignore_threshold_mult =
 185              		.loc 1 220 2 is_stmt 1 view .LVU63
 186              		.loc 1 220 47 is_stmt 0 view .LVU64
 187 0028 4023     		movs	r3, #64
 188 002a 2375     		strb	r3, [r4, #20]
 221:Core/Src/vl53l1_api_preset_modes.c **** 			VL53L1_TUNINGPARM_LITE_RIT_MULT_DEFAULT;
 222:Core/Src/vl53l1_api_preset_modes.c **** 
 223:Core/Src/vl53l1_api_preset_modes.c **** 	if ((pdata->algo__crosstalk_compensation_plane_offset_kcps == 0x00)
 189              		.loc 1 223 2 is_stmt 1 view .LVU65
 190              		.loc 1 223 5 is_stmt 0 view .LVU66
 191 002c 1DB9     		cbnz	r5, .L4
 224:Core/Src/vl53l1_api_preset_modes.c **** 		&& (pdata->algo__crosstalk_compensation_x_plane_gradient_kcps == 0x00)
 225:Core/Src/vl53l1_api_preset_modes.c **** 		&& (pdata->algo__crosstalk_compensation_y_plane_gradient_kcps == 0x00))
 192              		.loc 1 225 3 view .LVU67
 193 002e 6368     		ldr	r3, [r4, #4]
 194 0030 0BB9     		cbnz	r3, .L4
 226:Core/Src/vl53l1_api_preset_modes.c **** 		pdata->global_crosstalk_compensation_enable = 0x00;
 195              		.loc 1 226 3 is_stmt 1 view .LVU68
 196              		.loc 1 226 47 is_stmt 0 view .LVU69
 197 0032 2374     		strb	r3, [r4, #16]
 198 0034 01E0     		b	.L5
 199              	.L4:
 227:Core/Src/vl53l1_api_preset_modes.c **** 	else
 228:Core/Src/vl53l1_api_preset_modes.c **** 		pdata->global_crosstalk_compensation_enable = 0x01;
 200              		.loc 1 228 3 is_stmt 1 view .LVU70
 201              		.loc 1 228 47 is_stmt 0 view .LVU71
 202 0036 0123     		movs	r3, #1
 203 0038 2374     		strb	r3, [r4, #16]
 204              	.L5:
 229:Core/Src/vl53l1_api_preset_modes.c **** 
 230:Core/Src/vl53l1_api_preset_modes.c **** 
 231:Core/Src/vl53l1_api_preset_modes.c **** 	if ((status == VL53L1_ERROR_NONE) &&
 205              		.loc 1 231 2 is_stmt 1 view .LVU72
 232:Core/Src/vl53l1_api_preset_modes.c **** 		(pdata->global_crosstalk_compensation_enable == 0x01)) {
 206              		.loc 1 232 9 is_stmt 0 view .LVU73
 207 003a 237C     		ldrb	r3, [r4, #16]	@ zero_extendqisi2
 231:Core/Src/vl53l1_api_preset_modes.c **** 		(pdata->global_crosstalk_compensation_enable == 0x01)) {
 208              		.loc 1 231 36 view .LVU74
 209 003c 012B     		cmp	r3, #1
 210 003e 03D0     		beq	.L9
 233:Core/Src/vl53l1_api_preset_modes.c **** 		pdata->crosstalk_range_ignore_threshold_rate_mcps =
 234:Core/Src/vl53l1_api_preset_modes.c **** 			VL53L1_calc_range_ignore_threshold(
 235:Core/Src/vl53l1_api_preset_modes.c **** 				pdata->algo__crosstalk_compensation_plane_offset_kcps,
 236:Core/Src/vl53l1_api_preset_modes.c **** 				pdata->algo__crosstalk_compensation_x_plane_gradient_kcps,
 237:Core/Src/vl53l1_api_preset_modes.c **** 				pdata->algo__crosstalk_compensation_y_plane_gradient_kcps,
 238:Core/Src/vl53l1_api_preset_modes.c **** 				pdata->crosstalk_range_ignore_threshold_mult);
 239:Core/Src/vl53l1_api_preset_modes.c **** 	} else {
 240:Core/Src/vl53l1_api_preset_modes.c **** 		pdata->crosstalk_range_ignore_threshold_rate_mcps = 0;
 211              		.loc 1 240 3 is_stmt 1 view .LVU75
 212              		.loc 1 240 53 is_stmt 0 view .LVU76
 213 0040 0023     		movs	r3, #0
 214 0042 E382     		strh	r3, [r4, #22]	@ movhi
ARM GAS  C:\Users\Lenovo\AppData\Local\Temp\ccO2RBeu.s 			page 9


 215              	.LVL8:
 216              	.L7:
 241:Core/Src/vl53l1_api_preset_modes.c **** 	}
 242:Core/Src/vl53l1_api_preset_modes.c **** 
 243:Core/Src/vl53l1_api_preset_modes.c **** 	LOG_FUNCTION_END(status);
 217              		.loc 1 243 26 is_stmt 1 view .LVU77
 244:Core/Src/vl53l1_api_preset_modes.c **** 
 245:Core/Src/vl53l1_api_preset_modes.c **** 	return status;
 218              		.loc 1 245 2 view .LVU78
 246:Core/Src/vl53l1_api_preset_modes.c **** }
 219              		.loc 1 246 1 is_stmt 0 view .LVU79
 220 0044 0020     		movs	r0, #0
 221 0046 38BD     		pop	{r3, r4, r5, pc}
 222              	.LVL9:
 223              	.L9:
 233:Core/Src/vl53l1_api_preset_modes.c **** 			VL53L1_calc_range_ignore_threshold(
 224              		.loc 1 233 3 is_stmt 1 view .LVU80
 234:Core/Src/vl53l1_api_preset_modes.c **** 				pdata->algo__crosstalk_compensation_plane_offset_kcps,
 225              		.loc 1 234 4 is_stmt 0 view .LVU81
 226 0048 4023     		movs	r3, #64
 227 004a 2846     		mov	r0, r5
 228              	.LVL10:
 234:Core/Src/vl53l1_api_preset_modes.c **** 				pdata->algo__crosstalk_compensation_plane_offset_kcps,
 229              		.loc 1 234 4 view .LVU82
 230 004c FFF7FEFF 		bl	VL53L1_calc_range_ignore_threshold
 231              	.LVL11:
 233:Core/Src/vl53l1_api_preset_modes.c **** 			VL53L1_calc_range_ignore_threshold(
 232              		.loc 1 233 53 view .LVU83
 233 0050 E082     		strh	r0, [r4, #22]	@ movhi
 234 0052 F7E7     		b	.L7
 235              		.cfi_endproc
 236              	.LFE5:
 238              		.section	.text.VL53L1_init_offset_cal_config_struct,"ax",%progbits
 239              		.align	1
 240              		.global	VL53L1_init_offset_cal_config_struct
 241              		.syntax unified
 242              		.thumb
 243              		.thumb_func
 245              	VL53L1_init_offset_cal_config_struct:
 246              	.LVL12:
 247              	.LFB6:
 247:Core/Src/vl53l1_api_preset_modes.c **** 
 248:Core/Src/vl53l1_api_preset_modes.c **** #ifndef VL53L1_NOCALIB
 249:Core/Src/vl53l1_api_preset_modes.c **** VL53L1_Error VL53L1_init_offset_cal_config_struct(
 250:Core/Src/vl53l1_api_preset_modes.c **** 	VL53L1_offsetcal_config_t   *pdata)
 251:Core/Src/vl53l1_api_preset_modes.c **** {
 248              		.loc 1 251 1 is_stmt 1 view -0
 249              		.cfi_startproc
 250              		@ args = 0, pretend = 0, frame = 0
 251              		@ frame_needed = 0, uses_anonymous_args = 0
 252              		@ link register save eliminated.
 252:Core/Src/vl53l1_api_preset_modes.c **** 	/*
 253:Core/Src/vl53l1_api_preset_modes.c **** 	 * Initializes Offset Calibration Config structure
 254:Core/Src/vl53l1_api_preset_modes.c **** 	 * - for use with VL53L1_run_offset_calibration()
 255:Core/Src/vl53l1_api_preset_modes.c **** 	 */
 256:Core/Src/vl53l1_api_preset_modes.c **** 
 257:Core/Src/vl53l1_api_preset_modes.c **** 	VL53L1_Error  status = VL53L1_ERROR_NONE;
ARM GAS  C:\Users\Lenovo\AppData\Local\Temp\ccO2RBeu.s 			page 10


 253              		.loc 1 257 2 view .LVU85
 258:Core/Src/vl53l1_api_preset_modes.c **** 
 259:Core/Src/vl53l1_api_preset_modes.c **** 	LOG_FUNCTION_START("");
 254              		.loc 1 259 24 view .LVU86
 260:Core/Src/vl53l1_api_preset_modes.c **** 
 261:Core/Src/vl53l1_api_preset_modes.c **** 	/* Preset Timeout and DSS defaults */
 262:Core/Src/vl53l1_api_preset_modes.c **** 
 263:Core/Src/vl53l1_api_preset_modes.c **** 	pdata->dss_config__target_total_rate_mcps          =
 255              		.loc 1 263 2 view .LVU87
 256              		.loc 1 263 53 is_stmt 0 view .LVU88
 257 0000 4FF42063 		mov	r3, #2560
 258 0004 0380     		strh	r3, [r0]	@ movhi
 264:Core/Src/vl53l1_api_preset_modes.c **** 			VL53L1_TUNINGPARM_OFFSET_CAL_DSS_RATE_MCPS_DEFAULT;
 265:Core/Src/vl53l1_api_preset_modes.c **** 	/* 20.0 Mcps */
 266:Core/Src/vl53l1_api_preset_modes.c **** 	pdata->phasecal_config_timeout_us                  =
 259              		.loc 1 266 2 is_stmt 1 view .LVU89
 260              		.loc 1 266 53 is_stmt 0 view .LVU90
 261 0006 4FF47A73 		mov	r3, #1000
 262 000a 4360     		str	r3, [r0, #4]
 267:Core/Src/vl53l1_api_preset_modes.c **** 			VL53L1_TUNINGPARM_OFFSET_CAL_PHASECAL_TIMEOUT_US_DEFAULT;
 268:Core/Src/vl53l1_api_preset_modes.c **** 	/* 1000 us */
 269:Core/Src/vl53l1_api_preset_modes.c **** 	pdata->range_config_timeout_us                     =
 263              		.loc 1 269 2 is_stmt 1 view .LVU91
 264              		.loc 1 269 53 is_stmt 0 view .LVU92
 265 000c 43F2C823 		movw	r3, #13000
 266 0010 8360     		str	r3, [r0, #8]
 270:Core/Src/vl53l1_api_preset_modes.c **** 			VL53L1_TUNINGPARM_OFFSET_CAL_RANGE_TIMEOUT_US_DEFAULT;
 271:Core/Src/vl53l1_api_preset_modes.c **** 	/* 13000 us */
 272:Core/Src/vl53l1_api_preset_modes.c **** 	pdata->mm_config_timeout_us                        =
 267              		.loc 1 272 2 is_stmt 1 view .LVU93
 268              		.loc 1 272 53 is_stmt 0 view .LVU94
 269 0012 C360     		str	r3, [r0, #12]
 273:Core/Src/vl53l1_api_preset_modes.c **** 			VL53L1_TUNINGPARM_OFFSET_CAL_MM_TIMEOUT_US_DEFAULT;
 274:Core/Src/vl53l1_api_preset_modes.c **** 	/* 13000 us - Added as part of Patch_AddedOffsetCalMMTuningParm_11791 */
 275:Core/Src/vl53l1_api_preset_modes.c **** 
 276:Core/Src/vl53l1_api_preset_modes.c **** 	/* Init number of averaged samples */
 277:Core/Src/vl53l1_api_preset_modes.c **** 
 278:Core/Src/vl53l1_api_preset_modes.c **** 	pdata->pre_num_of_samples                          =
 270              		.loc 1 278 2 is_stmt 1 view .LVU95
 271              		.loc 1 278 53 is_stmt 0 view .LVU96
 272 0014 0823     		movs	r3, #8
 273 0016 0374     		strb	r3, [r0, #16]
 279:Core/Src/vl53l1_api_preset_modes.c **** 			VL53L1_TUNINGPARM_OFFSET_CAL_PRE_SAMPLES_DEFAULT;
 280:Core/Src/vl53l1_api_preset_modes.c **** 	pdata->mm1_num_of_samples                          =
 274              		.loc 1 280 2 is_stmt 1 view .LVU97
 275              		.loc 1 280 53 is_stmt 0 view .LVU98
 276 0018 2823     		movs	r3, #40
 277 001a 4374     		strb	r3, [r0, #17]
 281:Core/Src/vl53l1_api_preset_modes.c **** 			VL53L1_TUNINGPARM_OFFSET_CAL_MM1_SAMPLES_DEFAULT;
 282:Core/Src/vl53l1_api_preset_modes.c **** 	pdata->mm2_num_of_samples                          =
 278              		.loc 1 282 2 is_stmt 1 view .LVU99
 279              		.loc 1 282 53 is_stmt 0 view .LVU100
 280 001c 0923     		movs	r3, #9
 281 001e 8374     		strb	r3, [r0, #18]
 283:Core/Src/vl53l1_api_preset_modes.c **** 			VL53L1_TUNINGPARM_OFFSET_CAL_MM2_SAMPLES_DEFAULT;
 284:Core/Src/vl53l1_api_preset_modes.c **** 
 285:Core/Src/vl53l1_api_preset_modes.c **** 	LOG_FUNCTION_END(status);
ARM GAS  C:\Users\Lenovo\AppData\Local\Temp\ccO2RBeu.s 			page 11


 282              		.loc 1 285 26 is_stmt 1 view .LVU101
 286:Core/Src/vl53l1_api_preset_modes.c **** 
 287:Core/Src/vl53l1_api_preset_modes.c **** 	return status;
 283              		.loc 1 287 2 view .LVU102
 288:Core/Src/vl53l1_api_preset_modes.c **** }
 284              		.loc 1 288 1 is_stmt 0 view .LVU103
 285 0020 0020     		movs	r0, #0
 286              	.LVL13:
 287              		.loc 1 288 1 view .LVU104
 288 0022 7047     		bx	lr
 289              		.cfi_endproc
 290              	.LFE6:
 292              		.section	.text.VL53L1_init_tuning_parm_storage_struct,"ax",%progbits
 293              		.align	1
 294              		.global	VL53L1_init_tuning_parm_storage_struct
 295              		.syntax unified
 296              		.thumb
 297              		.thumb_func
 299              	VL53L1_init_tuning_parm_storage_struct:
 300              	.LVL14:
 301              	.LFB7:
 289:Core/Src/vl53l1_api_preset_modes.c **** #endif
 290:Core/Src/vl53l1_api_preset_modes.c **** 
 291:Core/Src/vl53l1_api_preset_modes.c **** VL53L1_Error VL53L1_init_tuning_parm_storage_struct(
 292:Core/Src/vl53l1_api_preset_modes.c **** 	VL53L1_tuning_parm_storage_t   *pdata)
 293:Core/Src/vl53l1_api_preset_modes.c **** {
 302              		.loc 1 293 1 is_stmt 1 view -0
 303              		.cfi_startproc
 304              		@ args = 0, pretend = 0, frame = 0
 305              		@ frame_needed = 0, uses_anonymous_args = 0
 306              		@ link register save eliminated.
 307              		.loc 1 293 1 is_stmt 0 view .LVU106
 308 0000 0346     		mov	r3, r0
 294:Core/Src/vl53l1_api_preset_modes.c **** 	/*
 295:Core/Src/vl53l1_api_preset_modes.c **** 	 * Initializes  Tuning Param storage structure
 296:Core/Src/vl53l1_api_preset_modes.c **** 	 */
 297:Core/Src/vl53l1_api_preset_modes.c **** 
 298:Core/Src/vl53l1_api_preset_modes.c **** 	VL53L1_Error  status = VL53L1_ERROR_NONE;
 309              		.loc 1 298 2 is_stmt 1 view .LVU107
 310              	.LVL15:
 299:Core/Src/vl53l1_api_preset_modes.c **** 
 300:Core/Src/vl53l1_api_preset_modes.c **** 	LOG_FUNCTION_START("");
 311              		.loc 1 300 24 view .LVU108
 301:Core/Src/vl53l1_api_preset_modes.c **** 
 302:Core/Src/vl53l1_api_preset_modes.c **** 	/* Default configuration
 303:Core/Src/vl53l1_api_preset_modes.c **** 	 *
 304:Core/Src/vl53l1_api_preset_modes.c **** 	 * - Custom overwrite possible from vl53l1_set_tuning_parms()
 305:Core/Src/vl53l1_api_preset_modes.c **** 	 * - via tuning file input
 306:Core/Src/vl53l1_api_preset_modes.c **** 	 */
 307:Core/Src/vl53l1_api_preset_modes.c **** 
 308:Core/Src/vl53l1_api_preset_modes.c **** 	pdata->tp_tuning_parm_version              =
 312              		.loc 1 308 2 view .LVU109
 313              		.loc 1 308 45 is_stmt 0 view .LVU110
 314 0002 48F20302 		movw	r2, #32771
 315 0006 0280     		strh	r2, [r0]	@ movhi
 309:Core/Src/vl53l1_api_preset_modes.c **** 			VL53L1_TUNINGPARM_VERSION_DEFAULT;
 310:Core/Src/vl53l1_api_preset_modes.c **** 	pdata->tp_tuning_parm_key_table_version    =
ARM GAS  C:\Users\Lenovo\AppData\Local\Temp\ccO2RBeu.s 			page 12


 316              		.loc 1 310 2 is_stmt 1 view .LVU111
 317              		.loc 1 310 45 is_stmt 0 view .LVU112
 318 0008 48F20102 		movw	r2, #32769
 319 000c 4280     		strh	r2, [r0, #2]	@ movhi
 311:Core/Src/vl53l1_api_preset_modes.c **** 			VL53L1_TUNINGPARM_KEY_TABLE_VERSION_DEFAULT;
 312:Core/Src/vl53l1_api_preset_modes.c **** 	pdata->tp_tuning_parm_lld_version          =
 320              		.loc 1 312 2 is_stmt 1 view .LVU113
 321              		.loc 1 312 45 is_stmt 0 view .LVU114
 322 000e 48F24102 		movw	r2, #32833
 323 0012 8280     		strh	r2, [r0, #4]	@ movhi
 313:Core/Src/vl53l1_api_preset_modes.c **** 			VL53L1_TUNINGPARM_LLD_VERSION_DEFAULT;
 314:Core/Src/vl53l1_api_preset_modes.c **** 	pdata->tp_init_phase_rtn_lite_long         =
 324              		.loc 1 314 2 is_stmt 1 view .LVU115
 325              		.loc 1 314 45 is_stmt 0 view .LVU116
 326 0014 0E20     		movs	r0, #14
 327              	.LVL16:
 328              		.loc 1 314 45 view .LVU117
 329 0016 9871     		strb	r0, [r3, #6]
 315:Core/Src/vl53l1_api_preset_modes.c **** 			VL53L1_TUNINGPARM_INITIAL_PHASE_RTN_LITE_LONG_RANGE_DEFAULT;
 316:Core/Src/vl53l1_api_preset_modes.c **** 	pdata->tp_init_phase_rtn_lite_med          =
 330              		.loc 1 316 2 is_stmt 1 view .LVU118
 331              		.loc 1 316 45 is_stmt 0 view .LVU119
 332 0018 0A21     		movs	r1, #10
 333 001a D971     		strb	r1, [r3, #7]
 317:Core/Src/vl53l1_api_preset_modes.c **** 			VL53L1_TUNINGPARM_INITIAL_PHASE_RTN_LITE_MED_RANGE_DEFAULT;
 318:Core/Src/vl53l1_api_preset_modes.c **** 	pdata->tp_init_phase_rtn_lite_short        =
 334              		.loc 1 318 2 is_stmt 1 view .LVU120
 335              		.loc 1 318 45 is_stmt 0 view .LVU121
 336 001c 0622     		movs	r2, #6
 337 001e 1A72     		strb	r2, [r3, #8]
 319:Core/Src/vl53l1_api_preset_modes.c **** 			VL53L1_TUNINGPARM_INITIAL_PHASE_RTN_LITE_SHORT_RANGE_DEFAULT;
 320:Core/Src/vl53l1_api_preset_modes.c **** 	pdata->tp_init_phase_ref_lite_long         =
 338              		.loc 1 320 2 is_stmt 1 view .LVU122
 339              		.loc 1 320 45 is_stmt 0 view .LVU123
 340 0020 5872     		strb	r0, [r3, #9]
 321:Core/Src/vl53l1_api_preset_modes.c **** 			VL53L1_TUNINGPARM_INITIAL_PHASE_REF_LITE_LONG_RANGE_DEFAULT;
 322:Core/Src/vl53l1_api_preset_modes.c **** 	pdata->tp_init_phase_ref_lite_med          =
 341              		.loc 1 322 2 is_stmt 1 view .LVU124
 342              		.loc 1 322 45 is_stmt 0 view .LVU125
 343 0022 9972     		strb	r1, [r3, #10]
 323:Core/Src/vl53l1_api_preset_modes.c **** 			VL53L1_TUNINGPARM_INITIAL_PHASE_REF_LITE_MED_RANGE_DEFAULT;
 324:Core/Src/vl53l1_api_preset_modes.c **** 	pdata->tp_init_phase_ref_lite_short        =
 344              		.loc 1 324 2 is_stmt 1 view .LVU126
 345              		.loc 1 324 45 is_stmt 0 view .LVU127
 346 0024 DA72     		strb	r2, [r3, #11]
 325:Core/Src/vl53l1_api_preset_modes.c **** 			VL53L1_TUNINGPARM_INITIAL_PHASE_REF_LITE_SHORT_RANGE_DEFAULT;
 326:Core/Src/vl53l1_api_preset_modes.c **** 	pdata->tp_consistency_lite_phase_tolerance =
 347              		.loc 1 326 2 is_stmt 1 view .LVU128
 348              		.loc 1 326 45 is_stmt 0 view .LVU129
 349 0026 0222     		movs	r2, #2
 350 0028 1A73     		strb	r2, [r3, #12]
 327:Core/Src/vl53l1_api_preset_modes.c **** 			VL53L1_TUNINGPARM_CONSISTENCY_LITE_PHASE_TOLERANCE_DEFAULT;
 328:Core/Src/vl53l1_api_preset_modes.c **** 	pdata->tp_phasecal_target                  =
 351              		.loc 1 328 2 is_stmt 1 view .LVU130
 352              		.loc 1 328 45 is_stmt 0 view .LVU131
 353 002a 2121     		movs	r1, #33
 354 002c 5973     		strb	r1, [r3, #13]
ARM GAS  C:\Users\Lenovo\AppData\Local\Temp\ccO2RBeu.s 			page 13


 329:Core/Src/vl53l1_api_preset_modes.c **** 			VL53L1_TUNINGPARM_PHASECAL_TARGET_DEFAULT;
 330:Core/Src/vl53l1_api_preset_modes.c **** 	pdata->tp_cal_repeat_rate                  =
 355              		.loc 1 330 2 is_stmt 1 view .LVU132
 356              		.loc 1 330 45 is_stmt 0 view .LVU133
 357 002e 0020     		movs	r0, #0
 358 0030 D881     		strh	r0, [r3, #14]	@ movhi
 331:Core/Src/vl53l1_api_preset_modes.c **** 			VL53L1_TUNINGPARM_LITE_CAL_REPEAT_RATE_DEFAULT;
 332:Core/Src/vl53l1_api_preset_modes.c **** 	pdata->tp_lite_min_clip                    =
 359              		.loc 1 332 2 is_stmt 1 view .LVU134
 360              		.loc 1 332 45 is_stmt 0 view .LVU135
 361 0032 1874     		strb	r0, [r3, #16]
 333:Core/Src/vl53l1_api_preset_modes.c **** 			VL53L1_TUNINGPARM_LITE_MIN_CLIP_MM_DEFAULT;
 334:Core/Src/vl53l1_api_preset_modes.c **** 	pdata->tp_lite_long_sigma_thresh_mm        =
 362              		.loc 1 334 2 is_stmt 1 view .LVU136
 363              		.loc 1 334 45 is_stmt 0 view .LVU137
 364 0034 4FF4B471 		mov	r1, #360
 365 0038 5982     		strh	r1, [r3, #18]	@ movhi
 335:Core/Src/vl53l1_api_preset_modes.c **** 			VL53L1_TUNINGPARM_LITE_LONG_SIGMA_THRESH_MM_DEFAULT;
 336:Core/Src/vl53l1_api_preset_modes.c **** 	pdata->tp_lite_med_sigma_thresh_mm         =
 366              		.loc 1 336 2 is_stmt 1 view .LVU138
 367              		.loc 1 336 45 is_stmt 0 view .LVU139
 368 003a 9982     		strh	r1, [r3, #20]	@ movhi
 337:Core/Src/vl53l1_api_preset_modes.c **** 			VL53L1_TUNINGPARM_LITE_MED_SIGMA_THRESH_MM_DEFAULT;
 338:Core/Src/vl53l1_api_preset_modes.c **** 	pdata->tp_lite_short_sigma_thresh_mm       =
 369              		.loc 1 338 2 is_stmt 1 view .LVU140
 370              		.loc 1 338 45 is_stmt 0 view .LVU141
 371 003c D982     		strh	r1, [r3, #22]	@ movhi
 339:Core/Src/vl53l1_api_preset_modes.c **** 			VL53L1_TUNINGPARM_LITE_SHORT_SIGMA_THRESH_MM_DEFAULT;
 340:Core/Src/vl53l1_api_preset_modes.c **** 	pdata->tp_lite_long_min_count_rate_rtn_mcps  =
 372              		.loc 1 340 2 is_stmt 1 view .LVU142
 373              		.loc 1 340 47 is_stmt 0 view .LVU143
 374 003e C021     		movs	r1, #192
 375 0040 1983     		strh	r1, [r3, #24]	@ movhi
 341:Core/Src/vl53l1_api_preset_modes.c **** 			VL53L1_TUNINGPARM_LITE_LONG_MIN_COUNT_RATE_RTN_MCPS_DEFAULT;
 342:Core/Src/vl53l1_api_preset_modes.c **** 	pdata->tp_lite_med_min_count_rate_rtn_mcps   =
 376              		.loc 1 342 2 is_stmt 1 view .LVU144
 377              		.loc 1 342 47 is_stmt 0 view .LVU145
 378 0042 5983     		strh	r1, [r3, #26]	@ movhi
 343:Core/Src/vl53l1_api_preset_modes.c **** 			VL53L1_TUNINGPARM_LITE_MED_MIN_COUNT_RATE_RTN_MCPS_DEFAULT;
 344:Core/Src/vl53l1_api_preset_modes.c **** 	pdata->tp_lite_short_min_count_rate_rtn_mcps =
 379              		.loc 1 344 2 is_stmt 1 view .LVU146
 380              		.loc 1 344 47 is_stmt 0 view .LVU147
 381 0044 9983     		strh	r1, [r3, #28]	@ movhi
 345:Core/Src/vl53l1_api_preset_modes.c **** 			VL53L1_TUNINGPARM_LITE_SHORT_MIN_COUNT_RATE_RTN_MCPS_DEFAULT;
 346:Core/Src/vl53l1_api_preset_modes.c **** 	pdata->tp_lite_sigma_est_pulse_width_ns      =
 382              		.loc 1 346 2 is_stmt 1 view .LVU148
 383              		.loc 1 346 47 is_stmt 0 view .LVU149
 384 0046 0821     		movs	r1, #8
 385 0048 9977     		strb	r1, [r3, #30]
 347:Core/Src/vl53l1_api_preset_modes.c **** 			VL53L1_TUNINGPARM_LITE_SIGMA_EST_PULSE_WIDTH_DEFAULT;
 348:Core/Src/vl53l1_api_preset_modes.c **** 	pdata->tp_lite_sigma_est_amb_width_ns        =
 386              		.loc 1 348 2 is_stmt 1 view .LVU150
 387              		.loc 1 348 47 is_stmt 0 view .LVU151
 388 004a 1021     		movs	r1, #16
 389 004c D977     		strb	r1, [r3, #31]
 349:Core/Src/vl53l1_api_preset_modes.c **** 			VL53L1_TUNINGPARM_LITE_SIGMA_EST_AMB_WIDTH_NS_DEFAULT;
 350:Core/Src/vl53l1_api_preset_modes.c **** 	pdata->tp_lite_sigma_ref_mm                  =
ARM GAS  C:\Users\Lenovo\AppData\Local\Temp\ccO2RBeu.s 			page 14


 390              		.loc 1 350 2 is_stmt 1 view .LVU152
 391              		.loc 1 350 47 is_stmt 0 view .LVU153
 392 004e 0121     		movs	r1, #1
 393 0050 83F82010 		strb	r1, [r3, #32]
 351:Core/Src/vl53l1_api_preset_modes.c **** 			VL53L1_TUNINGPARM_LITE_SIGMA_REF_MM_DEFAULT;
 352:Core/Src/vl53l1_api_preset_modes.c **** 	pdata->tp_lite_seed_cfg                      =
 394              		.loc 1 352 2 is_stmt 1 view .LVU154
 395              		.loc 1 352 47 is_stmt 0 view .LVU155
 396 0054 83F82120 		strb	r2, [r3, #33]
 353:Core/Src/vl53l1_api_preset_modes.c **** 			VL53L1_TUNINGPARM_LITE_SEED_CONFIG_DEFAULT;
 354:Core/Src/vl53l1_api_preset_modes.c **** 	pdata->tp_timed_seed_cfg                     =
 397              		.loc 1 354 2 is_stmt 1 view .LVU156
 398              		.loc 1 354 47 is_stmt 0 view .LVU157
 399 0058 83F82210 		strb	r1, [r3, #34]
 355:Core/Src/vl53l1_api_preset_modes.c **** 			VL53L1_TUNINGPARM_TIMED_SEED_CONFIG_DEFAULT;
 356:Core/Src/vl53l1_api_preset_modes.c **** 	pdata->tp_lite_quantifier                    =
 400              		.loc 1 356 2 is_stmt 1 view .LVU158
 401              		.loc 1 356 47 is_stmt 0 view .LVU159
 402 005c 83F82320 		strb	r2, [r3, #35]
 357:Core/Src/vl53l1_api_preset_modes.c **** 			VL53L1_TUNINGPARM_LITE_QUANTIFIER_DEFAULT;
 358:Core/Src/vl53l1_api_preset_modes.c **** 	pdata->tp_lite_first_order_select            =
 403              		.loc 1 358 2 is_stmt 1 view .LVU160
 404              		.loc 1 358 47 is_stmt 0 view .LVU161
 405 0060 83F82400 		strb	r0, [r3, #36]
 359:Core/Src/vl53l1_api_preset_modes.c **** 			VL53L1_TUNINGPARM_LITE_FIRST_ORDER_SELECT_DEFAULT;
 360:Core/Src/vl53l1_api_preset_modes.c **** 
 361:Core/Src/vl53l1_api_preset_modes.c **** 	/* Preset Mode Configurations */
 362:Core/Src/vl53l1_api_preset_modes.c **** 	/* - New parms added as part of Patch_TuningParmPresetModeAddition_11839 */
 363:Core/Src/vl53l1_api_preset_modes.c **** 
 364:Core/Src/vl53l1_api_preset_modes.c **** 	pdata->tp_dss_target_lite_mcps               =
 406              		.loc 1 364 2 is_stmt 1 view .LVU162
 407              		.loc 1 364 47 is_stmt 0 view .LVU163
 408 0064 4FF42062 		mov	r2, #2560
 409 0068 DA84     		strh	r2, [r3, #38]	@ movhi
 365:Core/Src/vl53l1_api_preset_modes.c **** 			VL53L1_TUNINGPARM_LITE_DSS_CONFIG_TARGET_TOTAL_RATE_MCPS_DEFAULT;
 366:Core/Src/vl53l1_api_preset_modes.c **** 	pdata->tp_dss_target_timed_mcps              =
 410              		.loc 1 366 2 is_stmt 1 view .LVU164
 411              		.loc 1 366 47 is_stmt 0 view .LVU165
 412 006a 1A85     		strh	r2, [r3, #40]	@ movhi
 367:Core/Src/vl53l1_api_preset_modes.c **** 			VL53L1_TUNINGPARM_TIMED_DSS_CONFIG_TARGET_TOTAL_RATE_MCPS_DEFAULT;
 368:Core/Src/vl53l1_api_preset_modes.c **** 	pdata->tp_phasecal_timeout_lite_us           =
 413              		.loc 1 368 2 is_stmt 1 view .LVU166
 414              		.loc 1 368 47 is_stmt 0 view .LVU167
 415 006c 48F23002 		movw	r2, #32816
 416 0070 DA62     		str	r2, [r3, #44]
 369:Core/Src/vl53l1_api_preset_modes.c **** 			VL53L1_TUNINGPARM_LITE_PHASECAL_CONFIG_TIMEOUT_US;
 370:Core/Src/vl53l1_api_preset_modes.c **** 	pdata->tp_phasecal_timeout_timed_us          =
 417              		.loc 1 370 2 is_stmt 1 view .LVU168
 418              		.loc 1 370 47 is_stmt 0 view .LVU169
 419 0072 4FF47A72 		mov	r2, #1000
 420 0076 1A63     		str	r2, [r3, #48]
 371:Core/Src/vl53l1_api_preset_modes.c **** 			VL53L1_TUNINGPARM_TIMED_PHASECAL_CONFIG_TIMEOUT_US_DEFAULT;
 372:Core/Src/vl53l1_api_preset_modes.c **** 	pdata->tp_mm_timeout_lite_us                 =
 421              		.loc 1 372 2 is_stmt 1 view .LVU170
 422              		.loc 1 372 47 is_stmt 0 view .LVU171
 423 0078 4FF4FA62 		mov	r2, #2000
 424 007c 5A63     		str	r2, [r3, #52]
ARM GAS  C:\Users\Lenovo\AppData\Local\Temp\ccO2RBeu.s 			page 15


 373:Core/Src/vl53l1_api_preset_modes.c **** 			VL53L1_TUNINGPARM_LITE_MM_CONFIG_TIMEOUT_US_DEFAULT;
 374:Core/Src/vl53l1_api_preset_modes.c **** 	pdata->tp_mm_timeout_timed_us                =
 425              		.loc 1 374 2 is_stmt 1 view .LVU172
 426              		.loc 1 374 47 is_stmt 0 view .LVU173
 427 007e 9A63     		str	r2, [r3, #56]
 375:Core/Src/vl53l1_api_preset_modes.c **** 			VL53L1_TUNINGPARM_TIMED_MM_CONFIG_TIMEOUT_US_DEFAULT;
 376:Core/Src/vl53l1_api_preset_modes.c **** 	pdata->tp_range_timeout_lite_us              =
 428              		.loc 1 376 2 is_stmt 1 view .LVU174
 429              		.loc 1 376 47 is_stmt 0 view .LVU175
 430 0080 4FF21862 		movw	r2, #63000
 431 0084 1A64     		str	r2, [r3, #64]
 377:Core/Src/vl53l1_api_preset_modes.c **** 			VL53L1_TUNINGPARM_LITE_RANGE_CONFIG_TIMEOUT_US_DEFAULT;
 378:Core/Src/vl53l1_api_preset_modes.c **** 	pdata->tp_range_timeout_timed_us             =
 432              		.loc 1 378 2 is_stmt 1 view .LVU176
 433              		.loc 1 378 47 is_stmt 0 view .LVU177
 434 0086 43F2C822 		movw	r2, #13000
 435 008a 5A64     		str	r2, [r3, #68]
 379:Core/Src/vl53l1_api_preset_modes.c **** 			VL53L1_TUNINGPARM_TIMED_RANGE_CONFIG_TIMEOUT_US_DEFAULT;
 380:Core/Src/vl53l1_api_preset_modes.c **** 
 381:Core/Src/vl53l1_api_preset_modes.c **** 	/* Added for Patch_LowPowerAutoMode */
 382:Core/Src/vl53l1_api_preset_modes.c **** 
 383:Core/Src/vl53l1_api_preset_modes.c **** 	pdata->tp_mm_timeout_lpa_us =
 436              		.loc 1 383 2 is_stmt 1 view .LVU178
 437              		.loc 1 383 30 is_stmt 0 view .LVU179
 438 008c 4FF42F72 		mov	r2, #700
 439 0090 DA63     		str	r2, [r3, #60]
 384:Core/Src/vl53l1_api_preset_modes.c **** 			VL53L1_TUNINGPARM_LOWPOWERAUTO_MM_CONFIG_TIMEOUT_US_DEFAULT;
 385:Core/Src/vl53l1_api_preset_modes.c **** 	pdata->tp_range_timeout_lpa_us =
 440              		.loc 1 385 2 is_stmt 1 view .LVU180
 441              		.loc 1 385 33 is_stmt 0 view .LVU181
 442 0092 4FF4FA52 		mov	r2, #8000
 443 0096 9A64     		str	r2, [r3, #72]
 386:Core/Src/vl53l1_api_preset_modes.c **** 			VL53L1_TUNINGPARM_LOWPOWERAUTO_RANGE_CONFIG_TIMEOUT_US_DEFAULT;
 387:Core/Src/vl53l1_api_preset_modes.c **** 
 388:Core/Src/vl53l1_api_preset_modes.c **** 
 389:Core/Src/vl53l1_api_preset_modes.c **** 	LOG_FUNCTION_END(status);
 444              		.loc 1 389 26 is_stmt 1 view .LVU182
 390:Core/Src/vl53l1_api_preset_modes.c **** 
 391:Core/Src/vl53l1_api_preset_modes.c **** 	return status;
 445              		.loc 1 391 2 view .LVU183
 392:Core/Src/vl53l1_api_preset_modes.c **** }
 446              		.loc 1 392 1 is_stmt 0 view .LVU184
 447 0098 7047     		bx	lr
 448              		.cfi_endproc
 449              	.LFE7:
 451              		.section	.text.VL53L1_preset_mode_standard_ranging,"ax",%progbits
 452              		.align	1
 453              		.global	VL53L1_preset_mode_standard_ranging
 454              		.syntax unified
 455              		.thumb
 456              		.thumb_func
 458              	VL53L1_preset_mode_standard_ranging:
 459              	.LVL17:
 460              	.LFB8:
 393:Core/Src/vl53l1_api_preset_modes.c **** 
 394:Core/Src/vl53l1_api_preset_modes.c **** 
 395:Core/Src/vl53l1_api_preset_modes.c **** VL53L1_Error VL53L1_preset_mode_standard_ranging(
ARM GAS  C:\Users\Lenovo\AppData\Local\Temp\ccO2RBeu.s 			page 16


 396:Core/Src/vl53l1_api_preset_modes.c **** 	VL53L1_static_config_t    *pstatic,
 397:Core/Src/vl53l1_api_preset_modes.c **** 	VL53L1_general_config_t   *pgeneral,
 398:Core/Src/vl53l1_api_preset_modes.c **** 	VL53L1_timing_config_t    *ptiming,
 399:Core/Src/vl53l1_api_preset_modes.c **** 	VL53L1_dynamic_config_t   *pdynamic,
 400:Core/Src/vl53l1_api_preset_modes.c **** 	VL53L1_system_control_t   *psystem,
 401:Core/Src/vl53l1_api_preset_modes.c **** 	VL53L1_tuning_parm_storage_t *ptuning_parms)
 402:Core/Src/vl53l1_api_preset_modes.c **** {
 461              		.loc 1 402 1 is_stmt 1 view -0
 462              		.cfi_startproc
 463              		@ args = 8, pretend = 0, frame = 0
 464              		@ frame_needed = 0, uses_anonymous_args = 0
 465              		.loc 1 402 1 is_stmt 0 view .LVU186
 466 0000 2DE9F047 		push	{r4, r5, r6, r7, r8, r9, r10, lr}
 467              	.LCFI1:
 468              		.cfi_def_cfa_offset 32
 469              		.cfi_offset 4, -32
 470              		.cfi_offset 5, -28
 471              		.cfi_offset 6, -24
 472              		.cfi_offset 7, -20
 473              		.cfi_offset 8, -16
 474              		.cfi_offset 9, -12
 475              		.cfi_offset 10, -8
 476              		.cfi_offset 14, -4
 477 0004 8446     		mov	ip, r0
 478 0006 089D     		ldr	r5, [sp, #32]
 479 0008 099C     		ldr	r4, [sp, #36]
 403:Core/Src/vl53l1_api_preset_modes.c **** 	/*
 404:Core/Src/vl53l1_api_preset_modes.c **** 	 * Initializes static and dynamic data structures fordevice preset mode
 405:Core/Src/vl53l1_api_preset_modes.c **** 	 * VL53L1_DEVICEPRESETMODE_STANDARD_RANGING
 406:Core/Src/vl53l1_api_preset_modes.c **** 	 *
 407:Core/Src/vl53l1_api_preset_modes.c **** 	 *  - streaming
 408:Core/Src/vl53l1_api_preset_modes.c **** 	 *  - single sigma delta
 409:Core/Src/vl53l1_api_preset_modes.c **** 	 *  - back to back
 410:Core/Src/vl53l1_api_preset_modes.c **** 	 *
 411:Core/Src/vl53l1_api_preset_modes.c **** 	 *  PLEASE NOTE THE SETTINGS BELOW AT PROVISIONAL AND WILL CHANGE!
 412:Core/Src/vl53l1_api_preset_modes.c **** 	 */
 413:Core/Src/vl53l1_api_preset_modes.c **** 
 414:Core/Src/vl53l1_api_preset_modes.c **** 	VL53L1_Error  status = VL53L1_ERROR_NONE;
 480              		.loc 1 414 2 is_stmt 1 view .LVU187
 481              	.LVL18:
 415:Core/Src/vl53l1_api_preset_modes.c **** 
 416:Core/Src/vl53l1_api_preset_modes.c **** 	LOG_FUNCTION_START("");
 482              		.loc 1 416 24 view .LVU188
 417:Core/Src/vl53l1_api_preset_modes.c **** 
 418:Core/Src/vl53l1_api_preset_modes.c **** 	/* Static Configuration */
 419:Core/Src/vl53l1_api_preset_modes.c **** 
 420:Core/Src/vl53l1_api_preset_modes.c **** 	/* dss_config__target_total_rate_mcps = 20.0 Mcps 9.7 fp */
 421:Core/Src/vl53l1_api_preset_modes.c **** 	pstatic->dss_config__target_total_rate_mcps               = 0x0A00;
 483              		.loc 1 421 2 view .LVU189
 484              		.loc 1 421 60 is_stmt 0 view .LVU190
 485 000a 4FF42060 		mov	r0, #2560
 486              	.LVL19:
 487              		.loc 1 421 60 view .LVU191
 488 000e ACF80000 		strh	r0, [ip]	@ movhi
 422:Core/Src/vl53l1_api_preset_modes.c **** 	pstatic->debug__ctrl                                      = 0x00;
 489              		.loc 1 422 2 is_stmt 1 view .LVU192
 490              		.loc 1 422 60 is_stmt 0 view .LVU193
ARM GAS  C:\Users\Lenovo\AppData\Local\Temp\ccO2RBeu.s 			page 17


 491 0012 0020     		movs	r0, #0
 492 0014 8CF80200 		strb	r0, [ip, #2]
 423:Core/Src/vl53l1_api_preset_modes.c **** 	pstatic->test_mode__ctrl                                  = 0x00;
 493              		.loc 1 423 2 is_stmt 1 view .LVU194
 494              		.loc 1 423 60 is_stmt 0 view .LVU195
 495 0018 8CF80300 		strb	r0, [ip, #3]
 424:Core/Src/vl53l1_api_preset_modes.c **** 	pstatic->clk_gating__ctrl                                 = 0x00;
 496              		.loc 1 424 2 is_stmt 1 view .LVU196
 497              		.loc 1 424 60 is_stmt 0 view .LVU197
 498 001c 8CF80400 		strb	r0, [ip, #4]
 425:Core/Src/vl53l1_api_preset_modes.c **** 	pstatic->nvm_bist__ctrl                                   = 0x00;
 499              		.loc 1 425 2 is_stmt 1 view .LVU198
 500              		.loc 1 425 60 is_stmt 0 view .LVU199
 501 0020 8CF80500 		strb	r0, [ip, #5]
 426:Core/Src/vl53l1_api_preset_modes.c **** 	pstatic->nvm_bist__num_nvm_words                          = 0x00;
 502              		.loc 1 426 2 is_stmt 1 view .LVU200
 503              		.loc 1 426 60 is_stmt 0 view .LVU201
 504 0024 8CF80600 		strb	r0, [ip, #6]
 427:Core/Src/vl53l1_api_preset_modes.c **** 	pstatic->nvm_bist__start_address                          = 0x00;
 505              		.loc 1 427 2 is_stmt 1 view .LVU202
 506              		.loc 1 427 60 is_stmt 0 view .LVU203
 507 0028 8CF80700 		strb	r0, [ip, #7]
 428:Core/Src/vl53l1_api_preset_modes.c **** 	pstatic->host_if__status                                  = 0x00;
 508              		.loc 1 428 2 is_stmt 1 view .LVU204
 509              		.loc 1 428 60 is_stmt 0 view .LVU205
 510 002c 8CF80800 		strb	r0, [ip, #8]
 429:Core/Src/vl53l1_api_preset_modes.c **** 	pstatic->pad_i2c_hv__config                               = 0x00;
 511              		.loc 1 429 2 is_stmt 1 view .LVU206
 512              		.loc 1 429 60 is_stmt 0 view .LVU207
 513 0030 8CF80900 		strb	r0, [ip, #9]
 430:Core/Src/vl53l1_api_preset_modes.c **** 	pstatic->pad_i2c_hv__extsup_config                        = 0x00;
 514              		.loc 1 430 2 is_stmt 1 view .LVU208
 515              		.loc 1 430 60 is_stmt 0 view .LVU209
 516 0034 8CF80A00 		strb	r0, [ip, #10]
 431:Core/Src/vl53l1_api_preset_modes.c **** 
 432:Core/Src/vl53l1_api_preset_modes.c **** 	/*
 433:Core/Src/vl53l1_api_preset_modes.c **** 	 *  0 - gpio__extsup_hv
 434:Core/Src/vl53l1_api_preset_modes.c **** 	 *  1 - gpio__vmodeint_hv
 435:Core/Src/vl53l1_api_preset_modes.c **** 	 */
 436:Core/Src/vl53l1_api_preset_modes.c **** 	pstatic->gpio_hv_pad__ctrl                                = 0x00;
 517              		.loc 1 436 2 is_stmt 1 view .LVU210
 518              		.loc 1 436 60 is_stmt 0 view .LVU211
 519 0038 8CF80B00 		strb	r0, [ip, #11]
 437:Core/Src/vl53l1_api_preset_modes.c **** 
 438:Core/Src/vl53l1_api_preset_modes.c **** 	/*
 439:Core/Src/vl53l1_api_preset_modes.c **** 	 * Set interrupt active low
 440:Core/Src/vl53l1_api_preset_modes.c **** 	 *
 441:Core/Src/vl53l1_api_preset_modes.c **** 	 *  3:0 - gpio__mux_select_hv
 442:Core/Src/vl53l1_api_preset_modes.c **** 	 *    4 - gpio__mux_active_high_hv
 443:Core/Src/vl53l1_api_preset_modes.c **** 	 */
 444:Core/Src/vl53l1_api_preset_modes.c **** 	pstatic->gpio_hv_mux__ctrl  = \
 520              		.loc 1 444 2 is_stmt 1 view .LVU212
 521              		.loc 1 444 30 is_stmt 0 view .LVU213
 522 003c 1126     		movs	r6, #17
 523 003e 8CF80C60 		strb	r6, [ip, #12]
 445:Core/Src/vl53l1_api_preset_modes.c **** 			VL53L1_DEVICEINTERRUPTPOLARITY_ACTIVE_LOW | \
 446:Core/Src/vl53l1_api_preset_modes.c **** 			VL53L1_DEVICEGPIOMODE_OUTPUT_RANGE_AND_ERROR_INTERRUPTS;
ARM GAS  C:\Users\Lenovo\AppData\Local\Temp\ccO2RBeu.s 			page 18


 447:Core/Src/vl53l1_api_preset_modes.c **** 
 448:Core/Src/vl53l1_api_preset_modes.c **** 	pstatic->gpio__tio_hv_status                              = 0x02;
 524              		.loc 1 448 2 is_stmt 1 view .LVU214
 525              		.loc 1 448 60 is_stmt 0 view .LVU215
 526 0042 0226     		movs	r6, #2
 527 0044 8CF80D60 		strb	r6, [ip, #13]
 449:Core/Src/vl53l1_api_preset_modes.c **** 	pstatic->gpio__fio_hv_status                              = 0x00;
 528              		.loc 1 449 2 is_stmt 1 view .LVU216
 529              		.loc 1 449 60 is_stmt 0 view .LVU217
 530 0048 8CF80E00 		strb	r0, [ip, #14]
 450:Core/Src/vl53l1_api_preset_modes.c **** 	pstatic->ana_config__spad_sel_pswidth                     = 0x02;
 531              		.loc 1 450 2 is_stmt 1 view .LVU218
 532              		.loc 1 450 60 is_stmt 0 view .LVU219
 533 004c 8CF80F60 		strb	r6, [ip, #15]
 451:Core/Src/vl53l1_api_preset_modes.c **** 	pstatic->ana_config__vcsel_pulse_width_offset             = 0x08;
 534              		.loc 1 451 2 is_stmt 1 view .LVU220
 535              		.loc 1 451 60 is_stmt 0 view .LVU221
 536 0050 4FF00808 		mov	r8, #8
 537 0054 8CF81080 		strb	r8, [ip, #16]
 452:Core/Src/vl53l1_api_preset_modes.c **** 	pstatic->ana_config__fast_osc__config_ctrl                = 0x00;
 538              		.loc 1 452 2 is_stmt 1 view .LVU222
 539              		.loc 1 452 60 is_stmt 0 view .LVU223
 540 0058 8CF81100 		strb	r0, [ip, #17]
 453:Core/Src/vl53l1_api_preset_modes.c **** 
 454:Core/Src/vl53l1_api_preset_modes.c **** 	pstatic->sigma_estimator__effective_pulse_width_ns        =
 541              		.loc 1 454 2 is_stmt 1 view .LVU224
 455:Core/Src/vl53l1_api_preset_modes.c **** 			ptuning_parms->tp_lite_sigma_est_pulse_width_ns;
 542              		.loc 1 455 17 is_stmt 0 view .LVU225
 543 005c A77F     		ldrb	r7, [r4, #30]	@ zero_extendqisi2
 454:Core/Src/vl53l1_api_preset_modes.c **** 			ptuning_parms->tp_lite_sigma_est_pulse_width_ns;
 544              		.loc 1 454 60 view .LVU226
 545 005e 8CF81270 		strb	r7, [ip, #18]
 456:Core/Src/vl53l1_api_preset_modes.c **** 	pstatic->sigma_estimator__effective_ambient_width_ns      =
 546              		.loc 1 456 2 is_stmt 1 view .LVU227
 457:Core/Src/vl53l1_api_preset_modes.c **** 			ptuning_parms->tp_lite_sigma_est_amb_width_ns;
 547              		.loc 1 457 17 is_stmt 0 view .LVU228
 548 0062 E77F     		ldrb	r7, [r4, #31]	@ zero_extendqisi2
 456:Core/Src/vl53l1_api_preset_modes.c **** 	pstatic->sigma_estimator__effective_ambient_width_ns      =
 549              		.loc 1 456 60 view .LVU229
 550 0064 8CF81370 		strb	r7, [ip, #19]
 458:Core/Src/vl53l1_api_preset_modes.c **** 	pstatic->sigma_estimator__sigma_ref_mm                    =
 551              		.loc 1 458 2 is_stmt 1 view .LVU230
 459:Core/Src/vl53l1_api_preset_modes.c **** 			ptuning_parms->tp_lite_sigma_ref_mm;
 552              		.loc 1 459 17 is_stmt 0 view .LVU231
 553 0068 94F82070 		ldrb	r7, [r4, #32]	@ zero_extendqisi2
 458:Core/Src/vl53l1_api_preset_modes.c **** 	pstatic->sigma_estimator__sigma_ref_mm                    =
 554              		.loc 1 458 60 view .LVU232
 555 006c 8CF81470 		strb	r7, [ip, #20]
 460:Core/Src/vl53l1_api_preset_modes.c **** 	/* Minimum allowable value of 1 - 0 disables the feature */
 461:Core/Src/vl53l1_api_preset_modes.c **** 	pstatic->algo__crosstalk_compensation_valid_height_mm     = 0x01;
 556              		.loc 1 461 2 is_stmt 1 view .LVU233
 557              		.loc 1 461 60 is_stmt 0 view .LVU234
 558 0070 4FF0010E 		mov	lr, #1
 559 0074 8CF815E0 		strb	lr, [ip, #21]
 462:Core/Src/vl53l1_api_preset_modes.c **** 	pstatic->spare_host_config__static_config_spare_0         = 0x00;
 560              		.loc 1 462 2 is_stmt 1 view .LVU235
 561              		.loc 1 462 60 is_stmt 0 view .LVU236
ARM GAS  C:\Users\Lenovo\AppData\Local\Temp\ccO2RBeu.s 			page 19


 562 0078 8CF81600 		strb	r0, [ip, #22]
 463:Core/Src/vl53l1_api_preset_modes.c **** 	pstatic->spare_host_config__static_config_spare_1         = 0x00;
 563              		.loc 1 463 2 is_stmt 1 view .LVU237
 564              		.loc 1 463 60 is_stmt 0 view .LVU238
 565 007c 8CF81700 		strb	r0, [ip, #23]
 464:Core/Src/vl53l1_api_preset_modes.c **** 
 465:Core/Src/vl53l1_api_preset_modes.c **** 	pstatic->algo__range_ignore_threshold_mcps                = 0x0000;
 566              		.loc 1 465 2 is_stmt 1 view .LVU239
 567              		.loc 1 465 60 is_stmt 0 view .LVU240
 568 0080 ACF81800 		strh	r0, [ip, #24]	@ movhi
 466:Core/Src/vl53l1_api_preset_modes.c **** 
 467:Core/Src/vl53l1_api_preset_modes.c **** 	/* set RIT distance to 20 mm */
 468:Core/Src/vl53l1_api_preset_modes.c **** 	pstatic->algo__range_ignore_valid_height_mm               = 0xff;
 569              		.loc 1 468 2 is_stmt 1 view .LVU241
 570              		.loc 1 468 60 is_stmt 0 view .LVU242
 571 0084 FF27     		movs	r7, #255
 572 0086 8CF81A70 		strb	r7, [ip, #26]
 469:Core/Src/vl53l1_api_preset_modes.c **** 	pstatic->algo__range_min_clip                             =
 573              		.loc 1 469 2 is_stmt 1 view .LVU243
 470:Core/Src/vl53l1_api_preset_modes.c **** 			ptuning_parms->tp_lite_min_clip;
 574              		.loc 1 470 17 is_stmt 0 view .LVU244
 575 008a 94F81090 		ldrb	r9, [r4, #16]	@ zero_extendqisi2
 469:Core/Src/vl53l1_api_preset_modes.c **** 	pstatic->algo__range_min_clip                             =
 576              		.loc 1 469 60 view .LVU245
 577 008e 8CF81B90 		strb	r9, [ip, #27]
 471:Core/Src/vl53l1_api_preset_modes.c **** 	/*
 472:Core/Src/vl53l1_api_preset_modes.c **** 	 * Phase consistency check limit - format 1.3 fp
 473:Core/Src/vl53l1_api_preset_modes.c **** 	 * 0x02 -> 0.25
 474:Core/Src/vl53l1_api_preset_modes.c **** 	 * 0x08 -> 1.00
 475:Core/Src/vl53l1_api_preset_modes.c **** 	 */
 476:Core/Src/vl53l1_api_preset_modes.c **** 	pstatic->algo__consistency_check__tolerance               =
 578              		.loc 1 476 2 is_stmt 1 view .LVU246
 477:Core/Src/vl53l1_api_preset_modes.c **** 			ptuning_parms->tp_consistency_lite_phase_tolerance;
 579              		.loc 1 477 17 is_stmt 0 view .LVU247
 580 0092 94F80C90 		ldrb	r9, [r4, #12]	@ zero_extendqisi2
 476:Core/Src/vl53l1_api_preset_modes.c **** 			ptuning_parms->tp_consistency_lite_phase_tolerance;
 581              		.loc 1 476 60 view .LVU248
 582 0096 8CF81C90 		strb	r9, [ip, #28]
 478:Core/Src/vl53l1_api_preset_modes.c **** 	pstatic->spare_host_config__static_config_spare_2         = 0x00;
 583              		.loc 1 478 2 is_stmt 1 view .LVU249
 584              		.loc 1 478 60 is_stmt 0 view .LVU250
 585 009a 8CF81D00 		strb	r0, [ip, #29]
 479:Core/Src/vl53l1_api_preset_modes.c **** 	pstatic->sd_config__reset_stages_msb                      = 0x00;
 586              		.loc 1 479 2 is_stmt 1 view .LVU251
 587              		.loc 1 479 60 is_stmt 0 view .LVU252
 588 009e 8CF81E00 		strb	r0, [ip, #30]
 480:Core/Src/vl53l1_api_preset_modes.c **** 	pstatic->sd_config__reset_stages_lsb                      = 0x00;
 589              		.loc 1 480 2 is_stmt 1 view .LVU253
 590              		.loc 1 480 60 is_stmt 0 view .LVU254
 591 00a2 8CF81F00 		strb	r0, [ip, #31]
 481:Core/Src/vl53l1_api_preset_modes.c **** 
 482:Core/Src/vl53l1_api_preset_modes.c **** 	pgeneral->gph_config__stream_count_update_value           = 0x00;
 592              		.loc 1 482 2 is_stmt 1 view .LVU255
 593              		.loc 1 482 60 is_stmt 0 view .LVU256
 594 00a6 0870     		strb	r0, [r1]
 483:Core/Src/vl53l1_api_preset_modes.c **** 	pgeneral->global_config__stream_divider                   = 0x00;
 595              		.loc 1 483 2 is_stmt 1 view .LVU257
ARM GAS  C:\Users\Lenovo\AppData\Local\Temp\ccO2RBeu.s 			page 20


 596              		.loc 1 483 60 is_stmt 0 view .LVU258
 597 00a8 4870     		strb	r0, [r1, #1]
 484:Core/Src/vl53l1_api_preset_modes.c **** 	pgeneral->system__interrupt_config_gpio =
 598              		.loc 1 484 2 is_stmt 1 view .LVU259
 599              		.loc 1 484 42 is_stmt 0 view .LVU260
 600 00aa 4FF02009 		mov	r9, #32
 601 00ae 81F80290 		strb	r9, [r1, #2]
 485:Core/Src/vl53l1_api_preset_modes.c **** 			VL53L1_INTERRUPT_CONFIG_NEW_SAMPLE_READY;
 486:Core/Src/vl53l1_api_preset_modes.c **** 	pgeneral->cal_config__vcsel_start                         = 0x0B;
 602              		.loc 1 486 2 is_stmt 1 view .LVU261
 603              		.loc 1 486 60 is_stmt 0 view .LVU262
 604 00b2 4FF00B0C 		mov	ip, #11
 605              	.LVL20:
 606              		.loc 1 486 60 view .LVU263
 607 00b6 81F803C0 		strb	ip, [r1, #3]
 487:Core/Src/vl53l1_api_preset_modes.c **** 
 488:Core/Src/vl53l1_api_preset_modes.c **** 	/*
 489:Core/Src/vl53l1_api_preset_modes.c **** 	 * Set VHV / Phase Cal repeat rate to 1 every
 490:Core/Src/vl53l1_api_preset_modes.c **** 	 * 60 * 60 ranges (once every minute @ 60Hz)
 491:Core/Src/vl53l1_api_preset_modes.c **** 	 * 0 - disables
 492:Core/Src/vl53l1_api_preset_modes.c **** 	 * 12-bit value -> 4095 max
 493:Core/Src/vl53l1_api_preset_modes.c **** 	 */
 494:Core/Src/vl53l1_api_preset_modes.c **** 	pgeneral->cal_config__repeat_rate                         =
 608              		.loc 1 494 2 is_stmt 1 view .LVU264
 495:Core/Src/vl53l1_api_preset_modes.c **** 			ptuning_parms->tp_cal_repeat_rate;
 609              		.loc 1 495 17 is_stmt 0 view .LVU265
 610 00ba B4F80EA0 		ldrh	r10, [r4, #14]
 494:Core/Src/vl53l1_api_preset_modes.c **** 			ptuning_parms->tp_cal_repeat_rate;
 611              		.loc 1 494 60 view .LVU266
 612 00be A1F804A0 		strh	r10, [r1, #4]	@ movhi
 496:Core/Src/vl53l1_api_preset_modes.c **** 	pgeneral->global_config__vcsel_width                      = 0x02;
 613              		.loc 1 496 2 is_stmt 1 view .LVU267
 614              		.loc 1 496 60 is_stmt 0 view .LVU268
 615 00c2 8E71     		strb	r6, [r1, #6]
 497:Core/Src/vl53l1_api_preset_modes.c **** 	/* 13 macro periods gives a timeout of 1ms */
 498:Core/Src/vl53l1_api_preset_modes.c **** 	pgeneral->phasecal_config__timeout_macrop                 = 0x0D;
 616              		.loc 1 498 2 is_stmt 1 view .LVU269
 617              		.loc 1 498 60 is_stmt 0 view .LVU270
 618 00c4 4FF00D0A 		mov	r10, #13
 619 00c8 81F807A0 		strb	r10, [r1, #7]
 499:Core/Src/vl53l1_api_preset_modes.c **** 	/* Phase cal target phase 2.0625 - 4.4 fp -> 0x21*/
 500:Core/Src/vl53l1_api_preset_modes.c **** 	pgeneral->phasecal_config__target                         =
 620              		.loc 1 500 2 is_stmt 1 view .LVU271
 501:Core/Src/vl53l1_api_preset_modes.c **** 			ptuning_parms->tp_phasecal_target;
 621              		.loc 1 501 17 is_stmt 0 view .LVU272
 622 00cc 94F80DA0 		ldrb	r10, [r4, #13]	@ zero_extendqisi2
 500:Core/Src/vl53l1_api_preset_modes.c **** 			ptuning_parms->tp_phasecal_target;
 623              		.loc 1 500 60 view .LVU273
 624 00d0 81F808A0 		strb	r10, [r1, #8]
 502:Core/Src/vl53l1_api_preset_modes.c **** 	pgeneral->phasecal_config__override                       = 0x00;
 625              		.loc 1 502 2 is_stmt 1 view .LVU274
 626              		.loc 1 502 60 is_stmt 0 view .LVU275
 627 00d4 4872     		strb	r0, [r1, #9]
 503:Core/Src/vl53l1_api_preset_modes.c **** 	pgeneral->dss_config__roi_mode_control =
 628              		.loc 1 503 2 is_stmt 1 view .LVU276
 629              		.loc 1 503 41 is_stmt 0 view .LVU277
 630 00d6 81F80AE0 		strb	lr, [r1, #10]
ARM GAS  C:\Users\Lenovo\AppData\Local\Temp\ccO2RBeu.s 			page 21


 504:Core/Src/vl53l1_api_preset_modes.c **** 			VL53L1_DEVICEDSSMODE__TARGET_RATE;
 505:Core/Src/vl53l1_api_preset_modes.c **** 	/* format for threshold high and low is 9.7 fp */
 506:Core/Src/vl53l1_api_preset_modes.c **** 	pgeneral->system__thresh_rate_high                        = 0x0000;
 631              		.loc 1 506 2 is_stmt 1 view .LVU278
 632              		.loc 1 506 60 is_stmt 0 view .LVU279
 633 00da 8881     		strh	r0, [r1, #12]	@ movhi
 507:Core/Src/vl53l1_api_preset_modes.c **** 	pgeneral->system__thresh_rate_low                         = 0x0000;
 634              		.loc 1 507 2 is_stmt 1 view .LVU280
 635              		.loc 1 507 60 is_stmt 0 view .LVU281
 636 00dc C881     		strh	r0, [r1, #14]	@ movhi
 508:Core/Src/vl53l1_api_preset_modes.c **** 	/* The format for manual effective spads is 8.8 -> 0x8C00 = 140.00 */
 509:Core/Src/vl53l1_api_preset_modes.c **** 	pgeneral->dss_config__manual_effective_spads_select       = 0x8C00;
 637              		.loc 1 509 2 is_stmt 1 view .LVU282
 638              		.loc 1 509 60 is_stmt 0 view .LVU283
 639 00de 4FF40C4A 		mov	r10, #35840
 640 00e2 A1F810A0 		strh	r10, [r1, #16]	@ movhi
 510:Core/Src/vl53l1_api_preset_modes.c **** 	pgeneral->dss_config__manual_block_select                 = 0x00;
 641              		.loc 1 510 2 is_stmt 1 view .LVU284
 642              		.loc 1 510 60 is_stmt 0 view .LVU285
 643 00e6 8874     		strb	r0, [r1, #18]
 511:Core/Src/vl53l1_api_preset_modes.c **** 
 512:Core/Src/vl53l1_api_preset_modes.c **** 	/*
 513:Core/Src/vl53l1_api_preset_modes.c **** 	 * Aperture attenuation value - format 0.8
 514:Core/Src/vl53l1_api_preset_modes.c **** 	 *
 515:Core/Src/vl53l1_api_preset_modes.c **** 	 * Nominal:  5x   -> 0.200000 * 256 = 51 = 0x33
 516:Core/Src/vl53l1_api_preset_modes.c **** 	 * Measured: 4.6x -> 0.217391 * 256 = 56 = 0x38
 517:Core/Src/vl53l1_api_preset_modes.c **** 	 */
 518:Core/Src/vl53l1_api_preset_modes.c **** 	pgeneral->dss_config__aperture_attenuation                = 0x38;
 644              		.loc 1 518 2 is_stmt 1 view .LVU286
 645              		.loc 1 518 60 is_stmt 0 view .LVU287
 646 00e8 4FF0380A 		mov	r10, #56
 647 00ec 81F813A0 		strb	r10, [r1, #19]
 519:Core/Src/vl53l1_api_preset_modes.c **** 	pgeneral->dss_config__max_spads_limit                     = 0xFF;
 648              		.loc 1 519 2 is_stmt 1 view .LVU288
 649              		.loc 1 519 60 is_stmt 0 view .LVU289
 650 00f0 0F75     		strb	r7, [r1, #20]
 520:Core/Src/vl53l1_api_preset_modes.c **** 	pgeneral->dss_config__min_spads_limit                     = 0x01;
 651              		.loc 1 520 2 is_stmt 1 view .LVU290
 652              		.loc 1 520 60 is_stmt 0 view .LVU291
 653 00f2 81F815E0 		strb	lr, [r1, #21]
 521:Core/Src/vl53l1_api_preset_modes.c **** 
 522:Core/Src/vl53l1_api_preset_modes.c **** 	/* Timing Configuration */
 523:Core/Src/vl53l1_api_preset_modes.c **** 
 524:Core/Src/vl53l1_api_preset_modes.c **** 	/* Default timing of 2ms */
 525:Core/Src/vl53l1_api_preset_modes.c **** 	ptiming->mm_config__timeout_macrop_a_hi                   = 0x00;
 654              		.loc 1 525 2 is_stmt 1 view .LVU292
 655              		.loc 1 525 60 is_stmt 0 view .LVU293
 656 00f6 1070     		strb	r0, [r2]
 526:Core/Src/vl53l1_api_preset_modes.c **** 	ptiming->mm_config__timeout_macrop_a_lo                   = 0x1a;
 657              		.loc 1 526 2 is_stmt 1 view .LVU294
 658              		.loc 1 526 60 is_stmt 0 view .LVU295
 659 00f8 1A21     		movs	r1, #26
 660              	.LVL21:
 661              		.loc 1 526 60 view .LVU296
 662 00fa 5170     		strb	r1, [r2, #1]
 527:Core/Src/vl53l1_api_preset_modes.c **** 	ptiming->mm_config__timeout_macrop_b_hi                   = 0x00;
 663              		.loc 1 527 2 is_stmt 1 view .LVU297
ARM GAS  C:\Users\Lenovo\AppData\Local\Temp\ccO2RBeu.s 			page 22


 664              		.loc 1 527 60 is_stmt 0 view .LVU298
 665 00fc 9070     		strb	r0, [r2, #2]
 528:Core/Src/vl53l1_api_preset_modes.c **** 	ptiming->mm_config__timeout_macrop_b_lo                   = 0x20;
 666              		.loc 1 528 2 is_stmt 1 view .LVU299
 667              		.loc 1 528 60 is_stmt 0 view .LVU300
 668 00fe 82F80390 		strb	r9, [r2, #3]
 529:Core/Src/vl53l1_api_preset_modes.c **** 	/* Setup for 30ms default */
 530:Core/Src/vl53l1_api_preset_modes.c **** 	ptiming->range_config__timeout_macrop_a_hi                = 0x01;
 669              		.loc 1 530 2 is_stmt 1 view .LVU301
 670              		.loc 1 530 60 is_stmt 0 view .LVU302
 671 0102 82F804E0 		strb	lr, [r2, #4]
 531:Core/Src/vl53l1_api_preset_modes.c **** 	ptiming->range_config__timeout_macrop_a_lo                = 0xCC;
 672              		.loc 1 531 2 is_stmt 1 view .LVU303
 673              		.loc 1 531 60 is_stmt 0 view .LVU304
 674 0106 CC21     		movs	r1, #204
 675 0108 5171     		strb	r1, [r2, #5]
 532:Core/Src/vl53l1_api_preset_modes.c **** 	/* register value 11 gives a 24 VCSEL period */
 533:Core/Src/vl53l1_api_preset_modes.c **** 	ptiming->range_config__vcsel_period_a                     = 0x0B;
 676              		.loc 1 533 2 is_stmt 1 view .LVU305
 677              		.loc 1 533 60 is_stmt 0 view .LVU306
 678 010a 82F806C0 		strb	ip, [r2, #6]
 534:Core/Src/vl53l1_api_preset_modes.c **** 	/* Setup for 30ms default */
 535:Core/Src/vl53l1_api_preset_modes.c **** 	ptiming->range_config__timeout_macrop_b_hi                = 0x01;
 679              		.loc 1 535 2 is_stmt 1 view .LVU307
 680              		.loc 1 535 60 is_stmt 0 view .LVU308
 681 010e 82F807E0 		strb	lr, [r2, #7]
 536:Core/Src/vl53l1_api_preset_modes.c **** 	ptiming->range_config__timeout_macrop_b_lo                = 0xF5;
 682              		.loc 1 536 2 is_stmt 1 view .LVU309
 683              		.loc 1 536 60 is_stmt 0 view .LVU310
 684 0112 F521     		movs	r1, #245
 685 0114 1172     		strb	r1, [r2, #8]
 537:Core/Src/vl53l1_api_preset_modes.c **** 	/* register value  09 gives a 20 VCSEL period */
 538:Core/Src/vl53l1_api_preset_modes.c **** 	ptiming->range_config__vcsel_period_b                     = 0x09;
 686              		.loc 1 538 2 is_stmt 1 view .LVU311
 687              		.loc 1 538 60 is_stmt 0 view .LVU312
 688 0116 0921     		movs	r1, #9
 689 0118 5172     		strb	r1, [r2, #9]
 539:Core/Src/vl53l1_api_preset_modes.c **** 	/*
 540:Core/Src/vl53l1_api_preset_modes.c **** 	 * Sigma thresh register - format 14.2
 541:Core/Src/vl53l1_api_preset_modes.c **** 	 *
 542:Core/Src/vl53l1_api_preset_modes.c **** 	 * 0x003C -> 15.0 mm
 543:Core/Src/vl53l1_api_preset_modes.c **** 	 * 0x0050 -> 20.0 mm
 544:Core/Src/vl53l1_api_preset_modes.c **** 	 */
 545:Core/Src/vl53l1_api_preset_modes.c **** 	ptiming->range_config__sigma_thresh                       =
 690              		.loc 1 545 2 is_stmt 1 view .LVU313
 546:Core/Src/vl53l1_api_preset_modes.c **** 			ptuning_parms->tp_lite_med_sigma_thresh_mm;
 691              		.loc 1 546 17 is_stmt 0 view .LVU314
 692 011a B4F81490 		ldrh	r9, [r4, #20]
 545:Core/Src/vl53l1_api_preset_modes.c **** 			ptuning_parms->tp_lite_med_sigma_thresh_mm;
 693              		.loc 1 545 60 view .LVU315
 694 011e A2F80A90 		strh	r9, [r2, #10]	@ movhi
 547:Core/Src/vl53l1_api_preset_modes.c **** 	/*
 548:Core/Src/vl53l1_api_preset_modes.c **** 	 *  Rate Limit - format 9.7fp
 549:Core/Src/vl53l1_api_preset_modes.c **** 	 *  0x0020 -> 0.250 Mcps
 550:Core/Src/vl53l1_api_preset_modes.c **** 	 *  0x0080 -> 1.000 Mcps
 551:Core/Src/vl53l1_api_preset_modes.c **** 	 */
 552:Core/Src/vl53l1_api_preset_modes.c **** 	ptiming->range_config__min_count_rate_rtn_limit_mcps      =
ARM GAS  C:\Users\Lenovo\AppData\Local\Temp\ccO2RBeu.s 			page 23


 695              		.loc 1 552 2 is_stmt 1 view .LVU316
 553:Core/Src/vl53l1_api_preset_modes.c **** 			ptuning_parms->tp_lite_med_min_count_rate_rtn_mcps;
 696              		.loc 1 553 17 is_stmt 0 view .LVU317
 697 0122 B4F81A90 		ldrh	r9, [r4, #26]
 552:Core/Src/vl53l1_api_preset_modes.c **** 			ptuning_parms->tp_lite_med_min_count_rate_rtn_mcps;
 698              		.loc 1 552 60 view .LVU318
 699 0126 A2F80C90 		strh	r9, [r2, #12]	@ movhi
 554:Core/Src/vl53l1_api_preset_modes.c **** 
 555:Core/Src/vl53l1_api_preset_modes.c **** 	/* Phase limit register formats = 5.3
 556:Core/Src/vl53l1_api_preset_modes.c **** 	 * low   = 0x08 ->  1.0
 557:Core/Src/vl53l1_api_preset_modes.c **** 	 * high  = 0x78 -> 15.0 -> 3.0m
 558:Core/Src/vl53l1_api_preset_modes.c **** 	 */
 559:Core/Src/vl53l1_api_preset_modes.c **** 	ptiming->range_config__valid_phase_low                    = 0x08;
 700              		.loc 1 559 2 is_stmt 1 view .LVU319
 701              		.loc 1 559 60 is_stmt 0 view .LVU320
 702 012a 82F80E80 		strb	r8, [r2, #14]
 560:Core/Src/vl53l1_api_preset_modes.c **** 	ptiming->range_config__valid_phase_high                   = 0x78;
 703              		.loc 1 560 2 is_stmt 1 view .LVU321
 704              		.loc 1 560 60 is_stmt 0 view .LVU322
 705 012e 4FF07808 		mov	r8, #120
 706 0132 82F80F80 		strb	r8, [r2, #15]
 561:Core/Src/vl53l1_api_preset_modes.c **** 	ptiming->system__intermeasurement_period                  = 0x00000000;
 707              		.loc 1 561 2 is_stmt 1 view .LVU323
 708              		.loc 1 561 60 is_stmt 0 view .LVU324
 709 0136 1061     		str	r0, [r2, #16]
 562:Core/Src/vl53l1_api_preset_modes.c **** 	ptiming->system__fractional_enable                        = 0x00;
 710              		.loc 1 562 2 is_stmt 1 view .LVU325
 711              		.loc 1 562 60 is_stmt 0 view .LVU326
 712 0138 1075     		strb	r0, [r2, #20]
 563:Core/Src/vl53l1_api_preset_modes.c **** 
 564:Core/Src/vl53l1_api_preset_modes.c **** 	/* Dynamic Configuration */
 565:Core/Src/vl53l1_api_preset_modes.c **** 
 566:Core/Src/vl53l1_api_preset_modes.c **** 	pdynamic->system__grouped_parameter_hold_0                 = 0x01;
 713              		.loc 1 566 2 is_stmt 1 view .LVU327
 714              		.loc 1 566 61 is_stmt 0 view .LVU328
 715 013a 83F800E0 		strb	lr, [r3]
 567:Core/Src/vl53l1_api_preset_modes.c **** 
 568:Core/Src/vl53l1_api_preset_modes.c **** 	pdynamic->system__thresh_high                              = 0x0000;
 716              		.loc 1 568 2 is_stmt 1 view .LVU329
 717              		.loc 1 568 61 is_stmt 0 view .LVU330
 718 013e 5880     		strh	r0, [r3, #2]	@ movhi
 569:Core/Src/vl53l1_api_preset_modes.c **** 	pdynamic->system__thresh_low                               = 0x0000;
 719              		.loc 1 569 2 is_stmt 1 view .LVU331
 720              		.loc 1 569 61 is_stmt 0 view .LVU332
 721 0140 9880     		strh	r0, [r3, #4]	@ movhi
 570:Core/Src/vl53l1_api_preset_modes.c **** 	pdynamic->system__enable_xtalk_per_quadrant                = 0x00;
 722              		.loc 1 570 2 is_stmt 1 view .LVU333
 723              		.loc 1 570 61 is_stmt 0 view .LVU334
 724 0142 9871     		strb	r0, [r3, #6]
 571:Core/Src/vl53l1_api_preset_modes.c **** 	pdynamic->system__seed_config =
 725              		.loc 1 571 2 is_stmt 1 view .LVU335
 572:Core/Src/vl53l1_api_preset_modes.c **** 			ptuning_parms->tp_lite_seed_cfg;
 726              		.loc 1 572 17 is_stmt 0 view .LVU336
 727 0144 94F82120 		ldrb	r2, [r4, #33]	@ zero_extendqisi2
 728              	.LVL22:
 571:Core/Src/vl53l1_api_preset_modes.c **** 	pdynamic->system__seed_config =
 729              		.loc 1 571 32 view .LVU337
ARM GAS  C:\Users\Lenovo\AppData\Local\Temp\ccO2RBeu.s 			page 24


 730 0148 DA71     		strb	r2, [r3, #7]
 573:Core/Src/vl53l1_api_preset_modes.c **** 
 574:Core/Src/vl53l1_api_preset_modes.c **** 	/* Timing A */
 575:Core/Src/vl53l1_api_preset_modes.c **** 	pdynamic->sd_config__woi_sd0                               = 0x0B;
 731              		.loc 1 575 2 is_stmt 1 view .LVU338
 732              		.loc 1 575 61 is_stmt 0 view .LVU339
 733 014a 83F808C0 		strb	ip, [r3, #8]
 576:Core/Src/vl53l1_api_preset_modes.c **** 	/* Timing B */
 577:Core/Src/vl53l1_api_preset_modes.c **** 	pdynamic->sd_config__woi_sd1                               = 0x09;
 734              		.loc 1 577 2 is_stmt 1 view .LVU340
 735              		.loc 1 577 61 is_stmt 0 view .LVU341
 736 014e 5972     		strb	r1, [r3, #9]
 578:Core/Src/vl53l1_api_preset_modes.c **** 
 579:Core/Src/vl53l1_api_preset_modes.c **** 	pdynamic->sd_config__initial_phase_sd0                     =
 737              		.loc 1 579 2 is_stmt 1 view .LVU342
 580:Core/Src/vl53l1_api_preset_modes.c **** 			ptuning_parms->tp_init_phase_rtn_lite_med;
 738              		.loc 1 580 17 is_stmt 0 view .LVU343
 739 0150 E279     		ldrb	r2, [r4, #7]	@ zero_extendqisi2
 579:Core/Src/vl53l1_api_preset_modes.c **** 			ptuning_parms->tp_init_phase_rtn_lite_med;
 740              		.loc 1 579 61 view .LVU344
 741 0152 9A72     		strb	r2, [r3, #10]
 581:Core/Src/vl53l1_api_preset_modes.c **** 	pdynamic->sd_config__initial_phase_sd1                     =
 742              		.loc 1 581 2 is_stmt 1 view .LVU345
 582:Core/Src/vl53l1_api_preset_modes.c **** 			ptuning_parms->tp_init_phase_ref_lite_med;;
 743              		.loc 1 582 17 is_stmt 0 view .LVU346
 744 0154 A27A     		ldrb	r2, [r4, #10]	@ zero_extendqisi2
 581:Core/Src/vl53l1_api_preset_modes.c **** 	pdynamic->sd_config__initial_phase_sd1                     =
 745              		.loc 1 581 61 view .LVU347
 746 0156 DA72     		strb	r2, [r3, #11]
 747              		.loc 1 582 46 is_stmt 1 view .LVU348
 583:Core/Src/vl53l1_api_preset_modes.c **** 
 584:Core/Src/vl53l1_api_preset_modes.c **** 	pdynamic->system__grouped_parameter_hold_1                 = 0x01;
 748              		.loc 1 584 2 view .LVU349
 749              		.loc 1 584 61 is_stmt 0 view .LVU350
 750 0158 83F80CE0 		strb	lr, [r3, #12]
 585:Core/Src/vl53l1_api_preset_modes.c **** 
 586:Core/Src/vl53l1_api_preset_modes.c **** 	/*
 587:Core/Src/vl53l1_api_preset_modes.c **** 	 *  Quantifier settings
 588:Core/Src/vl53l1_api_preset_modes.c **** 	 *
 589:Core/Src/vl53l1_api_preset_modes.c **** 	 *  sd_config__first_order_select
 590:Core/Src/vl53l1_api_preset_modes.c **** 	 *     bit 0 - return sigma delta
 591:Core/Src/vl53l1_api_preset_modes.c **** 	 *     bit 1 - reference sigma delta
 592:Core/Src/vl53l1_api_preset_modes.c **** 	 *
 593:Core/Src/vl53l1_api_preset_modes.c **** 	 *  sd_config__first_order_select = 0x03 (1st order)
 594:Core/Src/vl53l1_api_preset_modes.c **** 	 *
 595:Core/Src/vl53l1_api_preset_modes.c **** 	 *      sd_config__quantifier options
 596:Core/Src/vl53l1_api_preset_modes.c **** 	 *        0
 597:Core/Src/vl53l1_api_preset_modes.c **** 	 *        1 ->   64
 598:Core/Src/vl53l1_api_preset_modes.c **** 	 *        2 ->  128
 599:Core/Src/vl53l1_api_preset_modes.c **** 	 *        3 ->  256
 600:Core/Src/vl53l1_api_preset_modes.c **** 	 *
 601:Core/Src/vl53l1_api_preset_modes.c **** 	 *  sd_config__first_order_select = 0x00 (2nd order)
 602:Core/Src/vl53l1_api_preset_modes.c **** 	 *
 603:Core/Src/vl53l1_api_preset_modes.c **** 	 *      sd_config__quantifier options
 604:Core/Src/vl53l1_api_preset_modes.c **** 	 *        0
 605:Core/Src/vl53l1_api_preset_modes.c **** 	 *        1  ->  256
 606:Core/Src/vl53l1_api_preset_modes.c **** 	 *        2  -> 1024
ARM GAS  C:\Users\Lenovo\AppData\Local\Temp\ccO2RBeu.s 			page 25


 607:Core/Src/vl53l1_api_preset_modes.c **** 	 *        3  -> 4095
 608:Core/Src/vl53l1_api_preset_modes.c **** 	 *
 609:Core/Src/vl53l1_api_preset_modes.c **** 	 *  Setting below 2nd order, Quantifier = 1024
 610:Core/Src/vl53l1_api_preset_modes.c **** 	 */
 611:Core/Src/vl53l1_api_preset_modes.c **** 
 612:Core/Src/vl53l1_api_preset_modes.c **** 	pdynamic->sd_config__first_order_select =
 751              		.loc 1 612 2 is_stmt 1 view .LVU351
 613:Core/Src/vl53l1_api_preset_modes.c **** 			ptuning_parms->tp_lite_first_order_select;
 752              		.loc 1 613 17 is_stmt 0 view .LVU352
 753 015c 94F82420 		ldrb	r2, [r4, #36]	@ zero_extendqisi2
 612:Core/Src/vl53l1_api_preset_modes.c **** 			ptuning_parms->tp_lite_first_order_select;
 754              		.loc 1 612 42 view .LVU353
 755 0160 5A73     		strb	r2, [r3, #13]
 614:Core/Src/vl53l1_api_preset_modes.c **** 	pdynamic->sd_config__quantifier         =
 756              		.loc 1 614 2 is_stmt 1 view .LVU354
 615:Core/Src/vl53l1_api_preset_modes.c **** 			ptuning_parms->tp_lite_quantifier;
 757              		.loc 1 615 17 is_stmt 0 view .LVU355
 758 0162 94F82320 		ldrb	r2, [r4, #35]	@ zero_extendqisi2
 614:Core/Src/vl53l1_api_preset_modes.c **** 	pdynamic->sd_config__quantifier         =
 759              		.loc 1 614 42 view .LVU356
 760 0166 9A73     		strb	r2, [r3, #14]
 616:Core/Src/vl53l1_api_preset_modes.c **** 
 617:Core/Src/vl53l1_api_preset_modes.c **** 	/* Below defaults will be overwritten by zone_cfg
 618:Core/Src/vl53l1_api_preset_modes.c **** 	 * Spad no = 199 (0xC7)
 619:Core/Src/vl53l1_api_preset_modes.c **** 	 * Spad no =  63 (0x3F)
 620:Core/Src/vl53l1_api_preset_modes.c **** 	 */
 621:Core/Src/vl53l1_api_preset_modes.c **** 	pdynamic->roi_config__user_roi_centre_spad              = 0xC7;
 761              		.loc 1 621 2 is_stmt 1 view .LVU357
 762              		.loc 1 621 58 is_stmt 0 view .LVU358
 763 0168 C722     		movs	r2, #199
 764 016a DA73     		strb	r2, [r3, #15]
 622:Core/Src/vl53l1_api_preset_modes.c **** 	/* 16x16 ROI */
 623:Core/Src/vl53l1_api_preset_modes.c **** 	pdynamic->roi_config__user_roi_requested_global_xy_size = 0xFF;
 765              		.loc 1 623 2 is_stmt 1 view .LVU359
 766              		.loc 1 623 58 is_stmt 0 view .LVU360
 767 016c 1F74     		strb	r7, [r3, #16]
 624:Core/Src/vl53l1_api_preset_modes.c **** 
 625:Core/Src/vl53l1_api_preset_modes.c **** 
 626:Core/Src/vl53l1_api_preset_modes.c **** 	pdynamic->system__sequence_config                          = \
 768              		.loc 1 626 2 is_stmt 1 view .LVU361
 769              		.loc 1 626 61 is_stmt 0 view .LVU362
 770 016e DB22     		movs	r2, #219
 771 0170 5A74     		strb	r2, [r3, #17]
 627:Core/Src/vl53l1_api_preset_modes.c **** 			VL53L1_SEQUENCE_VHV_EN | \
 628:Core/Src/vl53l1_api_preset_modes.c **** 			VL53L1_SEQUENCE_PHASECAL_EN | \
 629:Core/Src/vl53l1_api_preset_modes.c **** 			VL53L1_SEQUENCE_DSS1_EN | \
 630:Core/Src/vl53l1_api_preset_modes.c **** 			VL53L1_SEQUENCE_DSS2_EN | \
 631:Core/Src/vl53l1_api_preset_modes.c **** 			VL53L1_SEQUENCE_MM2_EN | \
 632:Core/Src/vl53l1_api_preset_modes.c **** 			VL53L1_SEQUENCE_RANGE_EN;
 633:Core/Src/vl53l1_api_preset_modes.c **** 
 634:Core/Src/vl53l1_api_preset_modes.c **** 	pdynamic->system__grouped_parameter_hold                   = 0x02;
 772              		.loc 1 634 2 is_stmt 1 view .LVU363
 773              		.loc 1 634 61 is_stmt 0 view .LVU364
 774 0172 9E74     		strb	r6, [r3, #18]
 635:Core/Src/vl53l1_api_preset_modes.c **** 
 636:Core/Src/vl53l1_api_preset_modes.c **** 	/* System control */
 637:Core/Src/vl53l1_api_preset_modes.c **** 
ARM GAS  C:\Users\Lenovo\AppData\Local\Temp\ccO2RBeu.s 			page 26


 638:Core/Src/vl53l1_api_preset_modes.c **** 
 639:Core/Src/vl53l1_api_preset_modes.c **** 	psystem->system__stream_count_ctrl                         = 0x00;
 775              		.loc 1 639 2 is_stmt 1 view .LVU365
 776              		.loc 1 639 61 is_stmt 0 view .LVU366
 777 0174 6870     		strb	r0, [r5, #1]
 640:Core/Src/vl53l1_api_preset_modes.c **** 	psystem->firmware__enable                                  = 0x01;
 778              		.loc 1 640 2 is_stmt 1 view .LVU367
 779              		.loc 1 640 61 is_stmt 0 view .LVU368
 780 0176 85F802E0 		strb	lr, [r5, #2]
 641:Core/Src/vl53l1_api_preset_modes.c **** 	psystem->system__interrupt_clear                           = \
 781              		.loc 1 641 2 is_stmt 1 view .LVU369
 782              		.loc 1 641 61 is_stmt 0 view .LVU370
 783 017a 85F803E0 		strb	lr, [r5, #3]
 642:Core/Src/vl53l1_api_preset_modes.c **** 			VL53L1_CLEAR_RANGE_INT;
 643:Core/Src/vl53l1_api_preset_modes.c **** 
 644:Core/Src/vl53l1_api_preset_modes.c **** 	psystem->system__mode_start                                = \
 784              		.loc 1 644 2 is_stmt 1 view .LVU371
 785              		.loc 1 644 61 is_stmt 0 view .LVU372
 786 017e 2123     		movs	r3, #33
 787              	.LVL23:
 788              		.loc 1 644 61 view .LVU373
 789 0180 2B71     		strb	r3, [r5, #4]
 645:Core/Src/vl53l1_api_preset_modes.c **** 			VL53L1_DEVICESCHEDULERMODE_STREAMING | \
 646:Core/Src/vl53l1_api_preset_modes.c **** 			VL53L1_DEVICEREADOUTMODE_SINGLE_SD | \
 647:Core/Src/vl53l1_api_preset_modes.c **** 			VL53L1_DEVICEMEASUREMENTMODE_BACKTOBACK;
 648:Core/Src/vl53l1_api_preset_modes.c **** 
 649:Core/Src/vl53l1_api_preset_modes.c **** 	LOG_FUNCTION_END(status);
 790              		.loc 1 649 26 is_stmt 1 view .LVU374
 650:Core/Src/vl53l1_api_preset_modes.c **** 
 651:Core/Src/vl53l1_api_preset_modes.c **** 	return status;
 791              		.loc 1 651 2 view .LVU375
 652:Core/Src/vl53l1_api_preset_modes.c **** }
 792              		.loc 1 652 1 is_stmt 0 view .LVU376
 793 0182 BDE8F087 		pop	{r4, r5, r6, r7, r8, r9, r10, pc}
 794              		.loc 1 652 1 view .LVU377
 795              		.cfi_endproc
 796              	.LFE8:
 798              		.section	.text.VL53L1_preset_mode_standard_ranging_short_range,"ax",%progbits
 799              		.align	1
 800              		.global	VL53L1_preset_mode_standard_ranging_short_range
 801              		.syntax unified
 802              		.thumb
 803              		.thumb_func
 805              	VL53L1_preset_mode_standard_ranging_short_range:
 806              	.LVL24:
 807              	.LFB9:
 653:Core/Src/vl53l1_api_preset_modes.c **** 
 654:Core/Src/vl53l1_api_preset_modes.c **** 
 655:Core/Src/vl53l1_api_preset_modes.c **** VL53L1_Error VL53L1_preset_mode_standard_ranging_short_range(
 656:Core/Src/vl53l1_api_preset_modes.c **** 	VL53L1_static_config_t    *pstatic,
 657:Core/Src/vl53l1_api_preset_modes.c **** 	VL53L1_general_config_t   *pgeneral,
 658:Core/Src/vl53l1_api_preset_modes.c **** 	VL53L1_timing_config_t    *ptiming,
 659:Core/Src/vl53l1_api_preset_modes.c **** 	VL53L1_dynamic_config_t   *pdynamic,
 660:Core/Src/vl53l1_api_preset_modes.c **** 	VL53L1_system_control_t   *psystem,
 661:Core/Src/vl53l1_api_preset_modes.c **** 	VL53L1_tuning_parm_storage_t *ptuning_parms)
 662:Core/Src/vl53l1_api_preset_modes.c **** {
 808              		.loc 1 662 1 is_stmt 1 view -0
ARM GAS  C:\Users\Lenovo\AppData\Local\Temp\ccO2RBeu.s 			page 27


 809              		.cfi_startproc
 810              		@ args = 8, pretend = 0, frame = 0
 811              		@ frame_needed = 0, uses_anonymous_args = 0
 812              		.loc 1 662 1 is_stmt 0 view .LVU379
 813 0000 F0B5     		push	{r4, r5, r6, r7, lr}
 814              	.LCFI2:
 815              		.cfi_def_cfa_offset 20
 816              		.cfi_offset 4, -20
 817              		.cfi_offset 5, -16
 818              		.cfi_offset 6, -12
 819              		.cfi_offset 7, -8
 820              		.cfi_offset 14, -4
 821 0002 83B0     		sub	sp, sp, #12
 822              	.LCFI3:
 823              		.cfi_def_cfa_offset 32
 824 0004 1446     		mov	r4, r2
 825 0006 1D46     		mov	r5, r3
 826 0008 099E     		ldr	r6, [sp, #36]
 663:Core/Src/vl53l1_api_preset_modes.c **** 	/*
 664:Core/Src/vl53l1_api_preset_modes.c **** 	 * Initializes static and dynamic data structures for
 665:Core/Src/vl53l1_api_preset_modes.c **** 	 * device preset mode
 666:Core/Src/vl53l1_api_preset_modes.c **** 	 *
 667:Core/Src/vl53l1_api_preset_modes.c **** 	 * VL53L1_DEVICEPRESETMODE_STANDARD_RANGING_SHORT_RANGE
 668:Core/Src/vl53l1_api_preset_modes.c **** 	 * (up to 1.4 metres)
 669:Core/Src/vl53l1_api_preset_modes.c **** 	 *
 670:Core/Src/vl53l1_api_preset_modes.c **** 	 * PLEASE NOTE THE SETTINGS BELOW AT PROVISIONAL AND WILL CHANGE!
 671:Core/Src/vl53l1_api_preset_modes.c **** 	 */
 672:Core/Src/vl53l1_api_preset_modes.c **** 
 673:Core/Src/vl53l1_api_preset_modes.c **** 	VL53L1_Error  status = VL53L1_ERROR_NONE;
 827              		.loc 1 673 2 is_stmt 1 view .LVU380
 828              	.LVL25:
 674:Core/Src/vl53l1_api_preset_modes.c **** 
 675:Core/Src/vl53l1_api_preset_modes.c **** 	LOG_FUNCTION_START("");
 829              		.loc 1 675 24 view .LVU381
 676:Core/Src/vl53l1_api_preset_modes.c **** 
 677:Core/Src/vl53l1_api_preset_modes.c **** 	/* Call standard ranging configuration followed by
 678:Core/Src/vl53l1_api_preset_modes.c **** 	 * overrides for the  short range configuration
 679:Core/Src/vl53l1_api_preset_modes.c **** 	 */
 680:Core/Src/vl53l1_api_preset_modes.c **** 
 681:Core/Src/vl53l1_api_preset_modes.c **** 	status = VL53L1_preset_mode_standard_ranging(
 830              		.loc 1 681 2 view .LVU382
 831              		.loc 1 681 11 is_stmt 0 view .LVU383
 832 000a 0196     		str	r6, [sp, #4]
 833 000c 089F     		ldr	r7, [sp, #32]
 834 000e 0097     		str	r7, [sp]
 835 0010 FFF7FEFF 		bl	VL53L1_preset_mode_standard_ranging
 836              	.LVL26:
 682:Core/Src/vl53l1_api_preset_modes.c **** 		pstatic,
 683:Core/Src/vl53l1_api_preset_modes.c **** 		pgeneral,
 684:Core/Src/vl53l1_api_preset_modes.c **** 		ptiming,
 685:Core/Src/vl53l1_api_preset_modes.c **** 		pdynamic,
 686:Core/Src/vl53l1_api_preset_modes.c **** 		psystem,
 687:Core/Src/vl53l1_api_preset_modes.c **** 		ptuning_parms);
 688:Core/Src/vl53l1_api_preset_modes.c **** 
 689:Core/Src/vl53l1_api_preset_modes.c **** 	/* now override standard ranging specific registers */
 690:Core/Src/vl53l1_api_preset_modes.c **** 
 691:Core/Src/vl53l1_api_preset_modes.c **** 	if (status == VL53L1_ERROR_NONE) {
ARM GAS  C:\Users\Lenovo\AppData\Local\Temp\ccO2RBeu.s 			page 28


 837              		.loc 1 691 2 is_stmt 1 view .LVU384
 838              		.loc 1 691 5 is_stmt 0 view .LVU385
 839 0014 88B9     		cbnz	r0, .L15
 692:Core/Src/vl53l1_api_preset_modes.c **** 
 693:Core/Src/vl53l1_api_preset_modes.c **** 		/* Timing Configuration
 694:Core/Src/vl53l1_api_preset_modes.c **** 		 *
 695:Core/Src/vl53l1_api_preset_modes.c **** 		 * vcsel_period_a    = 7 -> 16 period
 696:Core/Src/vl53l1_api_preset_modes.c **** 		 * vcsel_period_b    = 5 -> 12 period
 697:Core/Src/vl53l1_api_preset_modes.c **** 		 * sigma_thresh                  = 0x003C -> 14.2fp -> 15.0 mm
 698:Core/Src/vl53l1_api_preset_modes.c **** 		 * min_count_rate_rtn_limit_mcps = 0x0080 ->  9.7fp ->  1.0 Mcps
 699:Core/Src/vl53l1_api_preset_modes.c **** 		 * valid_phase_low               = 0x08 -> 5.3fp -> 1.0
 700:Core/Src/vl53l1_api_preset_modes.c **** 		 * valid_phase_high              = 0x38 -> 5.3fp -> 7.0 -> 1.4m
 701:Core/Src/vl53l1_api_preset_modes.c **** 		 */
 702:Core/Src/vl53l1_api_preset_modes.c **** 
 703:Core/Src/vl53l1_api_preset_modes.c **** 		ptiming->range_config__vcsel_period_a                = 0x07;
 840              		.loc 1 703 3 is_stmt 1 view .LVU386
 841              		.loc 1 703 56 is_stmt 0 view .LVU387
 842 0016 0722     		movs	r2, #7
 843 0018 A271     		strb	r2, [r4, #6]
 704:Core/Src/vl53l1_api_preset_modes.c **** 		ptiming->range_config__vcsel_period_b                = 0x05;
 844              		.loc 1 704 3 is_stmt 1 view .LVU388
 845              		.loc 1 704 56 is_stmt 0 view .LVU389
 846 001a 0523     		movs	r3, #5
 847 001c 6372     		strb	r3, [r4, #9]
 705:Core/Src/vl53l1_api_preset_modes.c **** 		ptiming->range_config__sigma_thresh                  =
 848              		.loc 1 705 3 is_stmt 1 view .LVU390
 706:Core/Src/vl53l1_api_preset_modes.c **** 				ptuning_parms->tp_lite_short_sigma_thresh_mm;
 849              		.loc 1 706 18 is_stmt 0 view .LVU391
 850 001e F18A     		ldrh	r1, [r6, #22]
 705:Core/Src/vl53l1_api_preset_modes.c **** 		ptiming->range_config__sigma_thresh                  =
 851              		.loc 1 705 56 view .LVU392
 852 0020 6181     		strh	r1, [r4, #10]	@ movhi
 707:Core/Src/vl53l1_api_preset_modes.c **** 		ptiming->range_config__min_count_rate_rtn_limit_mcps =
 853              		.loc 1 707 3 is_stmt 1 view .LVU393
 708:Core/Src/vl53l1_api_preset_modes.c **** 				ptuning_parms->tp_lite_short_min_count_rate_rtn_mcps;
 854              		.loc 1 708 18 is_stmt 0 view .LVU394
 855 0022 B18B     		ldrh	r1, [r6, #28]
 707:Core/Src/vl53l1_api_preset_modes.c **** 		ptiming->range_config__min_count_rate_rtn_limit_mcps =
 856              		.loc 1 707 56 view .LVU395
 857 0024 A181     		strh	r1, [r4, #12]	@ movhi
 709:Core/Src/vl53l1_api_preset_modes.c **** 		ptiming->range_config__valid_phase_low               = 0x08;
 858              		.loc 1 709 3 is_stmt 1 view .LVU396
 859              		.loc 1 709 56 is_stmt 0 view .LVU397
 860 0026 0821     		movs	r1, #8
 861 0028 A173     		strb	r1, [r4, #14]
 710:Core/Src/vl53l1_api_preset_modes.c **** 		ptiming->range_config__valid_phase_high              = 0x38;
 862              		.loc 1 710 3 is_stmt 1 view .LVU398
 863              		.loc 1 710 56 is_stmt 0 view .LVU399
 864 002a 3821     		movs	r1, #56
 865 002c E173     		strb	r1, [r4, #15]
 711:Core/Src/vl53l1_api_preset_modes.c **** 
 712:Core/Src/vl53l1_api_preset_modes.c **** 		/* Dynamic Configuration
 713:Core/Src/vl53l1_api_preset_modes.c **** 		 * SD0 -> Timing A
 714:Core/Src/vl53l1_api_preset_modes.c **** 		 * SD1 -> Timing B
 715:Core/Src/vl53l1_api_preset_modes.c **** 		 */
 716:Core/Src/vl53l1_api_preset_modes.c **** 
 717:Core/Src/vl53l1_api_preset_modes.c **** 		pdynamic->sd_config__woi_sd0                         = 0x07;
ARM GAS  C:\Users\Lenovo\AppData\Local\Temp\ccO2RBeu.s 			page 29


 866              		.loc 1 717 3 is_stmt 1 view .LVU400
 867              		.loc 1 717 56 is_stmt 0 view .LVU401
 868 002e 2A72     		strb	r2, [r5, #8]
 718:Core/Src/vl53l1_api_preset_modes.c **** 		pdynamic->sd_config__woi_sd1                         = 0x05;
 869              		.loc 1 718 3 is_stmt 1 view .LVU402
 870              		.loc 1 718 56 is_stmt 0 view .LVU403
 871 0030 6B72     		strb	r3, [r5, #9]
 719:Core/Src/vl53l1_api_preset_modes.c **** 		pdynamic->sd_config__initial_phase_sd0               =
 872              		.loc 1 719 3 is_stmt 1 view .LVU404
 720:Core/Src/vl53l1_api_preset_modes.c **** 				ptuning_parms->tp_init_phase_rtn_lite_short;
 873              		.loc 1 720 18 is_stmt 0 view .LVU405
 874 0032 337A     		ldrb	r3, [r6, #8]	@ zero_extendqisi2
 719:Core/Src/vl53l1_api_preset_modes.c **** 		pdynamic->sd_config__initial_phase_sd0               =
 875              		.loc 1 719 56 view .LVU406
 876 0034 AB72     		strb	r3, [r5, #10]
 721:Core/Src/vl53l1_api_preset_modes.c **** 		pdynamic->sd_config__initial_phase_sd1               =
 877              		.loc 1 721 3 is_stmt 1 view .LVU407
 722:Core/Src/vl53l1_api_preset_modes.c **** 				ptuning_parms->tp_init_phase_ref_lite_short;
 878              		.loc 1 722 18 is_stmt 0 view .LVU408
 879 0036 F37A     		ldrb	r3, [r6, #11]	@ zero_extendqisi2
 721:Core/Src/vl53l1_api_preset_modes.c **** 		pdynamic->sd_config__initial_phase_sd1               =
 880              		.loc 1 721 56 view .LVU409
 881 0038 EB72     		strb	r3, [r5, #11]
 882              	.L15:
 723:Core/Src/vl53l1_api_preset_modes.c **** 	}
 724:Core/Src/vl53l1_api_preset_modes.c **** 
 725:Core/Src/vl53l1_api_preset_modes.c **** 	LOG_FUNCTION_END(status);
 883              		.loc 1 725 26 is_stmt 1 view .LVU410
 726:Core/Src/vl53l1_api_preset_modes.c **** 
 727:Core/Src/vl53l1_api_preset_modes.c **** 	return status;
 884              		.loc 1 727 2 view .LVU411
 728:Core/Src/vl53l1_api_preset_modes.c **** }
 885              		.loc 1 728 1 is_stmt 0 view .LVU412
 886 003a 03B0     		add	sp, sp, #12
 887              	.LCFI4:
 888              		.cfi_def_cfa_offset 20
 889              		@ sp needed
 890 003c F0BD     		pop	{r4, r5, r6, r7, pc}
 891              		.loc 1 728 1 view .LVU413
 892              		.cfi_endproc
 893              	.LFE9:
 895              		.section	.text.VL53L1_preset_mode_standard_ranging_long_range,"ax",%progbits
 896              		.align	1
 897              		.global	VL53L1_preset_mode_standard_ranging_long_range
 898              		.syntax unified
 899              		.thumb
 900              		.thumb_func
 902              	VL53L1_preset_mode_standard_ranging_long_range:
 903              	.LVL27:
 904              	.LFB10:
 729:Core/Src/vl53l1_api_preset_modes.c **** 
 730:Core/Src/vl53l1_api_preset_modes.c **** 
 731:Core/Src/vl53l1_api_preset_modes.c **** VL53L1_Error VL53L1_preset_mode_standard_ranging_long_range(
 732:Core/Src/vl53l1_api_preset_modes.c **** 	VL53L1_static_config_t    *pstatic,
 733:Core/Src/vl53l1_api_preset_modes.c **** 	VL53L1_general_config_t   *pgeneral,
 734:Core/Src/vl53l1_api_preset_modes.c **** 	VL53L1_timing_config_t    *ptiming,
 735:Core/Src/vl53l1_api_preset_modes.c **** 	VL53L1_dynamic_config_t   *pdynamic,
ARM GAS  C:\Users\Lenovo\AppData\Local\Temp\ccO2RBeu.s 			page 30


 736:Core/Src/vl53l1_api_preset_modes.c **** 	VL53L1_system_control_t   *psystem,
 737:Core/Src/vl53l1_api_preset_modes.c **** 	VL53L1_tuning_parm_storage_t *ptuning_parms)
 738:Core/Src/vl53l1_api_preset_modes.c **** {
 905              		.loc 1 738 1 is_stmt 1 view -0
 906              		.cfi_startproc
 907              		@ args = 8, pretend = 0, frame = 0
 908              		@ frame_needed = 0, uses_anonymous_args = 0
 909              		.loc 1 738 1 is_stmt 0 view .LVU415
 910 0000 F0B5     		push	{r4, r5, r6, r7, lr}
 911              	.LCFI5:
 912              		.cfi_def_cfa_offset 20
 913              		.cfi_offset 4, -20
 914              		.cfi_offset 5, -16
 915              		.cfi_offset 6, -12
 916              		.cfi_offset 7, -8
 917              		.cfi_offset 14, -4
 918 0002 83B0     		sub	sp, sp, #12
 919              	.LCFI6:
 920              		.cfi_def_cfa_offset 32
 921 0004 1446     		mov	r4, r2
 922 0006 1D46     		mov	r5, r3
 923 0008 099E     		ldr	r6, [sp, #36]
 739:Core/Src/vl53l1_api_preset_modes.c **** 	/*
 740:Core/Src/vl53l1_api_preset_modes.c **** 	 * Initializes static and dynamic data structures for
 741:Core/Src/vl53l1_api_preset_modes.c **** 	 * device preset mode
 742:Core/Src/vl53l1_api_preset_modes.c **** 	 *
 743:Core/Src/vl53l1_api_preset_modes.c **** 	 * VL53L1_DEVICEPRESETMODE_STANDARD_RANGING_LONG_RANGE
 744:Core/Src/vl53l1_api_preset_modes.c **** 	 * (up to 4.8 metres)
 745:Core/Src/vl53l1_api_preset_modes.c **** 	 *
 746:Core/Src/vl53l1_api_preset_modes.c **** 	 *  PLEASE NOTE THE SETTINGS BELOW AT PROVISIONAL AND WILL CHANGE!
 747:Core/Src/vl53l1_api_preset_modes.c **** 	 */
 748:Core/Src/vl53l1_api_preset_modes.c **** 
 749:Core/Src/vl53l1_api_preset_modes.c **** 	VL53L1_Error  status = VL53L1_ERROR_NONE;
 924              		.loc 1 749 2 is_stmt 1 view .LVU416
 925              	.LVL28:
 750:Core/Src/vl53l1_api_preset_modes.c **** 
 751:Core/Src/vl53l1_api_preset_modes.c **** 	LOG_FUNCTION_START("");
 926              		.loc 1 751 24 view .LVU417
 752:Core/Src/vl53l1_api_preset_modes.c **** 
 753:Core/Src/vl53l1_api_preset_modes.c **** 	/* Call standard ranging configuration with
 754:Core/Src/vl53l1_api_preset_modes.c **** 	 * overrides for long range configuration
 755:Core/Src/vl53l1_api_preset_modes.c **** 	 */
 756:Core/Src/vl53l1_api_preset_modes.c **** 
 757:Core/Src/vl53l1_api_preset_modes.c **** 	status = VL53L1_preset_mode_standard_ranging(
 927              		.loc 1 757 2 view .LVU418
 928              		.loc 1 757 11 is_stmt 0 view .LVU419
 929 000a 0196     		str	r6, [sp, #4]
 930 000c 089F     		ldr	r7, [sp, #32]
 931 000e 0097     		str	r7, [sp]
 932 0010 FFF7FEFF 		bl	VL53L1_preset_mode_standard_ranging
 933              	.LVL29:
 758:Core/Src/vl53l1_api_preset_modes.c **** 		pstatic,
 759:Core/Src/vl53l1_api_preset_modes.c **** 		pgeneral,
 760:Core/Src/vl53l1_api_preset_modes.c **** 		ptiming,
 761:Core/Src/vl53l1_api_preset_modes.c **** 		pdynamic,
 762:Core/Src/vl53l1_api_preset_modes.c **** 		psystem,
 763:Core/Src/vl53l1_api_preset_modes.c **** 		ptuning_parms);
ARM GAS  C:\Users\Lenovo\AppData\Local\Temp\ccO2RBeu.s 			page 31


 764:Core/Src/vl53l1_api_preset_modes.c **** 
 765:Core/Src/vl53l1_api_preset_modes.c **** 	/* now override standard ranging specific registers */
 766:Core/Src/vl53l1_api_preset_modes.c **** 
 767:Core/Src/vl53l1_api_preset_modes.c **** 	if (status == VL53L1_ERROR_NONE) {
 934              		.loc 1 767 2 is_stmt 1 view .LVU420
 935              		.loc 1 767 5 is_stmt 0 view .LVU421
 936 0014 88B9     		cbnz	r0, .L18
 768:Core/Src/vl53l1_api_preset_modes.c **** 
 769:Core/Src/vl53l1_api_preset_modes.c **** 		/* Timing Configuration
 770:Core/Src/vl53l1_api_preset_modes.c **** 		 *
 771:Core/Src/vl53l1_api_preset_modes.c **** 		 * vcsel_period_a    = 15 -> 32 period
 772:Core/Src/vl53l1_api_preset_modes.c **** 		 * vcsel_period_b    = 13 -> 28 period
 773:Core/Src/vl53l1_api_preset_modes.c **** 		 * sigma_thresh                  = 0x003C -> 14.2fp -> 15.0 mm
 774:Core/Src/vl53l1_api_preset_modes.c **** 		 * min_count_rate_rtn_limit_mcps = 0x0080 ->  9.7fp ->  1.0 Mcps
 775:Core/Src/vl53l1_api_preset_modes.c **** 		 * valid_phase_low               = 0x08 -> 5.3fp ->  1.0
 776:Core/Src/vl53l1_api_preset_modes.c **** 		 * valid_phase_high              = 0xB8 -> 5.3fp -> 23.0 -> 4.6m
 777:Core/Src/vl53l1_api_preset_modes.c **** 		 */
 778:Core/Src/vl53l1_api_preset_modes.c **** 
 779:Core/Src/vl53l1_api_preset_modes.c **** 		ptiming->range_config__vcsel_period_a                = 0x0F;
 937              		.loc 1 779 3 is_stmt 1 view .LVU422
 938              		.loc 1 779 56 is_stmt 0 view .LVU423
 939 0016 0F22     		movs	r2, #15
 940 0018 A271     		strb	r2, [r4, #6]
 780:Core/Src/vl53l1_api_preset_modes.c **** 		ptiming->range_config__vcsel_period_b                = 0x0D;
 941              		.loc 1 780 3 is_stmt 1 view .LVU424
 942              		.loc 1 780 56 is_stmt 0 view .LVU425
 943 001a 0D23     		movs	r3, #13
 944 001c 6372     		strb	r3, [r4, #9]
 781:Core/Src/vl53l1_api_preset_modes.c **** 		ptiming->range_config__sigma_thresh                  =
 945              		.loc 1 781 3 is_stmt 1 view .LVU426
 782:Core/Src/vl53l1_api_preset_modes.c **** 				ptuning_parms->tp_lite_long_sigma_thresh_mm;
 946              		.loc 1 782 18 is_stmt 0 view .LVU427
 947 001e 718A     		ldrh	r1, [r6, #18]
 781:Core/Src/vl53l1_api_preset_modes.c **** 		ptiming->range_config__sigma_thresh                  =
 948              		.loc 1 781 56 view .LVU428
 949 0020 6181     		strh	r1, [r4, #10]	@ movhi
 783:Core/Src/vl53l1_api_preset_modes.c **** 		ptiming->range_config__min_count_rate_rtn_limit_mcps =
 950              		.loc 1 783 3 is_stmt 1 view .LVU429
 784:Core/Src/vl53l1_api_preset_modes.c **** 				ptuning_parms->tp_lite_long_min_count_rate_rtn_mcps;
 951              		.loc 1 784 18 is_stmt 0 view .LVU430
 952 0022 318B     		ldrh	r1, [r6, #24]
 783:Core/Src/vl53l1_api_preset_modes.c **** 		ptiming->range_config__min_count_rate_rtn_limit_mcps =
 953              		.loc 1 783 56 view .LVU431
 954 0024 A181     		strh	r1, [r4, #12]	@ movhi
 785:Core/Src/vl53l1_api_preset_modes.c **** 		ptiming->range_config__valid_phase_low               = 0x08;
 955              		.loc 1 785 3 is_stmt 1 view .LVU432
 956              		.loc 1 785 56 is_stmt 0 view .LVU433
 957 0026 0821     		movs	r1, #8
 958 0028 A173     		strb	r1, [r4, #14]
 786:Core/Src/vl53l1_api_preset_modes.c **** 		ptiming->range_config__valid_phase_high              = 0xB8;
 959              		.loc 1 786 3 is_stmt 1 view .LVU434
 960              		.loc 1 786 56 is_stmt 0 view .LVU435
 961 002a B821     		movs	r1, #184
 962 002c E173     		strb	r1, [r4, #15]
 787:Core/Src/vl53l1_api_preset_modes.c **** 
 788:Core/Src/vl53l1_api_preset_modes.c **** 		/* Dynamic Configuration
 789:Core/Src/vl53l1_api_preset_modes.c **** 		 * SD0 -> Timing A
ARM GAS  C:\Users\Lenovo\AppData\Local\Temp\ccO2RBeu.s 			page 32


 790:Core/Src/vl53l1_api_preset_modes.c **** 		 * SD1 -> Timing B
 791:Core/Src/vl53l1_api_preset_modes.c **** 		 */
 792:Core/Src/vl53l1_api_preset_modes.c **** 
 793:Core/Src/vl53l1_api_preset_modes.c **** 		pdynamic->sd_config__woi_sd0                         = 0x0F;
 963              		.loc 1 793 3 is_stmt 1 view .LVU436
 964              		.loc 1 793 56 is_stmt 0 view .LVU437
 965 002e 2A72     		strb	r2, [r5, #8]
 794:Core/Src/vl53l1_api_preset_modes.c **** 		pdynamic->sd_config__woi_sd1                         = 0x0D;
 966              		.loc 1 794 3 is_stmt 1 view .LVU438
 967              		.loc 1 794 56 is_stmt 0 view .LVU439
 968 0030 6B72     		strb	r3, [r5, #9]
 795:Core/Src/vl53l1_api_preset_modes.c **** 		pdynamic->sd_config__initial_phase_sd0               =
 969              		.loc 1 795 3 is_stmt 1 view .LVU440
 796:Core/Src/vl53l1_api_preset_modes.c **** 				ptuning_parms->tp_init_phase_rtn_lite_long;
 970              		.loc 1 796 18 is_stmt 0 view .LVU441
 971 0032 B379     		ldrb	r3, [r6, #6]	@ zero_extendqisi2
 795:Core/Src/vl53l1_api_preset_modes.c **** 		pdynamic->sd_config__initial_phase_sd0               =
 972              		.loc 1 795 56 view .LVU442
 973 0034 AB72     		strb	r3, [r5, #10]
 797:Core/Src/vl53l1_api_preset_modes.c **** 		pdynamic->sd_config__initial_phase_sd1               =
 974              		.loc 1 797 3 is_stmt 1 view .LVU443
 798:Core/Src/vl53l1_api_preset_modes.c **** 				ptuning_parms->tp_init_phase_ref_lite_long;
 975              		.loc 1 798 18 is_stmt 0 view .LVU444
 976 0036 737A     		ldrb	r3, [r6, #9]	@ zero_extendqisi2
 797:Core/Src/vl53l1_api_preset_modes.c **** 		pdynamic->sd_config__initial_phase_sd1               =
 977              		.loc 1 797 56 view .LVU445
 978 0038 EB72     		strb	r3, [r5, #11]
 979              	.L18:
 799:Core/Src/vl53l1_api_preset_modes.c **** 	}
 800:Core/Src/vl53l1_api_preset_modes.c **** 
 801:Core/Src/vl53l1_api_preset_modes.c **** 	LOG_FUNCTION_END(status);
 980              		.loc 1 801 26 is_stmt 1 view .LVU446
 802:Core/Src/vl53l1_api_preset_modes.c **** 
 803:Core/Src/vl53l1_api_preset_modes.c **** 	return status;
 981              		.loc 1 803 2 view .LVU447
 804:Core/Src/vl53l1_api_preset_modes.c **** }
 982              		.loc 1 804 1 is_stmt 0 view .LVU448
 983 003a 03B0     		add	sp, sp, #12
 984              	.LCFI7:
 985              		.cfi_def_cfa_offset 20
 986              		@ sp needed
 987 003c F0BD     		pop	{r4, r5, r6, r7, pc}
 988              		.loc 1 804 1 view .LVU449
 989              		.cfi_endproc
 990              	.LFE10:
 992              		.section	.text.VL53L1_preset_mode_standard_ranging_mm1_cal,"ax",%progbits
 993              		.align	1
 994              		.global	VL53L1_preset_mode_standard_ranging_mm1_cal
 995              		.syntax unified
 996              		.thumb
 997              		.thumb_func
 999              	VL53L1_preset_mode_standard_ranging_mm1_cal:
 1000              	.LVL30:
 1001              	.LFB11:
 805:Core/Src/vl53l1_api_preset_modes.c **** 
 806:Core/Src/vl53l1_api_preset_modes.c **** 
 807:Core/Src/vl53l1_api_preset_modes.c **** #ifndef VL53L1_NOCALIB
ARM GAS  C:\Users\Lenovo\AppData\Local\Temp\ccO2RBeu.s 			page 33


 808:Core/Src/vl53l1_api_preset_modes.c **** VL53L1_Error VL53L1_preset_mode_standard_ranging_mm1_cal(
 809:Core/Src/vl53l1_api_preset_modes.c **** 	VL53L1_static_config_t    *pstatic,
 810:Core/Src/vl53l1_api_preset_modes.c **** 	VL53L1_general_config_t   *pgeneral,
 811:Core/Src/vl53l1_api_preset_modes.c **** 	VL53L1_timing_config_t    *ptiming,
 812:Core/Src/vl53l1_api_preset_modes.c **** 	VL53L1_dynamic_config_t   *pdynamic,
 813:Core/Src/vl53l1_api_preset_modes.c **** 	VL53L1_system_control_t   *psystem,
 814:Core/Src/vl53l1_api_preset_modes.c **** 	VL53L1_tuning_parm_storage_t *ptuning_parms)
 815:Core/Src/vl53l1_api_preset_modes.c **** {
 1002              		.loc 1 815 1 is_stmt 1 view -0
 1003              		.cfi_startproc
 1004              		@ args = 8, pretend = 0, frame = 0
 1005              		@ frame_needed = 0, uses_anonymous_args = 0
 1006              		.loc 1 815 1 is_stmt 0 view .LVU451
 1007 0000 70B5     		push	{r4, r5, r6, lr}
 1008              	.LCFI8:
 1009              		.cfi_def_cfa_offset 16
 1010              		.cfi_offset 4, -16
 1011              		.cfi_offset 5, -12
 1012              		.cfi_offset 6, -8
 1013              		.cfi_offset 14, -4
 1014 0002 82B0     		sub	sp, sp, #8
 1015              	.LCFI9:
 1016              		.cfi_def_cfa_offset 24
 1017 0004 0D46     		mov	r5, r1
 1018 0006 1C46     		mov	r4, r3
 816:Core/Src/vl53l1_api_preset_modes.c **** 	/*
 817:Core/Src/vl53l1_api_preset_modes.c **** 	 * Initializes static and dynamic data structures for
 818:Core/Src/vl53l1_api_preset_modes.c **** 	 * device preset mode
 819:Core/Src/vl53l1_api_preset_modes.c **** 	 *
 820:Core/Src/vl53l1_api_preset_modes.c **** 	 * VL53L1_DEVICEPRESETMODE_STANDARD_RANGING_MM1_CAL
 821:Core/Src/vl53l1_api_preset_modes.c **** 	 *
 822:Core/Src/vl53l1_api_preset_modes.c **** 	 * PLEASE NOTE THE SETTINGS BELOW AT PROVISIONAL AND WILL CHANGE!
 823:Core/Src/vl53l1_api_preset_modes.c **** 	 */
 824:Core/Src/vl53l1_api_preset_modes.c **** 
 825:Core/Src/vl53l1_api_preset_modes.c **** 	VL53L1_Error  status = VL53L1_ERROR_NONE;
 1019              		.loc 1 825 2 is_stmt 1 view .LVU452
 1020              	.LVL31:
 826:Core/Src/vl53l1_api_preset_modes.c **** 
 827:Core/Src/vl53l1_api_preset_modes.c **** 	LOG_FUNCTION_START("");
 1021              		.loc 1 827 24 view .LVU453
 828:Core/Src/vl53l1_api_preset_modes.c **** 
 829:Core/Src/vl53l1_api_preset_modes.c **** 	/* Call standard ranging configuration with
 830:Core/Src/vl53l1_api_preset_modes.c **** 	 * overrides for long range configuration
 831:Core/Src/vl53l1_api_preset_modes.c **** 	 */
 832:Core/Src/vl53l1_api_preset_modes.c **** 
 833:Core/Src/vl53l1_api_preset_modes.c **** 	status = VL53L1_preset_mode_standard_ranging(
 1022              		.loc 1 833 2 view .LVU454
 1023              		.loc 1 833 11 is_stmt 0 view .LVU455
 1024 0008 079E     		ldr	r6, [sp, #28]
 1025 000a 0196     		str	r6, [sp, #4]
 1026 000c 069E     		ldr	r6, [sp, #24]
 1027 000e 0096     		str	r6, [sp]
 1028 0010 FFF7FEFF 		bl	VL53L1_preset_mode_standard_ranging
 1029              	.LVL32:
 834:Core/Src/vl53l1_api_preset_modes.c **** 		pstatic,
 835:Core/Src/vl53l1_api_preset_modes.c **** 		pgeneral,
 836:Core/Src/vl53l1_api_preset_modes.c **** 		ptiming,
ARM GAS  C:\Users\Lenovo\AppData\Local\Temp\ccO2RBeu.s 			page 34


 837:Core/Src/vl53l1_api_preset_modes.c **** 		pdynamic,
 838:Core/Src/vl53l1_api_preset_modes.c **** 		psystem,
 839:Core/Src/vl53l1_api_preset_modes.c **** 		ptuning_parms);
 840:Core/Src/vl53l1_api_preset_modes.c **** 
 841:Core/Src/vl53l1_api_preset_modes.c **** 	/* now override standard ranging specific registers */
 842:Core/Src/vl53l1_api_preset_modes.c **** 
 843:Core/Src/vl53l1_api_preset_modes.c **** 	if (status == VL53L1_ERROR_NONE) {
 1030              		.loc 1 843 2 is_stmt 1 view .LVU456
 1031              		.loc 1 843 5 is_stmt 0 view .LVU457
 1032 0014 18B9     		cbnz	r0, .L21
 844:Core/Src/vl53l1_api_preset_modes.c **** 
 845:Core/Src/vl53l1_api_preset_modes.c **** 		pgeneral->dss_config__roi_mode_control =
 1033              		.loc 1 845 3 is_stmt 1 view .LVU458
 1034              		.loc 1 845 42 is_stmt 0 view .LVU459
 1035 0016 0223     		movs	r3, #2
 1036 0018 AB72     		strb	r3, [r5, #10]
 846:Core/Src/vl53l1_api_preset_modes.c **** 				VL53L1_DEVICEDSSMODE__REQUESTED_EFFFECTIVE_SPADS;
 847:Core/Src/vl53l1_api_preset_modes.c **** 
 848:Core/Src/vl53l1_api_preset_modes.c **** 		pdynamic->system__sequence_config  = \
 1037              		.loc 1 848 3 is_stmt 1 view .LVU460
 1038              		.loc 1 848 38 is_stmt 0 view .LVU461
 1039 001a 3B23     		movs	r3, #59
 1040 001c 6374     		strb	r3, [r4, #17]
 1041              	.L21:
 849:Core/Src/vl53l1_api_preset_modes.c **** 				VL53L1_SEQUENCE_VHV_EN | \
 850:Core/Src/vl53l1_api_preset_modes.c **** 				VL53L1_SEQUENCE_PHASECAL_EN | \
 851:Core/Src/vl53l1_api_preset_modes.c **** 				VL53L1_SEQUENCE_DSS1_EN | \
 852:Core/Src/vl53l1_api_preset_modes.c **** 				VL53L1_SEQUENCE_DSS2_EN | \
 853:Core/Src/vl53l1_api_preset_modes.c **** 				VL53L1_SEQUENCE_MM1_EN;
 854:Core/Src/vl53l1_api_preset_modes.c **** 	}
 855:Core/Src/vl53l1_api_preset_modes.c **** 
 856:Core/Src/vl53l1_api_preset_modes.c **** 	LOG_FUNCTION_END(status);
 1042              		.loc 1 856 26 is_stmt 1 view .LVU462
 857:Core/Src/vl53l1_api_preset_modes.c **** 
 858:Core/Src/vl53l1_api_preset_modes.c **** 	return status;
 1043              		.loc 1 858 2 view .LVU463
 859:Core/Src/vl53l1_api_preset_modes.c **** }
 1044              		.loc 1 859 1 is_stmt 0 view .LVU464
 1045 001e 02B0     		add	sp, sp, #8
 1046              	.LCFI10:
 1047              		.cfi_def_cfa_offset 16
 1048              		@ sp needed
 1049 0020 70BD     		pop	{r4, r5, r6, pc}
 1050              		.loc 1 859 1 view .LVU465
 1051              		.cfi_endproc
 1052              	.LFE11:
 1054              		.section	.text.VL53L1_preset_mode_standard_ranging_mm2_cal,"ax",%progbits
 1055              		.align	1
 1056              		.global	VL53L1_preset_mode_standard_ranging_mm2_cal
 1057              		.syntax unified
 1058              		.thumb
 1059              		.thumb_func
 1061              	VL53L1_preset_mode_standard_ranging_mm2_cal:
 1062              	.LVL33:
 1063              	.LFB12:
 860:Core/Src/vl53l1_api_preset_modes.c **** 
 861:Core/Src/vl53l1_api_preset_modes.c **** 
ARM GAS  C:\Users\Lenovo\AppData\Local\Temp\ccO2RBeu.s 			page 35


 862:Core/Src/vl53l1_api_preset_modes.c **** VL53L1_Error VL53L1_preset_mode_standard_ranging_mm2_cal(
 863:Core/Src/vl53l1_api_preset_modes.c **** 	VL53L1_static_config_t    *pstatic,
 864:Core/Src/vl53l1_api_preset_modes.c **** 	VL53L1_general_config_t   *pgeneral,
 865:Core/Src/vl53l1_api_preset_modes.c **** 	VL53L1_timing_config_t    *ptiming,
 866:Core/Src/vl53l1_api_preset_modes.c **** 	VL53L1_dynamic_config_t   *pdynamic,
 867:Core/Src/vl53l1_api_preset_modes.c **** 	VL53L1_system_control_t   *psystem,
 868:Core/Src/vl53l1_api_preset_modes.c **** 	VL53L1_tuning_parm_storage_t *ptuning_parms)
 869:Core/Src/vl53l1_api_preset_modes.c **** {
 1064              		.loc 1 869 1 is_stmt 1 view -0
 1065              		.cfi_startproc
 1066              		@ args = 8, pretend = 0, frame = 0
 1067              		@ frame_needed = 0, uses_anonymous_args = 0
 1068              		.loc 1 869 1 is_stmt 0 view .LVU467
 1069 0000 70B5     		push	{r4, r5, r6, lr}
 1070              	.LCFI11:
 1071              		.cfi_def_cfa_offset 16
 1072              		.cfi_offset 4, -16
 1073              		.cfi_offset 5, -12
 1074              		.cfi_offset 6, -8
 1075              		.cfi_offset 14, -4
 1076 0002 82B0     		sub	sp, sp, #8
 1077              	.LCFI12:
 1078              		.cfi_def_cfa_offset 24
 1079 0004 0D46     		mov	r5, r1
 1080 0006 1C46     		mov	r4, r3
 870:Core/Src/vl53l1_api_preset_modes.c **** 	/*
 871:Core/Src/vl53l1_api_preset_modes.c **** 	 * Initializes static and dynamic data structures for
 872:Core/Src/vl53l1_api_preset_modes.c **** 	 * device preset mode
 873:Core/Src/vl53l1_api_preset_modes.c **** 	 *
 874:Core/Src/vl53l1_api_preset_modes.c **** 	 * VL53L1_DEVICEPRESETMODE_STANDARD_RANGING_MM2_CAL
 875:Core/Src/vl53l1_api_preset_modes.c **** 	 *
 876:Core/Src/vl53l1_api_preset_modes.c **** 	 * PLEASE NOTE THE SETTINGS BELOW AT PROVISIONAL AND WILL CHANGE!
 877:Core/Src/vl53l1_api_preset_modes.c **** 	 */
 878:Core/Src/vl53l1_api_preset_modes.c **** 
 879:Core/Src/vl53l1_api_preset_modes.c **** 	VL53L1_Error  status = VL53L1_ERROR_NONE;
 1081              		.loc 1 879 2 is_stmt 1 view .LVU468
 1082              	.LVL34:
 880:Core/Src/vl53l1_api_preset_modes.c **** 
 881:Core/Src/vl53l1_api_preset_modes.c **** 	LOG_FUNCTION_START("");
 1083              		.loc 1 881 24 view .LVU469
 882:Core/Src/vl53l1_api_preset_modes.c **** 
 883:Core/Src/vl53l1_api_preset_modes.c **** 	/* Call standard ranging configuration with
 884:Core/Src/vl53l1_api_preset_modes.c **** 	 * overrides for long range configuration
 885:Core/Src/vl53l1_api_preset_modes.c **** 	 */
 886:Core/Src/vl53l1_api_preset_modes.c **** 
 887:Core/Src/vl53l1_api_preset_modes.c **** 	status = VL53L1_preset_mode_standard_ranging(
 1084              		.loc 1 887 2 view .LVU470
 1085              		.loc 1 887 11 is_stmt 0 view .LVU471
 1086 0008 079E     		ldr	r6, [sp, #28]
 1087 000a 0196     		str	r6, [sp, #4]
 1088 000c 069E     		ldr	r6, [sp, #24]
 1089 000e 0096     		str	r6, [sp]
 1090 0010 FFF7FEFF 		bl	VL53L1_preset_mode_standard_ranging
 1091              	.LVL35:
 888:Core/Src/vl53l1_api_preset_modes.c **** 		pstatic,
 889:Core/Src/vl53l1_api_preset_modes.c **** 		pgeneral,
 890:Core/Src/vl53l1_api_preset_modes.c **** 		ptiming,
ARM GAS  C:\Users\Lenovo\AppData\Local\Temp\ccO2RBeu.s 			page 36


 891:Core/Src/vl53l1_api_preset_modes.c **** 		pdynamic,
 892:Core/Src/vl53l1_api_preset_modes.c **** 		psystem,
 893:Core/Src/vl53l1_api_preset_modes.c **** 		ptuning_parms);
 894:Core/Src/vl53l1_api_preset_modes.c **** 
 895:Core/Src/vl53l1_api_preset_modes.c **** 	/* now override standard ranging specific registers */
 896:Core/Src/vl53l1_api_preset_modes.c **** 
 897:Core/Src/vl53l1_api_preset_modes.c **** 	if (status == VL53L1_ERROR_NONE) {
 1092              		.loc 1 897 2 is_stmt 1 view .LVU472
 1093              		.loc 1 897 5 is_stmt 0 view .LVU473
 1094 0014 18B9     		cbnz	r0, .L24
 898:Core/Src/vl53l1_api_preset_modes.c **** 
 899:Core/Src/vl53l1_api_preset_modes.c **** 		pgeneral->dss_config__roi_mode_control =
 1095              		.loc 1 899 3 is_stmt 1 view .LVU474
 1096              		.loc 1 899 42 is_stmt 0 view .LVU475
 1097 0016 0223     		movs	r3, #2
 1098 0018 AB72     		strb	r3, [r5, #10]
 900:Core/Src/vl53l1_api_preset_modes.c **** 				VL53L1_DEVICEDSSMODE__REQUESTED_EFFFECTIVE_SPADS;
 901:Core/Src/vl53l1_api_preset_modes.c **** 
 902:Core/Src/vl53l1_api_preset_modes.c **** 		pdynamic->system__sequence_config  = \
 1099              		.loc 1 902 3 is_stmt 1 view .LVU476
 1100              		.loc 1 902 38 is_stmt 0 view .LVU477
 1101 001a 5B23     		movs	r3, #91
 1102 001c 6374     		strb	r3, [r4, #17]
 1103              	.L24:
 903:Core/Src/vl53l1_api_preset_modes.c **** 				VL53L1_SEQUENCE_VHV_EN | \
 904:Core/Src/vl53l1_api_preset_modes.c **** 				VL53L1_SEQUENCE_PHASECAL_EN | \
 905:Core/Src/vl53l1_api_preset_modes.c **** 				VL53L1_SEQUENCE_DSS1_EN | \
 906:Core/Src/vl53l1_api_preset_modes.c **** 				VL53L1_SEQUENCE_DSS2_EN | \
 907:Core/Src/vl53l1_api_preset_modes.c **** 				VL53L1_SEQUENCE_MM2_EN;
 908:Core/Src/vl53l1_api_preset_modes.c **** 	}
 909:Core/Src/vl53l1_api_preset_modes.c **** 
 910:Core/Src/vl53l1_api_preset_modes.c **** 	LOG_FUNCTION_END(status);
 1104              		.loc 1 910 26 is_stmt 1 view .LVU478
 911:Core/Src/vl53l1_api_preset_modes.c **** 
 912:Core/Src/vl53l1_api_preset_modes.c **** 	return status;
 1105              		.loc 1 912 2 view .LVU479
 913:Core/Src/vl53l1_api_preset_modes.c **** }
 1106              		.loc 1 913 1 is_stmt 0 view .LVU480
 1107 001e 02B0     		add	sp, sp, #8
 1108              	.LCFI13:
 1109              		.cfi_def_cfa_offset 16
 1110              		@ sp needed
 1111 0020 70BD     		pop	{r4, r5, r6, pc}
 1112              		.loc 1 913 1 view .LVU481
 1113              		.cfi_endproc
 1114              	.LFE12:
 1116              		.section	.text.VL53L1_preset_mode_timed_ranging,"ax",%progbits
 1117              		.align	1
 1118              		.global	VL53L1_preset_mode_timed_ranging
 1119              		.syntax unified
 1120              		.thumb
 1121              		.thumb_func
 1123              	VL53L1_preset_mode_timed_ranging:
 1124              	.LVL36:
 1125              	.LFB13:
 914:Core/Src/vl53l1_api_preset_modes.c **** #endif
 915:Core/Src/vl53l1_api_preset_modes.c **** 
ARM GAS  C:\Users\Lenovo\AppData\Local\Temp\ccO2RBeu.s 			page 37


 916:Core/Src/vl53l1_api_preset_modes.c **** 
 917:Core/Src/vl53l1_api_preset_modes.c **** VL53L1_Error VL53L1_preset_mode_timed_ranging(
 918:Core/Src/vl53l1_api_preset_modes.c **** 
 919:Core/Src/vl53l1_api_preset_modes.c **** 	VL53L1_static_config_t    *pstatic,
 920:Core/Src/vl53l1_api_preset_modes.c **** 	VL53L1_general_config_t   *pgeneral,
 921:Core/Src/vl53l1_api_preset_modes.c **** 	VL53L1_timing_config_t    *ptiming,
 922:Core/Src/vl53l1_api_preset_modes.c **** 	VL53L1_dynamic_config_t   *pdynamic,
 923:Core/Src/vl53l1_api_preset_modes.c **** 	VL53L1_system_control_t   *psystem,
 924:Core/Src/vl53l1_api_preset_modes.c **** 	VL53L1_tuning_parm_storage_t *ptuning_parms)
 925:Core/Src/vl53l1_api_preset_modes.c **** {
 1126              		.loc 1 925 1 is_stmt 1 view -0
 1127              		.cfi_startproc
 1128              		@ args = 8, pretend = 0, frame = 0
 1129              		@ frame_needed = 0, uses_anonymous_args = 0
 1130              		.loc 1 925 1 is_stmt 0 view .LVU483
 1131 0000 F0B5     		push	{r4, r5, r6, r7, lr}
 1132              	.LCFI14:
 1133              		.cfi_def_cfa_offset 20
 1134              		.cfi_offset 4, -20
 1135              		.cfi_offset 5, -16
 1136              		.cfi_offset 6, -12
 1137              		.cfi_offset 7, -8
 1138              		.cfi_offset 14, -4
 1139 0002 83B0     		sub	sp, sp, #12
 1140              	.LCFI15:
 1141              		.cfi_def_cfa_offset 32
 1142 0004 1446     		mov	r4, r2
 1143 0006 1D46     		mov	r5, r3
 1144 0008 089F     		ldr	r7, [sp, #32]
 1145 000a 099E     		ldr	r6, [sp, #36]
 926:Core/Src/vl53l1_api_preset_modes.c **** 	/*
 927:Core/Src/vl53l1_api_preset_modes.c **** 	* Initializes static and dynamic data structures for
 928:Core/Src/vl53l1_api_preset_modes.c **** 	* device preset mode
 929:Core/Src/vl53l1_api_preset_modes.c **** 	*
 930:Core/Src/vl53l1_api_preset_modes.c **** 	* VL53L1_DEVICEPRESETMODE_TIMED_RANGING
 931:Core/Src/vl53l1_api_preset_modes.c **** 	*
 932:Core/Src/vl53l1_api_preset_modes.c **** 	*  - pseudo-solo
 933:Core/Src/vl53l1_api_preset_modes.c **** 	*  - single sigma delta
 934:Core/Src/vl53l1_api_preset_modes.c **** 	*  - timed
 935:Core/Src/vl53l1_api_preset_modes.c **** 	*
 936:Core/Src/vl53l1_api_preset_modes.c **** 	*  PLEASE NOTE THE SETTINGS BELOW AT PROVISIONAL AND WILL CHANGE!
 937:Core/Src/vl53l1_api_preset_modes.c **** 	*/
 938:Core/Src/vl53l1_api_preset_modes.c **** 
 939:Core/Src/vl53l1_api_preset_modes.c **** 	VL53L1_Error  status = VL53L1_ERROR_NONE;
 1146              		.loc 1 939 2 is_stmt 1 view .LVU484
 1147              	.LVL37:
 940:Core/Src/vl53l1_api_preset_modes.c **** 
 941:Core/Src/vl53l1_api_preset_modes.c **** 	LOG_FUNCTION_START("");
 1148              		.loc 1 941 24 view .LVU485
 942:Core/Src/vl53l1_api_preset_modes.c **** 
 943:Core/Src/vl53l1_api_preset_modes.c **** 	/* Call standard ranging configuration */
 944:Core/Src/vl53l1_api_preset_modes.c **** 
 945:Core/Src/vl53l1_api_preset_modes.c **** 	status = VL53L1_preset_mode_standard_ranging(
 1149              		.loc 1 945 2 view .LVU486
 1150              		.loc 1 945 11 is_stmt 0 view .LVU487
 1151 000c 0196     		str	r6, [sp, #4]
 1152 000e 0097     		str	r7, [sp]
ARM GAS  C:\Users\Lenovo\AppData\Local\Temp\ccO2RBeu.s 			page 38


 1153 0010 FFF7FEFF 		bl	VL53L1_preset_mode_standard_ranging
 1154              	.LVL38:
 946:Core/Src/vl53l1_api_preset_modes.c **** 					pstatic,
 947:Core/Src/vl53l1_api_preset_modes.c **** 					pgeneral,
 948:Core/Src/vl53l1_api_preset_modes.c **** 					ptiming,
 949:Core/Src/vl53l1_api_preset_modes.c **** 					pdynamic,
 950:Core/Src/vl53l1_api_preset_modes.c **** 					psystem,
 951:Core/Src/vl53l1_api_preset_modes.c **** 					ptuning_parms);
 952:Core/Src/vl53l1_api_preset_modes.c **** 
 953:Core/Src/vl53l1_api_preset_modes.c **** 	/* now override standard ranging specific registers */
 954:Core/Src/vl53l1_api_preset_modes.c **** 
 955:Core/Src/vl53l1_api_preset_modes.c **** 	if (status == VL53L1_ERROR_NONE) {
 1155              		.loc 1 955 2 is_stmt 1 view .LVU488
 1156              		.loc 1 955 5 is_stmt 0 view .LVU489
 1157 0014 70B9     		cbnz	r0, .L27
 956:Core/Src/vl53l1_api_preset_modes.c **** 
 957:Core/Src/vl53l1_api_preset_modes.c **** 		/* Dynamic Configuration */
 958:Core/Src/vl53l1_api_preset_modes.c **** 
 959:Core/Src/vl53l1_api_preset_modes.c **** 		/* Disable GPH  */
 960:Core/Src/vl53l1_api_preset_modes.c **** 		pdynamic->system__grouped_parameter_hold = 0x00;
 1158              		.loc 1 960 3 is_stmt 1 view .LVU490
 1159              		.loc 1 960 44 is_stmt 0 view .LVU491
 1160 0016 A874     		strb	r0, [r5, #18]
 961:Core/Src/vl53l1_api_preset_modes.c **** 
 962:Core/Src/vl53l1_api_preset_modes.c **** 		/* Re-Configure timing budget default for 13ms */
 963:Core/Src/vl53l1_api_preset_modes.c **** 		ptiming->range_config__timeout_macrop_a_hi                = 0x00;
 1161              		.loc 1 963 3 is_stmt 1 view .LVU492
 1162              		.loc 1 963 61 is_stmt 0 view .LVU493
 1163 0018 2071     		strb	r0, [r4, #4]
 964:Core/Src/vl53l1_api_preset_modes.c **** 		ptiming->range_config__timeout_macrop_a_lo                = 0xB1;
 1164              		.loc 1 964 3 is_stmt 1 view .LVU494
 1165              		.loc 1 964 61 is_stmt 0 view .LVU495
 1166 001a B122     		movs	r2, #177
 1167 001c 6271     		strb	r2, [r4, #5]
 965:Core/Src/vl53l1_api_preset_modes.c **** 		/* Setup for 13ms default */
 966:Core/Src/vl53l1_api_preset_modes.c **** 		ptiming->range_config__timeout_macrop_b_hi                = 0x00;
 1168              		.loc 1 966 3 is_stmt 1 view .LVU496
 1169              		.loc 1 966 61 is_stmt 0 view .LVU497
 1170 001e E071     		strb	r0, [r4, #7]
 967:Core/Src/vl53l1_api_preset_modes.c **** 		ptiming->range_config__timeout_macrop_b_lo                = 0xD4;
 1171              		.loc 1 967 3 is_stmt 1 view .LVU498
 1172              		.loc 1 967 61 is_stmt 0 view .LVU499
 1173 0020 D423     		movs	r3, #212
 1174 0022 2372     		strb	r3, [r4, #8]
 968:Core/Src/vl53l1_api_preset_modes.c **** 
 969:Core/Src/vl53l1_api_preset_modes.c **** 		/* Timing Configuration */
 970:Core/Src/vl53l1_api_preset_modes.c **** 
 971:Core/Src/vl53l1_api_preset_modes.c **** 		ptiming->system__intermeasurement_period = 0x00000600;
 1175              		.loc 1 971 3 is_stmt 1 view .LVU500
 1176              		.loc 1 971 44 is_stmt 0 view .LVU501
 1177 0024 4FF4C063 		mov	r3, #1536
 1178 0028 2361     		str	r3, [r4, #16]
 972:Core/Src/vl53l1_api_preset_modes.c **** 		pdynamic->system__seed_config =
 1179              		.loc 1 972 3 is_stmt 1 view .LVU502
 973:Core/Src/vl53l1_api_preset_modes.c **** 				ptuning_parms->tp_timed_seed_cfg;
 1180              		.loc 1 973 18 is_stmt 0 view .LVU503
 1181 002a 96F82230 		ldrb	r3, [r6, #34]	@ zero_extendqisi2
ARM GAS  C:\Users\Lenovo\AppData\Local\Temp\ccO2RBeu.s 			page 39


 972:Core/Src/vl53l1_api_preset_modes.c **** 		pdynamic->system__seed_config =
 1182              		.loc 1 972 33 view .LVU504
 1183 002e EB71     		strb	r3, [r5, #7]
 974:Core/Src/vl53l1_api_preset_modes.c **** 
 975:Core/Src/vl53l1_api_preset_modes.c **** 		/* System control */
 976:Core/Src/vl53l1_api_preset_modes.c **** 
 977:Core/Src/vl53l1_api_preset_modes.c **** 		/* Configure Timed/Psuedo-solo mode */
 978:Core/Src/vl53l1_api_preset_modes.c **** 		psystem->system__mode_start =
 1184              		.loc 1 978 3 is_stmt 1 view .LVU505
 1185              		.loc 1 978 31 is_stmt 0 view .LVU506
 1186 0030 4023     		movs	r3, #64
 1187 0032 3B71     		strb	r3, [r7, #4]
 1188              	.L27:
 979:Core/Src/vl53l1_api_preset_modes.c **** 				VL53L1_DEVICESCHEDULERMODE_PSEUDO_SOLO | \
 980:Core/Src/vl53l1_api_preset_modes.c **** 				VL53L1_DEVICEREADOUTMODE_SINGLE_SD     | \
 981:Core/Src/vl53l1_api_preset_modes.c **** 				VL53L1_DEVICEMEASUREMENTMODE_TIMED;
 982:Core/Src/vl53l1_api_preset_modes.c **** 	}
 983:Core/Src/vl53l1_api_preset_modes.c **** 
 984:Core/Src/vl53l1_api_preset_modes.c **** 	LOG_FUNCTION_END(status);
 1189              		.loc 1 984 26 is_stmt 1 view .LVU507
 985:Core/Src/vl53l1_api_preset_modes.c **** 
 986:Core/Src/vl53l1_api_preset_modes.c **** 	return status;
 1190              		.loc 1 986 2 view .LVU508
 987:Core/Src/vl53l1_api_preset_modes.c **** }
 1191              		.loc 1 987 1 is_stmt 0 view .LVU509
 1192 0034 03B0     		add	sp, sp, #12
 1193              	.LCFI16:
 1194              		.cfi_def_cfa_offset 20
 1195              		@ sp needed
 1196 0036 F0BD     		pop	{r4, r5, r6, r7, pc}
 1197              		.loc 1 987 1 view .LVU510
 1198              		.cfi_endproc
 1199              	.LFE13:
 1201              		.section	.text.VL53L1_preset_mode_timed_ranging_short_range,"ax",%progbits
 1202              		.align	1
 1203              		.global	VL53L1_preset_mode_timed_ranging_short_range
 1204              		.syntax unified
 1205              		.thumb
 1206              		.thumb_func
 1208              	VL53L1_preset_mode_timed_ranging_short_range:
 1209              	.LVL39:
 1210              	.LFB14:
 988:Core/Src/vl53l1_api_preset_modes.c **** 
 989:Core/Src/vl53l1_api_preset_modes.c **** VL53L1_Error VL53L1_preset_mode_timed_ranging_short_range(
 990:Core/Src/vl53l1_api_preset_modes.c **** 
 991:Core/Src/vl53l1_api_preset_modes.c **** 	VL53L1_static_config_t    *pstatic,
 992:Core/Src/vl53l1_api_preset_modes.c **** 	VL53L1_general_config_t   *pgeneral,
 993:Core/Src/vl53l1_api_preset_modes.c **** 	VL53L1_timing_config_t    *ptiming,
 994:Core/Src/vl53l1_api_preset_modes.c **** 	VL53L1_dynamic_config_t   *pdynamic,
 995:Core/Src/vl53l1_api_preset_modes.c **** 	VL53L1_system_control_t   *psystem,
 996:Core/Src/vl53l1_api_preset_modes.c **** 	VL53L1_tuning_parm_storage_t *ptuning_parms)
 997:Core/Src/vl53l1_api_preset_modes.c **** {
 1211              		.loc 1 997 1 is_stmt 1 view -0
 1212              		.cfi_startproc
 1213              		@ args = 8, pretend = 0, frame = 0
 1214              		@ frame_needed = 0, uses_anonymous_args = 0
 1215              		.loc 1 997 1 is_stmt 0 view .LVU512
ARM GAS  C:\Users\Lenovo\AppData\Local\Temp\ccO2RBeu.s 			page 40


 1216 0000 F0B5     		push	{r4, r5, r6, r7, lr}
 1217              	.LCFI17:
 1218              		.cfi_def_cfa_offset 20
 1219              		.cfi_offset 4, -20
 1220              		.cfi_offset 5, -16
 1221              		.cfi_offset 6, -12
 1222              		.cfi_offset 7, -8
 1223              		.cfi_offset 14, -4
 1224 0002 83B0     		sub	sp, sp, #12
 1225              	.LCFI18:
 1226              		.cfi_def_cfa_offset 32
 1227 0004 1446     		mov	r4, r2
 1228 0006 1D46     		mov	r5, r3
 1229 0008 089F     		ldr	r7, [sp, #32]
 1230 000a 099E     		ldr	r6, [sp, #36]
 998:Core/Src/vl53l1_api_preset_modes.c **** 	/*
 999:Core/Src/vl53l1_api_preset_modes.c **** 	* Initializes static and dynamic data structures for
1000:Core/Src/vl53l1_api_preset_modes.c **** 	* device preset mode
1001:Core/Src/vl53l1_api_preset_modes.c **** 	*
1002:Core/Src/vl53l1_api_preset_modes.c **** 	* VL53L1_DEVICEPRESETMODE_TIMED_RANGING_SHORT_RANGE
1003:Core/Src/vl53l1_api_preset_modes.c **** 	*
1004:Core/Src/vl53l1_api_preset_modes.c **** 	*  - pseudo-solo
1005:Core/Src/vl53l1_api_preset_modes.c **** 	*  - single sigma delta
1006:Core/Src/vl53l1_api_preset_modes.c **** 	*  - timed
1007:Core/Src/vl53l1_api_preset_modes.c **** 	*
1008:Core/Src/vl53l1_api_preset_modes.c **** 	*  PLEASE NOTE THE SETTINGS BELOW AT PROVISIONAL AND WILL CHANGE!
1009:Core/Src/vl53l1_api_preset_modes.c **** 	*/
1010:Core/Src/vl53l1_api_preset_modes.c **** 
1011:Core/Src/vl53l1_api_preset_modes.c **** 	VL53L1_Error  status = VL53L1_ERROR_NONE;
 1231              		.loc 1 1011 2 is_stmt 1 view .LVU513
 1232              	.LVL40:
1012:Core/Src/vl53l1_api_preset_modes.c **** 
1013:Core/Src/vl53l1_api_preset_modes.c **** 	LOG_FUNCTION_START("");
 1233              		.loc 1 1013 24 view .LVU514
1014:Core/Src/vl53l1_api_preset_modes.c **** 
1015:Core/Src/vl53l1_api_preset_modes.c **** 	/* Call standard ranging configuration */
1016:Core/Src/vl53l1_api_preset_modes.c **** 
1017:Core/Src/vl53l1_api_preset_modes.c **** 	status = VL53L1_preset_mode_standard_ranging_short_range(
 1234              		.loc 1 1017 2 view .LVU515
 1235              		.loc 1 1017 11 is_stmt 0 view .LVU516
 1236 000c 0196     		str	r6, [sp, #4]
 1237 000e 0097     		str	r7, [sp]
 1238 0010 FFF7FEFF 		bl	VL53L1_preset_mode_standard_ranging_short_range
 1239              	.LVL41:
1018:Core/Src/vl53l1_api_preset_modes.c **** 					pstatic,
1019:Core/Src/vl53l1_api_preset_modes.c **** 					pgeneral,
1020:Core/Src/vl53l1_api_preset_modes.c **** 					ptiming,
1021:Core/Src/vl53l1_api_preset_modes.c **** 					pdynamic,
1022:Core/Src/vl53l1_api_preset_modes.c **** 					psystem,
1023:Core/Src/vl53l1_api_preset_modes.c **** 					ptuning_parms);
1024:Core/Src/vl53l1_api_preset_modes.c **** 
1025:Core/Src/vl53l1_api_preset_modes.c **** 	/* now override standard ranging specific registers */
1026:Core/Src/vl53l1_api_preset_modes.c **** 
1027:Core/Src/vl53l1_api_preset_modes.c **** 	if (status == VL53L1_ERROR_NONE) {
 1240              		.loc 1 1027 2 is_stmt 1 view .LVU517
 1241              		.loc 1 1027 5 is_stmt 0 view .LVU518
 1242 0014 78B9     		cbnz	r0, .L30
ARM GAS  C:\Users\Lenovo\AppData\Local\Temp\ccO2RBeu.s 			page 41


1028:Core/Src/vl53l1_api_preset_modes.c **** 
1029:Core/Src/vl53l1_api_preset_modes.c **** 		/* Dynamic Configuration */
1030:Core/Src/vl53l1_api_preset_modes.c **** 
1031:Core/Src/vl53l1_api_preset_modes.c **** 		/* Disable GPH  */
1032:Core/Src/vl53l1_api_preset_modes.c **** 		pdynamic->system__grouped_parameter_hold = 0x00;
 1243              		.loc 1 1032 3 is_stmt 1 view .LVU519
 1244              		.loc 1 1032 44 is_stmt 0 view .LVU520
 1245 0016 A874     		strb	r0, [r5, #18]
1033:Core/Src/vl53l1_api_preset_modes.c **** 
1034:Core/Src/vl53l1_api_preset_modes.c **** 
1035:Core/Src/vl53l1_api_preset_modes.c **** 		/* Timing Configuration */
1036:Core/Src/vl53l1_api_preset_modes.c **** 
1037:Core/Src/vl53l1_api_preset_modes.c **** 		/* Re-Configure timing budget default for 13ms */
1038:Core/Src/vl53l1_api_preset_modes.c **** 		ptiming->range_config__timeout_macrop_a_hi                = 0x01;
 1246              		.loc 1 1038 3 is_stmt 1 view .LVU521
 1247              		.loc 1 1038 61 is_stmt 0 view .LVU522
 1248 0018 0123     		movs	r3, #1
 1249 001a 2371     		strb	r3, [r4, #4]
1039:Core/Src/vl53l1_api_preset_modes.c **** 		ptiming->range_config__timeout_macrop_a_lo                = 0x84;
 1250              		.loc 1 1039 3 is_stmt 1 view .LVU523
 1251              		.loc 1 1039 61 is_stmt 0 view .LVU524
 1252 001c 8422     		movs	r2, #132
 1253 001e 6271     		strb	r2, [r4, #5]
1040:Core/Src/vl53l1_api_preset_modes.c **** 		/* Setup for 13ms default */
1041:Core/Src/vl53l1_api_preset_modes.c **** 		ptiming->range_config__timeout_macrop_b_hi                = 0x01;
 1254              		.loc 1 1041 3 is_stmt 1 view .LVU525
 1255              		.loc 1 1041 61 is_stmt 0 view .LVU526
 1256 0020 E371     		strb	r3, [r4, #7]
1042:Core/Src/vl53l1_api_preset_modes.c **** 		ptiming->range_config__timeout_macrop_b_lo                = 0xB1;
 1257              		.loc 1 1042 3 is_stmt 1 view .LVU527
 1258              		.loc 1 1042 61 is_stmt 0 view .LVU528
 1259 0022 B123     		movs	r3, #177
 1260 0024 2372     		strb	r3, [r4, #8]
1043:Core/Src/vl53l1_api_preset_modes.c **** 
1044:Core/Src/vl53l1_api_preset_modes.c **** 		ptiming->system__intermeasurement_period = 0x00000600;
 1261              		.loc 1 1044 3 is_stmt 1 view .LVU529
 1262              		.loc 1 1044 44 is_stmt 0 view .LVU530
 1263 0026 4FF4C063 		mov	r3, #1536
 1264 002a 2361     		str	r3, [r4, #16]
1045:Core/Src/vl53l1_api_preset_modes.c **** 		pdynamic->system__seed_config =
 1265              		.loc 1 1045 3 is_stmt 1 view .LVU531
1046:Core/Src/vl53l1_api_preset_modes.c **** 				ptuning_parms->tp_timed_seed_cfg;
 1266              		.loc 1 1046 18 is_stmt 0 view .LVU532
 1267 002c 96F82230 		ldrb	r3, [r6, #34]	@ zero_extendqisi2
1045:Core/Src/vl53l1_api_preset_modes.c **** 		pdynamic->system__seed_config =
 1268              		.loc 1 1045 33 view .LVU533
 1269 0030 EB71     		strb	r3, [r5, #7]
1047:Core/Src/vl53l1_api_preset_modes.c **** 
1048:Core/Src/vl53l1_api_preset_modes.c **** 		/* System control */
1049:Core/Src/vl53l1_api_preset_modes.c **** 
1050:Core/Src/vl53l1_api_preset_modes.c **** 		/* Configure Timed/Psuedo-solo mode */
1051:Core/Src/vl53l1_api_preset_modes.c **** 		psystem->system__mode_start =
 1270              		.loc 1 1051 3 is_stmt 1 view .LVU534
 1271              		.loc 1 1051 31 is_stmt 0 view .LVU535
 1272 0032 4023     		movs	r3, #64
 1273 0034 3B71     		strb	r3, [r7, #4]
 1274              	.L30:
ARM GAS  C:\Users\Lenovo\AppData\Local\Temp\ccO2RBeu.s 			page 42


1052:Core/Src/vl53l1_api_preset_modes.c **** 				VL53L1_DEVICESCHEDULERMODE_PSEUDO_SOLO | \
1053:Core/Src/vl53l1_api_preset_modes.c **** 				VL53L1_DEVICEREADOUTMODE_SINGLE_SD     | \
1054:Core/Src/vl53l1_api_preset_modes.c **** 				VL53L1_DEVICEMEASUREMENTMODE_TIMED;
1055:Core/Src/vl53l1_api_preset_modes.c **** 	}
1056:Core/Src/vl53l1_api_preset_modes.c **** 
1057:Core/Src/vl53l1_api_preset_modes.c **** 	LOG_FUNCTION_END(status);
 1275              		.loc 1 1057 26 is_stmt 1 view .LVU536
1058:Core/Src/vl53l1_api_preset_modes.c **** 
1059:Core/Src/vl53l1_api_preset_modes.c **** 	return status;
 1276              		.loc 1 1059 2 view .LVU537
1060:Core/Src/vl53l1_api_preset_modes.c **** }
 1277              		.loc 1 1060 1 is_stmt 0 view .LVU538
 1278 0036 03B0     		add	sp, sp, #12
 1279              	.LCFI19:
 1280              		.cfi_def_cfa_offset 20
 1281              		@ sp needed
 1282 0038 F0BD     		pop	{r4, r5, r6, r7, pc}
 1283              		.loc 1 1060 1 view .LVU539
 1284              		.cfi_endproc
 1285              	.LFE14:
 1287              		.section	.text.VL53L1_preset_mode_timed_ranging_long_range,"ax",%progbits
 1288              		.align	1
 1289              		.global	VL53L1_preset_mode_timed_ranging_long_range
 1290              		.syntax unified
 1291              		.thumb
 1292              		.thumb_func
 1294              	VL53L1_preset_mode_timed_ranging_long_range:
 1295              	.LVL42:
 1296              	.LFB15:
1061:Core/Src/vl53l1_api_preset_modes.c **** 
1062:Core/Src/vl53l1_api_preset_modes.c **** VL53L1_Error VL53L1_preset_mode_timed_ranging_long_range(
1063:Core/Src/vl53l1_api_preset_modes.c **** 
1064:Core/Src/vl53l1_api_preset_modes.c **** 	VL53L1_static_config_t    *pstatic,
1065:Core/Src/vl53l1_api_preset_modes.c **** 	VL53L1_general_config_t   *pgeneral,
1066:Core/Src/vl53l1_api_preset_modes.c **** 	VL53L1_timing_config_t    *ptiming,
1067:Core/Src/vl53l1_api_preset_modes.c **** 	VL53L1_dynamic_config_t   *pdynamic,
1068:Core/Src/vl53l1_api_preset_modes.c **** 	VL53L1_system_control_t   *psystem,
1069:Core/Src/vl53l1_api_preset_modes.c **** 	VL53L1_tuning_parm_storage_t *ptuning_parms)
1070:Core/Src/vl53l1_api_preset_modes.c **** {
 1297              		.loc 1 1070 1 is_stmt 1 view -0
 1298              		.cfi_startproc
 1299              		@ args = 8, pretend = 0, frame = 0
 1300              		@ frame_needed = 0, uses_anonymous_args = 0
 1301              		.loc 1 1070 1 is_stmt 0 view .LVU541
 1302 0000 F0B5     		push	{r4, r5, r6, r7, lr}
 1303              	.LCFI20:
 1304              		.cfi_def_cfa_offset 20
 1305              		.cfi_offset 4, -20
 1306              		.cfi_offset 5, -16
 1307              		.cfi_offset 6, -12
 1308              		.cfi_offset 7, -8
 1309              		.cfi_offset 14, -4
 1310 0002 83B0     		sub	sp, sp, #12
 1311              	.LCFI21:
 1312              		.cfi_def_cfa_offset 32
 1313 0004 1446     		mov	r4, r2
 1314 0006 1D46     		mov	r5, r3
ARM GAS  C:\Users\Lenovo\AppData\Local\Temp\ccO2RBeu.s 			page 43


 1315 0008 089F     		ldr	r7, [sp, #32]
 1316 000a 099E     		ldr	r6, [sp, #36]
1071:Core/Src/vl53l1_api_preset_modes.c **** 	/*
1072:Core/Src/vl53l1_api_preset_modes.c **** 	* Initializes static and dynamic data structures for
1073:Core/Src/vl53l1_api_preset_modes.c **** 	* device preset mode
1074:Core/Src/vl53l1_api_preset_modes.c **** 	*
1075:Core/Src/vl53l1_api_preset_modes.c **** 	* VL53L1_DEVICEPRESETMODE_TIMED_RANGING_LONG_RANGE
1076:Core/Src/vl53l1_api_preset_modes.c **** 	*
1077:Core/Src/vl53l1_api_preset_modes.c **** 	*  - pseudo-solo
1078:Core/Src/vl53l1_api_preset_modes.c **** 	*  - single sigma delta
1079:Core/Src/vl53l1_api_preset_modes.c **** 	*  - timed
1080:Core/Src/vl53l1_api_preset_modes.c **** 	*
1081:Core/Src/vl53l1_api_preset_modes.c **** 	*  PLEASE NOTE THE SETTINGS BELOW AT PROVISIONAL AND WILL CHANGE!
1082:Core/Src/vl53l1_api_preset_modes.c **** 	*/
1083:Core/Src/vl53l1_api_preset_modes.c **** 
1084:Core/Src/vl53l1_api_preset_modes.c **** 	VL53L1_Error  status = VL53L1_ERROR_NONE;
 1317              		.loc 1 1084 2 is_stmt 1 view .LVU542
 1318              	.LVL43:
1085:Core/Src/vl53l1_api_preset_modes.c **** 
1086:Core/Src/vl53l1_api_preset_modes.c **** 	LOG_FUNCTION_START("");
 1319              		.loc 1 1086 24 view .LVU543
1087:Core/Src/vl53l1_api_preset_modes.c **** 
1088:Core/Src/vl53l1_api_preset_modes.c **** 	/* Call standard ranging configuration */
1089:Core/Src/vl53l1_api_preset_modes.c **** 
1090:Core/Src/vl53l1_api_preset_modes.c **** 	status = VL53L1_preset_mode_standard_ranging_long_range(
 1320              		.loc 1 1090 2 view .LVU544
 1321              		.loc 1 1090 11 is_stmt 0 view .LVU545
 1322 000c 0196     		str	r6, [sp, #4]
 1323 000e 0097     		str	r7, [sp]
 1324 0010 FFF7FEFF 		bl	VL53L1_preset_mode_standard_ranging_long_range
 1325              	.LVL44:
1091:Core/Src/vl53l1_api_preset_modes.c **** 					pstatic,
1092:Core/Src/vl53l1_api_preset_modes.c **** 					pgeneral,
1093:Core/Src/vl53l1_api_preset_modes.c **** 					ptiming,
1094:Core/Src/vl53l1_api_preset_modes.c **** 					pdynamic,
1095:Core/Src/vl53l1_api_preset_modes.c **** 					psystem,
1096:Core/Src/vl53l1_api_preset_modes.c **** 					ptuning_parms);
1097:Core/Src/vl53l1_api_preset_modes.c **** 
1098:Core/Src/vl53l1_api_preset_modes.c **** 	/* now override standard ranging specific registers */
1099:Core/Src/vl53l1_api_preset_modes.c **** 
1100:Core/Src/vl53l1_api_preset_modes.c **** 	if (status == VL53L1_ERROR_NONE) {
 1326              		.loc 1 1100 2 is_stmt 1 view .LVU546
 1327              		.loc 1 1100 5 is_stmt 0 view .LVU547
 1328 0014 70B9     		cbnz	r0, .L33
1101:Core/Src/vl53l1_api_preset_modes.c **** 
1102:Core/Src/vl53l1_api_preset_modes.c **** 		/* Dynamic Configuration */
1103:Core/Src/vl53l1_api_preset_modes.c **** 
1104:Core/Src/vl53l1_api_preset_modes.c **** 		/* Disable GPH  */
1105:Core/Src/vl53l1_api_preset_modes.c **** 		pdynamic->system__grouped_parameter_hold = 0x00;
 1329              		.loc 1 1105 3 is_stmt 1 view .LVU548
 1330              		.loc 1 1105 44 is_stmt 0 view .LVU549
 1331 0016 A874     		strb	r0, [r5, #18]
1106:Core/Src/vl53l1_api_preset_modes.c **** 
1107:Core/Src/vl53l1_api_preset_modes.c **** 
1108:Core/Src/vl53l1_api_preset_modes.c **** 		/* Timing Configuration */
1109:Core/Src/vl53l1_api_preset_modes.c **** 
1110:Core/Src/vl53l1_api_preset_modes.c **** 		/* Re-Configure timing budget default for 13ms */
ARM GAS  C:\Users\Lenovo\AppData\Local\Temp\ccO2RBeu.s 			page 44


1111:Core/Src/vl53l1_api_preset_modes.c **** 		ptiming->range_config__timeout_macrop_a_hi                = 0x00;
 1332              		.loc 1 1111 3 is_stmt 1 view .LVU550
 1333              		.loc 1 1111 61 is_stmt 0 view .LVU551
 1334 0018 2071     		strb	r0, [r4, #4]
1112:Core/Src/vl53l1_api_preset_modes.c **** 		ptiming->range_config__timeout_macrop_a_lo                = 0x97;
 1335              		.loc 1 1112 3 is_stmt 1 view .LVU552
 1336              		.loc 1 1112 61 is_stmt 0 view .LVU553
 1337 001a 9722     		movs	r2, #151
 1338 001c 6271     		strb	r2, [r4, #5]
1113:Core/Src/vl53l1_api_preset_modes.c **** 		/* Setup for 13ms default */
1114:Core/Src/vl53l1_api_preset_modes.c **** 		ptiming->range_config__timeout_macrop_b_hi                = 0x00;
 1339              		.loc 1 1114 3 is_stmt 1 view .LVU554
 1340              		.loc 1 1114 61 is_stmt 0 view .LVU555
 1341 001e E071     		strb	r0, [r4, #7]
1115:Core/Src/vl53l1_api_preset_modes.c **** 		ptiming->range_config__timeout_macrop_b_lo                = 0xB1;
 1342              		.loc 1 1115 3 is_stmt 1 view .LVU556
 1343              		.loc 1 1115 61 is_stmt 0 view .LVU557
 1344 0020 B123     		movs	r3, #177
 1345 0022 2372     		strb	r3, [r4, #8]
1116:Core/Src/vl53l1_api_preset_modes.c **** 
1117:Core/Src/vl53l1_api_preset_modes.c **** 		ptiming->system__intermeasurement_period = 0x00000600;
 1346              		.loc 1 1117 3 is_stmt 1 view .LVU558
 1347              		.loc 1 1117 44 is_stmt 0 view .LVU559
 1348 0024 4FF4C063 		mov	r3, #1536
 1349 0028 2361     		str	r3, [r4, #16]
1118:Core/Src/vl53l1_api_preset_modes.c **** 		pdynamic->system__seed_config =
 1350              		.loc 1 1118 3 is_stmt 1 view .LVU560
1119:Core/Src/vl53l1_api_preset_modes.c **** 				ptuning_parms->tp_timed_seed_cfg;
 1351              		.loc 1 1119 18 is_stmt 0 view .LVU561
 1352 002a 96F82230 		ldrb	r3, [r6, #34]	@ zero_extendqisi2
1118:Core/Src/vl53l1_api_preset_modes.c **** 		pdynamic->system__seed_config =
 1353              		.loc 1 1118 33 view .LVU562
 1354 002e EB71     		strb	r3, [r5, #7]
1120:Core/Src/vl53l1_api_preset_modes.c **** 
1121:Core/Src/vl53l1_api_preset_modes.c **** 		/* System control */
1122:Core/Src/vl53l1_api_preset_modes.c **** 
1123:Core/Src/vl53l1_api_preset_modes.c **** 		/* Configure Timed/Psuedo-solo mode */
1124:Core/Src/vl53l1_api_preset_modes.c **** 		psystem->system__mode_start =
 1355              		.loc 1 1124 3 is_stmt 1 view .LVU563
 1356              		.loc 1 1124 31 is_stmt 0 view .LVU564
 1357 0030 4023     		movs	r3, #64
 1358 0032 3B71     		strb	r3, [r7, #4]
 1359              	.L33:
1125:Core/Src/vl53l1_api_preset_modes.c **** 				VL53L1_DEVICESCHEDULERMODE_PSEUDO_SOLO | \
1126:Core/Src/vl53l1_api_preset_modes.c **** 				VL53L1_DEVICEREADOUTMODE_SINGLE_SD     | \
1127:Core/Src/vl53l1_api_preset_modes.c **** 				VL53L1_DEVICEMEASUREMENTMODE_TIMED;
1128:Core/Src/vl53l1_api_preset_modes.c **** 	}
1129:Core/Src/vl53l1_api_preset_modes.c **** 
1130:Core/Src/vl53l1_api_preset_modes.c **** 	LOG_FUNCTION_END(status);
 1360              		.loc 1 1130 26 is_stmt 1 view .LVU565
1131:Core/Src/vl53l1_api_preset_modes.c **** 
1132:Core/Src/vl53l1_api_preset_modes.c **** 	return status;
 1361              		.loc 1 1132 2 view .LVU566
1133:Core/Src/vl53l1_api_preset_modes.c **** }
 1362              		.loc 1 1133 1 is_stmt 0 view .LVU567
 1363 0034 03B0     		add	sp, sp, #12
 1364              	.LCFI22:
ARM GAS  C:\Users\Lenovo\AppData\Local\Temp\ccO2RBeu.s 			page 45


 1365              		.cfi_def_cfa_offset 20
 1366              		@ sp needed
 1367 0036 F0BD     		pop	{r4, r5, r6, r7, pc}
 1368              		.loc 1 1133 1 view .LVU568
 1369              		.cfi_endproc
 1370              	.LFE15:
 1372              		.section	.text.VL53L1_preset_mode_low_power_auto_ranging,"ax",%progbits
 1373              		.align	1
 1374              		.global	VL53L1_preset_mode_low_power_auto_ranging
 1375              		.syntax unified
 1376              		.thumb
 1377              		.thumb_func
 1379              	VL53L1_preset_mode_low_power_auto_ranging:
 1380              	.LVL45:
 1381              	.LFB16:
1134:Core/Src/vl53l1_api_preset_modes.c **** 
1135:Core/Src/vl53l1_api_preset_modes.c **** /* Start Patch_LowPowerAutoMode */
1136:Core/Src/vl53l1_api_preset_modes.c **** VL53L1_Error VL53L1_preset_mode_low_power_auto_ranging(
1137:Core/Src/vl53l1_api_preset_modes.c **** 
1138:Core/Src/vl53l1_api_preset_modes.c **** 	VL53L1_static_config_t    *pstatic,
1139:Core/Src/vl53l1_api_preset_modes.c **** 	VL53L1_general_config_t   *pgeneral,
1140:Core/Src/vl53l1_api_preset_modes.c **** 	VL53L1_timing_config_t    *ptiming,
1141:Core/Src/vl53l1_api_preset_modes.c **** 	VL53L1_dynamic_config_t   *pdynamic,
1142:Core/Src/vl53l1_api_preset_modes.c **** 	VL53L1_system_control_t   *psystem,
1143:Core/Src/vl53l1_api_preset_modes.c **** 	VL53L1_tuning_parm_storage_t *ptuning_parms,
1144:Core/Src/vl53l1_api_preset_modes.c **** 	VL53L1_low_power_auto_data_t *plpadata)
1145:Core/Src/vl53l1_api_preset_modes.c **** {
 1382              		.loc 1 1145 1 is_stmt 1 view -0
 1383              		.cfi_startproc
 1384              		@ args = 12, pretend = 0, frame = 0
 1385              		@ frame_needed = 0, uses_anonymous_args = 0
 1386              		.loc 1 1145 1 is_stmt 0 view .LVU570
 1387 0000 70B5     		push	{r4, r5, r6, lr}
 1388              	.LCFI23:
 1389              		.cfi_def_cfa_offset 16
 1390              		.cfi_offset 4, -16
 1391              		.cfi_offset 5, -12
 1392              		.cfi_offset 6, -8
 1393              		.cfi_offset 14, -4
 1394 0002 82B0     		sub	sp, sp, #8
 1395              	.LCFI24:
 1396              		.cfi_def_cfa_offset 24
 1397 0004 0C46     		mov	r4, r1
 1398 0006 1D46     		mov	r5, r3
1146:Core/Src/vl53l1_api_preset_modes.c **** 	/*
1147:Core/Src/vl53l1_api_preset_modes.c **** 	* Initializes static and dynamic data structures for
1148:Core/Src/vl53l1_api_preset_modes.c **** 	* device preset mode
1149:Core/Src/vl53l1_api_preset_modes.c **** 	*
1150:Core/Src/vl53l1_api_preset_modes.c **** 	* VL53L1_DEVICEPRESETMODE_LOWPOWERAUTO_MEDIUM_RANGE
1151:Core/Src/vl53l1_api_preset_modes.c **** 	*
1152:Core/Src/vl53l1_api_preset_modes.c **** 	*  - pseudo-solo
1153:Core/Src/vl53l1_api_preset_modes.c **** 	*  - single sigma delta
1154:Core/Src/vl53l1_api_preset_modes.c **** 	*  - timed
1155:Core/Src/vl53l1_api_preset_modes.c **** 	*  - special low power auto mode for Presence application
1156:Core/Src/vl53l1_api_preset_modes.c **** 	*
1157:Core/Src/vl53l1_api_preset_modes.c **** 	*  PLEASE NOTE THE SETTINGS BELOW ARE PROVISIONAL AND WILL CHANGE!
1158:Core/Src/vl53l1_api_preset_modes.c **** 	*/
ARM GAS  C:\Users\Lenovo\AppData\Local\Temp\ccO2RBeu.s 			page 46


1159:Core/Src/vl53l1_api_preset_modes.c **** 
1160:Core/Src/vl53l1_api_preset_modes.c **** 	VL53L1_Error  status = VL53L1_ERROR_NONE;
 1399              		.loc 1 1160 2 is_stmt 1 view .LVU571
 1400              	.LVL46:
1161:Core/Src/vl53l1_api_preset_modes.c **** 
1162:Core/Src/vl53l1_api_preset_modes.c **** 	LOG_FUNCTION_START("");
 1401              		.loc 1 1162 24 view .LVU572
1163:Core/Src/vl53l1_api_preset_modes.c **** 
1164:Core/Src/vl53l1_api_preset_modes.c **** 	/* Call standard ranging configuration */
1165:Core/Src/vl53l1_api_preset_modes.c **** 
1166:Core/Src/vl53l1_api_preset_modes.c **** 	status = VL53L1_preset_mode_timed_ranging(
 1402              		.loc 1 1166 2 view .LVU573
 1403              		.loc 1 1166 11 is_stmt 0 view .LVU574
 1404 0008 079E     		ldr	r6, [sp, #28]
 1405 000a 0196     		str	r6, [sp, #4]
 1406 000c 069E     		ldr	r6, [sp, #24]
 1407 000e 0096     		str	r6, [sp]
 1408 0010 FFF7FEFF 		bl	VL53L1_preset_mode_timed_ranging
 1409              	.LVL47:
1167:Core/Src/vl53l1_api_preset_modes.c **** 					pstatic,
1168:Core/Src/vl53l1_api_preset_modes.c **** 					pgeneral,
1169:Core/Src/vl53l1_api_preset_modes.c **** 					ptiming,
1170:Core/Src/vl53l1_api_preset_modes.c **** 					pdynamic,
1171:Core/Src/vl53l1_api_preset_modes.c **** 					psystem,
1172:Core/Src/vl53l1_api_preset_modes.c **** 					ptuning_parms);
1173:Core/Src/vl53l1_api_preset_modes.c **** 
1174:Core/Src/vl53l1_api_preset_modes.c **** 	/* now setup the low power auto mode */
1175:Core/Src/vl53l1_api_preset_modes.c **** 
1176:Core/Src/vl53l1_api_preset_modes.c **** 	if (status == VL53L1_ERROR_NONE) {
 1410              		.loc 1 1176 2 is_stmt 1 view .LVU575
 1411              		.loc 1 1176 5 is_stmt 0 view .LVU576
 1412 0014 08B1     		cbz	r0, .L38
 1413              	.LVL48:
 1414              	.L36:
1177:Core/Src/vl53l1_api_preset_modes.c **** 		status = VL53L1_config_low_power_auto_mode(
1178:Core/Src/vl53l1_api_preset_modes.c **** 				pgeneral,
1179:Core/Src/vl53l1_api_preset_modes.c **** 				pdynamic,
1180:Core/Src/vl53l1_api_preset_modes.c **** 				plpadata
1181:Core/Src/vl53l1_api_preset_modes.c **** 				);
1182:Core/Src/vl53l1_api_preset_modes.c **** 	}
1183:Core/Src/vl53l1_api_preset_modes.c **** 
1184:Core/Src/vl53l1_api_preset_modes.c **** 	LOG_FUNCTION_END(status);
 1415              		.loc 1 1184 26 is_stmt 1 view .LVU577
1185:Core/Src/vl53l1_api_preset_modes.c **** 
1186:Core/Src/vl53l1_api_preset_modes.c **** 	return status;
 1416              		.loc 1 1186 2 view .LVU578
1187:Core/Src/vl53l1_api_preset_modes.c **** }
 1417              		.loc 1 1187 1 is_stmt 0 view .LVU579
 1418 0016 02B0     		add	sp, sp, #8
 1419              	.LCFI25:
 1420              		.cfi_remember_state
 1421              		.cfi_def_cfa_offset 16
 1422              		@ sp needed
 1423 0018 70BD     		pop	{r4, r5, r6, pc}
 1424              	.LVL49:
 1425              	.L38:
 1426              	.LCFI26:
ARM GAS  C:\Users\Lenovo\AppData\Local\Temp\ccO2RBeu.s 			page 47


 1427              		.cfi_restore_state
1177:Core/Src/vl53l1_api_preset_modes.c **** 		status = VL53L1_config_low_power_auto_mode(
 1428              		.loc 1 1177 3 is_stmt 1 view .LVU580
1177:Core/Src/vl53l1_api_preset_modes.c **** 		status = VL53L1_config_low_power_auto_mode(
 1429              		.loc 1 1177 12 is_stmt 0 view .LVU581
 1430 001a 089A     		ldr	r2, [sp, #32]
 1431 001c 2946     		mov	r1, r5
 1432 001e 2046     		mov	r0, r4
 1433 0020 FFF7FEFF 		bl	VL53L1_config_low_power_auto_mode
 1434              	.LVL50:
1177:Core/Src/vl53l1_api_preset_modes.c **** 		status = VL53L1_config_low_power_auto_mode(
 1435              		.loc 1 1177 12 view .LVU582
 1436 0024 F7E7     		b	.L36
 1437              		.cfi_endproc
 1438              	.LFE16:
 1440              		.section	.text.VL53L1_preset_mode_low_power_auto_short_ranging,"ax",%progbits
 1441              		.align	1
 1442              		.global	VL53L1_preset_mode_low_power_auto_short_ranging
 1443              		.syntax unified
 1444              		.thumb
 1445              		.thumb_func
 1447              	VL53L1_preset_mode_low_power_auto_short_ranging:
 1448              	.LVL51:
 1449              	.LFB17:
1188:Core/Src/vl53l1_api_preset_modes.c **** 
1189:Core/Src/vl53l1_api_preset_modes.c **** VL53L1_Error VL53L1_preset_mode_low_power_auto_short_ranging(
1190:Core/Src/vl53l1_api_preset_modes.c **** 
1191:Core/Src/vl53l1_api_preset_modes.c **** 	VL53L1_static_config_t    *pstatic,
1192:Core/Src/vl53l1_api_preset_modes.c **** 	VL53L1_general_config_t   *pgeneral,
1193:Core/Src/vl53l1_api_preset_modes.c **** 	VL53L1_timing_config_t    *ptiming,
1194:Core/Src/vl53l1_api_preset_modes.c **** 	VL53L1_dynamic_config_t   *pdynamic,
1195:Core/Src/vl53l1_api_preset_modes.c **** 	VL53L1_system_control_t   *psystem,
1196:Core/Src/vl53l1_api_preset_modes.c **** 	VL53L1_tuning_parm_storage_t *ptuning_parms,
1197:Core/Src/vl53l1_api_preset_modes.c **** 	VL53L1_low_power_auto_data_t *plpadata)
1198:Core/Src/vl53l1_api_preset_modes.c **** {
 1450              		.loc 1 1198 1 is_stmt 1 view -0
 1451              		.cfi_startproc
 1452              		@ args = 12, pretend = 0, frame = 0
 1453              		@ frame_needed = 0, uses_anonymous_args = 0
 1454              		.loc 1 1198 1 is_stmt 0 view .LVU584
 1455 0000 70B5     		push	{r4, r5, r6, lr}
 1456              	.LCFI27:
 1457              		.cfi_def_cfa_offset 16
 1458              		.cfi_offset 4, -16
 1459              		.cfi_offset 5, -12
 1460              		.cfi_offset 6, -8
 1461              		.cfi_offset 14, -4
 1462 0002 82B0     		sub	sp, sp, #8
 1463              	.LCFI28:
 1464              		.cfi_def_cfa_offset 24
 1465 0004 0C46     		mov	r4, r1
 1466 0006 1D46     		mov	r5, r3
1199:Core/Src/vl53l1_api_preset_modes.c **** 	/*
1200:Core/Src/vl53l1_api_preset_modes.c **** 	* Initializes static and dynamic data structures for
1201:Core/Src/vl53l1_api_preset_modes.c **** 	* device preset mode
1202:Core/Src/vl53l1_api_preset_modes.c **** 	*
1203:Core/Src/vl53l1_api_preset_modes.c **** 	* VL53L1_DEVICEPRESETMODE_LOWPOWERAUTO_SHORT_RANGE
ARM GAS  C:\Users\Lenovo\AppData\Local\Temp\ccO2RBeu.s 			page 48


1204:Core/Src/vl53l1_api_preset_modes.c **** 	*
1205:Core/Src/vl53l1_api_preset_modes.c **** 	*  - pseudo-solo
1206:Core/Src/vl53l1_api_preset_modes.c **** 	*  - single sigma delta
1207:Core/Src/vl53l1_api_preset_modes.c **** 	*  - timed
1208:Core/Src/vl53l1_api_preset_modes.c **** 	*  - special low power auto mode for Presence application
1209:Core/Src/vl53l1_api_preset_modes.c **** 	*
1210:Core/Src/vl53l1_api_preset_modes.c **** 	*  PLEASE NOTE THE SETTINGS BELOW ARE PROVISIONAL AND WILL CHANGE!
1211:Core/Src/vl53l1_api_preset_modes.c **** 	*/
1212:Core/Src/vl53l1_api_preset_modes.c **** 
1213:Core/Src/vl53l1_api_preset_modes.c **** 	VL53L1_Error  status = VL53L1_ERROR_NONE;
 1467              		.loc 1 1213 2 is_stmt 1 view .LVU585
 1468              	.LVL52:
1214:Core/Src/vl53l1_api_preset_modes.c **** 
1215:Core/Src/vl53l1_api_preset_modes.c **** 	LOG_FUNCTION_START("");
 1469              		.loc 1 1215 24 view .LVU586
1216:Core/Src/vl53l1_api_preset_modes.c **** 
1217:Core/Src/vl53l1_api_preset_modes.c **** 	/* Call standard ranging configuration */
1218:Core/Src/vl53l1_api_preset_modes.c **** 
1219:Core/Src/vl53l1_api_preset_modes.c **** 	status = VL53L1_preset_mode_timed_ranging_short_range(
 1470              		.loc 1 1219 2 view .LVU587
 1471              		.loc 1 1219 11 is_stmt 0 view .LVU588
 1472 0008 079E     		ldr	r6, [sp, #28]
 1473 000a 0196     		str	r6, [sp, #4]
 1474 000c 069E     		ldr	r6, [sp, #24]
 1475 000e 0096     		str	r6, [sp]
 1476 0010 FFF7FEFF 		bl	VL53L1_preset_mode_timed_ranging_short_range
 1477              	.LVL53:
1220:Core/Src/vl53l1_api_preset_modes.c **** 					pstatic,
1221:Core/Src/vl53l1_api_preset_modes.c **** 					pgeneral,
1222:Core/Src/vl53l1_api_preset_modes.c **** 					ptiming,
1223:Core/Src/vl53l1_api_preset_modes.c **** 					pdynamic,
1224:Core/Src/vl53l1_api_preset_modes.c **** 					psystem,
1225:Core/Src/vl53l1_api_preset_modes.c **** 					ptuning_parms);
1226:Core/Src/vl53l1_api_preset_modes.c **** 
1227:Core/Src/vl53l1_api_preset_modes.c **** 	/* now setup the low power auto mode */
1228:Core/Src/vl53l1_api_preset_modes.c **** 
1229:Core/Src/vl53l1_api_preset_modes.c **** 	if (status == VL53L1_ERROR_NONE) {
 1478              		.loc 1 1229 2 is_stmt 1 view .LVU589
 1479              		.loc 1 1229 5 is_stmt 0 view .LVU590
 1480 0014 08B1     		cbz	r0, .L42
 1481              	.LVL54:
 1482              	.L40:
1230:Core/Src/vl53l1_api_preset_modes.c **** 		status = VL53L1_config_low_power_auto_mode(
1231:Core/Src/vl53l1_api_preset_modes.c **** 				pgeneral,
1232:Core/Src/vl53l1_api_preset_modes.c **** 				pdynamic,
1233:Core/Src/vl53l1_api_preset_modes.c **** 				plpadata
1234:Core/Src/vl53l1_api_preset_modes.c **** 				);
1235:Core/Src/vl53l1_api_preset_modes.c **** 	}
1236:Core/Src/vl53l1_api_preset_modes.c **** 
1237:Core/Src/vl53l1_api_preset_modes.c **** 	LOG_FUNCTION_END(status);
 1483              		.loc 1 1237 26 is_stmt 1 view .LVU591
1238:Core/Src/vl53l1_api_preset_modes.c **** 
1239:Core/Src/vl53l1_api_preset_modes.c **** 	return status;
 1484              		.loc 1 1239 2 view .LVU592
1240:Core/Src/vl53l1_api_preset_modes.c **** }
 1485              		.loc 1 1240 1 is_stmt 0 view .LVU593
 1486 0016 02B0     		add	sp, sp, #8
ARM GAS  C:\Users\Lenovo\AppData\Local\Temp\ccO2RBeu.s 			page 49


 1487              	.LCFI29:
 1488              		.cfi_remember_state
 1489              		.cfi_def_cfa_offset 16
 1490              		@ sp needed
 1491 0018 70BD     		pop	{r4, r5, r6, pc}
 1492              	.LVL55:
 1493              	.L42:
 1494              	.LCFI30:
 1495              		.cfi_restore_state
1230:Core/Src/vl53l1_api_preset_modes.c **** 		status = VL53L1_config_low_power_auto_mode(
 1496              		.loc 1 1230 3 is_stmt 1 view .LVU594
1230:Core/Src/vl53l1_api_preset_modes.c **** 		status = VL53L1_config_low_power_auto_mode(
 1497              		.loc 1 1230 12 is_stmt 0 view .LVU595
 1498 001a 089A     		ldr	r2, [sp, #32]
 1499 001c 2946     		mov	r1, r5
 1500 001e 2046     		mov	r0, r4
 1501 0020 FFF7FEFF 		bl	VL53L1_config_low_power_auto_mode
 1502              	.LVL56:
1230:Core/Src/vl53l1_api_preset_modes.c **** 		status = VL53L1_config_low_power_auto_mode(
 1503              		.loc 1 1230 12 view .LVU596
 1504 0024 F7E7     		b	.L40
 1505              		.cfi_endproc
 1506              	.LFE17:
 1508              		.section	.text.VL53L1_preset_mode_low_power_auto_long_ranging,"ax",%progbits
 1509              		.align	1
 1510              		.global	VL53L1_preset_mode_low_power_auto_long_ranging
 1511              		.syntax unified
 1512              		.thumb
 1513              		.thumb_func
 1515              	VL53L1_preset_mode_low_power_auto_long_ranging:
 1516              	.LVL57:
 1517              	.LFB18:
1241:Core/Src/vl53l1_api_preset_modes.c **** 
1242:Core/Src/vl53l1_api_preset_modes.c **** VL53L1_Error VL53L1_preset_mode_low_power_auto_long_ranging(
1243:Core/Src/vl53l1_api_preset_modes.c **** 
1244:Core/Src/vl53l1_api_preset_modes.c **** 	VL53L1_static_config_t    *pstatic,
1245:Core/Src/vl53l1_api_preset_modes.c **** 	VL53L1_general_config_t   *pgeneral,
1246:Core/Src/vl53l1_api_preset_modes.c **** 	VL53L1_timing_config_t    *ptiming,
1247:Core/Src/vl53l1_api_preset_modes.c **** 	VL53L1_dynamic_config_t   *pdynamic,
1248:Core/Src/vl53l1_api_preset_modes.c **** 	VL53L1_system_control_t   *psystem,
1249:Core/Src/vl53l1_api_preset_modes.c **** 	VL53L1_tuning_parm_storage_t *ptuning_parms,
1250:Core/Src/vl53l1_api_preset_modes.c **** 	VL53L1_low_power_auto_data_t *plpadata)
1251:Core/Src/vl53l1_api_preset_modes.c **** {
 1518              		.loc 1 1251 1 is_stmt 1 view -0
 1519              		.cfi_startproc
 1520              		@ args = 12, pretend = 0, frame = 0
 1521              		@ frame_needed = 0, uses_anonymous_args = 0
 1522              		.loc 1 1251 1 is_stmt 0 view .LVU598
 1523 0000 70B5     		push	{r4, r5, r6, lr}
 1524              	.LCFI31:
 1525              		.cfi_def_cfa_offset 16
 1526              		.cfi_offset 4, -16
 1527              		.cfi_offset 5, -12
 1528              		.cfi_offset 6, -8
 1529              		.cfi_offset 14, -4
 1530 0002 82B0     		sub	sp, sp, #8
 1531              	.LCFI32:
ARM GAS  C:\Users\Lenovo\AppData\Local\Temp\ccO2RBeu.s 			page 50


 1532              		.cfi_def_cfa_offset 24
 1533 0004 0C46     		mov	r4, r1
 1534 0006 1D46     		mov	r5, r3
1252:Core/Src/vl53l1_api_preset_modes.c **** 	/*
1253:Core/Src/vl53l1_api_preset_modes.c **** 	* Initializes static and dynamic data structures for
1254:Core/Src/vl53l1_api_preset_modes.c **** 	* device preset mode
1255:Core/Src/vl53l1_api_preset_modes.c **** 	*
1256:Core/Src/vl53l1_api_preset_modes.c **** 	* VL53L1_DEVICEPRESETMODE_LOWPOWERAUTO_LONG_RANGE
1257:Core/Src/vl53l1_api_preset_modes.c **** 	*
1258:Core/Src/vl53l1_api_preset_modes.c **** 	*  - pseudo-solo
1259:Core/Src/vl53l1_api_preset_modes.c **** 	*  - single sigma delta
1260:Core/Src/vl53l1_api_preset_modes.c **** 	*  - timed
1261:Core/Src/vl53l1_api_preset_modes.c **** 	*  - special low power auto mode for Presence application
1262:Core/Src/vl53l1_api_preset_modes.c **** 	*
1263:Core/Src/vl53l1_api_preset_modes.c **** 	*  PLEASE NOTE THE SETTINGS BELOW ARE PROVISIONAL AND WILL CHANGE!
1264:Core/Src/vl53l1_api_preset_modes.c **** 	*/
1265:Core/Src/vl53l1_api_preset_modes.c **** 
1266:Core/Src/vl53l1_api_preset_modes.c **** 	VL53L1_Error  status = VL53L1_ERROR_NONE;
 1535              		.loc 1 1266 2 is_stmt 1 view .LVU599
 1536              	.LVL58:
1267:Core/Src/vl53l1_api_preset_modes.c **** 
1268:Core/Src/vl53l1_api_preset_modes.c **** 	LOG_FUNCTION_START("");
 1537              		.loc 1 1268 24 view .LVU600
1269:Core/Src/vl53l1_api_preset_modes.c **** 
1270:Core/Src/vl53l1_api_preset_modes.c **** 	/* Call standard ranging configuration */
1271:Core/Src/vl53l1_api_preset_modes.c **** 
1272:Core/Src/vl53l1_api_preset_modes.c **** 	status = VL53L1_preset_mode_timed_ranging_long_range(
 1538              		.loc 1 1272 2 view .LVU601
 1539              		.loc 1 1272 11 is_stmt 0 view .LVU602
 1540 0008 079E     		ldr	r6, [sp, #28]
 1541 000a 0196     		str	r6, [sp, #4]
 1542 000c 069E     		ldr	r6, [sp, #24]
 1543 000e 0096     		str	r6, [sp]
 1544 0010 FFF7FEFF 		bl	VL53L1_preset_mode_timed_ranging_long_range
 1545              	.LVL59:
1273:Core/Src/vl53l1_api_preset_modes.c **** 					pstatic,
1274:Core/Src/vl53l1_api_preset_modes.c **** 					pgeneral,
1275:Core/Src/vl53l1_api_preset_modes.c **** 					ptiming,
1276:Core/Src/vl53l1_api_preset_modes.c **** 					pdynamic,
1277:Core/Src/vl53l1_api_preset_modes.c **** 					psystem,
1278:Core/Src/vl53l1_api_preset_modes.c **** 					ptuning_parms);
1279:Core/Src/vl53l1_api_preset_modes.c **** 
1280:Core/Src/vl53l1_api_preset_modes.c **** 	/* now setup the low power auto mode */
1281:Core/Src/vl53l1_api_preset_modes.c **** 
1282:Core/Src/vl53l1_api_preset_modes.c **** 	if (status == VL53L1_ERROR_NONE) {
 1546              		.loc 1 1282 2 is_stmt 1 view .LVU603
 1547              		.loc 1 1282 5 is_stmt 0 view .LVU604
 1548 0014 08B1     		cbz	r0, .L46
 1549              	.LVL60:
 1550              	.L44:
1283:Core/Src/vl53l1_api_preset_modes.c **** 		status = VL53L1_config_low_power_auto_mode(
1284:Core/Src/vl53l1_api_preset_modes.c **** 				pgeneral,
1285:Core/Src/vl53l1_api_preset_modes.c **** 				pdynamic,
1286:Core/Src/vl53l1_api_preset_modes.c **** 				plpadata
1287:Core/Src/vl53l1_api_preset_modes.c **** 				);
1288:Core/Src/vl53l1_api_preset_modes.c **** 	}
1289:Core/Src/vl53l1_api_preset_modes.c **** 
ARM GAS  C:\Users\Lenovo\AppData\Local\Temp\ccO2RBeu.s 			page 51


1290:Core/Src/vl53l1_api_preset_modes.c **** 	LOG_FUNCTION_END(status);
 1551              		.loc 1 1290 26 is_stmt 1 view .LVU605
1291:Core/Src/vl53l1_api_preset_modes.c **** 
1292:Core/Src/vl53l1_api_preset_modes.c **** 	return status;
 1552              		.loc 1 1292 2 view .LVU606
1293:Core/Src/vl53l1_api_preset_modes.c **** }
 1553              		.loc 1 1293 1 is_stmt 0 view .LVU607
 1554 0016 02B0     		add	sp, sp, #8
 1555              	.LCFI33:
 1556              		.cfi_remember_state
 1557              		.cfi_def_cfa_offset 16
 1558              		@ sp needed
 1559 0018 70BD     		pop	{r4, r5, r6, pc}
 1560              	.LVL61:
 1561              	.L46:
 1562              	.LCFI34:
 1563              		.cfi_restore_state
1283:Core/Src/vl53l1_api_preset_modes.c **** 		status = VL53L1_config_low_power_auto_mode(
 1564              		.loc 1 1283 3 is_stmt 1 view .LVU608
1283:Core/Src/vl53l1_api_preset_modes.c **** 		status = VL53L1_config_low_power_auto_mode(
 1565              		.loc 1 1283 12 is_stmt 0 view .LVU609
 1566 001a 089A     		ldr	r2, [sp, #32]
 1567 001c 2946     		mov	r1, r5
 1568 001e 2046     		mov	r0, r4
 1569 0020 FFF7FEFF 		bl	VL53L1_config_low_power_auto_mode
 1570              	.LVL62:
1283:Core/Src/vl53l1_api_preset_modes.c **** 		status = VL53L1_config_low_power_auto_mode(
 1571              		.loc 1 1283 12 view .LVU610
 1572 0024 F7E7     		b	.L44
 1573              		.cfi_endproc
 1574              	.LFE18:
 1576              		.section	.text.VL53L1_preset_mode_singleshot_ranging,"ax",%progbits
 1577              		.align	1
 1578              		.global	VL53L1_preset_mode_singleshot_ranging
 1579              		.syntax unified
 1580              		.thumb
 1581              		.thumb_func
 1583              	VL53L1_preset_mode_singleshot_ranging:
 1584              	.LVL63:
 1585              	.LFB19:
1294:Core/Src/vl53l1_api_preset_modes.c **** 
1295:Core/Src/vl53l1_api_preset_modes.c **** /* End Patch_LowPowerAutoMode */
1296:Core/Src/vl53l1_api_preset_modes.c **** 
1297:Core/Src/vl53l1_api_preset_modes.c **** VL53L1_Error VL53L1_preset_mode_singleshot_ranging(
1298:Core/Src/vl53l1_api_preset_modes.c **** 
1299:Core/Src/vl53l1_api_preset_modes.c **** 	VL53L1_static_config_t    *pstatic,
1300:Core/Src/vl53l1_api_preset_modes.c **** 	VL53L1_general_config_t   *pgeneral,
1301:Core/Src/vl53l1_api_preset_modes.c **** 	VL53L1_timing_config_t    *ptiming,
1302:Core/Src/vl53l1_api_preset_modes.c **** 	VL53L1_dynamic_config_t   *pdynamic,
1303:Core/Src/vl53l1_api_preset_modes.c **** 	VL53L1_system_control_t   *psystem,
1304:Core/Src/vl53l1_api_preset_modes.c **** 	VL53L1_tuning_parm_storage_t *ptuning_parms)
1305:Core/Src/vl53l1_api_preset_modes.c **** {
 1586              		.loc 1 1305 1 is_stmt 1 view -0
 1587              		.cfi_startproc
 1588              		@ args = 8, pretend = 0, frame = 0
 1589              		@ frame_needed = 0, uses_anonymous_args = 0
 1590              		.loc 1 1305 1 is_stmt 0 view .LVU612
ARM GAS  C:\Users\Lenovo\AppData\Local\Temp\ccO2RBeu.s 			page 52


 1591 0000 F0B5     		push	{r4, r5, r6, r7, lr}
 1592              	.LCFI35:
 1593              		.cfi_def_cfa_offset 20
 1594              		.cfi_offset 4, -20
 1595              		.cfi_offset 5, -16
 1596              		.cfi_offset 6, -12
 1597              		.cfi_offset 7, -8
 1598              		.cfi_offset 14, -4
 1599 0002 83B0     		sub	sp, sp, #12
 1600              	.LCFI36:
 1601              		.cfi_def_cfa_offset 32
 1602 0004 1446     		mov	r4, r2
 1603 0006 1D46     		mov	r5, r3
 1604 0008 089F     		ldr	r7, [sp, #32]
 1605 000a 099E     		ldr	r6, [sp, #36]
1306:Core/Src/vl53l1_api_preset_modes.c **** 	/*
1307:Core/Src/vl53l1_api_preset_modes.c **** 	* Initializes static and dynamic data structures for device preset mode
1308:Core/Src/vl53l1_api_preset_modes.c **** 	* VL53L1_DEVICEPRESETMODE_TIMED_RANGING
1309:Core/Src/vl53l1_api_preset_modes.c **** 	*
1310:Core/Src/vl53l1_api_preset_modes.c **** 	*  - pseudo-solo
1311:Core/Src/vl53l1_api_preset_modes.c **** 	*  - single sigma delta
1312:Core/Src/vl53l1_api_preset_modes.c **** 	*  - timed
1313:Core/Src/vl53l1_api_preset_modes.c **** 	*
1314:Core/Src/vl53l1_api_preset_modes.c **** 	*  PLEASE NOTE THE SETTINGS BELOW AT PROVISIONAL AND WILL CHANGE!
1315:Core/Src/vl53l1_api_preset_modes.c **** 	*/
1316:Core/Src/vl53l1_api_preset_modes.c **** 
1317:Core/Src/vl53l1_api_preset_modes.c **** 	VL53L1_Error  status = VL53L1_ERROR_NONE;
 1606              		.loc 1 1317 2 is_stmt 1 view .LVU613
 1607              	.LVL64:
1318:Core/Src/vl53l1_api_preset_modes.c **** 
1319:Core/Src/vl53l1_api_preset_modes.c **** 	LOG_FUNCTION_START("");
 1608              		.loc 1 1319 24 view .LVU614
1320:Core/Src/vl53l1_api_preset_modes.c **** 
1321:Core/Src/vl53l1_api_preset_modes.c **** 	/* Call standard ranging configuration */
1322:Core/Src/vl53l1_api_preset_modes.c **** 
1323:Core/Src/vl53l1_api_preset_modes.c **** 	status = VL53L1_preset_mode_standard_ranging(
 1609              		.loc 1 1323 2 view .LVU615
 1610              		.loc 1 1323 11 is_stmt 0 view .LVU616
 1611 000c 0196     		str	r6, [sp, #4]
 1612 000e 0097     		str	r7, [sp]
 1613 0010 FFF7FEFF 		bl	VL53L1_preset_mode_standard_ranging
 1614              	.LVL65:
1324:Core/Src/vl53l1_api_preset_modes.c **** 		pstatic,
1325:Core/Src/vl53l1_api_preset_modes.c **** 		pgeneral,
1326:Core/Src/vl53l1_api_preset_modes.c **** 		ptiming,
1327:Core/Src/vl53l1_api_preset_modes.c **** 		pdynamic,
1328:Core/Src/vl53l1_api_preset_modes.c **** 		psystem,
1329:Core/Src/vl53l1_api_preset_modes.c **** 		ptuning_parms);
1330:Core/Src/vl53l1_api_preset_modes.c **** 
1331:Core/Src/vl53l1_api_preset_modes.c **** 	/* now override standard ranging specific registers */
1332:Core/Src/vl53l1_api_preset_modes.c **** 
1333:Core/Src/vl53l1_api_preset_modes.c **** 	if (status == VL53L1_ERROR_NONE) {
 1615              		.loc 1 1333 2 is_stmt 1 view .LVU617
 1616              		.loc 1 1333 5 is_stmt 0 view .LVU618
 1617 0014 58B9     		cbnz	r0, .L48
1334:Core/Src/vl53l1_api_preset_modes.c **** 
1335:Core/Src/vl53l1_api_preset_modes.c **** 		/* Dynamic Configuration */
ARM GAS  C:\Users\Lenovo\AppData\Local\Temp\ccO2RBeu.s 			page 53


1336:Core/Src/vl53l1_api_preset_modes.c **** 
1337:Core/Src/vl53l1_api_preset_modes.c **** 		/* Disable GPH  */
1338:Core/Src/vl53l1_api_preset_modes.c **** 		pdynamic->system__grouped_parameter_hold = 0x00;
 1618              		.loc 1 1338 3 is_stmt 1 view .LVU619
 1619              		.loc 1 1338 44 is_stmt 0 view .LVU620
 1620 0016 A874     		strb	r0, [r5, #18]
1339:Core/Src/vl53l1_api_preset_modes.c **** 
1340:Core/Src/vl53l1_api_preset_modes.c **** 		/* Timing Configuration */
1341:Core/Src/vl53l1_api_preset_modes.c **** 
1342:Core/Src/vl53l1_api_preset_modes.c **** 		/* Re-Configure timing budget default for 13ms */
1343:Core/Src/vl53l1_api_preset_modes.c **** 		ptiming->range_config__timeout_macrop_a_hi                = 0x00;
 1621              		.loc 1 1343 3 is_stmt 1 view .LVU621
 1622              		.loc 1 1343 61 is_stmt 0 view .LVU622
 1623 0018 2071     		strb	r0, [r4, #4]
1344:Core/Src/vl53l1_api_preset_modes.c **** 		ptiming->range_config__timeout_macrop_a_lo                = 0xB1;
 1624              		.loc 1 1344 3 is_stmt 1 view .LVU623
 1625              		.loc 1 1344 61 is_stmt 0 view .LVU624
 1626 001a B122     		movs	r2, #177
 1627 001c 6271     		strb	r2, [r4, #5]
1345:Core/Src/vl53l1_api_preset_modes.c **** 		/* Setup for 13ms default */
1346:Core/Src/vl53l1_api_preset_modes.c **** 		ptiming->range_config__timeout_macrop_b_hi                = 0x00;
 1628              		.loc 1 1346 3 is_stmt 1 view .LVU625
 1629              		.loc 1 1346 61 is_stmt 0 view .LVU626
 1630 001e E071     		strb	r0, [r4, #7]
1347:Core/Src/vl53l1_api_preset_modes.c **** 		ptiming->range_config__timeout_macrop_b_lo                = 0xD4;
 1631              		.loc 1 1347 3 is_stmt 1 view .LVU627
 1632              		.loc 1 1347 61 is_stmt 0 view .LVU628
 1633 0020 D423     		movs	r3, #212
 1634 0022 2372     		strb	r3, [r4, #8]
1348:Core/Src/vl53l1_api_preset_modes.c **** 
1349:Core/Src/vl53l1_api_preset_modes.c **** 		pdynamic->system__seed_config =
 1635              		.loc 1 1349 3 is_stmt 1 view .LVU629
1350:Core/Src/vl53l1_api_preset_modes.c **** 				ptuning_parms->tp_timed_seed_cfg;
 1636              		.loc 1 1350 18 is_stmt 0 view .LVU630
 1637 0024 96F82230 		ldrb	r3, [r6, #34]	@ zero_extendqisi2
1349:Core/Src/vl53l1_api_preset_modes.c **** 				ptuning_parms->tp_timed_seed_cfg;
 1638              		.loc 1 1349 33 view .LVU631
 1639 0028 EB71     		strb	r3, [r5, #7]
1351:Core/Src/vl53l1_api_preset_modes.c **** 
1352:Core/Src/vl53l1_api_preset_modes.c **** 		/* System control */
1353:Core/Src/vl53l1_api_preset_modes.c **** 
1354:Core/Src/vl53l1_api_preset_modes.c **** 		/* Configure Timed/Psuedo-solo mode */
1355:Core/Src/vl53l1_api_preset_modes.c **** 		psystem->system__mode_start = \
 1640              		.loc 1 1355 3 is_stmt 1 view .LVU632
 1641              		.loc 1 1355 31 is_stmt 0 view .LVU633
 1642 002a 1023     		movs	r3, #16
 1643 002c 3B71     		strb	r3, [r7, #4]
 1644              	.L48:
1356:Core/Src/vl53l1_api_preset_modes.c **** 				VL53L1_DEVICESCHEDULERMODE_PSEUDO_SOLO | \
1357:Core/Src/vl53l1_api_preset_modes.c **** 				VL53L1_DEVICEREADOUTMODE_SINGLE_SD     | \
1358:Core/Src/vl53l1_api_preset_modes.c **** 				VL53L1_DEVICEMEASUREMENTMODE_SINGLESHOT;
1359:Core/Src/vl53l1_api_preset_modes.c **** 	}
1360:Core/Src/vl53l1_api_preset_modes.c **** 
1361:Core/Src/vl53l1_api_preset_modes.c **** 	LOG_FUNCTION_END(status);
 1645              		.loc 1 1361 26 is_stmt 1 view .LVU634
1362:Core/Src/vl53l1_api_preset_modes.c **** 
1363:Core/Src/vl53l1_api_preset_modes.c **** 	return status;
ARM GAS  C:\Users\Lenovo\AppData\Local\Temp\ccO2RBeu.s 			page 54


 1646              		.loc 1 1363 2 view .LVU635
1364:Core/Src/vl53l1_api_preset_modes.c **** }
 1647              		.loc 1 1364 1 is_stmt 0 view .LVU636
 1648 002e 03B0     		add	sp, sp, #12
 1649              	.LCFI37:
 1650              		.cfi_def_cfa_offset 20
 1651              		@ sp needed
 1652 0030 F0BD     		pop	{r4, r5, r6, r7, pc}
 1653              		.loc 1 1364 1 view .LVU637
 1654              		.cfi_endproc
 1655              	.LFE19:
 1657              		.section	.text.VL53L1_preset_mode_olt,"ax",%progbits
 1658              		.align	1
 1659              		.global	VL53L1_preset_mode_olt
 1660              		.syntax unified
 1661              		.thumb
 1662              		.thumb_func
 1664              	VL53L1_preset_mode_olt:
 1665              	.LVL66:
 1666              	.LFB20:
1365:Core/Src/vl53l1_api_preset_modes.c **** 
1366:Core/Src/vl53l1_api_preset_modes.c **** 
1367:Core/Src/vl53l1_api_preset_modes.c **** VL53L1_Error VL53L1_preset_mode_olt(
1368:Core/Src/vl53l1_api_preset_modes.c **** 	VL53L1_static_config_t    *pstatic,
1369:Core/Src/vl53l1_api_preset_modes.c **** 	VL53L1_general_config_t   *pgeneral,
1370:Core/Src/vl53l1_api_preset_modes.c **** 	VL53L1_timing_config_t    *ptiming,
1371:Core/Src/vl53l1_api_preset_modes.c **** 	VL53L1_dynamic_config_t   *pdynamic,
1372:Core/Src/vl53l1_api_preset_modes.c **** 	VL53L1_system_control_t   *psystem,
1373:Core/Src/vl53l1_api_preset_modes.c **** 	VL53L1_tuning_parm_storage_t *ptuning_parms)
1374:Core/Src/vl53l1_api_preset_modes.c **** {
 1667              		.loc 1 1374 1 is_stmt 1 view -0
 1668              		.cfi_startproc
 1669              		@ args = 8, pretend = 0, frame = 0
 1670              		@ frame_needed = 0, uses_anonymous_args = 0
 1671              		.loc 1 1374 1 is_stmt 0 view .LVU639
 1672 0000 30B5     		push	{r4, r5, lr}
 1673              	.LCFI38:
 1674              		.cfi_def_cfa_offset 12
 1675              		.cfi_offset 4, -12
 1676              		.cfi_offset 5, -8
 1677              		.cfi_offset 14, -4
 1678 0002 83B0     		sub	sp, sp, #12
 1679              	.LCFI39:
 1680              		.cfi_def_cfa_offset 24
 1681 0004 069C     		ldr	r4, [sp, #24]
1375:Core/Src/vl53l1_api_preset_modes.c **** 	/**
1376:Core/Src/vl53l1_api_preset_modes.c **** 	 * Initializes static and dynamic data structures for device preset mode
1377:Core/Src/vl53l1_api_preset_modes.c **** 	 * VL53L1_DEVICEPRESETMODE_OLT
1378:Core/Src/vl53l1_api_preset_modes.c **** 	 *
1379:Core/Src/vl53l1_api_preset_modes.c **** 	 *  PLEASE NOTE THE SETTINGS BELOW AT PROVISIONAL AND WILL CHANGE!
1380:Core/Src/vl53l1_api_preset_modes.c **** 	 */
1381:Core/Src/vl53l1_api_preset_modes.c **** 
1382:Core/Src/vl53l1_api_preset_modes.c **** 	VL53L1_Error  status = VL53L1_ERROR_NONE;
 1682              		.loc 1 1382 2 is_stmt 1 view .LVU640
 1683              	.LVL67:
1383:Core/Src/vl53l1_api_preset_modes.c **** 
1384:Core/Src/vl53l1_api_preset_modes.c **** 	LOG_FUNCTION_START("");
ARM GAS  C:\Users\Lenovo\AppData\Local\Temp\ccO2RBeu.s 			page 55


 1684              		.loc 1 1384 24 view .LVU641
1385:Core/Src/vl53l1_api_preset_modes.c **** 
1386:Core/Src/vl53l1_api_preset_modes.c **** 	/* Call standard ranging configuration */
1387:Core/Src/vl53l1_api_preset_modes.c **** 
1388:Core/Src/vl53l1_api_preset_modes.c **** 	status = VL53L1_preset_mode_standard_ranging(
 1685              		.loc 1 1388 2 view .LVU642
 1686              		.loc 1 1388 11 is_stmt 0 view .LVU643
 1687 0006 079D     		ldr	r5, [sp, #28]
 1688 0008 0195     		str	r5, [sp, #4]
 1689 000a 0094     		str	r4, [sp]
 1690 000c FFF7FEFF 		bl	VL53L1_preset_mode_standard_ranging
 1691              	.LVL68:
1389:Core/Src/vl53l1_api_preset_modes.c **** 					pstatic,
1390:Core/Src/vl53l1_api_preset_modes.c **** 					pgeneral,
1391:Core/Src/vl53l1_api_preset_modes.c **** 					ptiming,
1392:Core/Src/vl53l1_api_preset_modes.c **** 					pdynamic,
1393:Core/Src/vl53l1_api_preset_modes.c **** 					psystem,
1394:Core/Src/vl53l1_api_preset_modes.c **** 					ptuning_parms);
1395:Core/Src/vl53l1_api_preset_modes.c **** 
1396:Core/Src/vl53l1_api_preset_modes.c **** 	/* now override OLT specific registers */
1397:Core/Src/vl53l1_api_preset_modes.c **** 
1398:Core/Src/vl53l1_api_preset_modes.c **** 	if (status == VL53L1_ERROR_NONE) {
 1692              		.loc 1 1398 2 is_stmt 1 view .LVU644
 1693              		.loc 1 1398 5 is_stmt 0 view .LVU645
 1694 0010 08B9     		cbnz	r0, .L51
1399:Core/Src/vl53l1_api_preset_modes.c **** 
1400:Core/Src/vl53l1_api_preset_modes.c **** 		/* Disables requirement for host handshake */
1401:Core/Src/vl53l1_api_preset_modes.c **** 		psystem->system__stream_count_ctrl  = 0x01;
 1695              		.loc 1 1401 3 is_stmt 1 view .LVU646
 1696              		.loc 1 1401 39 is_stmt 0 view .LVU647
 1697 0012 0123     		movs	r3, #1
 1698 0014 6370     		strb	r3, [r4, #1]
 1699              	.L51:
1402:Core/Src/vl53l1_api_preset_modes.c **** 	}
1403:Core/Src/vl53l1_api_preset_modes.c **** 
1404:Core/Src/vl53l1_api_preset_modes.c **** 	LOG_FUNCTION_END(status);
 1700              		.loc 1 1404 26 is_stmt 1 view .LVU648
1405:Core/Src/vl53l1_api_preset_modes.c **** 
1406:Core/Src/vl53l1_api_preset_modes.c **** 	return status;
 1701              		.loc 1 1406 2 view .LVU649
1407:Core/Src/vl53l1_api_preset_modes.c **** }
 1702              		.loc 1 1407 1 is_stmt 0 view .LVU650
 1703 0016 03B0     		add	sp, sp, #12
 1704              	.LCFI40:
 1705              		.cfi_def_cfa_offset 12
 1706              		@ sp needed
 1707 0018 30BD     		pop	{r4, r5, pc}
 1708              		.loc 1 1407 1 view .LVU651
 1709              		.cfi_endproc
 1710              	.LFE20:
 1712              		.text
 1713              	.Letext0:
 1714              		.file 2 "c:\\program files (x86)\\gnu arm embedded toolchain\\10 2021.10\\arm-none-eabi\\include\\
 1715              		.file 3 "c:\\program files (x86)\\gnu arm embedded toolchain\\10 2021.10\\arm-none-eabi\\include\\
 1716              		.file 4 "Core/Inc/vl53l1_ll_device.h"
 1717              		.file 5 "Core/Inc/vl53l1_error_codes.h"
 1718              		.file 6 "Core/Inc/vl53l1_register_structs.h"
ARM GAS  C:\Users\Lenovo\AppData\Local\Temp\ccO2RBeu.s 			page 56


 1719              		.file 7 "Core/Inc/vl53l1_ll_def.h"
 1720              		.file 8 "Core/Inc/vl53l1_core.h"
ARM GAS  C:\Users\Lenovo\AppData\Local\Temp\ccO2RBeu.s 			page 57


DEFINED SYMBOLS
                            *ABS*:00000000 vl53l1_api_preset_modes.c
C:\Users\Lenovo\AppData\Local\Temp\ccO2RBeu.s:20     .text.VL53L1_init_refspadchar_config_struct:00000000 $t
C:\Users\Lenovo\AppData\Local\Temp\ccO2RBeu.s:26     .text.VL53L1_init_refspadchar_config_struct:00000000 VL53L1_init_refspadchar_config_struct
C:\Users\Lenovo\AppData\Local\Temp\ccO2RBeu.s:72     .text.VL53L1_init_ssc_config_struct:00000000 $t
C:\Users\Lenovo\AppData\Local\Temp\ccO2RBeu.s:78     .text.VL53L1_init_ssc_config_struct:00000000 VL53L1_init_ssc_config_struct
C:\Users\Lenovo\AppData\Local\Temp\ccO2RBeu.s:125    .text.VL53L1_init_xtalk_config_struct:00000000 $t
C:\Users\Lenovo\AppData\Local\Temp\ccO2RBeu.s:131    .text.VL53L1_init_xtalk_config_struct:00000000 VL53L1_init_xtalk_config_struct
C:\Users\Lenovo\AppData\Local\Temp\ccO2RBeu.s:239    .text.VL53L1_init_offset_cal_config_struct:00000000 $t
C:\Users\Lenovo\AppData\Local\Temp\ccO2RBeu.s:245    .text.VL53L1_init_offset_cal_config_struct:00000000 VL53L1_init_offset_cal_config_struct
C:\Users\Lenovo\AppData\Local\Temp\ccO2RBeu.s:293    .text.VL53L1_init_tuning_parm_storage_struct:00000000 $t
C:\Users\Lenovo\AppData\Local\Temp\ccO2RBeu.s:299    .text.VL53L1_init_tuning_parm_storage_struct:00000000 VL53L1_init_tuning_parm_storage_struct
C:\Users\Lenovo\AppData\Local\Temp\ccO2RBeu.s:452    .text.VL53L1_preset_mode_standard_ranging:00000000 $t
C:\Users\Lenovo\AppData\Local\Temp\ccO2RBeu.s:458    .text.VL53L1_preset_mode_standard_ranging:00000000 VL53L1_preset_mode_standard_ranging
C:\Users\Lenovo\AppData\Local\Temp\ccO2RBeu.s:799    .text.VL53L1_preset_mode_standard_ranging_short_range:00000000 $t
C:\Users\Lenovo\AppData\Local\Temp\ccO2RBeu.s:805    .text.VL53L1_preset_mode_standard_ranging_short_range:00000000 VL53L1_preset_mode_standard_ranging_short_range
C:\Users\Lenovo\AppData\Local\Temp\ccO2RBeu.s:896    .text.VL53L1_preset_mode_standard_ranging_long_range:00000000 $t
C:\Users\Lenovo\AppData\Local\Temp\ccO2RBeu.s:902    .text.VL53L1_preset_mode_standard_ranging_long_range:00000000 VL53L1_preset_mode_standard_ranging_long_range
C:\Users\Lenovo\AppData\Local\Temp\ccO2RBeu.s:993    .text.VL53L1_preset_mode_standard_ranging_mm1_cal:00000000 $t
C:\Users\Lenovo\AppData\Local\Temp\ccO2RBeu.s:999    .text.VL53L1_preset_mode_standard_ranging_mm1_cal:00000000 VL53L1_preset_mode_standard_ranging_mm1_cal
C:\Users\Lenovo\AppData\Local\Temp\ccO2RBeu.s:1055   .text.VL53L1_preset_mode_standard_ranging_mm2_cal:00000000 $t
C:\Users\Lenovo\AppData\Local\Temp\ccO2RBeu.s:1061   .text.VL53L1_preset_mode_standard_ranging_mm2_cal:00000000 VL53L1_preset_mode_standard_ranging_mm2_cal
C:\Users\Lenovo\AppData\Local\Temp\ccO2RBeu.s:1117   .text.VL53L1_preset_mode_timed_ranging:00000000 $t
C:\Users\Lenovo\AppData\Local\Temp\ccO2RBeu.s:1123   .text.VL53L1_preset_mode_timed_ranging:00000000 VL53L1_preset_mode_timed_ranging
C:\Users\Lenovo\AppData\Local\Temp\ccO2RBeu.s:1202   .text.VL53L1_preset_mode_timed_ranging_short_range:00000000 $t
C:\Users\Lenovo\AppData\Local\Temp\ccO2RBeu.s:1208   .text.VL53L1_preset_mode_timed_ranging_short_range:00000000 VL53L1_preset_mode_timed_ranging_short_range
C:\Users\Lenovo\AppData\Local\Temp\ccO2RBeu.s:1288   .text.VL53L1_preset_mode_timed_ranging_long_range:00000000 $t
C:\Users\Lenovo\AppData\Local\Temp\ccO2RBeu.s:1294   .text.VL53L1_preset_mode_timed_ranging_long_range:00000000 VL53L1_preset_mode_timed_ranging_long_range
C:\Users\Lenovo\AppData\Local\Temp\ccO2RBeu.s:1373   .text.VL53L1_preset_mode_low_power_auto_ranging:00000000 $t
C:\Users\Lenovo\AppData\Local\Temp\ccO2RBeu.s:1379   .text.VL53L1_preset_mode_low_power_auto_ranging:00000000 VL53L1_preset_mode_low_power_auto_ranging
C:\Users\Lenovo\AppData\Local\Temp\ccO2RBeu.s:1441   .text.VL53L1_preset_mode_low_power_auto_short_ranging:00000000 $t
C:\Users\Lenovo\AppData\Local\Temp\ccO2RBeu.s:1447   .text.VL53L1_preset_mode_low_power_auto_short_ranging:00000000 VL53L1_preset_mode_low_power_auto_short_ranging
C:\Users\Lenovo\AppData\Local\Temp\ccO2RBeu.s:1509   .text.VL53L1_preset_mode_low_power_auto_long_ranging:00000000 $t
C:\Users\Lenovo\AppData\Local\Temp\ccO2RBeu.s:1515   .text.VL53L1_preset_mode_low_power_auto_long_ranging:00000000 VL53L1_preset_mode_low_power_auto_long_ranging
C:\Users\Lenovo\AppData\Local\Temp\ccO2RBeu.s:1577   .text.VL53L1_preset_mode_singleshot_ranging:00000000 $t
C:\Users\Lenovo\AppData\Local\Temp\ccO2RBeu.s:1583   .text.VL53L1_preset_mode_singleshot_ranging:00000000 VL53L1_preset_mode_singleshot_ranging
C:\Users\Lenovo\AppData\Local\Temp\ccO2RBeu.s:1658   .text.VL53L1_preset_mode_olt:00000000 $t
C:\Users\Lenovo\AppData\Local\Temp\ccO2RBeu.s:1664   .text.VL53L1_preset_mode_olt:00000000 VL53L1_preset_mode_olt

UNDEFINED SYMBOLS
VL53L1_calc_range_ignore_threshold
VL53L1_config_low_power_auto_mode
