ARM GAS  C:\Users\Lenovo\AppData\Local\Temp\ccE9MZbZ.s 			page 1


   1              		.cpu cortex-m4
   2              		.arch armv7e-m
   3              		.fpu fpv4-sp-d16
   4              		.eabi_attribute 27, 1
   5              		.eabi_attribute 28, 1
   6              		.eabi_attribute 20, 1
   7              		.eabi_attribute 21, 1
   8              		.eabi_attribute 23, 3
   9              		.eabi_attribute 24, 1
  10              		.eabi_attribute 25, 1
  11              		.eabi_attribute 26, 1
  12              		.eabi_attribute 30, 1
  13              		.eabi_attribute 34, 1
  14              		.eabi_attribute 18, 4
  15              		.file	"vl53l1_api.c"
  16              		.text
  17              	.Ltext0:
  18              		.cfi_sections	.debug_frame
  19              		.section	.text.CheckValidRectRoi,"ax",%progbits
  20              		.align	1
  21              		.syntax unified
  22              		.thumb
  23              		.thumb_func
  25              	CheckValidRectRoi:
  26              	.LFB8:
  27              		.file 1 "Core/Src/vl53l1_api.c"
   1:Core/Src/vl53l1_api.c **** 
   2:Core/Src/vl53l1_api.c **** // SPDX-License-Identifier: GPL-2.0+ OR BSD-3-Clause
   3:Core/Src/vl53l1_api.c **** /******************************************************************************
   4:Core/Src/vl53l1_api.c ****  * Copyright (c) 2020, STMicroelectronics - All Rights Reserved
   5:Core/Src/vl53l1_api.c **** 
   6:Core/Src/vl53l1_api.c ****  This file is part of VL53L1 and is dual licensed,
   7:Core/Src/vl53l1_api.c ****  either GPL-2.0+
   8:Core/Src/vl53l1_api.c ****  or 'BSD 3-clause "New" or "Revised" License' , at your option.
   9:Core/Src/vl53l1_api.c ****  ******************************************************************************
  10:Core/Src/vl53l1_api.c ****  */
  11:Core/Src/vl53l1_api.c **** 
  12:Core/Src/vl53l1_api.c **** #include "vl53l1_api.h"
  13:Core/Src/vl53l1_api.c **** #include "vl53l1_api_strings.h"
  14:Core/Src/vl53l1_api.c **** #include "vl53l1_register_settings.h"
  15:Core/Src/vl53l1_api.c **** #include "vl53l1_register_funcs.h"
  16:Core/Src/vl53l1_api.c **** #include "vl53l1_core.h"
  17:Core/Src/vl53l1_api.c **** #include "vl53l1_api_calibration.h"
  18:Core/Src/vl53l1_api.c **** #include "vl53l1_wait.h"
  19:Core/Src/vl53l1_api.c **** #include "vl53l1_preset_setup.h"
  20:Core/Src/vl53l1_api.c **** #include "vl53l1_api_debug.h"
  21:Core/Src/vl53l1_api.c **** #include "vl53l1_api_core.h"
  22:Core/Src/vl53l1_api.c **** 
  23:Core/Src/vl53l1_api.c **** /* Check for minimum user zone requested by Xtalk calibration */
  24:Core/Src/vl53l1_api.c **** /* no need for VL53L1_MAX_USER_ZONES check, set 5 to pass the test */
  25:Core/Src/vl53l1_api.c **** #define ZONE_CHECK 5
  26:Core/Src/vl53l1_api.c **** 
  27:Core/Src/vl53l1_api.c **** #if ZONE_CHECK < 5
  28:Core/Src/vl53l1_api.c **** #error Must define at least 5 zones in MAX_USER_ZONES constant
  29:Core/Src/vl53l1_api.c **** #endif
  30:Core/Src/vl53l1_api.c **** 
  31:Core/Src/vl53l1_api.c **** #define LOG_FUNCTION_START(fmt, ...) \
ARM GAS  C:\Users\Lenovo\AppData\Local\Temp\ccE9MZbZ.s 			page 2


  32:Core/Src/vl53l1_api.c **** 	_LOG_FUNCTION_START(VL53L1_TRACE_MODULE_API, fmt, ##__VA_ARGS__)
  33:Core/Src/vl53l1_api.c **** #define LOG_FUNCTION_END(status, ...) \
  34:Core/Src/vl53l1_api.c **** 	_LOG_FUNCTION_END(VL53L1_TRACE_MODULE_API, status, ##__VA_ARGS__)
  35:Core/Src/vl53l1_api.c **** #define LOG_FUNCTION_END_FMT(status, fmt, ...) \
  36:Core/Src/vl53l1_api.c **** 	_LOG_FUNCTION_END_FMT(VL53L1_TRACE_MODULE_API, status, \
  37:Core/Src/vl53l1_api.c **** 			fmt, ##__VA_ARGS__)
  38:Core/Src/vl53l1_api.c **** 
  39:Core/Src/vl53l1_api.c **** #ifdef VL53L1_LOG_ENABLE
  40:Core/Src/vl53l1_api.c **** #define trace_print(level, ...) trace_print_module_function(\
  41:Core/Src/vl53l1_api.c **** 		VL53L1_TRACE_MODULE_API, level, VL53L1_TRACE_FUNCTION_NONE, \
  42:Core/Src/vl53l1_api.c **** 		##__VA_ARGS__)
  43:Core/Src/vl53l1_api.c **** #endif
  44:Core/Src/vl53l1_api.c **** 
  45:Core/Src/vl53l1_api.c **** #ifndef MIN
  46:Core/Src/vl53l1_api.c **** #define MIN(v1, v2) ((v1) < (v2) ? (v1) : (v2))
  47:Core/Src/vl53l1_api.c **** #endif
  48:Core/Src/vl53l1_api.c **** #ifndef MAX
  49:Core/Src/vl53l1_api.c **** #define MAX(v1, v2) ((v1) < (v2) ? (v2) : (v1))
  50:Core/Src/vl53l1_api.c **** #endif
  51:Core/Src/vl53l1_api.c **** 
  52:Core/Src/vl53l1_api.c **** #define DMAX_REFLECTANCE_IDX 2
  53:Core/Src/vl53l1_api.c **** /* Use Dmax index 2 because it's the 50% reflectance case by default */
  54:Core/Src/vl53l1_api.c **** 
  55:Core/Src/vl53l1_api.c **** /* Following LOWPOWER_AUTO figures have been measured observing vcsel
  56:Core/Src/vl53l1_api.c ****  * emissions on an actual device
  57:Core/Src/vl53l1_api.c ****  */
  58:Core/Src/vl53l1_api.c **** #define LOWPOWER_AUTO_VHV_LOOP_DURATION_US 245
  59:Core/Src/vl53l1_api.c **** #define LOWPOWER_AUTO_OVERHEAD_BEFORE_A_RANGING 1448
  60:Core/Src/vl53l1_api.c **** #define LOWPOWER_AUTO_OVERHEAD_BETWEEN_A_B_RANGING 2100
  61:Core/Src/vl53l1_api.c **** 
  62:Core/Src/vl53l1_api.c **** #define FDA_MAX_TIMING_BUDGET_US 550000
  63:Core/Src/vl53l1_api.c **** /* Maximum timing budget allowed codex #456189*/
  64:Core/Src/vl53l1_api.c **** 
  65:Core/Src/vl53l1_api.c **** 
  66:Core/Src/vl53l1_api.c **** /* local static utilities functions */
  67:Core/Src/vl53l1_api.c **** 
  68:Core/Src/vl53l1_api.c **** /* Bare Driver Tuning parameter table indexed with VL53L1_Tuning_t */
  69:Core/Src/vl53l1_api.c **** static int32_t BDTable[VL53L1_TUNING_MAX_TUNABLE_KEY] = {
  70:Core/Src/vl53l1_api.c **** 		TUNING_VERSION,
  71:Core/Src/vl53l1_api.c **** 		TUNING_PROXY_MIN,
  72:Core/Src/vl53l1_api.c **** 		TUNING_SINGLE_TARGET_XTALK_TARGET_DISTANCE_MM,
  73:Core/Src/vl53l1_api.c **** 		TUNING_SINGLE_TARGET_XTALK_SAMPLE_NUMBER,
  74:Core/Src/vl53l1_api.c **** 		TUNING_MIN_AMBIENT_DMAX_VALID,
  75:Core/Src/vl53l1_api.c **** 		TUNING_MAX_SIMPLE_OFFSET_CALIBRATION_SAMPLE_NUMBER,
  76:Core/Src/vl53l1_api.c **** 		TUNING_XTALK_FULL_ROI_TARGET_DISTANCE_MM,
  77:Core/Src/vl53l1_api.c **** 		TUNING_SIMPLE_OFFSET_CALIBRATION_REPEAT,
  78:Core/Src/vl53l1_api.c **** 		TUNING_XTALK_FULL_ROI_BIN_SUM_MARGIN,
  79:Core/Src/vl53l1_api.c **** 		TUNING_XTALK_FULL_ROI_DEFAULT_OFFSET,
  80:Core/Src/vl53l1_api.c **** 		TUNING_ZERO_DISTANCE_OFFSET_NON_LINEAR_FACTOR_DEFAULT,
  81:Core/Src/vl53l1_api.c **** 		TUNING_PHASECAL_PATCH_POWER
  82:Core/Src/vl53l1_api.c **** };
  83:Core/Src/vl53l1_api.c **** 
  84:Core/Src/vl53l1_api.c **** 
  85:Core/Src/vl53l1_api.c ****  static VL53L1_Error VL53L1_LoadPatch(VL53L1_DEV Dev);
  86:Core/Src/vl53l1_api.c ****  static VL53L1_Error VL53L1_UnloadPatch(VL53L1_DEV Dev);
  87:Core/Src/vl53l1_api.c **** 
  88:Core/Src/vl53l1_api.c **** #define VL53L1_NVM_POWER_UP_DELAY_US             50
ARM GAS  C:\Users\Lenovo\AppData\Local\Temp\ccE9MZbZ.s 			page 3


  89:Core/Src/vl53l1_api.c **** #define VL53L1_NVM_READ_TRIGGER_DELAY_US          5
  90:Core/Src/vl53l1_api.c **** 
  91:Core/Src/vl53l1_api.c **** static VL53L1_Error VL53L1_nvm_enable(
  92:Core/Src/vl53l1_api.c **** 	VL53L1_DEV      Dev,
  93:Core/Src/vl53l1_api.c **** 	uint16_t        nvm_ctrl_pulse_width,
  94:Core/Src/vl53l1_api.c **** 	int32_t         nvm_power_up_delay_us)
  95:Core/Src/vl53l1_api.c **** {
  96:Core/Src/vl53l1_api.c **** 	/*
  97:Core/Src/vl53l1_api.c **** 	 * Sequence below enables NVM for reading
  98:Core/Src/vl53l1_api.c **** 	 *
  99:Core/Src/vl53l1_api.c **** 	 *  - Enable power force
 100:Core/Src/vl53l1_api.c **** 	 *  - Disable firmware
 101:Core/Src/vl53l1_api.c **** 	 *  - Power up NVM
 102:Core/Src/vl53l1_api.c **** 	 *  - Wait for 50us while the NVM powers up
 103:Core/Src/vl53l1_api.c **** 	 *  - Configure for reading and set the pulse width (16-bit)
 104:Core/Src/vl53l1_api.c **** 	 */
 105:Core/Src/vl53l1_api.c **** 
 106:Core/Src/vl53l1_api.c **** 	VL53L1_Error status = VL53L1_ERROR_NONE;
 107:Core/Src/vl53l1_api.c **** 
 108:Core/Src/vl53l1_api.c **** 	LOG_FUNCTION_START("");
 109:Core/Src/vl53l1_api.c **** 
 110:Core/Src/vl53l1_api.c **** 
 111:Core/Src/vl53l1_api.c **** 	/* Disable Firmware */
 112:Core/Src/vl53l1_api.c **** 
 113:Core/Src/vl53l1_api.c **** 	if (status == VL53L1_ERROR_NONE) /*lint !e774 always true*/
 114:Core/Src/vl53l1_api.c **** 		status = VL53L1_disable_firmware(Dev);
 115:Core/Src/vl53l1_api.c **** 
 116:Core/Src/vl53l1_api.c **** 
 117:Core/Src/vl53l1_api.c **** 	/* Enable Power Force  */
 118:Core/Src/vl53l1_api.c **** 
 119:Core/Src/vl53l1_api.c **** 	if (status == VL53L1_ERROR_NONE)
 120:Core/Src/vl53l1_api.c **** 		status = VL53L1_enable_powerforce(Dev);
 121:Core/Src/vl53l1_api.c **** 
 122:Core/Src/vl53l1_api.c **** 	/* Wait the required time for the regulators, bandgap,
 123:Core/Src/vl53l1_api.c **** 	 * oscillator to wake up and settle
 124:Core/Src/vl53l1_api.c **** 	 */
 125:Core/Src/vl53l1_api.c **** 
 126:Core/Src/vl53l1_api.c **** 	if (status == VL53L1_ERROR_NONE)
 127:Core/Src/vl53l1_api.c **** 		status = VL53L1_WaitUs(Dev,
 128:Core/Src/vl53l1_api.c **** 				VL53L1_ENABLE_POWERFORCE_SETTLING_TIME_US);
 129:Core/Src/vl53l1_api.c **** 
 130:Core/Src/vl53l1_api.c **** 	/*  Power up NVM */
 131:Core/Src/vl53l1_api.c **** 
 132:Core/Src/vl53l1_api.c **** 	if (status == VL53L1_ERROR_NONE)
 133:Core/Src/vl53l1_api.c **** 		status = VL53L1_WrByte(Dev, VL53L1_RANGING_CORE__NVM_CTRL__PDN,
 134:Core/Src/vl53l1_api.c **** 				0x01);
 135:Core/Src/vl53l1_api.c **** 
 136:Core/Src/vl53l1_api.c **** 	/* Enable NVM Clock */
 137:Core/Src/vl53l1_api.c **** 
 138:Core/Src/vl53l1_api.c **** 	if (status == VL53L1_ERROR_NONE)
 139:Core/Src/vl53l1_api.c **** 		status = VL53L1_WrByte(Dev, VL53L1_RANGING_CORE__CLK_CTRL1,
 140:Core/Src/vl53l1_api.c **** 				0x05);
 141:Core/Src/vl53l1_api.c **** 
 142:Core/Src/vl53l1_api.c **** 	/* Wait the required time for NVM to power up*/
 143:Core/Src/vl53l1_api.c **** 
 144:Core/Src/vl53l1_api.c **** 	if (status == VL53L1_ERROR_NONE)
 145:Core/Src/vl53l1_api.c **** 		status = VL53L1_WaitUs(Dev, nvm_power_up_delay_us);
ARM GAS  C:\Users\Lenovo\AppData\Local\Temp\ccE9MZbZ.s 			page 4


 146:Core/Src/vl53l1_api.c **** 
 147:Core/Src/vl53l1_api.c **** 	/* Select read mode and set control pulse width */
 148:Core/Src/vl53l1_api.c **** 
 149:Core/Src/vl53l1_api.c **** 	if (status == VL53L1_ERROR_NONE)
 150:Core/Src/vl53l1_api.c **** 		status = VL53L1_WrByte(Dev, VL53L1_RANGING_CORE__NVM_CTRL__MODE,
 151:Core/Src/vl53l1_api.c **** 				0x01);
 152:Core/Src/vl53l1_api.c **** 
 153:Core/Src/vl53l1_api.c **** 	if (status == VL53L1_ERROR_NONE)
 154:Core/Src/vl53l1_api.c **** 		status = VL53L1_WrWord(Dev,
 155:Core/Src/vl53l1_api.c **** 				VL53L1_RANGING_CORE__NVM_CTRL__PULSE_WIDTH_MSB,
 156:Core/Src/vl53l1_api.c **** 				nvm_ctrl_pulse_width);
 157:Core/Src/vl53l1_api.c **** 
 158:Core/Src/vl53l1_api.c **** 	LOG_FUNCTION_END(status);
 159:Core/Src/vl53l1_api.c **** 
 160:Core/Src/vl53l1_api.c **** 	return status;
 161:Core/Src/vl53l1_api.c **** 
 162:Core/Src/vl53l1_api.c **** }
 163:Core/Src/vl53l1_api.c **** 
 164:Core/Src/vl53l1_api.c **** 
 165:Core/Src/vl53l1_api.c **** static VL53L1_Error VL53L1_nvm_read(
 166:Core/Src/vl53l1_api.c **** 	VL53L1_DEV    Dev,
 167:Core/Src/vl53l1_api.c **** 	uint8_t       start_address,
 168:Core/Src/vl53l1_api.c **** 	uint8_t       count,
 169:Core/Src/vl53l1_api.c **** 	uint8_t      *pdata)
 170:Core/Src/vl53l1_api.c **** {
 171:Core/Src/vl53l1_api.c **** 	/*
 172:Core/Src/vl53l1_api.c **** 	 * Sequence per 32-bit NVM read access:
 173:Core/Src/vl53l1_api.c **** 	 *
 174:Core/Src/vl53l1_api.c **** 	 * - Set up the 5-bit (0-127) NVM Address
 175:Core/Src/vl53l1_api.c **** 	 * - Trigger the read of the NVM data by toggling NVM_CTRL__READN
 176:Core/Src/vl53l1_api.c **** 	 * - Read the NVM data - 4 bytes wide read/write interface
 177:Core/Src/vl53l1_api.c **** 	 * - Increment data byte pointer by 4 ready for the next loop
 178:Core/Src/vl53l1_api.c **** 	 */
 179:Core/Src/vl53l1_api.c **** 
 180:Core/Src/vl53l1_api.c **** 	VL53L1_Error status   = VL53L1_ERROR_NONE;
 181:Core/Src/vl53l1_api.c **** 	uint8_t nvm_addr = 0;
 182:Core/Src/vl53l1_api.c **** 	uint8_t start = start_address;
 183:Core/Src/vl53l1_api.c **** 	uint8_t end   = start_address + count;
 184:Core/Src/vl53l1_api.c **** 
 185:Core/Src/vl53l1_api.c **** 	LOG_FUNCTION_START("");
 186:Core/Src/vl53l1_api.c **** 
 187:Core/Src/vl53l1_api.c **** 	for (nvm_addr = start; nvm_addr < end; nvm_addr++) {
 188:Core/Src/vl53l1_api.c **** 
 189:Core/Src/vl53l1_api.c **** 		/* Step 1 : set address */
 190:Core/Src/vl53l1_api.c **** 
 191:Core/Src/vl53l1_api.c **** 		if (status == VL53L1_ERROR_NONE)
 192:Core/Src/vl53l1_api.c **** 			status = VL53L1_WrByte(Dev,
 193:Core/Src/vl53l1_api.c **** 					VL53L1_RANGING_CORE__NVM_CTRL__ADDR,
 194:Core/Src/vl53l1_api.c **** 					nvm_addr);
 195:Core/Src/vl53l1_api.c **** 
 196:Core/Src/vl53l1_api.c **** 		/* Step 2 : trigger reading of data */
 197:Core/Src/vl53l1_api.c **** 
 198:Core/Src/vl53l1_api.c **** 		if (status == VL53L1_ERROR_NONE)
 199:Core/Src/vl53l1_api.c **** 			status = VL53L1_WrByte(Dev,
 200:Core/Src/vl53l1_api.c **** 					VL53L1_RANGING_CORE__NVM_CTRL__READN,
 201:Core/Src/vl53l1_api.c **** 					0x00);
 202:Core/Src/vl53l1_api.c **** 
ARM GAS  C:\Users\Lenovo\AppData\Local\Temp\ccE9MZbZ.s 			page 5


 203:Core/Src/vl53l1_api.c **** 		/* Step 3 : wait the required time */
 204:Core/Src/vl53l1_api.c **** 
 205:Core/Src/vl53l1_api.c **** 		if (status == VL53L1_ERROR_NONE)
 206:Core/Src/vl53l1_api.c **** 			status = VL53L1_WaitUs(Dev,
 207:Core/Src/vl53l1_api.c **** 					VL53L1_NVM_READ_TRIGGER_DELAY_US);
 208:Core/Src/vl53l1_api.c **** 
 209:Core/Src/vl53l1_api.c **** 		if (status == VL53L1_ERROR_NONE)
 210:Core/Src/vl53l1_api.c **** 			status = VL53L1_WrByte(Dev,
 211:Core/Src/vl53l1_api.c **** 					VL53L1_RANGING_CORE__NVM_CTRL__READN,
 212:Core/Src/vl53l1_api.c **** 					0x01);
 213:Core/Src/vl53l1_api.c **** 
 214:Core/Src/vl53l1_api.c **** 		/* Step 3 : read 4-byte wide data register */
 215:Core/Src/vl53l1_api.c **** 		if (status == VL53L1_ERROR_NONE)
 216:Core/Src/vl53l1_api.c **** 			status = VL53L1_ReadMulti(Dev,
 217:Core/Src/vl53l1_api.c **** 				VL53L1_RANGING_CORE__NVM_CTRL__DATAOUT_MMM,
 218:Core/Src/vl53l1_api.c **** 				pdata, 4);
 219:Core/Src/vl53l1_api.c **** 
 220:Core/Src/vl53l1_api.c **** 		/* Step 4 : increment byte buffer pointer */
 221:Core/Src/vl53l1_api.c **** 		pdata = pdata + 4;
 222:Core/Src/vl53l1_api.c **** 
 223:Core/Src/vl53l1_api.c **** 	}
 224:Core/Src/vl53l1_api.c **** 
 225:Core/Src/vl53l1_api.c **** 	LOG_FUNCTION_END(status);
 226:Core/Src/vl53l1_api.c **** 
 227:Core/Src/vl53l1_api.c **** 	return status;
 228:Core/Src/vl53l1_api.c **** }
 229:Core/Src/vl53l1_api.c **** 
 230:Core/Src/vl53l1_api.c **** static VL53L1_Error VL53L1_nvm_disable(
 231:Core/Src/vl53l1_api.c **** 	VL53L1_DEV    Dev)
 232:Core/Src/vl53l1_api.c **** {
 233:Core/Src/vl53l1_api.c **** 	/*
 234:Core/Src/vl53l1_api.c **** 	 * Power down NVM (OTP) to extend lifetime
 235:Core/Src/vl53l1_api.c **** 	 */
 236:Core/Src/vl53l1_api.c **** 
 237:Core/Src/vl53l1_api.c **** 	VL53L1_Error status = VL53L1_ERROR_NONE;
 238:Core/Src/vl53l1_api.c **** 
 239:Core/Src/vl53l1_api.c **** 	LOG_FUNCTION_START("");
 240:Core/Src/vl53l1_api.c **** 
 241:Core/Src/vl53l1_api.c **** 	if (status == VL53L1_ERROR_NONE) /*lint !e774 always true*/
 242:Core/Src/vl53l1_api.c **** 		status = VL53L1_WrByte(
 243:Core/Src/vl53l1_api.c **** 					Dev,
 244:Core/Src/vl53l1_api.c **** 					VL53L1_RANGING_CORE__NVM_CTRL__READN,
 245:Core/Src/vl53l1_api.c **** 					0x01);
 246:Core/Src/vl53l1_api.c **** 
 247:Core/Src/vl53l1_api.c **** 	/* Power down NVM */
 248:Core/Src/vl53l1_api.c **** 
 249:Core/Src/vl53l1_api.c **** 	if (status == VL53L1_ERROR_NONE)
 250:Core/Src/vl53l1_api.c **** 		status = VL53L1_WrByte(
 251:Core/Src/vl53l1_api.c **** 					Dev,
 252:Core/Src/vl53l1_api.c **** 					VL53L1_RANGING_CORE__NVM_CTRL__PDN,
 253:Core/Src/vl53l1_api.c **** 					0x00);
 254:Core/Src/vl53l1_api.c **** 
 255:Core/Src/vl53l1_api.c **** 	/* Keep power force enabled */
 256:Core/Src/vl53l1_api.c **** 
 257:Core/Src/vl53l1_api.c **** 	if (status == VL53L1_ERROR_NONE)
 258:Core/Src/vl53l1_api.c **** 		status = VL53L1_disable_powerforce(Dev);
 259:Core/Src/vl53l1_api.c **** 
ARM GAS  C:\Users\Lenovo\AppData\Local\Temp\ccE9MZbZ.s 			page 6


 260:Core/Src/vl53l1_api.c **** 	/* (Re)Enable Firmware */
 261:Core/Src/vl53l1_api.c **** 
 262:Core/Src/vl53l1_api.c **** 	if (status == VL53L1_ERROR_NONE)
 263:Core/Src/vl53l1_api.c **** 		status = VL53L1_enable_firmware(Dev);
 264:Core/Src/vl53l1_api.c **** 
 265:Core/Src/vl53l1_api.c **** 	LOG_FUNCTION_END(status);
 266:Core/Src/vl53l1_api.c **** 
 267:Core/Src/vl53l1_api.c **** 	return status;
 268:Core/Src/vl53l1_api.c **** 
 269:Core/Src/vl53l1_api.c **** }
 270:Core/Src/vl53l1_api.c **** 
 271:Core/Src/vl53l1_api.c **** static VL53L1_Error VL53L1_read_nvm_raw_data(
 272:Core/Src/vl53l1_api.c **** 	VL53L1_DEV     Dev,
 273:Core/Src/vl53l1_api.c **** 	uint8_t        start_address,
 274:Core/Src/vl53l1_api.c **** 	uint8_t        count,
 275:Core/Src/vl53l1_api.c **** 	uint8_t       *pnvm_raw_data)
 276:Core/Src/vl53l1_api.c **** {
 277:Core/Src/vl53l1_api.c **** 
 278:Core/Src/vl53l1_api.c **** 	/*
 279:Core/Src/vl53l1_api.c **** 	 * Reads ALL 512 bytes of NVM data
 280:Core/Src/vl53l1_api.c **** 	 */
 281:Core/Src/vl53l1_api.c **** 
 282:Core/Src/vl53l1_api.c **** 	VL53L1_Error status = VL53L1_ERROR_NONE;
 283:Core/Src/vl53l1_api.c **** 
 284:Core/Src/vl53l1_api.c **** 	LOG_FUNCTION_START("");
 285:Core/Src/vl53l1_api.c **** 
 286:Core/Src/vl53l1_api.c **** 	/*
 287:Core/Src/vl53l1_api.c **** 	 *   Enable NVM and set control pulse width
 288:Core/Src/vl53l1_api.c **** 	 */
 289:Core/Src/vl53l1_api.c **** 
 290:Core/Src/vl53l1_api.c **** 	if (status == VL53L1_ERROR_NONE) /*lint !e774 always true*/
 291:Core/Src/vl53l1_api.c **** 		status = VL53L1_nvm_enable(
 292:Core/Src/vl53l1_api.c **** 					Dev,
 293:Core/Src/vl53l1_api.c **** 					0x0004,
 294:Core/Src/vl53l1_api.c **** 					VL53L1_NVM_POWER_UP_DELAY_US);
 295:Core/Src/vl53l1_api.c **** 
 296:Core/Src/vl53l1_api.c **** 	/*
 297:Core/Src/vl53l1_api.c **** 	 *  Read the raw NVM data
 298:Core/Src/vl53l1_api.c **** 	 *        - currently all of 128 * 4 bytes = 512 bytes are read
 299:Core/Src/vl53l1_api.c **** 	 */
 300:Core/Src/vl53l1_api.c **** 
 301:Core/Src/vl53l1_api.c **** 	if (status == VL53L1_ERROR_NONE)
 302:Core/Src/vl53l1_api.c **** 		status = VL53L1_nvm_read(
 303:Core/Src/vl53l1_api.c **** 			Dev,
 304:Core/Src/vl53l1_api.c **** 			start_address,
 305:Core/Src/vl53l1_api.c **** 			count,
 306:Core/Src/vl53l1_api.c **** 			pnvm_raw_data);
 307:Core/Src/vl53l1_api.c **** 
 308:Core/Src/vl53l1_api.c **** 	/*
 309:Core/Src/vl53l1_api.c **** 	 *   Disable NVM
 310:Core/Src/vl53l1_api.c **** 	 */
 311:Core/Src/vl53l1_api.c **** 
 312:Core/Src/vl53l1_api.c **** 	if (status == VL53L1_ERROR_NONE)
 313:Core/Src/vl53l1_api.c **** 		status = VL53L1_nvm_disable(Dev);
 314:Core/Src/vl53l1_api.c **** 
 315:Core/Src/vl53l1_api.c **** 	LOG_FUNCTION_END(status);
 316:Core/Src/vl53l1_api.c **** 
ARM GAS  C:\Users\Lenovo\AppData\Local\Temp\ccE9MZbZ.s 			page 7


 317:Core/Src/vl53l1_api.c **** 	return status;
 318:Core/Src/vl53l1_api.c **** 
 319:Core/Src/vl53l1_api.c **** }
 320:Core/Src/vl53l1_api.c **** 
 321:Core/Src/vl53l1_api.c **** static VL53L1_Error SingleTargetXTalkCalibration(VL53L1_DEV Dev)
 322:Core/Src/vl53l1_api.c **** {
 323:Core/Src/vl53l1_api.c **** 	VL53L1_Error Status = VL53L1_ERROR_NONE;
 324:Core/Src/vl53l1_api.c **** 
 325:Core/Src/vl53l1_api.c **** 	uint32_t sum_ranging = 0;
 326:Core/Src/vl53l1_api.c **** 	uint32_t sum_spads = 0;
 327:Core/Src/vl53l1_api.c **** 	FixPoint1616_t sum_signalRate = 0;
 328:Core/Src/vl53l1_api.c **** 	FixPoint1616_t total_count = 0;
 329:Core/Src/vl53l1_api.c **** 	uint8_t xtalk_meas = 0;
 330:Core/Src/vl53l1_api.c **** 	uint8_t xtalk_measmax =
 331:Core/Src/vl53l1_api.c **** 		BDTable[VL53L1_TUNING_SINGLE_TARGET_XTALK_SAMPLE_NUMBER];
 332:Core/Src/vl53l1_api.c **** 	VL53L1_RangingMeasurementData_t RMData;
 333:Core/Src/vl53l1_api.c **** 	FixPoint1616_t xTalkStoredMeanSignalRate;
 334:Core/Src/vl53l1_api.c **** 	FixPoint1616_t xTalkStoredMeanRange;
 335:Core/Src/vl53l1_api.c **** 	FixPoint1616_t xTalkStoredMeanRtnSpads;
 336:Core/Src/vl53l1_api.c **** 	uint32_t xTalkStoredMeanRtnSpadsAsInt;
 337:Core/Src/vl53l1_api.c **** 	uint32_t xTalkCalDistanceAsInt;
 338:Core/Src/vl53l1_api.c **** 	FixPoint1616_t XTalkCompensationRateMegaCps;
 339:Core/Src/vl53l1_api.c **** 	uint32_t signalXTalkTotalPerSpad;
 340:Core/Src/vl53l1_api.c **** 	VL53L1_PresetModes PresetMode;
 341:Core/Src/vl53l1_api.c **** 	VL53L1_CalibrationData_t  CalibrationData;
 342:Core/Src/vl53l1_api.c **** 	VL53L1_CustomerNvmManaged_t *pC;
 343:Core/Src/vl53l1_api.c **** 
 344:Core/Src/vl53l1_api.c **** 
 345:Core/Src/vl53l1_api.c **** 	LOG_FUNCTION_START("");
 346:Core/Src/vl53l1_api.c **** 
 347:Core/Src/vl53l1_api.c **** 	/* check if the following are selected
 348:Core/Src/vl53l1_api.c **** 	 * VL53L1_PRESETMODE_AUTONOMOUS,
 349:Core/Src/vl53l1_api.c **** 	 * VL53L1_PRESETMODE_LOWPOWER_AUTONOMOUS
 350:Core/Src/vl53l1_api.c **** 	 * VL53L1_PRESETMODE_LITE_RANGING
 351:Core/Src/vl53l1_api.c **** 	 */
 352:Core/Src/vl53l1_api.c **** 	PresetMode = VL53L1DevDataGet(Dev, CurrentParameters.PresetMode);
 353:Core/Src/vl53l1_api.c **** 
 354:Core/Src/vl53l1_api.c **** 	if ((PresetMode != VL53L1_PRESETMODE_AUTONOMOUS) &&
 355:Core/Src/vl53l1_api.c **** 		(PresetMode != VL53L1_PRESETMODE_LOWPOWER_AUTONOMOUS) &&
 356:Core/Src/vl53l1_api.c **** 		(PresetMode != VL53L1_PRESETMODE_LITE_RANGING)) {
 357:Core/Src/vl53l1_api.c **** 		Status = VL53L1_ERROR_MODE_NOT_SUPPORTED;
 358:Core/Src/vl53l1_api.c **** 		goto ENDFUNC;
 359:Core/Src/vl53l1_api.c **** 	}
 360:Core/Src/vl53l1_api.c **** 
 361:Core/Src/vl53l1_api.c **** 	/* disable crosstalk calibration */
 362:Core/Src/vl53l1_api.c **** 	Status = VL53L1_disable_xtalk_compensation(Dev);
 363:Core/Src/vl53l1_api.c **** 
 364:Core/Src/vl53l1_api.c **** 	if (Status != VL53L1_ERROR_NONE)
 365:Core/Src/vl53l1_api.c **** 		goto ENDFUNC;
 366:Core/Src/vl53l1_api.c **** 
 367:Core/Src/vl53l1_api.c **** 	Status = VL53L1_StartMeasurement(Dev);
 368:Core/Src/vl53l1_api.c **** 
 369:Core/Src/vl53l1_api.c **** 	if (Status != VL53L1_ERROR_NONE)
 370:Core/Src/vl53l1_api.c **** 		goto ENDFUNC;
 371:Core/Src/vl53l1_api.c **** 
 372:Core/Src/vl53l1_api.c **** 	/* First measurement is never relevant */
 373:Core/Src/vl53l1_api.c **** 	VL53L1_WaitMeasurementDataReady(Dev);
ARM GAS  C:\Users\Lenovo\AppData\Local\Temp\ccE9MZbZ.s 			page 8


 374:Core/Src/vl53l1_api.c **** 	VL53L1_GetRangingMeasurementData(Dev, &RMData);
 375:Core/Src/vl53l1_api.c **** 	VL53L1_ClearInterruptAndStartMeasurement(Dev);
 376:Core/Src/vl53l1_api.c **** 
 377:Core/Src/vl53l1_api.c **** 	sum_ranging = 0;
 378:Core/Src/vl53l1_api.c **** 	sum_spads = 0;
 379:Core/Src/vl53l1_api.c **** 	sum_signalRate = 0;
 380:Core/Src/vl53l1_api.c **** 	total_count = 0;
 381:Core/Src/vl53l1_api.c **** 	for (xtalk_meas = 0; xtalk_meas < xtalk_measmax; xtalk_meas++) {
 382:Core/Src/vl53l1_api.c **** 		VL53L1_WaitMeasurementDataReady(Dev);
 383:Core/Src/vl53l1_api.c **** 		VL53L1_GetRangingMeasurementData(Dev, &RMData);
 384:Core/Src/vl53l1_api.c **** 		VL53L1_ClearInterruptAndStartMeasurement(Dev);
 385:Core/Src/vl53l1_api.c **** 		if (RMData.RangeStatus == VL53L1_RANGESTATUS_RANGE_VALID) {
 386:Core/Src/vl53l1_api.c **** 			sum_ranging += RMData.RangeMilliMeter;
 387:Core/Src/vl53l1_api.c **** 			sum_signalRate += RMData.SignalRateRtnMegaCps;
 388:Core/Src/vl53l1_api.c **** 			sum_spads += RMData.EffectiveSpadRtnCount / 256;
 389:Core/Src/vl53l1_api.c **** 			total_count++;
 390:Core/Src/vl53l1_api.c **** 		}
 391:Core/Src/vl53l1_api.c **** 	}
 392:Core/Src/vl53l1_api.c **** 	Status = VL53L1_StopMeasurement(Dev);
 393:Core/Src/vl53l1_api.c **** 
 394:Core/Src/vl53l1_api.c **** 	if (total_count > 0) {
 395:Core/Src/vl53l1_api.c **** 		/* FixPoint1616_t / uint16_t = FixPoint1616_t */
 396:Core/Src/vl53l1_api.c **** 		xTalkStoredMeanSignalRate = sum_signalRate / total_count;
 397:Core/Src/vl53l1_api.c **** 		xTalkStoredMeanRange = (FixPoint1616_t)(sum_ranging << 16);
 398:Core/Src/vl53l1_api.c **** 		xTalkStoredMeanRange /= total_count;
 399:Core/Src/vl53l1_api.c **** 		xTalkStoredMeanRtnSpads = (FixPoint1616_t)(sum_spads << 16);
 400:Core/Src/vl53l1_api.c **** 		xTalkStoredMeanRtnSpads /= total_count;
 401:Core/Src/vl53l1_api.c **** 
 402:Core/Src/vl53l1_api.c **** 		/* Round Mean Spads to Whole Number.
 403:Core/Src/vl53l1_api.c **** 		 * Typically the calculated mean SPAD count is a whole number
 404:Core/Src/vl53l1_api.c **** 		 * or very close to a whole
 405:Core/Src/vl53l1_api.c **** 		 * number, therefore any truncation will not result in a
 406:Core/Src/vl53l1_api.c **** 		 * significant loss in accuracy.
 407:Core/Src/vl53l1_api.c **** 		 * Also, for a grey target at a typical distance of around
 408:Core/Src/vl53l1_api.c **** 		 * 400mm, around 220 SPADs will
 409:Core/Src/vl53l1_api.c **** 		 * be enabled, therefore, any truncation will result in a loss
 410:Core/Src/vl53l1_api.c **** 		 * of accuracy of less than
 411:Core/Src/vl53l1_api.c **** 		 * 0.5%.
 412:Core/Src/vl53l1_api.c **** 		 */
 413:Core/Src/vl53l1_api.c **** 		xTalkStoredMeanRtnSpadsAsInt = (xTalkStoredMeanRtnSpads +
 414:Core/Src/vl53l1_api.c **** 			0x8000) >> 16;
 415:Core/Src/vl53l1_api.c **** 
 416:Core/Src/vl53l1_api.c **** 		/* Round Cal Distance to Whole Number.
 417:Core/Src/vl53l1_api.c **** 		 * Note that the cal distance is in mm, therefore no resolution
 418:Core/Src/vl53l1_api.c **** 		 * is lost.
 419:Core/Src/vl53l1_api.c **** 		 */
 420:Core/Src/vl53l1_api.c **** 		 xTalkCalDistanceAsInt = ((uint32_t)BDTable[
 421:Core/Src/vl53l1_api.c **** 			VL53L1_TUNING_SINGLE_TARGET_XTALK_TARGET_DISTANCE_MM]);
 422:Core/Src/vl53l1_api.c **** 		if (xTalkStoredMeanRtnSpadsAsInt == 0 ||
 423:Core/Src/vl53l1_api.c **** 		xTalkCalDistanceAsInt == 0 ||
 424:Core/Src/vl53l1_api.c **** 		xTalkStoredMeanRange >= (xTalkCalDistanceAsInt << 16)) {
 425:Core/Src/vl53l1_api.c **** 			XTalkCompensationRateMegaCps = 0;
 426:Core/Src/vl53l1_api.c **** 		} else {
 427:Core/Src/vl53l1_api.c **** 			/* Apply division by mean spad count early in the
 428:Core/Src/vl53l1_api.c **** 			 * calculation to keep the numbers small.
 429:Core/Src/vl53l1_api.c **** 			 * This ensures we can maintain a 32bit calculation.
 430:Core/Src/vl53l1_api.c **** 			 * Fixed1616 / int := Fixed1616
ARM GAS  C:\Users\Lenovo\AppData\Local\Temp\ccE9MZbZ.s 			page 9


 431:Core/Src/vl53l1_api.c **** 			 */
 432:Core/Src/vl53l1_api.c **** 			signalXTalkTotalPerSpad = (xTalkStoredMeanSignalRate) /
 433:Core/Src/vl53l1_api.c **** 				xTalkStoredMeanRtnSpadsAsInt;
 434:Core/Src/vl53l1_api.c **** 
 435:Core/Src/vl53l1_api.c **** 			/* Complete the calculation for total Signal XTalk per
 436:Core/Src/vl53l1_api.c **** 			 * SPAD
 437:Core/Src/vl53l1_api.c **** 			 * Fixed1616 * (Fixed1616 - Fixed1616/int) :=
 438:Core/Src/vl53l1_api.c **** 			 * (2^16 * Fixed1616)
 439:Core/Src/vl53l1_api.c **** 			 */
 440:Core/Src/vl53l1_api.c **** 			signalXTalkTotalPerSpad *= (((uint32_t)1 << 16) -
 441:Core/Src/vl53l1_api.c **** 				(xTalkStoredMeanRange / xTalkCalDistanceAsInt));
 442:Core/Src/vl53l1_api.c **** 
 443:Core/Src/vl53l1_api.c **** 			/* Round from 2^16 * Fixed1616, to Fixed1616. */
 444:Core/Src/vl53l1_api.c **** 			XTalkCompensationRateMegaCps = (signalXTalkTotalPerSpad
 445:Core/Src/vl53l1_api.c **** 				+ 0x8000) >> 16;
 446:Core/Src/vl53l1_api.c **** 		}
 447:Core/Src/vl53l1_api.c **** 
 448:Core/Src/vl53l1_api.c **** 
 449:Core/Src/vl53l1_api.c **** 		Status = VL53L1_GetCalibrationData(Dev, &CalibrationData);
 450:Core/Src/vl53l1_api.c **** 
 451:Core/Src/vl53l1_api.c **** 		if (Status != VL53L1_ERROR_NONE)
 452:Core/Src/vl53l1_api.c **** 			goto ENDFUNC;
 453:Core/Src/vl53l1_api.c **** 
 454:Core/Src/vl53l1_api.c **** 		pC = &CalibrationData.customer;
 455:Core/Src/vl53l1_api.c **** 
 456:Core/Src/vl53l1_api.c **** 		pC->algo__crosstalk_compensation_plane_offset_kcps =
 457:Core/Src/vl53l1_api.c **** 			(uint32_t)(1000 * ((XTalkCompensationRateMegaCps  +
 458:Core/Src/vl53l1_api.c **** 				((uint32_t)1<<6)) >> (16-9)));
 459:Core/Src/vl53l1_api.c **** 
 460:Core/Src/vl53l1_api.c **** 		Status = VL53L1_SetCalibrationData(Dev, &CalibrationData);
 461:Core/Src/vl53l1_api.c **** 
 462:Core/Src/vl53l1_api.c **** 		if (Status != VL53L1_ERROR_NONE)
 463:Core/Src/vl53l1_api.c **** 			goto ENDFUNC;
 464:Core/Src/vl53l1_api.c **** 
 465:Core/Src/vl53l1_api.c **** 		Status = VL53L1_enable_xtalk_compensation(Dev);
 466:Core/Src/vl53l1_api.c **** 
 467:Core/Src/vl53l1_api.c **** 	} else
 468:Core/Src/vl53l1_api.c **** 		/* return error because no valid data found */
 469:Core/Src/vl53l1_api.c **** 		Status = VL53L1_ERROR_XTALK_EXTRACTION_NO_SAMPLE_FAIL;
 470:Core/Src/vl53l1_api.c **** 
 471:Core/Src/vl53l1_api.c **** ENDFUNC:
 472:Core/Src/vl53l1_api.c **** 	LOG_FUNCTION_END(Status);
 473:Core/Src/vl53l1_api.c **** 	return Status;
 474:Core/Src/vl53l1_api.c **** 
 475:Core/Src/vl53l1_api.c **** }
 476:Core/Src/vl53l1_api.c **** 
 477:Core/Src/vl53l1_api.c **** /* Check Rectangle in user's coordinate system:
 478:Core/Src/vl53l1_api.c ****  *	15	TL(x,y) o-----*
 479:Core/Src/vl53l1_api.c ****  *   ^			|     |
 480:Core/Src/vl53l1_api.c ****  *   |			*-----o BR(x,y)
 481:Core/Src/vl53l1_api.c ****  *   0------------------------- >15
 482:Core/Src/vl53l1_api.c ****  *   check Rectangle definition conforms to the (0,15,15) coordinate system
 483:Core/Src/vl53l1_api.c ****  *   with a minimum of 4x4 size
 484:Core/Src/vl53l1_api.c ****  */
 485:Core/Src/vl53l1_api.c **** static VL53L1_Error CheckValidRectRoi(VL53L1_UserRoi_t ROI)
 486:Core/Src/vl53l1_api.c **** {
  28              		.loc 1 486 1 view -0
ARM GAS  C:\Users\Lenovo\AppData\Local\Temp\ccE9MZbZ.s 			page 10


  29              		.cfi_startproc
  30              		@ args = 0, pretend = 0, frame = 8
  31              		@ frame_needed = 0, uses_anonymous_args = 0
  32              		@ link register save eliminated.
  33 0000 82B0     		sub	sp, sp, #8
  34              	.LCFI0:
  35              		.cfi_def_cfa_offset 8
  36 0002 0190     		str	r0, [sp, #4]
 487:Core/Src/vl53l1_api.c **** 	VL53L1_Error Status = VL53L1_ERROR_NONE;
  37              		.loc 1 487 2 view .LVU1
  38              	.LVL0:
 488:Core/Src/vl53l1_api.c **** 
 489:Core/Src/vl53l1_api.c **** 	LOG_FUNCTION_START("");
  39              		.loc 1 489 24 view .LVU2
 490:Core/Src/vl53l1_api.c **** 
 491:Core/Src/vl53l1_api.c **** 	/* Negative check are not necessary because value is unsigned */
 492:Core/Src/vl53l1_api.c **** 	if ((ROI.TopLeftX > 15) || (ROI.TopLeftY > 15) ||
  40              		.loc 1 492 2 view .LVU3
  41              		.loc 1 492 10 is_stmt 0 view .LVU4
  42 0004 9DF80430 		ldrb	r3, [sp, #4]	@ zero_extendqisi2
  43              		.loc 1 492 5 view .LVU5
  44 0008 0F2B     		cmp	r3, #15
  45 000a 0DD8     		bhi	.L4
  46              		.loc 1 492 33 discriminator 1 view .LVU6
  47 000c 9DF80520 		ldrb	r2, [sp, #5]	@ zero_extendqisi2
  48              		.loc 1 492 26 discriminator 1 view .LVU7
  49 0010 0F2A     		cmp	r2, #15
  50 0012 17D8     		bhi	.L5
 493:Core/Src/vl53l1_api.c **** 		(ROI.BotRightX > 15) || (ROI.BotRightY > 15))
  51              		.loc 1 493 7 discriminator 2 view .LVU8
  52 0014 9DF80620 		ldrb	r2, [sp, #6]	@ zero_extendqisi2
 492:Core/Src/vl53l1_api.c **** 		(ROI.BotRightX > 15) || (ROI.BotRightY > 15))
  53              		.loc 1 492 49 discriminator 2 view .LVU9
  54 0018 0F2A     		cmp	r2, #15
  55 001a 16D8     		bhi	.L6
  56              		.loc 1 493 31 view .LVU10
  57 001c 9DF80720 		ldrb	r2, [sp, #7]	@ zero_extendqisi2
  58              		.loc 1 493 24 view .LVU11
  59 0020 0F2A     		cmp	r2, #15
  60 0022 15D8     		bhi	.L7
 487:Core/Src/vl53l1_api.c **** 
  61              		.loc 1 487 15 view .LVU12
  62 0024 0020     		movs	r0, #0
  63 0026 01E0     		b	.L2
  64              	.L4:
 494:Core/Src/vl53l1_api.c **** 		Status = VL53L1_ERROR_INVALID_PARAMS;
  65              		.loc 1 494 10 view .LVU13
  66 0028 6FF00300 		mvn	r0, #3
  67              	.L2:
  68              	.LVL1:
 495:Core/Src/vl53l1_api.c **** 
 496:Core/Src/vl53l1_api.c **** 	if ((ROI.TopLeftX > ROI.BotRightX) || (ROI.TopLeftY < ROI.BotRightY))
  69              		.loc 1 496 2 is_stmt 1 view .LVU14
  70              		.loc 1 496 25 is_stmt 0 view .LVU15
  71 002c 9DF80620 		ldrb	r2, [sp, #6]	@ zero_extendqisi2
  72              		.loc 1 496 5 view .LVU16
  73 0030 9342     		cmp	r3, r2
ARM GAS  C:\Users\Lenovo\AppData\Local\Temp\ccE9MZbZ.s 			page 11


  74 0032 10D8     		bhi	.L8
  75              		.loc 1 496 44 discriminator 1 view .LVU17
  76 0034 9DF80520 		ldrb	r2, [sp, #5]	@ zero_extendqisi2
  77              		.loc 1 496 59 discriminator 1 view .LVU18
  78 0038 9DF80730 		ldrb	r3, [sp, #7]	@ zero_extendqisi2
  79              		.loc 1 496 37 discriminator 1 view .LVU19
  80 003c 9A42     		cmp	r2, r3
  81 003e 0DD3     		bcc	.L11
  82              	.LVL2:
  83              	.L3:
 497:Core/Src/vl53l1_api.c **** 		Status = VL53L1_ERROR_INVALID_PARAMS;
 498:Core/Src/vl53l1_api.c **** 
 499:Core/Src/vl53l1_api.c **** 	LOG_FUNCTION_END(Status);
  84              		.loc 1 499 26 is_stmt 1 view .LVU20
 500:Core/Src/vl53l1_api.c **** 	return Status;
  85              		.loc 1 500 2 view .LVU21
 501:Core/Src/vl53l1_api.c **** }
  86              		.loc 1 501 1 is_stmt 0 view .LVU22
  87 0040 02B0     		add	sp, sp, #8
  88              	.LCFI1:
  89              		.cfi_remember_state
  90              		.cfi_def_cfa_offset 0
  91              		@ sp needed
  92 0042 7047     		bx	lr
  93              	.LVL3:
  94              	.L5:
  95              	.LCFI2:
  96              		.cfi_restore_state
 494:Core/Src/vl53l1_api.c **** 
  97              		.loc 1 494 10 view .LVU23
  98 0044 6FF00300 		mvn	r0, #3
  99 0048 F0E7     		b	.L2
 100              	.L6:
 101 004a 6FF00300 		mvn	r0, #3
 102 004e EDE7     		b	.L2
 103              	.L7:
 104 0050 6FF00300 		mvn	r0, #3
 105 0054 EAE7     		b	.L2
 106              	.LVL4:
 107              	.L8:
 497:Core/Src/vl53l1_api.c **** 
 108              		.loc 1 497 10 view .LVU24
 109 0056 6FF00300 		mvn	r0, #3
 110              	.LVL5:
 497:Core/Src/vl53l1_api.c **** 
 111              		.loc 1 497 10 view .LVU25
 112 005a F1E7     		b	.L3
 113              	.LVL6:
 114              	.L11:
 497:Core/Src/vl53l1_api.c **** 
 115              		.loc 1 497 10 view .LVU26
 116 005c 6FF00300 		mvn	r0, #3
 117              	.LVL7:
 497:Core/Src/vl53l1_api.c **** 
 118              		.loc 1 497 10 view .LVU27
 119 0060 EEE7     		b	.L3
 120              		.cfi_endproc
ARM GAS  C:\Users\Lenovo\AppData\Local\Temp\ccE9MZbZ.s 			page 12


 121              	.LFE8:
 123              		.section	.text.ConvertModeToLLD,"ax",%progbits
 124              		.align	1
 125              		.syntax unified
 126              		.thumb
 127              		.thumb_func
 129              	ConvertModeToLLD:
 130              	.LVL8:
 131              	.LFB9:
 502:Core/Src/vl53l1_api.c **** 
 503:Core/Src/vl53l1_api.c **** static VL53L1_GPIO_Interrupt_Mode ConvertModeToLLD(VL53L1_Error *pStatus,
 504:Core/Src/vl53l1_api.c **** 		VL53L1_ThresholdMode CrossMode)
 505:Core/Src/vl53l1_api.c **** {
 132              		.loc 1 505 1 is_stmt 1 view -0
 133              		.cfi_startproc
 134              		@ args = 0, pretend = 0, frame = 0
 135              		@ frame_needed = 0, uses_anonymous_args = 0
 136              		@ link register save eliminated.
 137              		.loc 1 505 1 is_stmt 0 view .LVU29
 138 0000 0346     		mov	r3, r0
 139 0002 0846     		mov	r0, r1
 140              	.LVL9:
 506:Core/Src/vl53l1_api.c **** 	VL53L1_GPIO_Interrupt_Mode Mode;
 141              		.loc 1 506 2 is_stmt 1 view .LVU30
 507:Core/Src/vl53l1_api.c **** 
 508:Core/Src/vl53l1_api.c **** 	switch (CrossMode) {
 142              		.loc 1 508 2 view .LVU31
 143 0004 0329     		cmp	r1, #3
 144 0006 03D8     		bhi	.L13
 145 0008 DFE801F0 		tbb	[pc, r1]
 146              	.L15:
 147 000c 05       		.byte	(.L14-.L15)/2
 148 000d 05       		.byte	(.L14-.L15)/2
 149 000e 05       		.byte	(.L14-.L15)/2
 150 000f 05       		.byte	(.L14-.L15)/2
 151              		.p2align 1
 152              	.L13:
 509:Core/Src/vl53l1_api.c **** 	case VL53L1_THRESHOLD_CROSSED_LOW:
 510:Core/Src/vl53l1_api.c **** 		Mode = VL53L1_GPIOINTMODE_LEVEL_LOW;
 511:Core/Src/vl53l1_api.c **** 		break;
 512:Core/Src/vl53l1_api.c **** 	case VL53L1_THRESHOLD_CROSSED_HIGH:
 513:Core/Src/vl53l1_api.c **** 		Mode = VL53L1_GPIOINTMODE_LEVEL_HIGH;
 514:Core/Src/vl53l1_api.c **** 		break;
 515:Core/Src/vl53l1_api.c **** 	case VL53L1_THRESHOLD_OUT_OF_WINDOW:
 516:Core/Src/vl53l1_api.c **** 		Mode = VL53L1_GPIOINTMODE_OUT_OF_WINDOW;
 517:Core/Src/vl53l1_api.c **** 		break;
 518:Core/Src/vl53l1_api.c **** 	case VL53L1_THRESHOLD_IN_WINDOW:
 519:Core/Src/vl53l1_api.c **** 		Mode = VL53L1_GPIOINTMODE_IN_WINDOW;
 520:Core/Src/vl53l1_api.c **** 		break;
 521:Core/Src/vl53l1_api.c **** 	default:
 522:Core/Src/vl53l1_api.c **** 		/* define Mode to avoid warning but actual value doesn't mind */
 523:Core/Src/vl53l1_api.c **** 		Mode = VL53L1_GPIOINTMODE_LEVEL_HIGH;
 153              		.loc 1 523 3 view .LVU32
 154              	.LVL10:
 524:Core/Src/vl53l1_api.c **** 		*pStatus = VL53L1_ERROR_INVALID_PARAMS;
 155              		.loc 1 524 3 view .LVU33
 156              		.loc 1 524 12 is_stmt 0 view .LVU34
ARM GAS  C:\Users\Lenovo\AppData\Local\Temp\ccE9MZbZ.s 			page 13


 157 0010 FC22     		movs	r2, #252
 158 0012 1A70     		strb	r2, [r3]
 523:Core/Src/vl53l1_api.c **** 		*pStatus = VL53L1_ERROR_INVALID_PARAMS;
 159              		.loc 1 523 8 view .LVU35
 160 0014 0120     		movs	r0, #1
 161              	.LVL11:
 162              	.L14:
 525:Core/Src/vl53l1_api.c **** 	}
 526:Core/Src/vl53l1_api.c **** 	return Mode;
 163              		.loc 1 526 2 is_stmt 1 view .LVU36
 527:Core/Src/vl53l1_api.c **** }
 164              		.loc 1 527 1 is_stmt 0 view .LVU37
 165 0016 7047     		bx	lr
 166              		.cfi_endproc
 167              	.LFE9:
 169              		.section	.text.ConvertModeFromLLD,"ax",%progbits
 170              		.align	1
 171              		.syntax unified
 172              		.thumb
 173              		.thumb_func
 175              	ConvertModeFromLLD:
 176              	.LVL12:
 177              	.LFB10:
 528:Core/Src/vl53l1_api.c **** 
 529:Core/Src/vl53l1_api.c **** static VL53L1_ThresholdMode ConvertModeFromLLD(VL53L1_Error *pStatus,
 530:Core/Src/vl53l1_api.c **** 		VL53L1_GPIO_Interrupt_Mode CrossMode)
 531:Core/Src/vl53l1_api.c **** {
 178              		.loc 1 531 1 is_stmt 1 view -0
 179              		.cfi_startproc
 180              		@ args = 0, pretend = 0, frame = 0
 181              		@ frame_needed = 0, uses_anonymous_args = 0
 182              		@ link register save eliminated.
 183              		.loc 1 531 1 is_stmt 0 view .LVU39
 184 0000 0346     		mov	r3, r0
 185 0002 0846     		mov	r0, r1
 186              	.LVL13:
 532:Core/Src/vl53l1_api.c **** 	VL53L1_ThresholdMode Mode;
 187              		.loc 1 532 2 is_stmt 1 view .LVU40
 533:Core/Src/vl53l1_api.c **** 
 534:Core/Src/vl53l1_api.c **** 	switch (CrossMode) {
 188              		.loc 1 534 2 view .LVU41
 189 0004 0329     		cmp	r1, #3
 190 0006 03D8     		bhi	.L17
 191 0008 DFE801F0 		tbb	[pc, r1]
 192              	.L19:
 193 000c 05       		.byte	(.L18-.L19)/2
 194 000d 05       		.byte	(.L18-.L19)/2
 195 000e 05       		.byte	(.L18-.L19)/2
 196 000f 05       		.byte	(.L18-.L19)/2
 197              		.p2align 1
 198              	.L17:
 535:Core/Src/vl53l1_api.c **** 	case VL53L1_GPIOINTMODE_LEVEL_LOW:
 536:Core/Src/vl53l1_api.c **** 		Mode = VL53L1_THRESHOLD_CROSSED_LOW;
 537:Core/Src/vl53l1_api.c **** 		break;
 538:Core/Src/vl53l1_api.c **** 	case VL53L1_GPIOINTMODE_LEVEL_HIGH:
 539:Core/Src/vl53l1_api.c **** 		Mode = VL53L1_THRESHOLD_CROSSED_HIGH;
 540:Core/Src/vl53l1_api.c **** 		break;
ARM GAS  C:\Users\Lenovo\AppData\Local\Temp\ccE9MZbZ.s 			page 14


 541:Core/Src/vl53l1_api.c **** 	case VL53L1_GPIOINTMODE_OUT_OF_WINDOW:
 542:Core/Src/vl53l1_api.c **** 		Mode = VL53L1_THRESHOLD_OUT_OF_WINDOW;
 543:Core/Src/vl53l1_api.c **** 		break;
 544:Core/Src/vl53l1_api.c **** 	case VL53L1_GPIOINTMODE_IN_WINDOW:
 545:Core/Src/vl53l1_api.c **** 		Mode = VL53L1_THRESHOLD_IN_WINDOW;
 546:Core/Src/vl53l1_api.c **** 		break;
 547:Core/Src/vl53l1_api.c **** 	default:
 548:Core/Src/vl53l1_api.c **** 		/* define Mode to avoid warning but actual value doesn't mind */
 549:Core/Src/vl53l1_api.c **** 		Mode = VL53L1_THRESHOLD_CROSSED_HIGH;
 199              		.loc 1 549 3 view .LVU42
 200              	.LVL14:
 550:Core/Src/vl53l1_api.c **** 		*pStatus = VL53L1_ERROR_UNDEFINED;
 201              		.loc 1 550 3 view .LVU43
 202              		.loc 1 550 12 is_stmt 0 view .LVU44
 203 0010 FD22     		movs	r2, #253
 204 0012 1A70     		strb	r2, [r3]
 549:Core/Src/vl53l1_api.c **** 		*pStatus = VL53L1_ERROR_UNDEFINED;
 205              		.loc 1 549 8 view .LVU45
 206 0014 0120     		movs	r0, #1
 207              	.LVL15:
 208              	.L18:
 551:Core/Src/vl53l1_api.c **** 	}
 552:Core/Src/vl53l1_api.c **** 	return Mode;
 209              		.loc 1 552 2 is_stmt 1 view .LVU46
 553:Core/Src/vl53l1_api.c **** }
 210              		.loc 1 553 1 is_stmt 0 view .LVU47
 211 0016 7047     		bx	lr
 212              		.cfi_endproc
 213              	.LFE10:
 215              		.section	.rodata.ComputeDevicePresetMode.str1.4,"aMS",%progbits,1
 216              		.align	2
 217              	.LC0:
 218 0000 02010300 		.ascii	"\002\001\003\000"
 219              		.align	2
 220              	.LC1:
 221 0004 07060800 		.ascii	"\007\006\010\000"
 222              		.align	2
 223              	.LC2:
 224 0008 24252600 		.ascii	"$%&\000"
 225              		.section	.text.ComputeDevicePresetMode,"ax",%progbits
 226              		.align	1
 227              		.syntax unified
 228              		.thumb
 229              		.thumb_func
 231              	ComputeDevicePresetMode:
 232              	.LVL16:
 233              	.LFB23:
 554:Core/Src/vl53l1_api.c **** 
 555:Core/Src/vl53l1_api.c **** /* Group PAL General Functions */
 556:Core/Src/vl53l1_api.c **** 
 557:Core/Src/vl53l1_api.c **** VL53L1_Error VL53L1_GetVersion(VL53L1_Version_t *pVersion)
 558:Core/Src/vl53l1_api.c **** {
 559:Core/Src/vl53l1_api.c **** 	VL53L1_Error Status = VL53L1_ERROR_NONE;
 560:Core/Src/vl53l1_api.c **** 
 561:Core/Src/vl53l1_api.c **** 	LOG_FUNCTION_START("");
 562:Core/Src/vl53l1_api.c **** 
 563:Core/Src/vl53l1_api.c **** 	pVersion->major = VL53L1_IMPLEMENTATION_VER_MAJOR;
ARM GAS  C:\Users\Lenovo\AppData\Local\Temp\ccE9MZbZ.s 			page 15


 564:Core/Src/vl53l1_api.c **** 	pVersion->minor = VL53L1_IMPLEMENTATION_VER_MINOR;
 565:Core/Src/vl53l1_api.c **** 	pVersion->build = VL53L1_IMPLEMENTATION_VER_SUB;
 566:Core/Src/vl53l1_api.c **** 
 567:Core/Src/vl53l1_api.c **** 	pVersion->revision = VL53L1_IMPLEMENTATION_VER_REVISION;
 568:Core/Src/vl53l1_api.c **** 
 569:Core/Src/vl53l1_api.c **** 	LOG_FUNCTION_END(Status);
 570:Core/Src/vl53l1_api.c **** 	return Status;
 571:Core/Src/vl53l1_api.c **** }
 572:Core/Src/vl53l1_api.c **** 
 573:Core/Src/vl53l1_api.c **** VL53L1_Error VL53L1_GetProductRevision(VL53L1_DEV Dev,
 574:Core/Src/vl53l1_api.c **** 	uint8_t *pProductRevisionMajor, uint8_t *pProductRevisionMinor)
 575:Core/Src/vl53l1_api.c **** {
 576:Core/Src/vl53l1_api.c **** 	VL53L1_Error Status = VL53L1_ERROR_NONE;
 577:Core/Src/vl53l1_api.c **** 	uint8_t revision_id;
 578:Core/Src/vl53l1_api.c **** 	VL53L1_LLDriverData_t   *pLLData;
 579:Core/Src/vl53l1_api.c **** 
 580:Core/Src/vl53l1_api.c **** 	LOG_FUNCTION_START("");
 581:Core/Src/vl53l1_api.c **** 
 582:Core/Src/vl53l1_api.c **** 	pLLData =  VL53L1DevStructGetLLDriverHandle(Dev);
 583:Core/Src/vl53l1_api.c **** 	revision_id = pLLData->nvm_copy_data.identification__revision_id;
 584:Core/Src/vl53l1_api.c **** 	*pProductRevisionMajor = 1;
 585:Core/Src/vl53l1_api.c **** 	*pProductRevisionMinor = (revision_id & 0xF0) >> 4;
 586:Core/Src/vl53l1_api.c **** 
 587:Core/Src/vl53l1_api.c **** 	LOG_FUNCTION_END(Status);
 588:Core/Src/vl53l1_api.c **** 	return Status;
 589:Core/Src/vl53l1_api.c **** 
 590:Core/Src/vl53l1_api.c **** }
 591:Core/Src/vl53l1_api.c **** 
 592:Core/Src/vl53l1_api.c **** VL53L1_Error VL53L1_GetDeviceInfo(VL53L1_DEV Dev,
 593:Core/Src/vl53l1_api.c **** 	VL53L1_DeviceInfo_t *pVL53L1_DeviceInfo)
 594:Core/Src/vl53l1_api.c **** {
 595:Core/Src/vl53l1_api.c **** 	VL53L1_Error Status = VL53L1_ERROR_NONE;
 596:Core/Src/vl53l1_api.c **** 	uint8_t revision_id;
 597:Core/Src/vl53l1_api.c **** 	VL53L1_LLDriverData_t   *pLLData;
 598:Core/Src/vl53l1_api.c **** 
 599:Core/Src/vl53l1_api.c **** 	LOG_FUNCTION_START("");
 600:Core/Src/vl53l1_api.c **** 
 601:Core/Src/vl53l1_api.c **** 	pLLData =  VL53L1DevStructGetLLDriverHandle(Dev);
 602:Core/Src/vl53l1_api.c **** 
 603:Core/Src/vl53l1_api.c **** 	strncpy(pVL53L1_DeviceInfo->ProductId, "",
 604:Core/Src/vl53l1_api.c **** 			VL53L1_DEVINFO_STRLEN-1);
 605:Core/Src/vl53l1_api.c **** 	pVL53L1_DeviceInfo->ProductType =
 606:Core/Src/vl53l1_api.c **** 			pLLData->nvm_copy_data.identification__module_type;
 607:Core/Src/vl53l1_api.c **** 
 608:Core/Src/vl53l1_api.c **** 	revision_id = pLLData->nvm_copy_data.identification__revision_id;
 609:Core/Src/vl53l1_api.c **** 	pVL53L1_DeviceInfo->ProductRevisionMajor = 1;
 610:Core/Src/vl53l1_api.c **** 	pVL53L1_DeviceInfo->ProductRevisionMinor = (revision_id & 0xF0) >> 4;
 611:Core/Src/vl53l1_api.c **** 
 612:Core/Src/vl53l1_api.c **** #ifndef VL53L1_USE_EMPTY_STRING
 613:Core/Src/vl53l1_api.c **** 	if (pVL53L1_DeviceInfo->ProductRevisionMinor == 0)
 614:Core/Src/vl53l1_api.c **** 		strncpy(pVL53L1_DeviceInfo->Name,
 615:Core/Src/vl53l1_api.c **** 				VL53L1_STRING_DEVICE_INFO_NAME0,
 616:Core/Src/vl53l1_api.c **** 				VL53L1_DEVINFO_STRLEN-1);
 617:Core/Src/vl53l1_api.c **** 	else
 618:Core/Src/vl53l1_api.c **** 		strncpy(pVL53L1_DeviceInfo->Name,
 619:Core/Src/vl53l1_api.c **** 				VL53L1_STRING_DEVICE_INFO_NAME1,
 620:Core/Src/vl53l1_api.c **** 				VL53L1_DEVINFO_STRLEN-1);
ARM GAS  C:\Users\Lenovo\AppData\Local\Temp\ccE9MZbZ.s 			page 16


 621:Core/Src/vl53l1_api.c **** 	strncpy(pVL53L1_DeviceInfo->Type,
 622:Core/Src/vl53l1_api.c **** 			VL53L1_STRING_DEVICE_INFO_TYPE,
 623:Core/Src/vl53l1_api.c **** 			VL53L1_DEVINFO_STRLEN-1);
 624:Core/Src/vl53l1_api.c **** 	/* Is module_type (ProductType) "evo" aka VL53L3 instead of VL53L1 ? */
 625:Core/Src/vl53l1_api.c **** 	if (pVL53L1_DeviceInfo->ProductType == 0xAA) {
 626:Core/Src/vl53l1_api.c **** 		pVL53L1_DeviceInfo->Name[5] = '3';
 627:Core/Src/vl53l1_api.c **** 		pVL53L1_DeviceInfo->Type[5] = '3';
 628:Core/Src/vl53l1_api.c **** 	}
 629:Core/Src/vl53l1_api.c **** #else
 630:Core/Src/vl53l1_api.c **** 	pVL53L1_DeviceInfo->Name[0] = 0;
 631:Core/Src/vl53l1_api.c **** 	pVL53L1_DeviceInfo->Type[0] = 0;
 632:Core/Src/vl53l1_api.c **** #endif
 633:Core/Src/vl53l1_api.c **** 
 634:Core/Src/vl53l1_api.c **** 	LOG_FUNCTION_END(Status);
 635:Core/Src/vl53l1_api.c **** 	return Status;
 636:Core/Src/vl53l1_api.c **** }
 637:Core/Src/vl53l1_api.c **** 
 638:Core/Src/vl53l1_api.c **** VL53L1_Error VL53L1_GetUID(VL53L1_DEV Dev, uint64_t *pUid)
 639:Core/Src/vl53l1_api.c **** {
 640:Core/Src/vl53l1_api.c **** 	VL53L1_Error Status = VL53L1_ERROR_NONE;
 641:Core/Src/vl53l1_api.c **** 	uint8_t fmtdata[8];
 642:Core/Src/vl53l1_api.c **** 
 643:Core/Src/vl53l1_api.c **** 	LOG_FUNCTION_START("");
 644:Core/Src/vl53l1_api.c **** 
 645:Core/Src/vl53l1_api.c **** 	Status = VL53L1_read_nvm_raw_data(Dev,
 646:Core/Src/vl53l1_api.c **** 			(uint8_t)(0x1F8 >> 2),
 647:Core/Src/vl53l1_api.c **** 			(uint8_t)(8 >> 2),
 648:Core/Src/vl53l1_api.c **** 			fmtdata);
 649:Core/Src/vl53l1_api.c **** 	memcpy(pUid, fmtdata, sizeof(uint64_t));
 650:Core/Src/vl53l1_api.c **** 
 651:Core/Src/vl53l1_api.c **** 	LOG_FUNCTION_END(Status);
 652:Core/Src/vl53l1_api.c **** 	return Status;
 653:Core/Src/vl53l1_api.c **** }
 654:Core/Src/vl53l1_api.c **** 
 655:Core/Src/vl53l1_api.c **** VL53L1_Error VL53L1_GetRangeStatusString(uint8_t RangeStatus,
 656:Core/Src/vl53l1_api.c **** 	char *pRangeStatusString)
 657:Core/Src/vl53l1_api.c **** {
 658:Core/Src/vl53l1_api.c **** 	VL53L1_Error Status = VL53L1_ERROR_NONE;
 659:Core/Src/vl53l1_api.c **** 
 660:Core/Src/vl53l1_api.c **** 	LOG_FUNCTION_START("");
 661:Core/Src/vl53l1_api.c **** 
 662:Core/Src/vl53l1_api.c **** 	Status = VL53L1_get_range_status_string(RangeStatus,
 663:Core/Src/vl53l1_api.c **** 		pRangeStatusString);
 664:Core/Src/vl53l1_api.c **** 
 665:Core/Src/vl53l1_api.c **** 	LOG_FUNCTION_END(Status);
 666:Core/Src/vl53l1_api.c **** 	return Status;
 667:Core/Src/vl53l1_api.c **** }
 668:Core/Src/vl53l1_api.c **** 
 669:Core/Src/vl53l1_api.c **** VL53L1_Error VL53L1_GetPalErrorString(VL53L1_Error PalErrorCode,
 670:Core/Src/vl53l1_api.c **** 	char *pPalErrorString)
 671:Core/Src/vl53l1_api.c **** {
 672:Core/Src/vl53l1_api.c **** 	VL53L1_Error Status = VL53L1_ERROR_NONE;
 673:Core/Src/vl53l1_api.c **** 
 674:Core/Src/vl53l1_api.c **** 	LOG_FUNCTION_START("");
 675:Core/Src/vl53l1_api.c **** 
 676:Core/Src/vl53l1_api.c **** 	Status = VL53L1_get_pal_error_string(PalErrorCode, pPalErrorString);
 677:Core/Src/vl53l1_api.c **** 
ARM GAS  C:\Users\Lenovo\AppData\Local\Temp\ccE9MZbZ.s 			page 17


 678:Core/Src/vl53l1_api.c **** 	LOG_FUNCTION_END(Status);
 679:Core/Src/vl53l1_api.c **** 	return Status;
 680:Core/Src/vl53l1_api.c **** }
 681:Core/Src/vl53l1_api.c **** 
 682:Core/Src/vl53l1_api.c **** VL53L1_Error VL53L1_GetPalStateString(VL53L1_State PalStateCode,
 683:Core/Src/vl53l1_api.c **** 	char *pPalStateString)
 684:Core/Src/vl53l1_api.c **** {
 685:Core/Src/vl53l1_api.c **** 	VL53L1_Error Status = VL53L1_ERROR_NONE;
 686:Core/Src/vl53l1_api.c **** 
 687:Core/Src/vl53l1_api.c **** 	LOG_FUNCTION_START("");
 688:Core/Src/vl53l1_api.c **** 
 689:Core/Src/vl53l1_api.c **** 	Status = VL53L1_get_pal_state_string(PalStateCode, pPalStateString);
 690:Core/Src/vl53l1_api.c **** 
 691:Core/Src/vl53l1_api.c **** 	LOG_FUNCTION_END(Status);
 692:Core/Src/vl53l1_api.c **** 	return Status;
 693:Core/Src/vl53l1_api.c **** }
 694:Core/Src/vl53l1_api.c **** 
 695:Core/Src/vl53l1_api.c **** VL53L1_Error VL53L1_GetPalState(VL53L1_DEV Dev, VL53L1_State *pPalState)
 696:Core/Src/vl53l1_api.c **** {
 697:Core/Src/vl53l1_api.c **** 	VL53L1_Error Status = VL53L1_ERROR_NONE;
 698:Core/Src/vl53l1_api.c **** 
 699:Core/Src/vl53l1_api.c **** 	LOG_FUNCTION_START("");
 700:Core/Src/vl53l1_api.c **** 
 701:Core/Src/vl53l1_api.c **** 	*pPalState = VL53L1DevDataGet(Dev, PalState);
 702:Core/Src/vl53l1_api.c **** 
 703:Core/Src/vl53l1_api.c **** 	LOG_FUNCTION_END(Status);
 704:Core/Src/vl53l1_api.c **** 	return Status;
 705:Core/Src/vl53l1_api.c **** }
 706:Core/Src/vl53l1_api.c **** 
 707:Core/Src/vl53l1_api.c **** /* End Group PAL General Functions */
 708:Core/Src/vl53l1_api.c **** 
 709:Core/Src/vl53l1_api.c **** /* Group PAL Init Functions */
 710:Core/Src/vl53l1_api.c **** VL53L1_Error VL53L1_SetDeviceAddress(VL53L1_DEV Dev, uint8_t DeviceAddress)
 711:Core/Src/vl53l1_api.c **** {
 712:Core/Src/vl53l1_api.c **** 	VL53L1_Error Status = VL53L1_ERROR_NONE;
 713:Core/Src/vl53l1_api.c **** 	VL53L1_LLDriverData_t *pdev = VL53L1DevStructGetLLDriverHandle(Dev);
 714:Core/Src/vl53l1_api.c **** 	VL53L1_static_nvm_managed_t  *pdata = &(pdev->stat_nvm);
 715:Core/Src/vl53l1_api.c **** 
 716:Core/Src/vl53l1_api.c **** 	LOG_FUNCTION_START("");
 717:Core/Src/vl53l1_api.c **** 
 718:Core/Src/vl53l1_api.c **** 	Status = VL53L1_WrByte(Dev, VL53L1_I2C_SLAVE__DEVICE_ADDRESS,
 719:Core/Src/vl53l1_api.c **** 			DeviceAddress / 2);
 720:Core/Src/vl53l1_api.c **** 
 721:Core/Src/vl53l1_api.c **** 	pdata->i2c_slave__device_address = (DeviceAddress / 2) & 0x7F;
 722:Core/Src/vl53l1_api.c **** 
 723:Core/Src/vl53l1_api.c **** 	LOG_FUNCTION_END(Status);
 724:Core/Src/vl53l1_api.c **** 	return Status;
 725:Core/Src/vl53l1_api.c **** }
 726:Core/Src/vl53l1_api.c **** 
 727:Core/Src/vl53l1_api.c **** VL53L1_Error VL53L1_DataInit(VL53L1_DEV Dev)
 728:Core/Src/vl53l1_api.c **** {
 729:Core/Src/vl53l1_api.c **** 	VL53L1_Error Status = VL53L1_ERROR_NONE;
 730:Core/Src/vl53l1_api.c **** 	uint8_t i;
 731:Core/Src/vl53l1_api.c **** 
 732:Core/Src/vl53l1_api.c **** 	LOG_FUNCTION_START("");
 733:Core/Src/vl53l1_api.c **** 
 734:Core/Src/vl53l1_api.c **** 	/* 2V8 power mode selection codex 447463 */
ARM GAS  C:\Users\Lenovo\AppData\Local\Temp\ccE9MZbZ.s 			page 18


 735:Core/Src/vl53l1_api.c **** #ifdef USE_I2C_2V8
 736:Core/Src/vl53l1_api.c **** 	Status = VL53L1_RdByte(Dev, VL53L1_PAD_I2C_HV__EXTSUP_CONFIG, &i);
 737:Core/Src/vl53l1_api.c **** 	if (Status == VL53L1_ERROR_NONE) {
 738:Core/Src/vl53l1_api.c **** 		i = (i & 0xfe) | 0x01;
 739:Core/Src/vl53l1_api.c **** 		Status = VL53L1_WrByte(Dev, VL53L1_PAD_I2C_HV__EXTSUP_CONFIG,
 740:Core/Src/vl53l1_api.c **** 				i);
 741:Core/Src/vl53l1_api.c **** 	}
 742:Core/Src/vl53l1_api.c **** #endif
 743:Core/Src/vl53l1_api.c **** 
 744:Core/Src/vl53l1_api.c **** 	if (Status == VL53L1_ERROR_NONE)
 745:Core/Src/vl53l1_api.c **** 		Status = VL53L1_data_init(Dev, 1);
 746:Core/Src/vl53l1_api.c **** 
 747:Core/Src/vl53l1_api.c **** 
 748:Core/Src/vl53l1_api.c **** 	if (Status == VL53L1_ERROR_NONE)
 749:Core/Src/vl53l1_api.c **** 		VL53L1DevDataSet(Dev, PalState, VL53L1_STATE_WAIT_STATICINIT);
 750:Core/Src/vl53l1_api.c **** 
 751:Core/Src/vl53l1_api.c **** 	/* Enable all check */
 752:Core/Src/vl53l1_api.c **** 	for (i = 0; i < VL53L1_CHECKENABLE_NUMBER_OF_CHECKS; i++) {
 753:Core/Src/vl53l1_api.c **** 		if (Status == VL53L1_ERROR_NONE)
 754:Core/Src/vl53l1_api.c **** 			Status |= VL53L1_SetLimitCheckEnable(Dev, i, 1);
 755:Core/Src/vl53l1_api.c **** 		else
 756:Core/Src/vl53l1_api.c **** 			break;
 757:Core/Src/vl53l1_api.c **** 
 758:Core/Src/vl53l1_api.c **** 	}
 759:Core/Src/vl53l1_api.c **** 
 760:Core/Src/vl53l1_api.c **** 
 761:Core/Src/vl53l1_api.c **** 	LOG_FUNCTION_END(Status);
 762:Core/Src/vl53l1_api.c **** 	return Status;
 763:Core/Src/vl53l1_api.c **** }
 764:Core/Src/vl53l1_api.c **** 
 765:Core/Src/vl53l1_api.c **** 
 766:Core/Src/vl53l1_api.c **** VL53L1_Error VL53L1_StaticInit(VL53L1_DEV Dev)
 767:Core/Src/vl53l1_api.c **** {
 768:Core/Src/vl53l1_api.c **** 	VL53L1_Error Status = VL53L1_ERROR_NONE;
 769:Core/Src/vl53l1_api.c **** 	uint8_t  measurement_mode;
 770:Core/Src/vl53l1_api.c **** 
 771:Core/Src/vl53l1_api.c **** 	LOG_FUNCTION_START("");
 772:Core/Src/vl53l1_api.c **** 
 773:Core/Src/vl53l1_api.c **** 	VL53L1DevDataSet(Dev, PalState, VL53L1_STATE_IDLE);
 774:Core/Src/vl53l1_api.c **** 
 775:Core/Src/vl53l1_api.c **** 	measurement_mode  = VL53L1_DEVICEMEASUREMENTMODE_BACKTOBACK;
 776:Core/Src/vl53l1_api.c **** 	VL53L1DevDataSet(Dev, LLData.measurement_mode, measurement_mode);
 777:Core/Src/vl53l1_api.c **** 
 778:Core/Src/vl53l1_api.c **** 	/* ticket 472728 fix */
 779:Core/Src/vl53l1_api.c **** 	Status = VL53L1_SetPresetMode(Dev,
 780:Core/Src/vl53l1_api.c **** 			VL53L1_PRESETMODE_LOWPOWER_AUTONOMOUS);
 781:Core/Src/vl53l1_api.c **** 	VL53L1DevDataSet(Dev, CurrentParameters.PresetMode,
 782:Core/Src/vl53l1_api.c **** 			VL53L1_PRESETMODE_LOWPOWER_AUTONOMOUS);
 783:Core/Src/vl53l1_api.c **** 	/* end of ticket 472728 fix */
 784:Core/Src/vl53l1_api.c **** 
 785:Core/Src/vl53l1_api.c **** 	LOG_FUNCTION_END(Status);
 786:Core/Src/vl53l1_api.c **** 	return Status;
 787:Core/Src/vl53l1_api.c **** }
 788:Core/Src/vl53l1_api.c **** 
 789:Core/Src/vl53l1_api.c **** VL53L1_Error VL53L1_WaitDeviceBooted(VL53L1_DEV Dev)
 790:Core/Src/vl53l1_api.c **** {
 791:Core/Src/vl53l1_api.c **** 	VL53L1_Error Status = VL53L1_ERROR_NONE;
ARM GAS  C:\Users\Lenovo\AppData\Local\Temp\ccE9MZbZ.s 			page 19


 792:Core/Src/vl53l1_api.c **** 
 793:Core/Src/vl53l1_api.c **** 	LOG_FUNCTION_START("");
 794:Core/Src/vl53l1_api.c **** 
 795:Core/Src/vl53l1_api.c **** 	Status = VL53L1_poll_for_boot_completion(Dev,
 796:Core/Src/vl53l1_api.c **** 			VL53L1_BOOT_COMPLETION_POLLING_TIMEOUT_MS);
 797:Core/Src/vl53l1_api.c **** 
 798:Core/Src/vl53l1_api.c **** 	LOG_FUNCTION_END(Status);
 799:Core/Src/vl53l1_api.c **** 	return Status;
 800:Core/Src/vl53l1_api.c **** }
 801:Core/Src/vl53l1_api.c **** 
 802:Core/Src/vl53l1_api.c **** /* End Group PAL Init Functions */
 803:Core/Src/vl53l1_api.c **** 
 804:Core/Src/vl53l1_api.c **** /* Group PAL Parameters Functions */
 805:Core/Src/vl53l1_api.c **** static VL53L1_Error ComputeDevicePresetMode(
 806:Core/Src/vl53l1_api.c **** 		VL53L1_PresetModes PresetMode,
 807:Core/Src/vl53l1_api.c **** 		VL53L1_DistanceModes DistanceMode,
 808:Core/Src/vl53l1_api.c **** 		VL53L1_DevicePresetModes *pDevicePresetMode)
 809:Core/Src/vl53l1_api.c **** {
 234              		.loc 1 809 1 is_stmt 1 view -0
 235              		.cfi_startproc
 236              		@ args = 0, pretend = 0, frame = 16
 237              		@ frame_needed = 0, uses_anonymous_args = 0
 238              		@ link register save eliminated.
 239              		.loc 1 809 1 is_stmt 0 view .LVU49
 240 0000 84B0     		sub	sp, sp, #16
 241              	.LCFI3:
 242              		.cfi_def_cfa_offset 16
 810:Core/Src/vl53l1_api.c **** 	VL53L1_Error Status = VL53L1_ERROR_NONE;
 243              		.loc 1 810 2 is_stmt 1 view .LVU50
 244              	.LVL17:
 811:Core/Src/vl53l1_api.c **** 
 812:Core/Src/vl53l1_api.c **** 	uint8_t DistIdx;
 245              		.loc 1 812 2 view .LVU51
 813:Core/Src/vl53l1_api.c **** 	VL53L1_DevicePresetModes LightModes[3] = {
 246              		.loc 1 813 2 view .LVU52
 247              		.loc 1 813 27 is_stmt 0 view .LVU53
 248 0002 1F4B     		ldr	r3, .L29
 249 0004 1B68     		ldr	r3, [r3]
 250 0006 ADF80C30 		strh	r3, [sp, #12]	@ movhi
 251 000a 1B0C     		lsrs	r3, r3, #16
 252 000c 8DF80E30 		strb	r3, [sp, #14]
 814:Core/Src/vl53l1_api.c **** 		VL53L1_DEVICEPRESETMODE_STANDARD_RANGING_SHORT_RANGE,
 815:Core/Src/vl53l1_api.c **** 		VL53L1_DEVICEPRESETMODE_STANDARD_RANGING,
 816:Core/Src/vl53l1_api.c **** 		VL53L1_DEVICEPRESETMODE_STANDARD_RANGING_LONG_RANGE};
 817:Core/Src/vl53l1_api.c **** 
 818:Core/Src/vl53l1_api.c **** 
 819:Core/Src/vl53l1_api.c **** 	VL53L1_DevicePresetModes TimedModes[3] = {
 253              		.loc 1 819 2 is_stmt 1 view .LVU54
 254              		.loc 1 819 27 is_stmt 0 view .LVU55
 255 0010 1C4B     		ldr	r3, .L29+4
 256 0012 1B68     		ldr	r3, [r3]
 257 0014 ADF80830 		strh	r3, [sp, #8]	@ movhi
 258 0018 1B0C     		lsrs	r3, r3, #16
 259 001a 8DF80A30 		strb	r3, [sp, #10]
 820:Core/Src/vl53l1_api.c **** 		VL53L1_DEVICEPRESETMODE_TIMED_RANGING_SHORT_RANGE,
 821:Core/Src/vl53l1_api.c **** 		VL53L1_DEVICEPRESETMODE_TIMED_RANGING,
 822:Core/Src/vl53l1_api.c **** 		VL53L1_DEVICEPRESETMODE_TIMED_RANGING_LONG_RANGE};
ARM GAS  C:\Users\Lenovo\AppData\Local\Temp\ccE9MZbZ.s 			page 20


 823:Core/Src/vl53l1_api.c **** 
 824:Core/Src/vl53l1_api.c **** 	VL53L1_DevicePresetModes LowPowerTimedModes[3] = {
 260              		.loc 1 824 2 is_stmt 1 view .LVU56
 261              		.loc 1 824 27 is_stmt 0 view .LVU57
 262 001e 1A4B     		ldr	r3, .L29+8
 263 0020 1B68     		ldr	r3, [r3]
 264 0022 ADF80430 		strh	r3, [sp, #4]	@ movhi
 265 0026 1B0C     		lsrs	r3, r3, #16
 266 0028 8DF80630 		strb	r3, [sp, #6]
 825:Core/Src/vl53l1_api.c **** 		VL53L1_DEVICEPRESETMODE_LOWPOWERAUTO_SHORT_RANGE,
 826:Core/Src/vl53l1_api.c **** 		VL53L1_DEVICEPRESETMODE_LOWPOWERAUTO_MEDIUM_RANGE,
 827:Core/Src/vl53l1_api.c **** 		VL53L1_DEVICEPRESETMODE_LOWPOWERAUTO_LONG_RANGE};
 828:Core/Src/vl53l1_api.c **** 
 829:Core/Src/vl53l1_api.c **** 	*pDevicePresetMode = VL53L1_DEVICEPRESETMODE_STANDARD_RANGING;
 267              		.loc 1 829 2 is_stmt 1 view .LVU58
 268              		.loc 1 829 21 is_stmt 0 view .LVU59
 269 002c 0123     		movs	r3, #1
 270 002e 1370     		strb	r3, [r2]
 830:Core/Src/vl53l1_api.c **** 
 831:Core/Src/vl53l1_api.c **** 	switch (DistanceMode) {
 271              		.loc 1 831 2 is_stmt 1 view .LVU60
 272 0030 9942     		cmp	r1, r3
 273 0032 0BD0     		beq	.L26
 274 0034 0229     		cmp	r1, #2
 275 0036 0BD1     		bne	.L27
 276              	.L21:
 277              	.LVL18:
 832:Core/Src/vl53l1_api.c **** 	case VL53L1_DISTANCEMODE_SHORT:
 833:Core/Src/vl53l1_api.c **** 		DistIdx = 0;
 834:Core/Src/vl53l1_api.c **** 		break;
 835:Core/Src/vl53l1_api.c **** 	case VL53L1_DISTANCEMODE_MEDIUM:
 836:Core/Src/vl53l1_api.c **** 		DistIdx = 1;
 837:Core/Src/vl53l1_api.c **** 		break;
 838:Core/Src/vl53l1_api.c **** 	default:
 839:Core/Src/vl53l1_api.c **** 		DistIdx = 2;
 840:Core/Src/vl53l1_api.c **** 	}
 841:Core/Src/vl53l1_api.c **** 
 842:Core/Src/vl53l1_api.c **** 	switch (PresetMode) {
 278              		.loc 1 842 2 view .LVU61
 279 0038 0428     		cmp	r0, #4
 280 003a 0BD0     		beq	.L22
 281 003c 0828     		cmp	r0, #8
 282 003e 17D0     		beq	.L23
 283 0040 0328     		cmp	r0, #3
 284 0042 0ED0     		beq	.L24
 285 0044 6FF00700 		mvn	r0, #7
 286              	.LVL19:
 287              	.L25:
 843:Core/Src/vl53l1_api.c **** 	case VL53L1_PRESETMODE_LITE_RANGING:
 844:Core/Src/vl53l1_api.c **** 		*pDevicePresetMode = LightModes[DistIdx];
 845:Core/Src/vl53l1_api.c **** 		break;
 846:Core/Src/vl53l1_api.c **** 
 847:Core/Src/vl53l1_api.c **** 
 848:Core/Src/vl53l1_api.c **** 	case VL53L1_PRESETMODE_AUTONOMOUS:
 849:Core/Src/vl53l1_api.c **** 		*pDevicePresetMode = TimedModes[DistIdx];
 850:Core/Src/vl53l1_api.c **** 		break;
 851:Core/Src/vl53l1_api.c **** 
ARM GAS  C:\Users\Lenovo\AppData\Local\Temp\ccE9MZbZ.s 			page 21


 852:Core/Src/vl53l1_api.c **** 	case VL53L1_PRESETMODE_LOWPOWER_AUTONOMOUS:
 853:Core/Src/vl53l1_api.c **** 		*pDevicePresetMode = LowPowerTimedModes[DistIdx];
 854:Core/Src/vl53l1_api.c **** 		break;
 855:Core/Src/vl53l1_api.c **** 
 856:Core/Src/vl53l1_api.c **** 	default:
 857:Core/Src/vl53l1_api.c **** 		/* Unsupported mode */
 858:Core/Src/vl53l1_api.c **** 		Status = VL53L1_ERROR_MODE_NOT_SUPPORTED;
 859:Core/Src/vl53l1_api.c **** 	}
 860:Core/Src/vl53l1_api.c **** 
 861:Core/Src/vl53l1_api.c **** 	return Status;
 288              		.loc 1 861 2 view .LVU62
 862:Core/Src/vl53l1_api.c **** }
 289              		.loc 1 862 1 is_stmt 0 view .LVU63
 290 0048 04B0     		add	sp, sp, #16
 291              	.LCFI4:
 292              		.cfi_remember_state
 293              		.cfi_def_cfa_offset 0
 294              		@ sp needed
 295 004a 7047     		bx	lr
 296              	.LVL20:
 297              	.L26:
 298              	.LCFI5:
 299              		.cfi_restore_state
 831:Core/Src/vl53l1_api.c **** 	case VL53L1_DISTANCEMODE_SHORT:
 300              		.loc 1 831 2 view .LVU64
 301 004c 0023     		movs	r3, #0
 302 004e F3E7     		b	.L21
 303              	.L27:
 839:Core/Src/vl53l1_api.c **** 	}
 304              		.loc 1 839 11 view .LVU65
 305 0050 0223     		movs	r3, #2
 306 0052 F1E7     		b	.L21
 307              	.LVL21:
 308              	.L22:
 844:Core/Src/vl53l1_api.c **** 		break;
 309              		.loc 1 844 3 is_stmt 1 view .LVU66
 844:Core/Src/vl53l1_api.c **** 		break;
 310              		.loc 1 844 34 is_stmt 0 view .LVU67
 311 0054 1033     		adds	r3, r3, #16
 312              	.LVL22:
 844:Core/Src/vl53l1_api.c **** 		break;
 313              		.loc 1 844 34 view .LVU68
 314 0056 6B44     		add	r3, sp, r3
 315 0058 13F8043C 		ldrb	r3, [r3, #-4]	@ zero_extendqisi2
 844:Core/Src/vl53l1_api.c **** 		break;
 316              		.loc 1 844 22 view .LVU69
 317 005c 1370     		strb	r3, [r2]
 845:Core/Src/vl53l1_api.c **** 
 318              		.loc 1 845 3 is_stmt 1 view .LVU70
 810:Core/Src/vl53l1_api.c **** 
 319              		.loc 1 810 15 is_stmt 0 view .LVU71
 320 005e 0020     		movs	r0, #0
 321              	.LVL23:
 845:Core/Src/vl53l1_api.c **** 
 322              		.loc 1 845 3 view .LVU72
 323 0060 F2E7     		b	.L25
 324              	.LVL24:
ARM GAS  C:\Users\Lenovo\AppData\Local\Temp\ccE9MZbZ.s 			page 22


 325              	.L24:
 849:Core/Src/vl53l1_api.c **** 		break;
 326              		.loc 1 849 3 is_stmt 1 view .LVU73
 849:Core/Src/vl53l1_api.c **** 		break;
 327              		.loc 1 849 34 is_stmt 0 view .LVU74
 328 0062 1033     		adds	r3, r3, #16
 329              	.LVL25:
 849:Core/Src/vl53l1_api.c **** 		break;
 330              		.loc 1 849 34 view .LVU75
 331 0064 6B44     		add	r3, sp, r3
 332 0066 13F8083C 		ldrb	r3, [r3, #-8]	@ zero_extendqisi2
 849:Core/Src/vl53l1_api.c **** 		break;
 333              		.loc 1 849 22 view .LVU76
 334 006a 1370     		strb	r3, [r2]
 850:Core/Src/vl53l1_api.c **** 
 335              		.loc 1 850 3 is_stmt 1 view .LVU77
 810:Core/Src/vl53l1_api.c **** 
 336              		.loc 1 810 15 is_stmt 0 view .LVU78
 337 006c 0020     		movs	r0, #0
 338              	.LVL26:
 850:Core/Src/vl53l1_api.c **** 
 339              		.loc 1 850 3 view .LVU79
 340 006e EBE7     		b	.L25
 341              	.LVL27:
 342              	.L23:
 853:Core/Src/vl53l1_api.c **** 		break;
 343              		.loc 1 853 3 is_stmt 1 view .LVU80
 853:Core/Src/vl53l1_api.c **** 		break;
 344              		.loc 1 853 42 is_stmt 0 view .LVU81
 345 0070 1033     		adds	r3, r3, #16
 346              	.LVL28:
 853:Core/Src/vl53l1_api.c **** 		break;
 347              		.loc 1 853 42 view .LVU82
 348 0072 6B44     		add	r3, sp, r3
 349 0074 13F80C3C 		ldrb	r3, [r3, #-12]	@ zero_extendqisi2
 853:Core/Src/vl53l1_api.c **** 		break;
 350              		.loc 1 853 22 view .LVU83
 351 0078 1370     		strb	r3, [r2]
 854:Core/Src/vl53l1_api.c **** 
 352              		.loc 1 854 3 is_stmt 1 view .LVU84
 810:Core/Src/vl53l1_api.c **** 
 353              		.loc 1 810 15 is_stmt 0 view .LVU85
 354 007a 0020     		movs	r0, #0
 355              	.LVL29:
 854:Core/Src/vl53l1_api.c **** 
 356              		.loc 1 854 3 view .LVU86
 357 007c E4E7     		b	.L25
 358              	.L30:
 359 007e 00BF     		.align	2
 360              	.L29:
 361 0080 00000000 		.word	.LC0
 362 0084 04000000 		.word	.LC1
 363 0088 08000000 		.word	.LC2
 364              		.cfi_endproc
 365              	.LFE23:
 367              		.section	.text.ComputeRQL,"ax",%progbits
 368              		.align	1
ARM GAS  C:\Users\Lenovo\AppData\Local\Temp\ccE9MZbZ.s 			page 23


 369              		.syntax unified
 370              		.thumb
 371              		.thumb_func
 373              	ComputeRQL:
 374              	.LVL30:
 375              	.LFB55:
 863:Core/Src/vl53l1_api.c **** 
 864:Core/Src/vl53l1_api.c **** static VL53L1_Error SetPresetMode(VL53L1_DEV Dev,
 865:Core/Src/vl53l1_api.c **** 		VL53L1_PresetModes PresetMode,
 866:Core/Src/vl53l1_api.c **** 		VL53L1_DistanceModes DistanceMode,
 867:Core/Src/vl53l1_api.c **** 		uint32_t inter_measurement_period_ms)
 868:Core/Src/vl53l1_api.c **** {
 869:Core/Src/vl53l1_api.c **** 	VL53L1_Error Status = VL53L1_ERROR_NONE;
 870:Core/Src/vl53l1_api.c **** 	VL53L1_DevicePresetModes   device_preset_mode;
 871:Core/Src/vl53l1_api.c **** 	uint8_t measurement_mode;
 872:Core/Src/vl53l1_api.c **** 	uint16_t dss_config__target_total_rate_mcps = 0;
 873:Core/Src/vl53l1_api.c **** 	uint32_t phasecal_config_timeout_us = 0;
 874:Core/Src/vl53l1_api.c **** 	uint32_t mm_config_timeout_us = 0;
 875:Core/Src/vl53l1_api.c **** 	uint32_t lld_range_config_timeout_us = 0;
 876:Core/Src/vl53l1_api.c **** 
 877:Core/Src/vl53l1_api.c **** 	LOG_FUNCTION_START("%d", (int)PresetMode);
 878:Core/Src/vl53l1_api.c **** 
 879:Core/Src/vl53l1_api.c **** 	if ((PresetMode == VL53L1_PRESETMODE_AUTONOMOUS) ||
 880:Core/Src/vl53l1_api.c **** 		(PresetMode == VL53L1_PRESETMODE_LOWPOWER_AUTONOMOUS))
 881:Core/Src/vl53l1_api.c **** 		measurement_mode  = VL53L1_DEVICEMEASUREMENTMODE_TIMED;
 882:Core/Src/vl53l1_api.c **** 	else
 883:Core/Src/vl53l1_api.c **** 		measurement_mode  = VL53L1_DEVICEMEASUREMENTMODE_BACKTOBACK;
 884:Core/Src/vl53l1_api.c **** 
 885:Core/Src/vl53l1_api.c **** 
 886:Core/Src/vl53l1_api.c **** 	Status = ComputeDevicePresetMode(PresetMode, DistanceMode,
 887:Core/Src/vl53l1_api.c **** 			&device_preset_mode);
 888:Core/Src/vl53l1_api.c **** 
 889:Core/Src/vl53l1_api.c **** 	if (Status == VL53L1_ERROR_NONE)
 890:Core/Src/vl53l1_api.c **** 		Status =  VL53L1_get_preset_mode_timing_cfg(Dev,
 891:Core/Src/vl53l1_api.c **** 				device_preset_mode,
 892:Core/Src/vl53l1_api.c **** 				&dss_config__target_total_rate_mcps,
 893:Core/Src/vl53l1_api.c **** 				&phasecal_config_timeout_us,
 894:Core/Src/vl53l1_api.c **** 				&mm_config_timeout_us,
 895:Core/Src/vl53l1_api.c **** 				&lld_range_config_timeout_us);
 896:Core/Src/vl53l1_api.c **** 
 897:Core/Src/vl53l1_api.c **** 	if (Status == VL53L1_ERROR_NONE)
 898:Core/Src/vl53l1_api.c **** 		Status = VL53L1_set_preset_mode(
 899:Core/Src/vl53l1_api.c **** 				Dev,
 900:Core/Src/vl53l1_api.c **** 				device_preset_mode,
 901:Core/Src/vl53l1_api.c **** 				dss_config__target_total_rate_mcps,
 902:Core/Src/vl53l1_api.c **** 				phasecal_config_timeout_us,
 903:Core/Src/vl53l1_api.c **** 				mm_config_timeout_us,
 904:Core/Src/vl53l1_api.c **** 				lld_range_config_timeout_us,
 905:Core/Src/vl53l1_api.c **** 				inter_measurement_period_ms);
 906:Core/Src/vl53l1_api.c **** 
 907:Core/Src/vl53l1_api.c **** 	if (Status == VL53L1_ERROR_NONE)
 908:Core/Src/vl53l1_api.c **** 		VL53L1DevDataSet(Dev, LLData.measurement_mode,
 909:Core/Src/vl53l1_api.c **** 				measurement_mode);
 910:Core/Src/vl53l1_api.c **** 
 911:Core/Src/vl53l1_api.c **** 	if (Status == VL53L1_ERROR_NONE)
 912:Core/Src/vl53l1_api.c **** 		VL53L1DevDataSet(Dev, CurrentParameters.PresetMode, PresetMode);
 913:Core/Src/vl53l1_api.c **** 
ARM GAS  C:\Users\Lenovo\AppData\Local\Temp\ccE9MZbZ.s 			page 24


 914:Core/Src/vl53l1_api.c **** 	LOG_FUNCTION_END(Status);
 915:Core/Src/vl53l1_api.c **** 	return Status;
 916:Core/Src/vl53l1_api.c **** }
 917:Core/Src/vl53l1_api.c **** 
 918:Core/Src/vl53l1_api.c **** VL53L1_Error VL53L1_SetInterruptPolarity(VL53L1_DEV Dev,
 919:Core/Src/vl53l1_api.c **** 		VL53L1_DeviceInterruptPolarity  interrupt_polarity)
 920:Core/Src/vl53l1_api.c **** {
 921:Core/Src/vl53l1_api.c **** 	VL53L1_Error Status = VL53L1_ERROR_NONE;
 922:Core/Src/vl53l1_api.c **** 
 923:Core/Src/vl53l1_api.c **** 	LOG_FUNCTION_START("");
 924:Core/Src/vl53l1_api.c **** 
 925:Core/Src/vl53l1_api.c **** 	Status = VL53L1_set_interrupt_polarity(Dev, interrupt_polarity);
 926:Core/Src/vl53l1_api.c **** 
 927:Core/Src/vl53l1_api.c **** 	LOG_FUNCTION_END(Status);
 928:Core/Src/vl53l1_api.c **** 	return Status;
 929:Core/Src/vl53l1_api.c **** }
 930:Core/Src/vl53l1_api.c **** 
 931:Core/Src/vl53l1_api.c **** VL53L1_Error VL53L1_GetInterruptPolarity(VL53L1_DEV Dev,
 932:Core/Src/vl53l1_api.c **** 		VL53L1_DeviceInterruptPolarity  *pinterrupt_polarity)
 933:Core/Src/vl53l1_api.c **** {
 934:Core/Src/vl53l1_api.c **** 	VL53L1_Error Status = VL53L1_ERROR_NONE;
 935:Core/Src/vl53l1_api.c **** 
 936:Core/Src/vl53l1_api.c **** 	LOG_FUNCTION_START("");
 937:Core/Src/vl53l1_api.c **** 
 938:Core/Src/vl53l1_api.c **** 	Status = VL53L1_get_interrupt_polarity(Dev, pinterrupt_polarity);
 939:Core/Src/vl53l1_api.c **** 
 940:Core/Src/vl53l1_api.c **** 	LOG_FUNCTION_END(Status);
 941:Core/Src/vl53l1_api.c **** 	return Status;
 942:Core/Src/vl53l1_api.c **** }
 943:Core/Src/vl53l1_api.c **** 
 944:Core/Src/vl53l1_api.c **** 
 945:Core/Src/vl53l1_api.c **** VL53L1_Error VL53L1_SetPresetMode(VL53L1_DEV Dev, VL53L1_PresetModes PresetMode)
 946:Core/Src/vl53l1_api.c **** {
 947:Core/Src/vl53l1_api.c **** 	VL53L1_Error Status = VL53L1_ERROR_NONE;
 948:Core/Src/vl53l1_api.c **** 	VL53L1_DistanceModes DistanceMode = VL53L1_DISTANCEMODE_LONG;
 949:Core/Src/vl53l1_api.c **** 
 950:Core/Src/vl53l1_api.c **** 	LOG_FUNCTION_START("%d", (int)PresetMode);
 951:Core/Src/vl53l1_api.c **** 
 952:Core/Src/vl53l1_api.c **** 	/* fix for bug 495690 */
 953:Core/Src/vl53l1_api.c **** 	Status = VL53L1_low_power_auto_data_init(Dev);
 954:Core/Src/vl53l1_api.c **** 
 955:Core/Src/vl53l1_api.c **** 	Status = SetPresetMode(Dev,
 956:Core/Src/vl53l1_api.c **** 			PresetMode,
 957:Core/Src/vl53l1_api.c **** 			DistanceMode,
 958:Core/Src/vl53l1_api.c **** 			1000);
 959:Core/Src/vl53l1_api.c **** 
 960:Core/Src/vl53l1_api.c **** 	if (Status == VL53L1_ERROR_NONE) {
 961:Core/Src/vl53l1_api.c **** 		if ((PresetMode == VL53L1_PRESETMODE_LITE_RANGING) ||
 962:Core/Src/vl53l1_api.c **** 			(PresetMode == VL53L1_PRESETMODE_AUTONOMOUS) ||
 963:Core/Src/vl53l1_api.c **** 			(PresetMode == VL53L1_PRESETMODE_LOWPOWER_AUTONOMOUS))
 964:Core/Src/vl53l1_api.c **** 			Status = VL53L1_SetMeasurementTimingBudgetMicroSeconds(
 965:Core/Src/vl53l1_api.c **** 				Dev, 41000);
 966:Core/Src/vl53l1_api.c **** 		else
 967:Core/Src/vl53l1_api.c **** 			/* Set default timing budget to 30Hz (33.33 ms)*/
 968:Core/Src/vl53l1_api.c **** 			Status = VL53L1_SetMeasurementTimingBudgetMicroSeconds(
 969:Core/Src/vl53l1_api.c **** 				Dev, 33333);
 970:Core/Src/vl53l1_api.c **** 	}
ARM GAS  C:\Users\Lenovo\AppData\Local\Temp\ccE9MZbZ.s 			page 25


 971:Core/Src/vl53l1_api.c **** 
 972:Core/Src/vl53l1_api.c **** 	if (Status == VL53L1_ERROR_NONE) {
 973:Core/Src/vl53l1_api.c **** 		/* Set default intermeasurement period to 1000 ms */
 974:Core/Src/vl53l1_api.c **** 		Status = VL53L1_SetInterMeasurementPeriodMilliSeconds(Dev,
 975:Core/Src/vl53l1_api.c **** 				1000);
 976:Core/Src/vl53l1_api.c **** 	}
 977:Core/Src/vl53l1_api.c **** 
 978:Core/Src/vl53l1_api.c **** 	LOG_FUNCTION_END(Status);
 979:Core/Src/vl53l1_api.c **** 	return Status;
 980:Core/Src/vl53l1_api.c **** }
 981:Core/Src/vl53l1_api.c **** 
 982:Core/Src/vl53l1_api.c **** 
 983:Core/Src/vl53l1_api.c **** VL53L1_Error VL53L1_GetPresetMode(VL53L1_DEV Dev,
 984:Core/Src/vl53l1_api.c **** 	VL53L1_PresetModes *pPresetMode)
 985:Core/Src/vl53l1_api.c **** {
 986:Core/Src/vl53l1_api.c **** 	VL53L1_Error Status = VL53L1_ERROR_NONE;
 987:Core/Src/vl53l1_api.c **** 
 988:Core/Src/vl53l1_api.c **** 	LOG_FUNCTION_START("");
 989:Core/Src/vl53l1_api.c **** 
 990:Core/Src/vl53l1_api.c **** 	*pPresetMode = VL53L1DevDataGet(Dev, CurrentParameters.PresetMode);
 991:Core/Src/vl53l1_api.c **** 
 992:Core/Src/vl53l1_api.c **** 	LOG_FUNCTION_END(Status);
 993:Core/Src/vl53l1_api.c **** 	return Status;
 994:Core/Src/vl53l1_api.c **** }
 995:Core/Src/vl53l1_api.c **** 
 996:Core/Src/vl53l1_api.c **** VL53L1_Error VL53L1_SetDistanceMode(VL53L1_DEV Dev,
 997:Core/Src/vl53l1_api.c **** 		VL53L1_DistanceModes DistanceMode)
 998:Core/Src/vl53l1_api.c **** {
 999:Core/Src/vl53l1_api.c **** 	VL53L1_Error Status = VL53L1_ERROR_NONE;
1000:Core/Src/vl53l1_api.c **** 	VL53L1_PresetModes PresetMode;
1001:Core/Src/vl53l1_api.c **** 	uint32_t inter_measurement_period_ms;
1002:Core/Src/vl53l1_api.c **** 	uint32_t TimingBudget = 0;
1003:Core/Src/vl53l1_api.c **** 	uint32_t MmTimeoutUs = 0;
1004:Core/Src/vl53l1_api.c **** 	uint32_t PhaseCalTimeoutUs = 0;
1005:Core/Src/vl53l1_api.c **** 	VL53L1_user_zone_t user_zone;
1006:Core/Src/vl53l1_api.c **** 
1007:Core/Src/vl53l1_api.c **** 	LOG_FUNCTION_START("%d", (int)DistanceMode);
1008:Core/Src/vl53l1_api.c **** 
1009:Core/Src/vl53l1_api.c **** 	PresetMode = VL53L1DevDataGet(Dev, CurrentParameters.PresetMode);
1010:Core/Src/vl53l1_api.c **** 
1011:Core/Src/vl53l1_api.c **** 	/* when the distance mode is valid:
1012:Core/Src/vl53l1_api.c **** 	 * Manual Mode: all modes
1013:Core/Src/vl53l1_api.c **** 	 * AUTO AUTO_LITE : LITE_RANGING, RANGING
1014:Core/Src/vl53l1_api.c **** 	 */
1015:Core/Src/vl53l1_api.c **** 
1016:Core/Src/vl53l1_api.c **** 	if ((DistanceMode != VL53L1_DISTANCEMODE_SHORT) &&
1017:Core/Src/vl53l1_api.c **** 		(DistanceMode != VL53L1_DISTANCEMODE_MEDIUM) &&
1018:Core/Src/vl53l1_api.c **** 		(DistanceMode != VL53L1_DISTANCEMODE_LONG))
1019:Core/Src/vl53l1_api.c **** 		return VL53L1_ERROR_INVALID_PARAMS;
1020:Core/Src/vl53l1_api.c **** 
1021:Core/Src/vl53l1_api.c **** 	if (Status == VL53L1_ERROR_NONE)
1022:Core/Src/vl53l1_api.c **** 		Status = VL53L1_get_user_zone(Dev, &user_zone);
1023:Core/Src/vl53l1_api.c **** 
1024:Core/Src/vl53l1_api.c **** 	inter_measurement_period_ms =  VL53L1DevDataGet(Dev,
1025:Core/Src/vl53l1_api.c **** 				LLData.inter_measurement_period_ms);
1026:Core/Src/vl53l1_api.c **** 
1027:Core/Src/vl53l1_api.c **** 	if (Status == VL53L1_ERROR_NONE)
ARM GAS  C:\Users\Lenovo\AppData\Local\Temp\ccE9MZbZ.s 			page 26


1028:Core/Src/vl53l1_api.c **** 		Status = VL53L1_get_timeouts_us(Dev, &PhaseCalTimeoutUs,
1029:Core/Src/vl53l1_api.c **** 			&MmTimeoutUs, &TimingBudget);
1030:Core/Src/vl53l1_api.c **** 
1031:Core/Src/vl53l1_api.c **** 	if (Status == VL53L1_ERROR_NONE)
1032:Core/Src/vl53l1_api.c **** 		Status = SetPresetMode(Dev,
1033:Core/Src/vl53l1_api.c **** 				PresetMode,
1034:Core/Src/vl53l1_api.c **** 				DistanceMode,
1035:Core/Src/vl53l1_api.c **** 				inter_measurement_period_ms);
1036:Core/Src/vl53l1_api.c **** 
1037:Core/Src/vl53l1_api.c **** 	if (Status == VL53L1_ERROR_NONE) {
1038:Core/Src/vl53l1_api.c **** 		VL53L1DevDataSet(Dev, CurrentParameters.DistanceMode,
1039:Core/Src/vl53l1_api.c **** 				DistanceMode);
1040:Core/Src/vl53l1_api.c **** 	}
1041:Core/Src/vl53l1_api.c **** 
1042:Core/Src/vl53l1_api.c **** 	if (Status == VL53L1_ERROR_NONE) {
1043:Core/Src/vl53l1_api.c **** 		Status = VL53L1_set_timeouts_us(Dev, PhaseCalTimeoutUs,
1044:Core/Src/vl53l1_api.c **** 			MmTimeoutUs, TimingBudget);
1045:Core/Src/vl53l1_api.c **** 
1046:Core/Src/vl53l1_api.c **** 		if (Status == VL53L1_ERROR_NONE)
1047:Core/Src/vl53l1_api.c **** 			VL53L1DevDataSet(Dev, LLData.range_config_timeout_us,
1048:Core/Src/vl53l1_api.c **** 				TimingBudget);
1049:Core/Src/vl53l1_api.c **** 	}
1050:Core/Src/vl53l1_api.c **** 
1051:Core/Src/vl53l1_api.c **** 	if (Status == VL53L1_ERROR_NONE)
1052:Core/Src/vl53l1_api.c **** 		Status = VL53L1_set_user_zone(Dev, &user_zone);
1053:Core/Src/vl53l1_api.c **** 
1054:Core/Src/vl53l1_api.c **** 	LOG_FUNCTION_END(Status);
1055:Core/Src/vl53l1_api.c **** 	return Status;
1056:Core/Src/vl53l1_api.c **** }
1057:Core/Src/vl53l1_api.c **** 
1058:Core/Src/vl53l1_api.c **** VL53L1_Error VL53L1_GetDistanceMode(VL53L1_DEV Dev,
1059:Core/Src/vl53l1_api.c **** 	VL53L1_DistanceModes *pDistanceMode)
1060:Core/Src/vl53l1_api.c **** {
1061:Core/Src/vl53l1_api.c **** 	VL53L1_Error Status = VL53L1_ERROR_NONE;
1062:Core/Src/vl53l1_api.c **** 
1063:Core/Src/vl53l1_api.c **** 	LOG_FUNCTION_START("");
1064:Core/Src/vl53l1_api.c **** 
1065:Core/Src/vl53l1_api.c **** 	*pDistanceMode = VL53L1DevDataGet(Dev, CurrentParameters.DistanceMode);
1066:Core/Src/vl53l1_api.c **** 
1067:Core/Src/vl53l1_api.c **** 	LOG_FUNCTION_END(Status);
1068:Core/Src/vl53l1_api.c **** 	return Status;
1069:Core/Src/vl53l1_api.c **** }
1070:Core/Src/vl53l1_api.c **** 
1071:Core/Src/vl53l1_api.c **** 
1072:Core/Src/vl53l1_api.c **** 
1073:Core/Src/vl53l1_api.c **** 
1074:Core/Src/vl53l1_api.c **** VL53L1_Error VL53L1_SetMeasurementTimingBudgetMicroSeconds(VL53L1_DEV Dev,
1075:Core/Src/vl53l1_api.c **** 	uint32_t MeasurementTimingBudgetMicroSeconds)
1076:Core/Src/vl53l1_api.c **** {
1077:Core/Src/vl53l1_api.c **** 	VL53L1_Error Status = VL53L1_ERROR_NONE;
1078:Core/Src/vl53l1_api.c **** 	uint8_t Mm1Enabled = 0;
1079:Core/Src/vl53l1_api.c **** 	uint8_t Mm2Enabled = 0;
1080:Core/Src/vl53l1_api.c **** 	uint32_t TimingGuard;
1081:Core/Src/vl53l1_api.c **** 	uint32_t divisor;
1082:Core/Src/vl53l1_api.c **** 	uint32_t TimingBudget = 0;
1083:Core/Src/vl53l1_api.c **** 	uint32_t MmTimeoutUs = 0;
1084:Core/Src/vl53l1_api.c **** 	VL53L1_PresetModes PresetMode;
ARM GAS  C:\Users\Lenovo\AppData\Local\Temp\ccE9MZbZ.s 			page 27


1085:Core/Src/vl53l1_api.c **** 	uint32_t PhaseCalTimeoutUs = 0;
1086:Core/Src/vl53l1_api.c **** 	uint32_t vhv;
1087:Core/Src/vl53l1_api.c **** 	int32_t vhv_loops;
1088:Core/Src/vl53l1_api.c **** 	uint32_t FDAMaxTimingBudgetUs = FDA_MAX_TIMING_BUDGET_US;
1089:Core/Src/vl53l1_api.c **** 
1090:Core/Src/vl53l1_api.c **** 	LOG_FUNCTION_START("");
1091:Core/Src/vl53l1_api.c **** 
1092:Core/Src/vl53l1_api.c **** 	/* Timing budget is limited to 10 seconds */
1093:Core/Src/vl53l1_api.c **** 	if (MeasurementTimingBudgetMicroSeconds > 10000000)
1094:Core/Src/vl53l1_api.c **** 		Status = VL53L1_ERROR_INVALID_PARAMS;
1095:Core/Src/vl53l1_api.c **** 
1096:Core/Src/vl53l1_api.c **** 	if (Status == VL53L1_ERROR_NONE) {
1097:Core/Src/vl53l1_api.c **** 		Status = VL53L1_GetSequenceStepEnable(Dev,
1098:Core/Src/vl53l1_api.c **** 			VL53L1_SEQUENCESTEP_MM1, &Mm1Enabled);
1099:Core/Src/vl53l1_api.c **** 	}
1100:Core/Src/vl53l1_api.c **** 
1101:Core/Src/vl53l1_api.c **** 	if (Status == VL53L1_ERROR_NONE) {
1102:Core/Src/vl53l1_api.c **** 		Status = VL53L1_GetSequenceStepEnable(Dev,
1103:Core/Src/vl53l1_api.c **** 			VL53L1_SEQUENCESTEP_MM2, &Mm2Enabled);
1104:Core/Src/vl53l1_api.c **** 	}
1105:Core/Src/vl53l1_api.c **** 
1106:Core/Src/vl53l1_api.c **** 	if (Status == VL53L1_ERROR_NONE)
1107:Core/Src/vl53l1_api.c **** 		Status = VL53L1_get_timeouts_us(Dev,
1108:Core/Src/vl53l1_api.c **** 			&PhaseCalTimeoutUs,
1109:Core/Src/vl53l1_api.c **** 			&MmTimeoutUs,
1110:Core/Src/vl53l1_api.c **** 			&TimingBudget);
1111:Core/Src/vl53l1_api.c **** 
1112:Core/Src/vl53l1_api.c **** 	if (Status == VL53L1_ERROR_NONE) {
1113:Core/Src/vl53l1_api.c **** 		PresetMode = VL53L1DevDataGet(Dev,
1114:Core/Src/vl53l1_api.c **** 				CurrentParameters.PresetMode);
1115:Core/Src/vl53l1_api.c **** 
1116:Core/Src/vl53l1_api.c **** 		TimingGuard = 0;
1117:Core/Src/vl53l1_api.c **** 		divisor = 1;
1118:Core/Src/vl53l1_api.c **** 		switch (PresetMode) {
1119:Core/Src/vl53l1_api.c **** 		case VL53L1_PRESETMODE_LITE_RANGING:
1120:Core/Src/vl53l1_api.c **** 			if ((Mm1Enabled == 1) || (Mm2Enabled == 1))
1121:Core/Src/vl53l1_api.c **** 				TimingGuard = 5000;
1122:Core/Src/vl53l1_api.c **** 			else
1123:Core/Src/vl53l1_api.c **** 				TimingGuard = 1000;
1124:Core/Src/vl53l1_api.c **** 		break;
1125:Core/Src/vl53l1_api.c **** 
1126:Core/Src/vl53l1_api.c **** 		case VL53L1_PRESETMODE_AUTONOMOUS:
1127:Core/Src/vl53l1_api.c **** 			FDAMaxTimingBudgetUs *= 2;
1128:Core/Src/vl53l1_api.c **** 			if ((Mm1Enabled == 1) || (Mm2Enabled == 1))
1129:Core/Src/vl53l1_api.c **** 				TimingGuard = 26600;
1130:Core/Src/vl53l1_api.c **** 			else
1131:Core/Src/vl53l1_api.c **** 				TimingGuard = 21600;
1132:Core/Src/vl53l1_api.c **** 			divisor = 2;
1133:Core/Src/vl53l1_api.c **** 		break;
1134:Core/Src/vl53l1_api.c **** 
1135:Core/Src/vl53l1_api.c **** 		case VL53L1_PRESETMODE_LOWPOWER_AUTONOMOUS:
1136:Core/Src/vl53l1_api.c **** 			FDAMaxTimingBudgetUs *= 2;
1137:Core/Src/vl53l1_api.c **** 			vhv = LOWPOWER_AUTO_VHV_LOOP_DURATION_US;
1138:Core/Src/vl53l1_api.c **** 			VL53L1_get_tuning_parm(Dev,
1139:Core/Src/vl53l1_api.c **** 				VL53L1_TUNINGPARM_LOWPOWERAUTO_VHV_LOOP_BOUND,
1140:Core/Src/vl53l1_api.c **** 				&vhv_loops);
1141:Core/Src/vl53l1_api.c **** 			if (vhv_loops > 0) {
ARM GAS  C:\Users\Lenovo\AppData\Local\Temp\ccE9MZbZ.s 			page 28


1142:Core/Src/vl53l1_api.c **** 				vhv += vhv_loops *
1143:Core/Src/vl53l1_api.c **** 					LOWPOWER_AUTO_VHV_LOOP_DURATION_US;
1144:Core/Src/vl53l1_api.c **** 			}
1145:Core/Src/vl53l1_api.c **** 			TimingGuard = LOWPOWER_AUTO_OVERHEAD_BEFORE_A_RANGING +
1146:Core/Src/vl53l1_api.c **** 				LOWPOWER_AUTO_OVERHEAD_BETWEEN_A_B_RANGING +
1147:Core/Src/vl53l1_api.c **** 				vhv;
1148:Core/Src/vl53l1_api.c **** 			divisor = 2;
1149:Core/Src/vl53l1_api.c **** 		break;
1150:Core/Src/vl53l1_api.c **** 
1151:Core/Src/vl53l1_api.c **** 		default:
1152:Core/Src/vl53l1_api.c **** 			/* Unsupported mode */
1153:Core/Src/vl53l1_api.c **** 			Status = VL53L1_ERROR_MODE_NOT_SUPPORTED;
1154:Core/Src/vl53l1_api.c **** 		}
1155:Core/Src/vl53l1_api.c **** 
1156:Core/Src/vl53l1_api.c **** 		if (MeasurementTimingBudgetMicroSeconds <= TimingGuard)
1157:Core/Src/vl53l1_api.c **** 			Status = VL53L1_ERROR_INVALID_PARAMS;
1158:Core/Src/vl53l1_api.c **** 		else {
1159:Core/Src/vl53l1_api.c **** 			TimingBudget = (MeasurementTimingBudgetMicroSeconds
1160:Core/Src/vl53l1_api.c **** 					- TimingGuard);
1161:Core/Src/vl53l1_api.c **** 		}
1162:Core/Src/vl53l1_api.c **** 
1163:Core/Src/vl53l1_api.c **** 		if (Status == VL53L1_ERROR_NONE) {
1164:Core/Src/vl53l1_api.c **** 			if (TimingBudget > FDAMaxTimingBudgetUs)
1165:Core/Src/vl53l1_api.c **** 				Status = VL53L1_ERROR_INVALID_PARAMS;
1166:Core/Src/vl53l1_api.c **** 			else {
1167:Core/Src/vl53l1_api.c **** 				TimingBudget /= divisor;
1168:Core/Src/vl53l1_api.c **** 				Status = VL53L1_set_timeouts_us(
1169:Core/Src/vl53l1_api.c **** 					Dev,
1170:Core/Src/vl53l1_api.c **** 					PhaseCalTimeoutUs,
1171:Core/Src/vl53l1_api.c **** 					MmTimeoutUs,
1172:Core/Src/vl53l1_api.c **** 					TimingBudget);
1173:Core/Src/vl53l1_api.c **** 			}
1174:Core/Src/vl53l1_api.c **** 
1175:Core/Src/vl53l1_api.c **** 			if (Status == VL53L1_ERROR_NONE)
1176:Core/Src/vl53l1_api.c **** 				VL53L1DevDataSet(Dev,
1177:Core/Src/vl53l1_api.c **** 					LLData.range_config_timeout_us,
1178:Core/Src/vl53l1_api.c **** 					TimingBudget);
1179:Core/Src/vl53l1_api.c **** 		}
1180:Core/Src/vl53l1_api.c **** 	}
1181:Core/Src/vl53l1_api.c **** 	if (Status == VL53L1_ERROR_NONE) {
1182:Core/Src/vl53l1_api.c **** 		VL53L1DevDataSet(Dev,
1183:Core/Src/vl53l1_api.c **** 			CurrentParameters.MeasurementTimingBudgetMicroSeconds,
1184:Core/Src/vl53l1_api.c **** 			MeasurementTimingBudgetMicroSeconds);
1185:Core/Src/vl53l1_api.c **** 	}
1186:Core/Src/vl53l1_api.c **** 
1187:Core/Src/vl53l1_api.c **** 	LOG_FUNCTION_END(Status);
1188:Core/Src/vl53l1_api.c **** 	return Status;
1189:Core/Src/vl53l1_api.c **** }
1190:Core/Src/vl53l1_api.c **** 
1191:Core/Src/vl53l1_api.c **** 
1192:Core/Src/vl53l1_api.c **** VL53L1_Error VL53L1_GetMeasurementTimingBudgetMicroSeconds(VL53L1_DEV Dev,
1193:Core/Src/vl53l1_api.c **** 	uint32_t *pMeasurementTimingBudgetMicroSeconds)
1194:Core/Src/vl53l1_api.c **** {
1195:Core/Src/vl53l1_api.c **** 	VL53L1_Error Status = VL53L1_ERROR_NONE;
1196:Core/Src/vl53l1_api.c **** 	uint8_t Mm1Enabled = 0;
1197:Core/Src/vl53l1_api.c **** 	uint8_t Mm2Enabled = 0;
1198:Core/Src/vl53l1_api.c **** 	uint32_t  MmTimeoutUs = 0;
ARM GAS  C:\Users\Lenovo\AppData\Local\Temp\ccE9MZbZ.s 			page 29


1199:Core/Src/vl53l1_api.c **** 	uint32_t  RangeTimeoutUs = 0;
1200:Core/Src/vl53l1_api.c **** 	uint32_t  MeasTimingBdg = 0;
1201:Core/Src/vl53l1_api.c **** 	uint32_t PhaseCalTimeoutUs = 0;
1202:Core/Src/vl53l1_api.c **** 	VL53L1_PresetModes PresetMode;
1203:Core/Src/vl53l1_api.c **** 	uint32_t TimingGuard;
1204:Core/Src/vl53l1_api.c **** 	uint32_t vhv;
1205:Core/Src/vl53l1_api.c **** 	int32_t vhv_loops;
1206:Core/Src/vl53l1_api.c **** 
1207:Core/Src/vl53l1_api.c **** 	LOG_FUNCTION_START("");
1208:Core/Src/vl53l1_api.c **** 
1209:Core/Src/vl53l1_api.c **** 	*pMeasurementTimingBudgetMicroSeconds = 0;
1210:Core/Src/vl53l1_api.c **** 
1211:Core/Src/vl53l1_api.c **** 	if (Status == VL53L1_ERROR_NONE)
1212:Core/Src/vl53l1_api.c **** 		Status = VL53L1_GetSequenceStepEnable(Dev,
1213:Core/Src/vl53l1_api.c **** 			VL53L1_SEQUENCESTEP_MM1, &Mm1Enabled);
1214:Core/Src/vl53l1_api.c **** 
1215:Core/Src/vl53l1_api.c **** 	if (Status == VL53L1_ERROR_NONE)
1216:Core/Src/vl53l1_api.c **** 		Status = VL53L1_GetSequenceStepEnable(Dev,
1217:Core/Src/vl53l1_api.c **** 			VL53L1_SEQUENCESTEP_MM2, &Mm2Enabled);
1218:Core/Src/vl53l1_api.c **** 
1219:Core/Src/vl53l1_api.c **** 	if (Status == VL53L1_ERROR_NONE)
1220:Core/Src/vl53l1_api.c **** 		Status = VL53L1_get_timeouts_us(Dev,
1221:Core/Src/vl53l1_api.c **** 			&PhaseCalTimeoutUs,
1222:Core/Src/vl53l1_api.c **** 			&MmTimeoutUs,
1223:Core/Src/vl53l1_api.c **** 			&RangeTimeoutUs);
1224:Core/Src/vl53l1_api.c **** 
1225:Core/Src/vl53l1_api.c **** 	if (Status == VL53L1_ERROR_NONE) {
1226:Core/Src/vl53l1_api.c **** 		PresetMode = VL53L1DevDataGet(Dev,
1227:Core/Src/vl53l1_api.c **** 				CurrentParameters.PresetMode);
1228:Core/Src/vl53l1_api.c **** 
1229:Core/Src/vl53l1_api.c **** 		switch (PresetMode) {
1230:Core/Src/vl53l1_api.c **** 		case VL53L1_PRESETMODE_LITE_RANGING:
1231:Core/Src/vl53l1_api.c **** 			if ((Mm1Enabled == 1) || (Mm2Enabled == 1))
1232:Core/Src/vl53l1_api.c **** 				MeasTimingBdg = RangeTimeoutUs + 5000;
1233:Core/Src/vl53l1_api.c **** 			else
1234:Core/Src/vl53l1_api.c **** 				MeasTimingBdg = RangeTimeoutUs + 1000;
1235:Core/Src/vl53l1_api.c **** 
1236:Core/Src/vl53l1_api.c **** 		break;
1237:Core/Src/vl53l1_api.c **** 
1238:Core/Src/vl53l1_api.c **** 		case VL53L1_PRESETMODE_AUTONOMOUS:
1239:Core/Src/vl53l1_api.c **** 			if ((Mm1Enabled == 1) || (Mm2Enabled == 1))
1240:Core/Src/vl53l1_api.c **** 				MeasTimingBdg = 2 * RangeTimeoutUs + 26600;
1241:Core/Src/vl53l1_api.c **** 			else
1242:Core/Src/vl53l1_api.c **** 				MeasTimingBdg = 2 * RangeTimeoutUs + 21600;
1243:Core/Src/vl53l1_api.c **** 
1244:Core/Src/vl53l1_api.c **** 		break;
1245:Core/Src/vl53l1_api.c **** 
1246:Core/Src/vl53l1_api.c **** 		case VL53L1_PRESETMODE_LOWPOWER_AUTONOMOUS:
1247:Core/Src/vl53l1_api.c **** 			vhv = LOWPOWER_AUTO_VHV_LOOP_DURATION_US;
1248:Core/Src/vl53l1_api.c **** 			VL53L1_get_tuning_parm(Dev,
1249:Core/Src/vl53l1_api.c **** 				VL53L1_TUNINGPARM_LOWPOWERAUTO_VHV_LOOP_BOUND,
1250:Core/Src/vl53l1_api.c **** 				&vhv_loops);
1251:Core/Src/vl53l1_api.c **** 			if (vhv_loops > 0) {
1252:Core/Src/vl53l1_api.c **** 				vhv += vhv_loops *
1253:Core/Src/vl53l1_api.c **** 					LOWPOWER_AUTO_VHV_LOOP_DURATION_US;
1254:Core/Src/vl53l1_api.c **** 			}
1255:Core/Src/vl53l1_api.c **** 			TimingGuard = LOWPOWER_AUTO_OVERHEAD_BEFORE_A_RANGING +
ARM GAS  C:\Users\Lenovo\AppData\Local\Temp\ccE9MZbZ.s 			page 30


1256:Core/Src/vl53l1_api.c **** 				LOWPOWER_AUTO_OVERHEAD_BETWEEN_A_B_RANGING +
1257:Core/Src/vl53l1_api.c **** 				vhv;
1258:Core/Src/vl53l1_api.c **** 			MeasTimingBdg = 2 * RangeTimeoutUs + TimingGuard;
1259:Core/Src/vl53l1_api.c **** 		break;
1260:Core/Src/vl53l1_api.c **** 
1261:Core/Src/vl53l1_api.c **** 		default:
1262:Core/Src/vl53l1_api.c **** 			/* Unsupported mode */
1263:Core/Src/vl53l1_api.c **** 			Status = VL53L1_ERROR_MODE_NOT_SUPPORTED;
1264:Core/Src/vl53l1_api.c **** 		}
1265:Core/Src/vl53l1_api.c **** 	}
1266:Core/Src/vl53l1_api.c **** 	if (Status == VL53L1_ERROR_NONE)
1267:Core/Src/vl53l1_api.c **** 		*pMeasurementTimingBudgetMicroSeconds = MeasTimingBdg;
1268:Core/Src/vl53l1_api.c **** 
1269:Core/Src/vl53l1_api.c **** 	LOG_FUNCTION_END(Status);
1270:Core/Src/vl53l1_api.c **** 	return Status;
1271:Core/Src/vl53l1_api.c **** }
1272:Core/Src/vl53l1_api.c **** 
1273:Core/Src/vl53l1_api.c **** 
1274:Core/Src/vl53l1_api.c **** 
1275:Core/Src/vl53l1_api.c **** VL53L1_Error VL53L1_SetInterMeasurementPeriodMilliSeconds(VL53L1_DEV Dev,
1276:Core/Src/vl53l1_api.c **** 	uint32_t InterMeasurementPeriodMilliSeconds)
1277:Core/Src/vl53l1_api.c **** {
1278:Core/Src/vl53l1_api.c **** 	VL53L1_Error Status = VL53L1_ERROR_NONE;
1279:Core/Src/vl53l1_api.c **** 	uint32_t adjustedIMP;
1280:Core/Src/vl53l1_api.c **** 
1281:Core/Src/vl53l1_api.c **** 	LOG_FUNCTION_START("");
1282:Core/Src/vl53l1_api.c **** 
1283:Core/Src/vl53l1_api.c **** 	/* Fix for Ticket 468205 actual measurement period shorter than set */
1284:Core/Src/vl53l1_api.c **** 	adjustedIMP = InterMeasurementPeriodMilliSeconds;
1285:Core/Src/vl53l1_api.c **** 	adjustedIMP += (adjustedIMP * 64) / 1000;
1286:Core/Src/vl53l1_api.c **** 	/* End of fix for Ticket 468205 */
1287:Core/Src/vl53l1_api.c **** 	Status = VL53L1_set_inter_measurement_period_ms(Dev,
1288:Core/Src/vl53l1_api.c **** 			adjustedIMP);
1289:Core/Src/vl53l1_api.c **** 
1290:Core/Src/vl53l1_api.c **** 	LOG_FUNCTION_END(Status);
1291:Core/Src/vl53l1_api.c **** 	return Status;
1292:Core/Src/vl53l1_api.c **** }
1293:Core/Src/vl53l1_api.c **** 
1294:Core/Src/vl53l1_api.c **** VL53L1_Error VL53L1_GetInterMeasurementPeriodMilliSeconds(VL53L1_DEV Dev,
1295:Core/Src/vl53l1_api.c **** 	uint32_t *pInterMeasurementPeriodMilliSeconds)
1296:Core/Src/vl53l1_api.c **** {
1297:Core/Src/vl53l1_api.c **** 	VL53L1_Error Status = VL53L1_ERROR_NONE;
1298:Core/Src/vl53l1_api.c **** 	uint32_t adjustedIMP;
1299:Core/Src/vl53l1_api.c **** 
1300:Core/Src/vl53l1_api.c **** 	LOG_FUNCTION_START("");
1301:Core/Src/vl53l1_api.c **** 
1302:Core/Src/vl53l1_api.c **** 	Status = VL53L1_get_inter_measurement_period_ms(Dev, &adjustedIMP);
1303:Core/Src/vl53l1_api.c **** 	/* Fix for Ticket 468205 actual measurement period shorter than set */
1304:Core/Src/vl53l1_api.c **** 	adjustedIMP -= (adjustedIMP * 64) / 1000;
1305:Core/Src/vl53l1_api.c **** 	*pInterMeasurementPeriodMilliSeconds = adjustedIMP;
1306:Core/Src/vl53l1_api.c **** 	/* End of fix for Ticket 468205 */
1307:Core/Src/vl53l1_api.c **** 
1308:Core/Src/vl53l1_api.c **** 	LOG_FUNCTION_END(Status);
1309:Core/Src/vl53l1_api.c **** 	return Status;
1310:Core/Src/vl53l1_api.c **** }
1311:Core/Src/vl53l1_api.c **** 
1312:Core/Src/vl53l1_api.c **** 
ARM GAS  C:\Users\Lenovo\AppData\Local\Temp\ccE9MZbZ.s 			page 31


1313:Core/Src/vl53l1_api.c **** /* End Group PAL Parameters Functions */
1314:Core/Src/vl53l1_api.c **** 
1315:Core/Src/vl53l1_api.c **** 
1316:Core/Src/vl53l1_api.c **** /* Group Limit check Functions */
1317:Core/Src/vl53l1_api.c **** 
1318:Core/Src/vl53l1_api.c **** VL53L1_Error VL53L1_GetNumberOfLimitCheck(uint16_t *pNumberOfLimitCheck)
1319:Core/Src/vl53l1_api.c **** {
1320:Core/Src/vl53l1_api.c **** 	VL53L1_Error Status = VL53L1_ERROR_NONE;
1321:Core/Src/vl53l1_api.c **** 
1322:Core/Src/vl53l1_api.c **** 	LOG_FUNCTION_START("");
1323:Core/Src/vl53l1_api.c **** 
1324:Core/Src/vl53l1_api.c **** 	*pNumberOfLimitCheck = VL53L1_CHECKENABLE_NUMBER_OF_CHECKS;
1325:Core/Src/vl53l1_api.c **** 
1326:Core/Src/vl53l1_api.c **** 	LOG_FUNCTION_END(Status);
1327:Core/Src/vl53l1_api.c **** 	return Status;
1328:Core/Src/vl53l1_api.c **** }
1329:Core/Src/vl53l1_api.c **** 
1330:Core/Src/vl53l1_api.c **** VL53L1_Error VL53L1_GetLimitCheckInfo(uint16_t LimitCheckId,
1331:Core/Src/vl53l1_api.c **** 	char *pLimitCheckString)
1332:Core/Src/vl53l1_api.c **** {
1333:Core/Src/vl53l1_api.c **** 	VL53L1_Error Status = VL53L1_ERROR_NONE;
1334:Core/Src/vl53l1_api.c **** 
1335:Core/Src/vl53l1_api.c **** 	LOG_FUNCTION_START("");
1336:Core/Src/vl53l1_api.c **** 
1337:Core/Src/vl53l1_api.c **** 	Status = VL53L1_get_limit_check_info(LimitCheckId,
1338:Core/Src/vl53l1_api.c **** 		pLimitCheckString);
1339:Core/Src/vl53l1_api.c **** 
1340:Core/Src/vl53l1_api.c **** 	LOG_FUNCTION_END(Status);
1341:Core/Src/vl53l1_api.c **** 	return Status;
1342:Core/Src/vl53l1_api.c **** }
1343:Core/Src/vl53l1_api.c **** 
1344:Core/Src/vl53l1_api.c **** VL53L1_Error VL53L1_GetLimitCheckStatus(VL53L1_DEV Dev, uint16_t LimitCheckId,
1345:Core/Src/vl53l1_api.c **** 	uint8_t *pLimitCheckStatus)
1346:Core/Src/vl53l1_api.c **** {
1347:Core/Src/vl53l1_api.c **** 	VL53L1_Error Status = VL53L1_ERROR_NONE;
1348:Core/Src/vl53l1_api.c **** 	uint8_t Temp8;
1349:Core/Src/vl53l1_api.c **** 
1350:Core/Src/vl53l1_api.c **** 	LOG_FUNCTION_START("");
1351:Core/Src/vl53l1_api.c **** 
1352:Core/Src/vl53l1_api.c **** 	if (LimitCheckId >= VL53L1_CHECKENABLE_NUMBER_OF_CHECKS) {
1353:Core/Src/vl53l1_api.c **** 		Status = VL53L1_ERROR_INVALID_PARAMS;
1354:Core/Src/vl53l1_api.c **** 	} else {
1355:Core/Src/vl53l1_api.c **** 		VL53L1_GETARRAYPARAMETERFIELD(Dev, LimitChecksStatus,
1356:Core/Src/vl53l1_api.c **** 			LimitCheckId, Temp8);
1357:Core/Src/vl53l1_api.c **** 		*pLimitCheckStatus = Temp8;
1358:Core/Src/vl53l1_api.c **** 	}
1359:Core/Src/vl53l1_api.c **** 
1360:Core/Src/vl53l1_api.c **** 	LOG_FUNCTION_END(Status);
1361:Core/Src/vl53l1_api.c **** 	return Status;
1362:Core/Src/vl53l1_api.c **** }
1363:Core/Src/vl53l1_api.c **** 
1364:Core/Src/vl53l1_api.c **** static VL53L1_Error SetLimitValue(VL53L1_DEV Dev, uint16_t LimitCheckId,
1365:Core/Src/vl53l1_api.c **** 		FixPoint1616_t value)
1366:Core/Src/vl53l1_api.c **** {
1367:Core/Src/vl53l1_api.c **** 	VL53L1_Error Status = VL53L1_ERROR_NONE;
1368:Core/Src/vl53l1_api.c **** 	uint16_t tmpuint16; /* temporary variable */
1369:Core/Src/vl53l1_api.c **** 
ARM GAS  C:\Users\Lenovo\AppData\Local\Temp\ccE9MZbZ.s 			page 32


1370:Core/Src/vl53l1_api.c **** 	LOG_FUNCTION_START("");
1371:Core/Src/vl53l1_api.c **** 
1372:Core/Src/vl53l1_api.c **** 	switch (LimitCheckId) {
1373:Core/Src/vl53l1_api.c **** 	case VL53L1_CHECKENABLE_SIGMA_FINAL_RANGE:
1374:Core/Src/vl53l1_api.c **** 		tmpuint16 = VL53L1_FIXPOINT1616TOFIXPOINT142(value);
1375:Core/Src/vl53l1_api.c **** 		VL53L1_set_lite_sigma_threshold(Dev, tmpuint16);
1376:Core/Src/vl53l1_api.c **** 		break;
1377:Core/Src/vl53l1_api.c **** 	case VL53L1_CHECKENABLE_SIGNAL_RATE_FINAL_RANGE:
1378:Core/Src/vl53l1_api.c **** 		tmpuint16 = VL53L1_FIXPOINT1616TOFIXPOINT97(value);
1379:Core/Src/vl53l1_api.c **** 		VL53L1_set_lite_min_count_rate(Dev, tmpuint16);
1380:Core/Src/vl53l1_api.c **** 		break;
1381:Core/Src/vl53l1_api.c **** 	default:
1382:Core/Src/vl53l1_api.c **** 		Status = VL53L1_ERROR_INVALID_PARAMS;
1383:Core/Src/vl53l1_api.c **** 	}
1384:Core/Src/vl53l1_api.c **** 
1385:Core/Src/vl53l1_api.c **** 	LOG_FUNCTION_END(Status);
1386:Core/Src/vl53l1_api.c **** 	return Status;
1387:Core/Src/vl53l1_api.c **** }
1388:Core/Src/vl53l1_api.c **** 
1389:Core/Src/vl53l1_api.c **** 
1390:Core/Src/vl53l1_api.c **** VL53L1_Error VL53L1_SetLimitCheckEnable(VL53L1_DEV Dev, uint16_t LimitCheckId,
1391:Core/Src/vl53l1_api.c **** 	uint8_t LimitCheckEnable)
1392:Core/Src/vl53l1_api.c **** {
1393:Core/Src/vl53l1_api.c **** 	VL53L1_Error Status = VL53L1_ERROR_NONE;
1394:Core/Src/vl53l1_api.c **** 	FixPoint1616_t TempFix1616 = 0;
1395:Core/Src/vl53l1_api.c **** 
1396:Core/Src/vl53l1_api.c **** 	LOG_FUNCTION_START("");
1397:Core/Src/vl53l1_api.c **** 
1398:Core/Src/vl53l1_api.c **** 
1399:Core/Src/vl53l1_api.c **** 	if (LimitCheckId >= VL53L1_CHECKENABLE_NUMBER_OF_CHECKS) {
1400:Core/Src/vl53l1_api.c **** 		Status = VL53L1_ERROR_INVALID_PARAMS;
1401:Core/Src/vl53l1_api.c **** 	} else {
1402:Core/Src/vl53l1_api.c **** 		/* TempFix1616 contains either 0 or the limit value */
1403:Core/Src/vl53l1_api.c **** 		if (LimitCheckEnable == 0)
1404:Core/Src/vl53l1_api.c **** 			TempFix1616 = 0;
1405:Core/Src/vl53l1_api.c **** 		else
1406:Core/Src/vl53l1_api.c **** 			VL53L1_GETARRAYPARAMETERFIELD(Dev, LimitChecksValue,
1407:Core/Src/vl53l1_api.c **** 				LimitCheckId, TempFix1616);
1408:Core/Src/vl53l1_api.c **** 
1409:Core/Src/vl53l1_api.c **** 		Status = SetLimitValue(Dev, LimitCheckId, TempFix1616);
1410:Core/Src/vl53l1_api.c **** 	}
1411:Core/Src/vl53l1_api.c **** 
1412:Core/Src/vl53l1_api.c **** 	if (Status == VL53L1_ERROR_NONE)
1413:Core/Src/vl53l1_api.c **** 		VL53L1_SETARRAYPARAMETERFIELD(Dev,
1414:Core/Src/vl53l1_api.c **** 			LimitChecksEnable,
1415:Core/Src/vl53l1_api.c **** 			LimitCheckId,
1416:Core/Src/vl53l1_api.c **** 			((LimitCheckEnable == 0) ? 0 : 1));
1417:Core/Src/vl53l1_api.c **** 
1418:Core/Src/vl53l1_api.c **** 
1419:Core/Src/vl53l1_api.c **** 
1420:Core/Src/vl53l1_api.c **** 	LOG_FUNCTION_END(Status);
1421:Core/Src/vl53l1_api.c **** 	return Status;
1422:Core/Src/vl53l1_api.c **** }
1423:Core/Src/vl53l1_api.c **** 
1424:Core/Src/vl53l1_api.c **** VL53L1_Error VL53L1_GetLimitCheckEnable(VL53L1_DEV Dev, uint16_t LimitCheckId,
1425:Core/Src/vl53l1_api.c **** 	uint8_t *pLimitCheckEnable)
1426:Core/Src/vl53l1_api.c **** {
ARM GAS  C:\Users\Lenovo\AppData\Local\Temp\ccE9MZbZ.s 			page 33


1427:Core/Src/vl53l1_api.c **** 	VL53L1_Error Status = VL53L1_ERROR_NONE;
1428:Core/Src/vl53l1_api.c **** 	uint8_t Temp8;
1429:Core/Src/vl53l1_api.c **** 
1430:Core/Src/vl53l1_api.c **** 	LOG_FUNCTION_START("");
1431:Core/Src/vl53l1_api.c **** 
1432:Core/Src/vl53l1_api.c **** 	if (LimitCheckId >= VL53L1_CHECKENABLE_NUMBER_OF_CHECKS) {
1433:Core/Src/vl53l1_api.c **** 		Status = VL53L1_ERROR_INVALID_PARAMS;
1434:Core/Src/vl53l1_api.c **** 		*pLimitCheckEnable = 0;
1435:Core/Src/vl53l1_api.c **** 	} else {
1436:Core/Src/vl53l1_api.c **** 		VL53L1_GETARRAYPARAMETERFIELD(Dev, LimitChecksEnable,
1437:Core/Src/vl53l1_api.c **** 			LimitCheckId, Temp8);
1438:Core/Src/vl53l1_api.c **** 		*pLimitCheckEnable = Temp8;
1439:Core/Src/vl53l1_api.c **** 	}
1440:Core/Src/vl53l1_api.c **** 
1441:Core/Src/vl53l1_api.c **** 
1442:Core/Src/vl53l1_api.c **** 	LOG_FUNCTION_END(Status);
1443:Core/Src/vl53l1_api.c **** 	return Status;
1444:Core/Src/vl53l1_api.c **** }
1445:Core/Src/vl53l1_api.c **** 
1446:Core/Src/vl53l1_api.c **** VL53L1_Error VL53L1_SetLimitCheckValue(VL53L1_DEV Dev, uint16_t LimitCheckId,
1447:Core/Src/vl53l1_api.c **** 	FixPoint1616_t LimitCheckValue)
1448:Core/Src/vl53l1_api.c **** {
1449:Core/Src/vl53l1_api.c **** 	VL53L1_Error Status = VL53L1_ERROR_NONE;
1450:Core/Src/vl53l1_api.c **** 	uint8_t LimitChecksEnable;
1451:Core/Src/vl53l1_api.c **** 
1452:Core/Src/vl53l1_api.c **** 	LOG_FUNCTION_START("");
1453:Core/Src/vl53l1_api.c **** 
1454:Core/Src/vl53l1_api.c **** 	if (LimitCheckId >= VL53L1_CHECKENABLE_NUMBER_OF_CHECKS) {
1455:Core/Src/vl53l1_api.c **** 		Status = VL53L1_ERROR_INVALID_PARAMS;
1456:Core/Src/vl53l1_api.c **** 	} else {
1457:Core/Src/vl53l1_api.c **** 
1458:Core/Src/vl53l1_api.c **** 		VL53L1_GETARRAYPARAMETERFIELD(Dev, LimitChecksEnable,
1459:Core/Src/vl53l1_api.c **** 				LimitCheckId,
1460:Core/Src/vl53l1_api.c **** 				LimitChecksEnable);
1461:Core/Src/vl53l1_api.c **** 
1462:Core/Src/vl53l1_api.c **** 		if (LimitChecksEnable == 0) {
1463:Core/Src/vl53l1_api.c **** 			/* disabled write only internal value */
1464:Core/Src/vl53l1_api.c **** 			VL53L1_SETARRAYPARAMETERFIELD(Dev, LimitChecksValue,
1465:Core/Src/vl53l1_api.c **** 				LimitCheckId, LimitCheckValue);
1466:Core/Src/vl53l1_api.c **** 		} else {
1467:Core/Src/vl53l1_api.c **** 
1468:Core/Src/vl53l1_api.c **** 			Status = SetLimitValue(Dev, LimitCheckId,
1469:Core/Src/vl53l1_api.c **** 					LimitCheckValue);
1470:Core/Src/vl53l1_api.c **** 
1471:Core/Src/vl53l1_api.c **** 			if (Status == VL53L1_ERROR_NONE) {
1472:Core/Src/vl53l1_api.c **** 				VL53L1_SETARRAYPARAMETERFIELD(Dev,
1473:Core/Src/vl53l1_api.c **** 					LimitChecksValue,
1474:Core/Src/vl53l1_api.c **** 					LimitCheckId, LimitCheckValue);
1475:Core/Src/vl53l1_api.c **** 			}
1476:Core/Src/vl53l1_api.c **** 		}
1477:Core/Src/vl53l1_api.c **** 	}
1478:Core/Src/vl53l1_api.c **** 
1479:Core/Src/vl53l1_api.c **** 	LOG_FUNCTION_END(Status);
1480:Core/Src/vl53l1_api.c **** 	return Status;
1481:Core/Src/vl53l1_api.c **** }
1482:Core/Src/vl53l1_api.c **** 
1483:Core/Src/vl53l1_api.c **** VL53L1_Error VL53L1_GetLimitCheckValue(VL53L1_DEV Dev, uint16_t LimitCheckId,
ARM GAS  C:\Users\Lenovo\AppData\Local\Temp\ccE9MZbZ.s 			page 34


1484:Core/Src/vl53l1_api.c **** 	FixPoint1616_t *pLimitCheckValue)
1485:Core/Src/vl53l1_api.c **** {
1486:Core/Src/vl53l1_api.c **** 	VL53L1_Error Status = VL53L1_ERROR_NONE;
1487:Core/Src/vl53l1_api.c **** 	uint16_t MinCountRate;
1488:Core/Src/vl53l1_api.c **** 	FixPoint1616_t TempFix1616 = 0;
1489:Core/Src/vl53l1_api.c **** 	uint16_t SigmaThresh;
1490:Core/Src/vl53l1_api.c **** 
1491:Core/Src/vl53l1_api.c **** 	LOG_FUNCTION_START("");
1492:Core/Src/vl53l1_api.c **** 
1493:Core/Src/vl53l1_api.c **** 	switch (LimitCheckId) {
1494:Core/Src/vl53l1_api.c **** 	case VL53L1_CHECKENABLE_SIGMA_FINAL_RANGE:
1495:Core/Src/vl53l1_api.c **** 		Status = VL53L1_get_lite_sigma_threshold(Dev, &SigmaThresh);
1496:Core/Src/vl53l1_api.c **** 		TempFix1616 = VL53L1_FIXPOINT142TOFIXPOINT1616(SigmaThresh);
1497:Core/Src/vl53l1_api.c **** 		break;
1498:Core/Src/vl53l1_api.c **** 	case VL53L1_CHECKENABLE_SIGNAL_RATE_FINAL_RANGE:
1499:Core/Src/vl53l1_api.c **** 		Status = VL53L1_get_lite_min_count_rate(Dev, &MinCountRate);
1500:Core/Src/vl53l1_api.c **** 		TempFix1616 = VL53L1_FIXPOINT97TOFIXPOINT1616(MinCountRate);
1501:Core/Src/vl53l1_api.c **** 		break;
1502:Core/Src/vl53l1_api.c **** 	default:
1503:Core/Src/vl53l1_api.c **** 		Status = VL53L1_ERROR_INVALID_PARAMS;
1504:Core/Src/vl53l1_api.c **** 	}
1505:Core/Src/vl53l1_api.c **** 
1506:Core/Src/vl53l1_api.c **** 	if (Status == VL53L1_ERROR_NONE) {
1507:Core/Src/vl53l1_api.c **** 
1508:Core/Src/vl53l1_api.c **** 		if (TempFix1616 == 0) {
1509:Core/Src/vl53l1_api.c **** 			/* disabled: return value from memory */
1510:Core/Src/vl53l1_api.c **** 			VL53L1_GETARRAYPARAMETERFIELD(Dev,
1511:Core/Src/vl53l1_api.c **** 				LimitChecksValue, LimitCheckId,
1512:Core/Src/vl53l1_api.c **** 				TempFix1616);
1513:Core/Src/vl53l1_api.c **** 			*pLimitCheckValue = TempFix1616;
1514:Core/Src/vl53l1_api.c **** 			VL53L1_SETARRAYPARAMETERFIELD(Dev,
1515:Core/Src/vl53l1_api.c **** 				LimitChecksEnable, LimitCheckId, 0);
1516:Core/Src/vl53l1_api.c **** 		} else {
1517:Core/Src/vl53l1_api.c **** 			*pLimitCheckValue = TempFix1616;
1518:Core/Src/vl53l1_api.c **** 			VL53L1_SETARRAYPARAMETERFIELD(Dev,
1519:Core/Src/vl53l1_api.c **** 				LimitChecksValue, LimitCheckId,
1520:Core/Src/vl53l1_api.c **** 				TempFix1616);
1521:Core/Src/vl53l1_api.c **** 			VL53L1_SETARRAYPARAMETERFIELD(Dev,
1522:Core/Src/vl53l1_api.c **** 				LimitChecksEnable, LimitCheckId, 1);
1523:Core/Src/vl53l1_api.c **** 		}
1524:Core/Src/vl53l1_api.c **** 	}
1525:Core/Src/vl53l1_api.c **** 	LOG_FUNCTION_END(Status);
1526:Core/Src/vl53l1_api.c **** 	return Status;
1527:Core/Src/vl53l1_api.c **** 
1528:Core/Src/vl53l1_api.c **** }
1529:Core/Src/vl53l1_api.c **** 
1530:Core/Src/vl53l1_api.c **** VL53L1_Error VL53L1_GetLimitCheckCurrent(VL53L1_DEV Dev, uint16_t LimitCheckId,
1531:Core/Src/vl53l1_api.c **** 	FixPoint1616_t *pLimitCheckCurrent)
1532:Core/Src/vl53l1_api.c **** {
1533:Core/Src/vl53l1_api.c **** 	VL53L1_Error Status = VL53L1_ERROR_NONE;
1534:Core/Src/vl53l1_api.c **** 	FixPoint1616_t TempFix1616 = 0;
1535:Core/Src/vl53l1_api.c **** 
1536:Core/Src/vl53l1_api.c **** 	LOG_FUNCTION_START("");
1537:Core/Src/vl53l1_api.c **** 
1538:Core/Src/vl53l1_api.c **** 	if (LimitCheckId >= VL53L1_CHECKENABLE_NUMBER_OF_CHECKS) {
1539:Core/Src/vl53l1_api.c **** 		Status = VL53L1_ERROR_INVALID_PARAMS;
1540:Core/Src/vl53l1_api.c **** 	} else {
ARM GAS  C:\Users\Lenovo\AppData\Local\Temp\ccE9MZbZ.s 			page 35


1541:Core/Src/vl53l1_api.c **** 		VL53L1_GETARRAYPARAMETERFIELD(Dev, LimitChecksCurrent,
1542:Core/Src/vl53l1_api.c **** 			LimitCheckId, TempFix1616);
1543:Core/Src/vl53l1_api.c **** 		*pLimitCheckCurrent = TempFix1616;
1544:Core/Src/vl53l1_api.c **** 	}
1545:Core/Src/vl53l1_api.c **** 
1546:Core/Src/vl53l1_api.c **** 	LOG_FUNCTION_END(Status);
1547:Core/Src/vl53l1_api.c **** 	return Status;
1548:Core/Src/vl53l1_api.c **** 
1549:Core/Src/vl53l1_api.c **** }
1550:Core/Src/vl53l1_api.c **** 
1551:Core/Src/vl53l1_api.c **** /* End Group Limit check Functions */
1552:Core/Src/vl53l1_api.c **** 
1553:Core/Src/vl53l1_api.c **** 
1554:Core/Src/vl53l1_api.c **** 
1555:Core/Src/vl53l1_api.c **** /* Group ROI Functions */
1556:Core/Src/vl53l1_api.c **** 
1557:Core/Src/vl53l1_api.c **** VL53L1_Error VL53L1_SetUserROI(VL53L1_DEV Dev,
1558:Core/Src/vl53l1_api.c **** 		VL53L1_UserRoi_t *pRoi)
1559:Core/Src/vl53l1_api.c **** {
1560:Core/Src/vl53l1_api.c **** 	VL53L1_Error Status = VL53L1_ERROR_NONE;
1561:Core/Src/vl53l1_api.c **** 	VL53L1_user_zone_t user_zone;
1562:Core/Src/vl53l1_api.c **** 
1563:Core/Src/vl53l1_api.c **** 	Status = CheckValidRectRoi(*pRoi);
1564:Core/Src/vl53l1_api.c **** 	if (Status != VL53L1_ERROR_NONE)
1565:Core/Src/vl53l1_api.c **** 		return VL53L1_ERROR_INVALID_PARAMS;
1566:Core/Src/vl53l1_api.c **** 
1567:Core/Src/vl53l1_api.c **** 	user_zone.x_centre = (pRoi->BotRightX + pRoi->TopLeftX  + 1) / 2;
1568:Core/Src/vl53l1_api.c **** 	user_zone.y_centre = (pRoi->TopLeftY  + pRoi->BotRightY + 1) / 2;
1569:Core/Src/vl53l1_api.c **** 	user_zone.width =    (pRoi->BotRightX - pRoi->TopLeftX);
1570:Core/Src/vl53l1_api.c **** 	user_zone.height =   (pRoi->TopLeftY  - pRoi->BotRightY);
1571:Core/Src/vl53l1_api.c **** 	if ((user_zone.width < 3) || (user_zone.height < 3))
1572:Core/Src/vl53l1_api.c **** 		Status = VL53L1_ERROR_INVALID_PARAMS;
1573:Core/Src/vl53l1_api.c **** 	else
1574:Core/Src/vl53l1_api.c **** 		Status =  VL53L1_set_user_zone(Dev, &user_zone);
1575:Core/Src/vl53l1_api.c **** 
1576:Core/Src/vl53l1_api.c **** 	LOG_FUNCTION_END(Status);
1577:Core/Src/vl53l1_api.c **** 	return Status;
1578:Core/Src/vl53l1_api.c **** }
1579:Core/Src/vl53l1_api.c **** 
1580:Core/Src/vl53l1_api.c **** VL53L1_Error VL53L1_GetUserROI(VL53L1_DEV Dev,
1581:Core/Src/vl53l1_api.c **** 		VL53L1_UserRoi_t *pRoi)
1582:Core/Src/vl53l1_api.c **** {
1583:Core/Src/vl53l1_api.c **** 	VL53L1_Error Status = VL53L1_ERROR_NONE;
1584:Core/Src/vl53l1_api.c **** 	VL53L1_user_zone_t	user_zone;
1585:Core/Src/vl53l1_api.c **** 
1586:Core/Src/vl53l1_api.c **** 	Status = VL53L1_get_user_zone(Dev, &user_zone);
1587:Core/Src/vl53l1_api.c **** 
1588:Core/Src/vl53l1_api.c **** 	pRoi->TopLeftX =  (2 * user_zone.x_centre - user_zone.width) >> 1;
1589:Core/Src/vl53l1_api.c **** 	pRoi->TopLeftY =  (2 * user_zone.y_centre + user_zone.height) >> 1;
1590:Core/Src/vl53l1_api.c **** 	pRoi->BotRightX = (2 * user_zone.x_centre + user_zone.width) >> 1;
1591:Core/Src/vl53l1_api.c **** 	pRoi->BotRightY = (2 * user_zone.y_centre - user_zone.height) >> 1;
1592:Core/Src/vl53l1_api.c **** 
1593:Core/Src/vl53l1_api.c **** 	LOG_FUNCTION_END(Status);
1594:Core/Src/vl53l1_api.c **** 	return Status;
1595:Core/Src/vl53l1_api.c **** }
1596:Core/Src/vl53l1_api.c **** 
1597:Core/Src/vl53l1_api.c **** 
ARM GAS  C:\Users\Lenovo\AppData\Local\Temp\ccE9MZbZ.s 			page 36


1598:Core/Src/vl53l1_api.c **** 
1599:Core/Src/vl53l1_api.c **** /* End Group ROI Functions */
1600:Core/Src/vl53l1_api.c **** 
1601:Core/Src/vl53l1_api.c **** 
1602:Core/Src/vl53l1_api.c **** /* Group Sequence Step Functions */
1603:Core/Src/vl53l1_api.c **** 
1604:Core/Src/vl53l1_api.c **** VL53L1_Error VL53L1_GetNumberOfSequenceSteps(VL53L1_DEV Dev,
1605:Core/Src/vl53l1_api.c **** 	uint8_t *pNumberOfSequenceSteps)
1606:Core/Src/vl53l1_api.c **** {
1607:Core/Src/vl53l1_api.c **** 	VL53L1_Error Status = VL53L1_ERROR_NONE;
1608:Core/Src/vl53l1_api.c **** 
1609:Core/Src/vl53l1_api.c **** 	SUPPRESS_UNUSED_WARNING(Dev);
1610:Core/Src/vl53l1_api.c **** 
1611:Core/Src/vl53l1_api.c **** 	LOG_FUNCTION_START("");
1612:Core/Src/vl53l1_api.c **** 
1613:Core/Src/vl53l1_api.c **** 	*pNumberOfSequenceSteps = VL53L1_SEQUENCESTEP_NUMBER_OF_ITEMS;
1614:Core/Src/vl53l1_api.c **** 
1615:Core/Src/vl53l1_api.c **** 	LOG_FUNCTION_END(Status);
1616:Core/Src/vl53l1_api.c **** 	return Status;
1617:Core/Src/vl53l1_api.c **** }
1618:Core/Src/vl53l1_api.c **** 
1619:Core/Src/vl53l1_api.c **** VL53L1_Error VL53L1_GetSequenceStepsInfo(VL53L1_SequenceStepId SequenceStepId,
1620:Core/Src/vl53l1_api.c **** 	char *pSequenceStepsString)
1621:Core/Src/vl53l1_api.c **** {
1622:Core/Src/vl53l1_api.c **** 	VL53L1_Error Status = VL53L1_ERROR_NONE;
1623:Core/Src/vl53l1_api.c **** 
1624:Core/Src/vl53l1_api.c **** 	LOG_FUNCTION_START("");
1625:Core/Src/vl53l1_api.c **** 
1626:Core/Src/vl53l1_api.c **** 	Status = VL53L1_get_sequence_steps_info(
1627:Core/Src/vl53l1_api.c **** 			SequenceStepId,
1628:Core/Src/vl53l1_api.c **** 			pSequenceStepsString);
1629:Core/Src/vl53l1_api.c **** 
1630:Core/Src/vl53l1_api.c **** 	LOG_FUNCTION_END(Status);
1631:Core/Src/vl53l1_api.c **** 
1632:Core/Src/vl53l1_api.c **** 	return Status;
1633:Core/Src/vl53l1_api.c **** }
1634:Core/Src/vl53l1_api.c **** 
1635:Core/Src/vl53l1_api.c **** VL53L1_Error VL53L1_SetSequenceStepEnable(VL53L1_DEV Dev,
1636:Core/Src/vl53l1_api.c **** 	VL53L1_SequenceStepId SequenceStepId, uint8_t SequenceStepEnabled)
1637:Core/Src/vl53l1_api.c **** {
1638:Core/Src/vl53l1_api.c **** 	VL53L1_Error Status = VL53L1_ERROR_NONE;
1639:Core/Src/vl53l1_api.c **** 	uint32_t MeasurementTimingBudgetMicroSeconds;
1640:Core/Src/vl53l1_api.c **** 
1641:Core/Src/vl53l1_api.c **** 	LOG_FUNCTION_START("");
1642:Core/Src/vl53l1_api.c **** 
1643:Core/Src/vl53l1_api.c **** 	/* the VL53L1_SequenceStepId correspond to the LLD
1644:Core/Src/vl53l1_api.c **** 	 * VL53L1_DeviceSequenceConfig
1645:Core/Src/vl53l1_api.c **** 	 */
1646:Core/Src/vl53l1_api.c **** 
1647:Core/Src/vl53l1_api.c **** 	Status = VL53L1_set_sequence_config_bit(Dev,
1648:Core/Src/vl53l1_api.c **** 		(VL53L1_DeviceSequenceConfig)SequenceStepId,
1649:Core/Src/vl53l1_api.c **** 		SequenceStepEnabled);
1650:Core/Src/vl53l1_api.c **** 
1651:Core/Src/vl53l1_api.c **** 	/* Apply New Setting */
1652:Core/Src/vl53l1_api.c **** 	if (Status == VL53L1_ERROR_NONE) {
1653:Core/Src/vl53l1_api.c **** 
1654:Core/Src/vl53l1_api.c **** 		/* Recalculate timing budget */
ARM GAS  C:\Users\Lenovo\AppData\Local\Temp\ccE9MZbZ.s 			page 37


1655:Core/Src/vl53l1_api.c **** 		MeasurementTimingBudgetMicroSeconds = VL53L1DevDataGet(Dev,
1656:Core/Src/vl53l1_api.c **** 			CurrentParameters.MeasurementTimingBudgetMicroSeconds);
1657:Core/Src/vl53l1_api.c **** 
1658:Core/Src/vl53l1_api.c **** 		VL53L1_SetMeasurementTimingBudgetMicroSeconds(Dev,
1659:Core/Src/vl53l1_api.c **** 			MeasurementTimingBudgetMicroSeconds);
1660:Core/Src/vl53l1_api.c **** 	}
1661:Core/Src/vl53l1_api.c **** 
1662:Core/Src/vl53l1_api.c **** 	LOG_FUNCTION_END(Status);
1663:Core/Src/vl53l1_api.c **** 
1664:Core/Src/vl53l1_api.c **** 	return Status;
1665:Core/Src/vl53l1_api.c **** }
1666:Core/Src/vl53l1_api.c **** 
1667:Core/Src/vl53l1_api.c **** 
1668:Core/Src/vl53l1_api.c **** VL53L1_Error VL53L1_GetSequenceStepEnable(VL53L1_DEV Dev,
1669:Core/Src/vl53l1_api.c **** 	VL53L1_SequenceStepId SequenceStepId, uint8_t *pSequenceStepEnabled)
1670:Core/Src/vl53l1_api.c **** {
1671:Core/Src/vl53l1_api.c **** 	VL53L1_Error Status = VL53L1_ERROR_NONE;
1672:Core/Src/vl53l1_api.c **** 
1673:Core/Src/vl53l1_api.c **** 	LOG_FUNCTION_START("");
1674:Core/Src/vl53l1_api.c **** 
1675:Core/Src/vl53l1_api.c **** 	Status = VL53L1_get_sequence_config_bit(Dev,
1676:Core/Src/vl53l1_api.c **** 		(VL53L1_DeviceSequenceConfig)SequenceStepId,
1677:Core/Src/vl53l1_api.c **** 		pSequenceStepEnabled);
1678:Core/Src/vl53l1_api.c **** 
1679:Core/Src/vl53l1_api.c **** 	LOG_FUNCTION_END(Status);
1680:Core/Src/vl53l1_api.c **** 	return Status;
1681:Core/Src/vl53l1_api.c **** }
1682:Core/Src/vl53l1_api.c **** 
1683:Core/Src/vl53l1_api.c **** 
1684:Core/Src/vl53l1_api.c **** /* End Group Sequence Step Functions Functions */
1685:Core/Src/vl53l1_api.c **** 
1686:Core/Src/vl53l1_api.c **** 
1687:Core/Src/vl53l1_api.c **** 
1688:Core/Src/vl53l1_api.c **** /* Group PAL Measurement Functions */
1689:Core/Src/vl53l1_api.c **** 
1690:Core/Src/vl53l1_api.c **** 
1691:Core/Src/vl53l1_api.c **** 
1692:Core/Src/vl53l1_api.c **** VL53L1_Error VL53L1_StartMeasurement(VL53L1_DEV Dev)
1693:Core/Src/vl53l1_api.c **** {
1694:Core/Src/vl53l1_api.c **** #define TIMED_MODE_TIMING_GUARD_MILLISECONDS 4
1695:Core/Src/vl53l1_api.c **** 	VL53L1_Error Status = VL53L1_ERROR_NONE;
1696:Core/Src/vl53l1_api.c **** 	uint8_t DeviceMeasurementMode;
1697:Core/Src/vl53l1_api.c **** 	VL53L1_State CurrPalState;
1698:Core/Src/vl53l1_api.c **** 	VL53L1_Error lStatus;
1699:Core/Src/vl53l1_api.c **** 	uint32_t MTBus, IMPms;
1700:Core/Src/vl53l1_api.c **** 
1701:Core/Src/vl53l1_api.c **** 
1702:Core/Src/vl53l1_api.c **** 	LOG_FUNCTION_START("");
1703:Core/Src/vl53l1_api.c **** 
1704:Core/Src/vl53l1_api.c **** 	DeviceMeasurementMode = VL53L1DevDataGet(Dev, LLData.measurement_mode);
1705:Core/Src/vl53l1_api.c **** 	if (DeviceMeasurementMode != VL53L1_DEVICEMEASUREMENTMODE_TIMED)
1706:Core/Src/vl53l1_api.c **** 		VL53L1_LoadPatch(Dev);
1707:Core/Src/vl53l1_api.c **** 	CurrPalState = VL53L1DevDataGet(Dev, PalState);
1708:Core/Src/vl53l1_api.c **** 	switch (CurrPalState) {
1709:Core/Src/vl53l1_api.c **** 	case VL53L1_STATE_IDLE:
1710:Core/Src/vl53l1_api.c **** 		Status = VL53L1_ERROR_NONE;
1711:Core/Src/vl53l1_api.c **** 		break;
ARM GAS  C:\Users\Lenovo\AppData\Local\Temp\ccE9MZbZ.s 			page 38


1712:Core/Src/vl53l1_api.c **** 	case VL53L1_STATE_POWERDOWN:
1713:Core/Src/vl53l1_api.c **** 	case VL53L1_STATE_WAIT_STATICINIT:
1714:Core/Src/vl53l1_api.c **** 	case VL53L1_STATE_STANDBY:
1715:Core/Src/vl53l1_api.c **** 	case VL53L1_STATE_RUNNING:
1716:Core/Src/vl53l1_api.c **** 	case VL53L1_STATE_RESET:
1717:Core/Src/vl53l1_api.c **** 	case VL53L1_STATE_UNKNOWN:
1718:Core/Src/vl53l1_api.c **** 	case VL53L1_STATE_ERROR:
1719:Core/Src/vl53l1_api.c **** 		Status = VL53L1_ERROR_INVALID_COMMAND;
1720:Core/Src/vl53l1_api.c **** 		break;
1721:Core/Src/vl53l1_api.c **** 	default:
1722:Core/Src/vl53l1_api.c **** 		Status = VL53L1_ERROR_UNDEFINED;
1723:Core/Src/vl53l1_api.c **** 	}
1724:Core/Src/vl53l1_api.c **** 
1725:Core/Src/vl53l1_api.c **** 	/* Check timing configuration between timing budget and
1726:Core/Src/vl53l1_api.c **** 	 * inter measurement period */
1727:Core/Src/vl53l1_api.c **** 	if ((Status == VL53L1_ERROR_NONE) &&
1728:Core/Src/vl53l1_api.c **** 		(DeviceMeasurementMode == VL53L1_DEVICEMEASUREMENTMODE_TIMED)) {
1729:Core/Src/vl53l1_api.c **** 		lStatus = VL53L1_GetMeasurementTimingBudgetMicroSeconds(Dev,
1730:Core/Src/vl53l1_api.c **** 				&MTBus);
1731:Core/Src/vl53l1_api.c **** 		/* convert timing budget in ms */
1732:Core/Src/vl53l1_api.c **** 		MTBus /= 1000;
1733:Core/Src/vl53l1_api.c **** 		lStatus = VL53L1_GetInterMeasurementPeriodMilliSeconds(Dev,
1734:Core/Src/vl53l1_api.c **** 				&IMPms);
1735:Core/Src/vl53l1_api.c **** 		/* trick to get rid of compiler "set but not used" warning */
1736:Core/Src/vl53l1_api.c **** 		SUPPRESS_UNUSED_WARNING(lStatus);
1737:Core/Src/vl53l1_api.c **** 		if (IMPms < MTBus + TIMED_MODE_TIMING_GUARD_MILLISECONDS)
1738:Core/Src/vl53l1_api.c **** 			Status = VL53L1_ERROR_INVALID_PARAMS;
1739:Core/Src/vl53l1_api.c **** 	}
1740:Core/Src/vl53l1_api.c **** 
1741:Core/Src/vl53l1_api.c **** 	if (Status == VL53L1_ERROR_NONE)
1742:Core/Src/vl53l1_api.c **** 		Status = VL53L1_init_and_start_range(
1743:Core/Src/vl53l1_api.c **** 				Dev,
1744:Core/Src/vl53l1_api.c **** 				DeviceMeasurementMode,
1745:Core/Src/vl53l1_api.c **** 				VL53L1_DEVICECONFIGLEVEL_FULL);
1746:Core/Src/vl53l1_api.c **** 
1747:Core/Src/vl53l1_api.c **** 	/* Set PAL State to Running */
1748:Core/Src/vl53l1_api.c **** 	if (Status == VL53L1_ERROR_NONE)
1749:Core/Src/vl53l1_api.c **** 		VL53L1DevDataSet(Dev, PalState, VL53L1_STATE_RUNNING);
1750:Core/Src/vl53l1_api.c **** 
1751:Core/Src/vl53l1_api.c **** 
1752:Core/Src/vl53l1_api.c **** 	LOG_FUNCTION_END(Status);
1753:Core/Src/vl53l1_api.c **** 	return Status;
1754:Core/Src/vl53l1_api.c **** }
1755:Core/Src/vl53l1_api.c **** 
1756:Core/Src/vl53l1_api.c **** VL53L1_Error VL53L1_StopMeasurement(VL53L1_DEV Dev)
1757:Core/Src/vl53l1_api.c **** {
1758:Core/Src/vl53l1_api.c **** 	VL53L1_Error Status = VL53L1_ERROR_NONE;
1759:Core/Src/vl53l1_api.c **** 	uint8_t DeviceMeasurementMode;
1760:Core/Src/vl53l1_api.c **** 
1761:Core/Src/vl53l1_api.c **** 	LOG_FUNCTION_START("");
1762:Core/Src/vl53l1_api.c **** 
1763:Core/Src/vl53l1_api.c **** 	Status = VL53L1_stop_range(Dev);
1764:Core/Src/vl53l1_api.c **** 	DeviceMeasurementMode = VL53L1DevDataGet(Dev, LLData.measurement_mode);
1765:Core/Src/vl53l1_api.c **** 	if (DeviceMeasurementMode != VL53L1_DEVICEMEASUREMENTMODE_TIMED)
1766:Core/Src/vl53l1_api.c **** 		VL53L1_UnloadPatch(Dev);
1767:Core/Src/vl53l1_api.c **** 	/* Set PAL State to Idle */
1768:Core/Src/vl53l1_api.c **** 	if (Status == VL53L1_ERROR_NONE)
ARM GAS  C:\Users\Lenovo\AppData\Local\Temp\ccE9MZbZ.s 			page 39


1769:Core/Src/vl53l1_api.c **** 		VL53L1DevDataSet(Dev, PalState, VL53L1_STATE_IDLE);
1770:Core/Src/vl53l1_api.c **** 
1771:Core/Src/vl53l1_api.c **** 	LOG_FUNCTION_END(Status);
1772:Core/Src/vl53l1_api.c **** 	return Status;
1773:Core/Src/vl53l1_api.c **** }
1774:Core/Src/vl53l1_api.c **** 
1775:Core/Src/vl53l1_api.c **** 
1776:Core/Src/vl53l1_api.c **** VL53L1_Error VL53L1_ClearInterruptAndStartMeasurement(VL53L1_DEV Dev)
1777:Core/Src/vl53l1_api.c **** {
1778:Core/Src/vl53l1_api.c **** 	VL53L1_Error Status = VL53L1_ERROR_NONE;
1779:Core/Src/vl53l1_api.c **** 	uint8_t DeviceMeasurementMode;
1780:Core/Src/vl53l1_api.c **** 
1781:Core/Src/vl53l1_api.c **** 	LOG_FUNCTION_START("");
1782:Core/Src/vl53l1_api.c **** 
1783:Core/Src/vl53l1_api.c **** 	DeviceMeasurementMode = VL53L1DevDataGet(Dev, LLData.measurement_mode);
1784:Core/Src/vl53l1_api.c **** 
1785:Core/Src/vl53l1_api.c **** 	Status = VL53L1_clear_interrupt_and_enable_next_range(Dev,
1786:Core/Src/vl53l1_api.c **** 			DeviceMeasurementMode);
1787:Core/Src/vl53l1_api.c **** 
1788:Core/Src/vl53l1_api.c **** 	LOG_FUNCTION_END(Status);
1789:Core/Src/vl53l1_api.c **** 	return Status;
1790:Core/Src/vl53l1_api.c **** }
1791:Core/Src/vl53l1_api.c **** 
1792:Core/Src/vl53l1_api.c **** 
1793:Core/Src/vl53l1_api.c **** VL53L1_Error VL53L1_GetMeasurementDataReady(VL53L1_DEV Dev,
1794:Core/Src/vl53l1_api.c **** 	uint8_t *pMeasurementDataReady)
1795:Core/Src/vl53l1_api.c **** {
1796:Core/Src/vl53l1_api.c **** 	VL53L1_Error Status = VL53L1_ERROR_NONE;
1797:Core/Src/vl53l1_api.c **** 
1798:Core/Src/vl53l1_api.c **** 	LOG_FUNCTION_START("");
1799:Core/Src/vl53l1_api.c **** 
1800:Core/Src/vl53l1_api.c **** 	Status = VL53L1_is_new_data_ready(Dev, pMeasurementDataReady);
1801:Core/Src/vl53l1_api.c **** 
1802:Core/Src/vl53l1_api.c **** 	LOG_FUNCTION_END(Status);
1803:Core/Src/vl53l1_api.c **** 	return Status;
1804:Core/Src/vl53l1_api.c **** }
1805:Core/Src/vl53l1_api.c **** 
1806:Core/Src/vl53l1_api.c **** VL53L1_Error VL53L1_WaitMeasurementDataReady(VL53L1_DEV Dev)
1807:Core/Src/vl53l1_api.c **** {
1808:Core/Src/vl53l1_api.c **** 	VL53L1_Error Status = VL53L1_ERROR_NONE;
1809:Core/Src/vl53l1_api.c **** 
1810:Core/Src/vl53l1_api.c **** 	LOG_FUNCTION_START("");
1811:Core/Src/vl53l1_api.c **** 
1812:Core/Src/vl53l1_api.c **** 	/* Note that the timeout is given by:
1813:Core/Src/vl53l1_api.c **** 	* VL53L1_RANGE_COMPLETION_POLLING_TIMEOUT_MS defined in def.h
1814:Core/Src/vl53l1_api.c **** 	*/
1815:Core/Src/vl53l1_api.c **** 
1816:Core/Src/vl53l1_api.c **** 	Status = VL53L1_poll_for_range_completion(Dev,
1817:Core/Src/vl53l1_api.c **** 			VL53L1_RANGE_COMPLETION_POLLING_TIMEOUT_MS);
1818:Core/Src/vl53l1_api.c **** 
1819:Core/Src/vl53l1_api.c **** 	LOG_FUNCTION_END(Status);
1820:Core/Src/vl53l1_api.c **** 	return Status;
1821:Core/Src/vl53l1_api.c **** }
1822:Core/Src/vl53l1_api.c **** 
1823:Core/Src/vl53l1_api.c **** 
1824:Core/Src/vl53l1_api.c **** 
1825:Core/Src/vl53l1_api.c **** static uint8_t ComputeRQL(uint8_t active_results,
ARM GAS  C:\Users\Lenovo\AppData\Local\Temp\ccE9MZbZ.s 			page 40


1826:Core/Src/vl53l1_api.c **** 		uint8_t FilteredRangeStatus,
1827:Core/Src/vl53l1_api.c **** 		VL53L1_range_data_t *presults_data)
1828:Core/Src/vl53l1_api.c **** {
 376              		.loc 1 1828 1 is_stmt 1 view -0
 377              		.cfi_startproc
 378              		@ args = 0, pretend = 0, frame = 0
 379              		@ frame_needed = 0, uses_anonymous_args = 0
 380              		@ link register save eliminated.
1829:Core/Src/vl53l1_api.c **** 	int16_t SRL = 300;
 381              		.loc 1 1829 2 view .LVU88
1830:Core/Src/vl53l1_api.c **** 	uint16_t SRAS = 30;
 382              		.loc 1 1830 2 view .LVU89
1831:Core/Src/vl53l1_api.c **** 	FixPoint1616_t RAS;
 383              		.loc 1 1831 2 view .LVU90
1832:Core/Src/vl53l1_api.c **** 	FixPoint1616_t SRQL;
 384              		.loc 1 1832 2 view .LVU91
1833:Core/Src/vl53l1_api.c **** 	FixPoint1616_t GI =   7713587; /* 117.7 * 65536 */
 385              		.loc 1 1833 2 view .LVU92
1834:Core/Src/vl53l1_api.c **** 	FixPoint1616_t GGm =  3198157; /* 48.8 * 65536 */
 386              		.loc 1 1834 2 view .LVU93
1835:Core/Src/vl53l1_api.c **** 	FixPoint1616_t LRAP = 6554;    /* 0.1 * 65536 */
 387              		.loc 1 1835 2 view .LVU94
1836:Core/Src/vl53l1_api.c **** 	FixPoint1616_t partial;
 388              		.loc 1 1836 2 view .LVU95
1837:Core/Src/vl53l1_api.c **** 	uint8_t finalvalue;
 389              		.loc 1 1837 2 view .LVU96
1838:Core/Src/vl53l1_api.c **** 	uint8_t returnvalue;
 390              		.loc 1 1838 2 view .LVU97
1839:Core/Src/vl53l1_api.c **** 
1840:Core/Src/vl53l1_api.c **** 	if (active_results == 0)
 391              		.loc 1 1840 2 view .LVU98
 392              		.loc 1 1840 5 is_stmt 0 view .LVU99
 393 0000 0346     		mov	r3, r0
 394 0002 38B3     		cbz	r0, .L32
1841:Core/Src/vl53l1_api.c **** 		returnvalue = 0;
1842:Core/Src/vl53l1_api.c **** 	else if (FilteredRangeStatus == VL53L1_DEVICEERROR_PHASECONSISTENCY)
 395              		.loc 1 1842 7 is_stmt 1 view .LVU100
 396              		.loc 1 1842 10 is_stmt 0 view .LVU101
 397 0004 0729     		cmp	r1, #7
 398 0006 27D0     		beq	.L35
1843:Core/Src/vl53l1_api.c **** 		returnvalue = 50;
1844:Core/Src/vl53l1_api.c **** 	else {
1845:Core/Src/vl53l1_api.c **** 		if (presults_data->median_range_mm < SRL)
 399              		.loc 1 1845 3 is_stmt 1 view .LVU102
 400              		.loc 1 1845 20 is_stmt 0 view .LVU103
 401 0008 B2F93C30 		ldrsh	r3, [r2, #60]
 402              		.loc 1 1845 6 view .LVU104
 403 000c B3F5967F 		cmp	r3, #300
 404 0010 07DB     		blt	.L36
1846:Core/Src/vl53l1_api.c **** 			RAS = SRAS * 65536;
1847:Core/Src/vl53l1_api.c **** 		else
1848:Core/Src/vl53l1_api.c **** 			RAS = LRAP * presults_data->median_range_mm;
 405              		.loc 1 1848 4 is_stmt 1 view .LVU105
 406              		.loc 1 1848 8 is_stmt 0 view .LVU106
 407 0012 41F69A11 		movw	r1, #6554
 408              	.LVL31:
 409              		.loc 1 1848 8 view .LVU107
ARM GAS  C:\Users\Lenovo\AppData\Local\Temp\ccE9MZbZ.s 			page 41


 410 0016 01FB03F3 		mul	r3, r1, r3
 411              	.LVL32:
1849:Core/Src/vl53l1_api.c **** 
1850:Core/Src/vl53l1_api.c **** 		/* Fix1616 + (fix1616 * uint16_t / fix1616) * 65536 = fix1616 */
1851:Core/Src/vl53l1_api.c **** 		if (RAS != 0) {
 412              		.loc 1 1851 3 is_stmt 1 view .LVU108
 413              		.loc 1 1851 6 is_stmt 0 view .LVU109
 414 001a 23B9     		cbnz	r3, .L33
1852:Core/Src/vl53l1_api.c **** 			partial = (GGm * presults_data->sigma_mm);
1853:Core/Src/vl53l1_api.c **** 			partial = partial + (RAS >> 1);
1854:Core/Src/vl53l1_api.c **** 			partial = partial / RAS;
1855:Core/Src/vl53l1_api.c **** 			partial = partial * 65536;
1856:Core/Src/vl53l1_api.c **** 			if (partial <= GI)
1857:Core/Src/vl53l1_api.c **** 				SRQL = GI - partial;
1858:Core/Src/vl53l1_api.c **** 			else
1859:Core/Src/vl53l1_api.c **** 				SRQL = 50 * 65536;
1860:Core/Src/vl53l1_api.c **** 		} else
1861:Core/Src/vl53l1_api.c **** 			SRQL = 100 * 65536;
 415              		.loc 1 1861 9 view .LVU110
 416 001c 4FF4C803 		mov	r3, #6553600
 417              	.LVL33:
 418              		.loc 1 1861 9 view .LVU111
 419 0020 11E0     		b	.L34
 420              	.LVL34:
 421              	.L36:
1846:Core/Src/vl53l1_api.c **** 		else
 422              		.loc 1 1846 8 view .LVU112
 423 0022 4FF4F013 		mov	r3, #1966080
 424              	.LVL35:
 425              	.L33:
1852:Core/Src/vl53l1_api.c **** 			partial = (GGm * presults_data->sigma_mm);
 426              		.loc 1 1852 4 is_stmt 1 view .LVU113
1852:Core/Src/vl53l1_api.c **** 			partial = (GGm * presults_data->sigma_mm);
 427              		.loc 1 1852 34 is_stmt 0 view .LVU114
 428 0026 118F     		ldrh	r1, [r2, #56]
 429              	.LVL36:
1853:Core/Src/vl53l1_api.c **** 			partial = partial / RAS;
 430              		.loc 1 1853 4 is_stmt 1 view .LVU115
1853:Core/Src/vl53l1_api.c **** 			partial = partial / RAS;
 431              		.loc 1 1853 29 is_stmt 0 view .LVU116
 432 0028 5A08     		lsrs	r2, r3, #1
 433              	.LVL37:
1853:Core/Src/vl53l1_api.c **** 			partial = partial / RAS;
 434              		.loc 1 1853 12 view .LVU117
 435 002a 0D48     		ldr	r0, .L40
 436              	.LVL38:
1853:Core/Src/vl53l1_api.c **** 			partial = partial / RAS;
 437              		.loc 1 1853 12 view .LVU118
 438 002c 00FB0122 		mla	r2, r0, r1, r2
 439              	.LVL39:
1854:Core/Src/vl53l1_api.c **** 			partial = partial * 65536;
 440              		.loc 1 1854 4 is_stmt 1 view .LVU119
1854:Core/Src/vl53l1_api.c **** 			partial = partial * 65536;
 441              		.loc 1 1854 12 is_stmt 0 view .LVU120
 442 0030 B2FBF3F3 		udiv	r3, r2, r3
 443              	.LVL40:
1855:Core/Src/vl53l1_api.c **** 			if (partial <= GI)
ARM GAS  C:\Users\Lenovo\AppData\Local\Temp\ccE9MZbZ.s 			page 42


 444              		.loc 1 1855 4 is_stmt 1 view .LVU121
1855:Core/Src/vl53l1_api.c **** 			if (partial <= GI)
 445              		.loc 1 1855 12 is_stmt 0 view .LVU122
 446 0034 1904     		lsls	r1, r3, #16
 447              	.LVL41:
1856:Core/Src/vl53l1_api.c **** 				SRQL = GI - partial;
 448              		.loc 1 1856 4 is_stmt 1 view .LVU123
1856:Core/Src/vl53l1_api.c **** 				SRQL = GI - partial;
 449              		.loc 1 1856 7 is_stmt 0 view .LVU124
 450 0036 0B4A     		ldr	r2, .L40+4
 451 0038 B2EB034F 		cmp	r2, r3, lsl #16
 452 003c 01D3     		bcc	.L38
1857:Core/Src/vl53l1_api.c **** 			else
 453              		.loc 1 1857 5 is_stmt 1 view .LVU125
1857:Core/Src/vl53l1_api.c **** 			else
 454              		.loc 1 1857 10 is_stmt 0 view .LVU126
 455 003e 531A     		subs	r3, r2, r1
 456              	.LVL42:
1857:Core/Src/vl53l1_api.c **** 			else
 457              		.loc 1 1857 10 view .LVU127
 458 0040 01E0     		b	.L34
 459              	.LVL43:
 460              	.L38:
1859:Core/Src/vl53l1_api.c **** 		} else
 461              		.loc 1 1859 10 view .LVU128
 462 0042 4FF44813 		mov	r3, #3276800
 463              	.LVL44:
 464              	.L34:
1862:Core/Src/vl53l1_api.c **** 
1863:Core/Src/vl53l1_api.c **** 		finalvalue = (uint8_t)(SRQL >> 16);
 465              		.loc 1 1863 3 is_stmt 1 view .LVU129
 466              		.loc 1 1863 14 is_stmt 0 view .LVU130
 467 0046 C3F30743 		ubfx	r3, r3, #16, #8
 468              	.LVL45:
1864:Core/Src/vl53l1_api.c **** 		returnvalue = MAX(50, MIN(100, finalvalue));
 469              		.loc 1 1864 3 is_stmt 1 view .LVU131
 470              		.loc 1 1864 15 is_stmt 0 view .LVU132
 471 004a 322B     		cmp	r3, #50
 472 004c 06D9     		bls	.L39
 473              		.loc 1 1864 15 discriminator 1 view .LVU133
 474 004e 642B     		cmp	r3, #100
 475 0050 28BF     		it	cs
 476 0052 6423     		movcs	r3, #100
 477              	.LVL46:
 478              	.L32:
1865:Core/Src/vl53l1_api.c **** 	}
1866:Core/Src/vl53l1_api.c **** 
1867:Core/Src/vl53l1_api.c **** 	return returnvalue;
 479              		.loc 1 1867 2 is_stmt 1 view .LVU134
1868:Core/Src/vl53l1_api.c **** }
 480              		.loc 1 1868 1 is_stmt 0 view .LVU135
 481 0054 1846     		mov	r0, r3
 482 0056 7047     		bx	lr
 483              	.LVL47:
 484              	.L35:
1843:Core/Src/vl53l1_api.c **** 	else {
 485              		.loc 1 1843 15 view .LVU136
ARM GAS  C:\Users\Lenovo\AppData\Local\Temp\ccE9MZbZ.s 			page 43


 486 0058 3223     		movs	r3, #50
 487 005a FBE7     		b	.L32
 488              	.LVL48:
 489              	.L39:
1864:Core/Src/vl53l1_api.c **** 	}
 490              		.loc 1 1864 15 view .LVU137
 491 005c 3223     		movs	r3, #50
 492              	.LVL49:
1864:Core/Src/vl53l1_api.c **** 	}
 493              		.loc 1 1864 15 view .LVU138
 494 005e F9E7     		b	.L32
 495              	.L41:
 496              		.align	2
 497              	.L40:
 498 0060 CDCC3000 		.word	3198157
 499 0064 33B37500 		.word	7713587
 500              		.cfi_endproc
 501              	.LFE55:
 503              		.section	.text.ConvertStatusLite,"ax",%progbits
 504              		.align	1
 505              		.syntax unified
 506              		.thumb
 507              		.thumb_func
 509              	ConvertStatusLite:
 510              	.LVL50:
 511              	.LFB56:
1869:Core/Src/vl53l1_api.c **** 
1870:Core/Src/vl53l1_api.c **** 
1871:Core/Src/vl53l1_api.c **** static uint8_t ConvertStatusLite(uint8_t FilteredRangeStatus)
1872:Core/Src/vl53l1_api.c **** {
 512              		.loc 1 1872 1 is_stmt 1 view -0
 513              		.cfi_startproc
 514              		@ args = 0, pretend = 0, frame = 0
 515              		@ frame_needed = 0, uses_anonymous_args = 0
 516              		@ link register save eliminated.
1873:Core/Src/vl53l1_api.c **** 	uint8_t RangeStatus;
 517              		.loc 1 1873 2 view .LVU140
1874:Core/Src/vl53l1_api.c **** 
1875:Core/Src/vl53l1_api.c **** 	switch (FilteredRangeStatus) {
 518              		.loc 1 1875 2 view .LVU141
 519 0000 031F     		subs	r3, r0, #4
 520 0002 0F2B     		cmp	r3, #15
 521 0004 17D8     		bhi	.L43
 522 0006 DFE803F0 		tbb	[pc, r3]
 523              	.L45:
 524 000a 0C       		.byte	(.L53-.L45)/2
 525 000b 0A       		.byte	(.L52-.L45)/2
 526 000c 0E       		.byte	(.L51-.L45)/2
 527 000d 19       		.byte	(.L44-.L45)/2
 528 000e 12       		.byte	(.L49-.L45)/2
 529 000f 14       		.byte	(.L48-.L45)/2
 530 0010 16       		.byte	(.L43-.L45)/2
 531 0011 16       		.byte	(.L43-.L45)/2
 532 0012 10       		.byte	(.L47-.L45)/2
 533 0013 16       		.byte	(.L43-.L45)/2
 534 0014 16       		.byte	(.L43-.L45)/2
 535 0015 16       		.byte	(.L43-.L45)/2
ARM GAS  C:\Users\Lenovo\AppData\Local\Temp\ccE9MZbZ.s 			page 44


 536 0016 16       		.byte	(.L43-.L45)/2
 537 0017 16       		.byte	(.L43-.L45)/2
 538 0018 08       		.byte	(.L46-.L45)/2
 539 0019 18       		.byte	(.L54-.L45)/2
 540              		.p2align 1
 541              	.L46:
 542 001a 0A20     		movs	r0, #10
 543              	.LVL51:
 544              		.loc 1 1875 2 is_stmt 0 view .LVU142
 545 001c 7047     		bx	lr
 546              	.LVL52:
 547              	.L52:
1876:Core/Src/vl53l1_api.c **** 	case VL53L1_DEVICEERROR_GPHSTREAMCOUNT0READY:
1877:Core/Src/vl53l1_api.c **** 		RangeStatus = VL53L1_RANGESTATUS_SYNCRONISATION_INT;
1878:Core/Src/vl53l1_api.c **** 		break;
1879:Core/Src/vl53l1_api.c **** 	case VL53L1_DEVICEERROR_RANGECOMPLETE_NO_WRAP_CHECK:
1880:Core/Src/vl53l1_api.c **** 		RangeStatus = VL53L1_RANGESTATUS_RANGE_VALID_NO_WRAP_CHECK_FAIL;
1881:Core/Src/vl53l1_api.c **** 		break;
1882:Core/Src/vl53l1_api.c **** 	case VL53L1_DEVICEERROR_RANGEPHASECHECK:
1883:Core/Src/vl53l1_api.c **** 		RangeStatus = VL53L1_RANGESTATUS_OUTOFBOUNDS_FAIL;
 548              		.loc 1 1883 3 is_stmt 1 view .LVU143
1884:Core/Src/vl53l1_api.c **** 		break;
 549              		.loc 1 1884 3 view .LVU144
1883:Core/Src/vl53l1_api.c **** 		break;
 550              		.loc 1 1883 15 is_stmt 0 view .LVU145
 551 001e 0420     		movs	r0, #4
 552              	.LVL53:
 553              		.loc 1 1884 3 view .LVU146
 554 0020 7047     		bx	lr
 555              	.LVL54:
 556              	.L53:
1885:Core/Src/vl53l1_api.c **** 	case VL53L1_DEVICEERROR_MSRCNOTARGET:
1886:Core/Src/vl53l1_api.c **** 		RangeStatus = VL53L1_RANGESTATUS_SIGNAL_FAIL;
 557              		.loc 1 1886 3 is_stmt 1 view .LVU147
1887:Core/Src/vl53l1_api.c **** 		break;
 558              		.loc 1 1887 3 view .LVU148
1886:Core/Src/vl53l1_api.c **** 		break;
 559              		.loc 1 1886 15 is_stmt 0 view .LVU149
 560 0022 0220     		movs	r0, #2
 561              	.LVL55:
 562              		.loc 1 1887 3 view .LVU150
 563 0024 7047     		bx	lr
 564              	.LVL56:
 565              	.L51:
1888:Core/Src/vl53l1_api.c **** 	case VL53L1_DEVICEERROR_SIGMATHRESHOLDCHECK:
1889:Core/Src/vl53l1_api.c **** 		RangeStatus = VL53L1_RANGESTATUS_SIGMA_FAIL;
 566              		.loc 1 1889 3 is_stmt 1 view .LVU151
1890:Core/Src/vl53l1_api.c **** 		break;
 567              		.loc 1 1890 3 view .LVU152
1889:Core/Src/vl53l1_api.c **** 		break;
 568              		.loc 1 1889 15 is_stmt 0 view .LVU153
 569 0026 0120     		movs	r0, #1
 570              	.LVL57:
 571              		.loc 1 1890 3 view .LVU154
 572 0028 7047     		bx	lr
 573              	.LVL58:
 574              	.L47:
ARM GAS  C:\Users\Lenovo\AppData\Local\Temp\ccE9MZbZ.s 			page 45


1891:Core/Src/vl53l1_api.c **** 	case VL53L1_DEVICEERROR_PHASECONSISTENCY:
1892:Core/Src/vl53l1_api.c **** 		RangeStatus = VL53L1_RANGESTATUS_WRAP_TARGET_FAIL;
1893:Core/Src/vl53l1_api.c **** 		break;
1894:Core/Src/vl53l1_api.c **** 	case VL53L1_DEVICEERROR_RANGEIGNORETHRESHOLD:
1895:Core/Src/vl53l1_api.c **** 		RangeStatus = VL53L1_RANGESTATUS_XTALK_SIGNAL_FAIL;
 575              		.loc 1 1895 3 is_stmt 1 view .LVU155
1896:Core/Src/vl53l1_api.c **** 		break;
 576              		.loc 1 1896 3 view .LVU156
1895:Core/Src/vl53l1_api.c **** 		break;
 577              		.loc 1 1895 15 is_stmt 0 view .LVU157
 578 002a 0920     		movs	r0, #9
 579              	.LVL59:
 580              		.loc 1 1896 3 view .LVU158
 581 002c 7047     		bx	lr
 582              	.LVL60:
 583              	.L49:
1897:Core/Src/vl53l1_api.c **** 	case VL53L1_DEVICEERROR_MINCLIP:
1898:Core/Src/vl53l1_api.c **** 		RangeStatus = VL53L1_RANGESTATUS_RANGE_VALID_MIN_RANGE_CLIPPED;
 584              		.loc 1 1898 3 is_stmt 1 view .LVU159
1899:Core/Src/vl53l1_api.c **** 		break;
 585              		.loc 1 1899 3 view .LVU160
1898:Core/Src/vl53l1_api.c **** 		break;
 586              		.loc 1 1898 15 is_stmt 0 view .LVU161
 587 002e 0320     		movs	r0, #3
 588              	.LVL61:
 589              		.loc 1 1899 3 view .LVU162
 590 0030 7047     		bx	lr
 591              	.LVL62:
 592              	.L48:
1900:Core/Src/vl53l1_api.c **** 	case VL53L1_DEVICEERROR_RANGECOMPLETE:
1901:Core/Src/vl53l1_api.c **** 		RangeStatus = VL53L1_RANGESTATUS_RANGE_VALID;
 593              		.loc 1 1901 3 is_stmt 1 view .LVU163
1902:Core/Src/vl53l1_api.c **** 		break;
 594              		.loc 1 1902 3 view .LVU164
1901:Core/Src/vl53l1_api.c **** 		break;
 595              		.loc 1 1901 15 is_stmt 0 view .LVU165
 596 0032 0020     		movs	r0, #0
 597              	.LVL63:
 598              		.loc 1 1902 3 view .LVU166
 599 0034 7047     		bx	lr
 600              	.LVL64:
 601              	.L43:
1903:Core/Src/vl53l1_api.c **** 	default:
1904:Core/Src/vl53l1_api.c **** 		RangeStatus = VL53L1_RANGESTATUS_NONE;
 602              		.loc 1 1904 3 is_stmt 1 view .LVU167
 603              		.loc 1 1904 15 is_stmt 0 view .LVU168
 604 0036 FF20     		movs	r0, #255
 605              	.LVL65:
 606              		.loc 1 1904 15 view .LVU169
 607 0038 7047     		bx	lr
 608              	.LVL66:
 609              	.L54:
1880:Core/Src/vl53l1_api.c **** 		break;
 610              		.loc 1 1880 15 view .LVU170
 611 003a 0620     		movs	r0, #6
 612              	.LVL67:
 613              	.L44:
ARM GAS  C:\Users\Lenovo\AppData\Local\Temp\ccE9MZbZ.s 			page 46


1905:Core/Src/vl53l1_api.c **** 	}
1906:Core/Src/vl53l1_api.c **** 
1907:Core/Src/vl53l1_api.c **** 	return RangeStatus;
 614              		.loc 1 1907 2 is_stmt 1 view .LVU171
1908:Core/Src/vl53l1_api.c **** }
 615              		.loc 1 1908 1 is_stmt 0 view .LVU172
 616 003c 7047     		bx	lr
 617              		.cfi_endproc
 618              	.LFE56:
 620              		.section	.text.VL53L1_nvm_enable,"ax",%progbits
 621              		.align	1
 622              		.syntax unified
 623              		.thumb
 624              		.thumb_func
 626              	VL53L1_nvm_enable:
 627              	.LVL68:
 628              	.LFB3:
  95:Core/Src/vl53l1_api.c **** 	/*
 629              		.loc 1 95 1 is_stmt 1 view -0
 630              		.cfi_startproc
 631              		@ args = 0, pretend = 0, frame = 0
 632              		@ frame_needed = 0, uses_anonymous_args = 0
  95:Core/Src/vl53l1_api.c **** 	/*
 633              		.loc 1 95 1 is_stmt 0 view .LVU174
 634 0000 70B5     		push	{r4, r5, r6, lr}
 635              	.LCFI6:
 636              		.cfi_def_cfa_offset 16
 637              		.cfi_offset 4, -16
 638              		.cfi_offset 5, -12
 639              		.cfi_offset 6, -8
 640              		.cfi_offset 14, -4
 641 0002 0446     		mov	r4, r0
 642 0004 0D46     		mov	r5, r1
 643 0006 1646     		mov	r6, r2
 106:Core/Src/vl53l1_api.c **** 
 644              		.loc 1 106 2 is_stmt 1 view .LVU175
 645              	.LVL69:
 108:Core/Src/vl53l1_api.c **** 
 646              		.loc 1 108 24 view .LVU176
 113:Core/Src/vl53l1_api.c **** 		status = VL53L1_disable_firmware(Dev);
 647              		.loc 1 113 2 view .LVU177
 114:Core/Src/vl53l1_api.c **** 
 648              		.loc 1 114 3 view .LVU178
 114:Core/Src/vl53l1_api.c **** 
 649              		.loc 1 114 12 is_stmt 0 view .LVU179
 650 0008 FFF7FEFF 		bl	VL53L1_disable_firmware
 651              	.LVL70:
 119:Core/Src/vl53l1_api.c **** 		status = VL53L1_enable_powerforce(Dev);
 652              		.loc 1 119 2 is_stmt 1 view .LVU180
 119:Core/Src/vl53l1_api.c **** 		status = VL53L1_enable_powerforce(Dev);
 653              		.loc 1 119 5 is_stmt 0 view .LVU181
 654 000c 30B1     		cbz	r0, .L64
 655              	.L56:
 656              	.LVL71:
 126:Core/Src/vl53l1_api.c **** 		status = VL53L1_WaitUs(Dev,
 657              		.loc 1 126 2 is_stmt 1 view .LVU182
 126:Core/Src/vl53l1_api.c **** 		status = VL53L1_WaitUs(Dev,
ARM GAS  C:\Users\Lenovo\AppData\Local\Temp\ccE9MZbZ.s 			page 47


 658              		.loc 1 126 5 is_stmt 0 view .LVU183
 659 000e 48B1     		cbz	r0, .L65
 660              	.L57:
 132:Core/Src/vl53l1_api.c **** 		status = VL53L1_WrByte(Dev, VL53L1_RANGING_CORE__NVM_CTRL__PDN,
 661              		.loc 1 132 2 is_stmt 1 view .LVU184
 132:Core/Src/vl53l1_api.c **** 		status = VL53L1_WrByte(Dev, VL53L1_RANGING_CORE__NVM_CTRL__PDN,
 662              		.loc 1 132 5 is_stmt 0 view .LVU185
 663 0010 68B1     		cbz	r0, .L66
 664              	.L58:
 138:Core/Src/vl53l1_api.c **** 		status = VL53L1_WrByte(Dev, VL53L1_RANGING_CORE__CLK_CTRL1,
 665              		.loc 1 138 2 is_stmt 1 view .LVU186
 138:Core/Src/vl53l1_api.c **** 		status = VL53L1_WrByte(Dev, VL53L1_RANGING_CORE__CLK_CTRL1,
 666              		.loc 1 138 5 is_stmt 0 view .LVU187
 667 0012 98B1     		cbz	r0, .L67
 668              	.L59:
 144:Core/Src/vl53l1_api.c **** 		status = VL53L1_WaitUs(Dev, nvm_power_up_delay_us);
 669              		.loc 1 144 2 is_stmt 1 view .LVU188
 144:Core/Src/vl53l1_api.c **** 		status = VL53L1_WaitUs(Dev, nvm_power_up_delay_us);
 670              		.loc 1 144 5 is_stmt 0 view .LVU189
 671 0014 C8B1     		cbz	r0, .L68
 672              	.L60:
 149:Core/Src/vl53l1_api.c **** 		status = VL53L1_WrByte(Dev, VL53L1_RANGING_CORE__NVM_CTRL__MODE,
 673              		.loc 1 149 2 is_stmt 1 view .LVU190
 149:Core/Src/vl53l1_api.c **** 		status = VL53L1_WrByte(Dev, VL53L1_RANGING_CORE__NVM_CTRL__MODE,
 674              		.loc 1 149 5 is_stmt 0 view .LVU191
 675 0016 E8B1     		cbz	r0, .L69
 676              	.L61:
 153:Core/Src/vl53l1_api.c **** 		status = VL53L1_WrWord(Dev,
 677              		.loc 1 153 2 is_stmt 1 view .LVU192
 153:Core/Src/vl53l1_api.c **** 		status = VL53L1_WrWord(Dev,
 678              		.loc 1 153 5 is_stmt 0 view .LVU193
 679 0018 18B3     		cbz	r0, .L70
 680              	.L62:
 158:Core/Src/vl53l1_api.c **** 
 681              		.loc 1 158 26 is_stmt 1 view .LVU194
 160:Core/Src/vl53l1_api.c **** 
 682              		.loc 1 160 2 view .LVU195
 162:Core/Src/vl53l1_api.c **** 
 683              		.loc 1 162 1 is_stmt 0 view .LVU196
 684 001a 70BD     		pop	{r4, r5, r6, pc}
 685              	.LVL72:
 686              	.L64:
 120:Core/Src/vl53l1_api.c **** 
 687              		.loc 1 120 3 is_stmt 1 view .LVU197
 120:Core/Src/vl53l1_api.c **** 
 688              		.loc 1 120 12 is_stmt 0 view .LVU198
 689 001c 2046     		mov	r0, r4
 690 001e FFF7FEFF 		bl	VL53L1_enable_powerforce
 691              	.LVL73:
 120:Core/Src/vl53l1_api.c **** 
 692              		.loc 1 120 12 view .LVU199
 693 0022 F4E7     		b	.L56
 694              	.L65:
 127:Core/Src/vl53l1_api.c **** 				VL53L1_ENABLE_POWERFORCE_SETTLING_TIME_US);
 695              		.loc 1 127 3 is_stmt 1 view .LVU200
 127:Core/Src/vl53l1_api.c **** 				VL53L1_ENABLE_POWERFORCE_SETTLING_TIME_US);
 696              		.loc 1 127 12 is_stmt 0 view .LVU201
ARM GAS  C:\Users\Lenovo\AppData\Local\Temp\ccE9MZbZ.s 			page 48


 697 0024 FA21     		movs	r1, #250
 698 0026 2046     		mov	r0, r4
 699              	.LVL74:
 127:Core/Src/vl53l1_api.c **** 				VL53L1_ENABLE_POWERFORCE_SETTLING_TIME_US);
 700              		.loc 1 127 12 view .LVU202
 701 0028 FFF7FEFF 		bl	VL53L1_WaitUs
 702              	.LVL75:
 127:Core/Src/vl53l1_api.c **** 				VL53L1_ENABLE_POWERFORCE_SETTLING_TIME_US);
 703              		.loc 1 127 12 view .LVU203
 704 002c F0E7     		b	.L57
 705              	.L66:
 133:Core/Src/vl53l1_api.c **** 				0x01);
 706              		.loc 1 133 3 is_stmt 1 view .LVU204
 133:Core/Src/vl53l1_api.c **** 				0x01);
 707              		.loc 1 133 12 is_stmt 0 view .LVU205
 708 002e 0122     		movs	r2, #1
 709 0030 40F28171 		movw	r1, #1921
 710 0034 2046     		mov	r0, r4
 711              	.LVL76:
 133:Core/Src/vl53l1_api.c **** 				0x01);
 712              		.loc 1 133 12 view .LVU206
 713 0036 FFF7FEFF 		bl	VL53L1_WrByte
 714              	.LVL77:
 133:Core/Src/vl53l1_api.c **** 				0x01);
 715              		.loc 1 133 12 view .LVU207
 716 003a EAE7     		b	.L58
 717              	.L67:
 139:Core/Src/vl53l1_api.c **** 				0x05);
 718              		.loc 1 139 3 is_stmt 1 view .LVU208
 139:Core/Src/vl53l1_api.c **** 				0x05);
 719              		.loc 1 139 12 is_stmt 0 view .LVU209
 720 003c 0522     		movs	r2, #5
 721 003e 40F28361 		movw	r1, #1667
 722 0042 2046     		mov	r0, r4
 723              	.LVL78:
 139:Core/Src/vl53l1_api.c **** 				0x05);
 724              		.loc 1 139 12 view .LVU210
 725 0044 FFF7FEFF 		bl	VL53L1_WrByte
 726              	.LVL79:
 139:Core/Src/vl53l1_api.c **** 				0x05);
 727              		.loc 1 139 12 view .LVU211
 728 0048 E4E7     		b	.L59
 729              	.L68:
 145:Core/Src/vl53l1_api.c **** 
 730              		.loc 1 145 3 is_stmt 1 view .LVU212
 145:Core/Src/vl53l1_api.c **** 
 731              		.loc 1 145 12 is_stmt 0 view .LVU213
 732 004a 3146     		mov	r1, r6
 733 004c 2046     		mov	r0, r4
 734              	.LVL80:
 145:Core/Src/vl53l1_api.c **** 
 735              		.loc 1 145 12 view .LVU214
 736 004e FFF7FEFF 		bl	VL53L1_WaitUs
 737              	.LVL81:
 145:Core/Src/vl53l1_api.c **** 
 738              		.loc 1 145 12 view .LVU215
 739 0052 E0E7     		b	.L60
ARM GAS  C:\Users\Lenovo\AppData\Local\Temp\ccE9MZbZ.s 			page 49


 740              	.L69:
 150:Core/Src/vl53l1_api.c **** 				0x01);
 741              		.loc 1 150 3 is_stmt 1 view .LVU216
 150:Core/Src/vl53l1_api.c **** 				0x01);
 742              		.loc 1 150 12 is_stmt 0 view .LVU217
 743 0054 0122     		movs	r2, #1
 744 0056 4FF4F061 		mov	r1, #1920
 745 005a 2046     		mov	r0, r4
 746              	.LVL82:
 150:Core/Src/vl53l1_api.c **** 				0x01);
 747              		.loc 1 150 12 view .LVU218
 748 005c FFF7FEFF 		bl	VL53L1_WrByte
 749              	.LVL83:
 150:Core/Src/vl53l1_api.c **** 				0x01);
 750              		.loc 1 150 12 view .LVU219
 751 0060 DAE7     		b	.L61
 752              	.L70:
 154:Core/Src/vl53l1_api.c **** 				VL53L1_RANGING_CORE__NVM_CTRL__PULSE_WIDTH_MSB,
 753              		.loc 1 154 3 is_stmt 1 view .LVU220
 154:Core/Src/vl53l1_api.c **** 				VL53L1_RANGING_CORE__NVM_CTRL__PULSE_WIDTH_MSB,
 754              		.loc 1 154 12 is_stmt 0 view .LVU221
 755 0062 2A46     		mov	r2, r5
 756 0064 40F28471 		movw	r1, #1924
 757 0068 2046     		mov	r0, r4
 758              	.LVL84:
 154:Core/Src/vl53l1_api.c **** 				VL53L1_RANGING_CORE__NVM_CTRL__PULSE_WIDTH_MSB,
 759              		.loc 1 154 12 view .LVU222
 760 006a FFF7FEFF 		bl	VL53L1_WrWord
 761              	.LVL85:
 154:Core/Src/vl53l1_api.c **** 				VL53L1_RANGING_CORE__NVM_CTRL__PULSE_WIDTH_MSB,
 762              		.loc 1 154 12 view .LVU223
 763 006e D4E7     		b	.L62
 764              		.cfi_endproc
 765              	.LFE3:
 767              		.section	.text.VL53L1_nvm_read,"ax",%progbits
 768              		.align	1
 769              		.syntax unified
 770              		.thumb
 771              		.thumb_func
 773              	VL53L1_nvm_read:
 774              	.LVL86:
 775              	.LFB4:
 170:Core/Src/vl53l1_api.c **** 	/*
 776              		.loc 1 170 1 is_stmt 1 view -0
 777              		.cfi_startproc
 778              		@ args = 0, pretend = 0, frame = 0
 779              		@ frame_needed = 0, uses_anonymous_args = 0
 170:Core/Src/vl53l1_api.c **** 	/*
 780              		.loc 1 170 1 is_stmt 0 view .LVU225
 781 0000 F8B5     		push	{r3, r4, r5, r6, r7, lr}
 782              	.LCFI7:
 783              		.cfi_def_cfa_offset 24
 784              		.cfi_offset 3, -24
 785              		.cfi_offset 4, -20
 786              		.cfi_offset 5, -16
 787              		.cfi_offset 6, -12
 788              		.cfi_offset 7, -8
ARM GAS  C:\Users\Lenovo\AppData\Local\Temp\ccE9MZbZ.s 			page 50


 789              		.cfi_offset 14, -4
 790 0002 0646     		mov	r6, r0
 791 0004 0C46     		mov	r4, r1
 792 0006 1D46     		mov	r5, r3
 180:Core/Src/vl53l1_api.c **** 	uint8_t nvm_addr = 0;
 793              		.loc 1 180 2 is_stmt 1 view .LVU226
 794              	.LVL87:
 181:Core/Src/vl53l1_api.c **** 	uint8_t start = start_address;
 795              		.loc 1 181 2 view .LVU227
 182:Core/Src/vl53l1_api.c **** 	uint8_t end   = start_address + count;
 796              		.loc 1 182 2 view .LVU228
 183:Core/Src/vl53l1_api.c **** 
 797              		.loc 1 183 2 view .LVU229
 183:Core/Src/vl53l1_api.c **** 
 798              		.loc 1 183 10 is_stmt 0 view .LVU230
 799 0008 0A44     		add	r2, r2, r1
 800              	.LVL88:
 183:Core/Src/vl53l1_api.c **** 
 801              		.loc 1 183 10 view .LVU231
 802 000a D7B2     		uxtb	r7, r2
 803              	.LVL89:
 185:Core/Src/vl53l1_api.c **** 
 804              		.loc 1 185 24 is_stmt 1 view .LVU232
 187:Core/Src/vl53l1_api.c **** 
 805              		.loc 1 187 2 view .LVU233
 180:Core/Src/vl53l1_api.c **** 	uint8_t nvm_addr = 0;
 806              		.loc 1 180 15 is_stmt 0 view .LVU234
 807 000c 0020     		movs	r0, #0
 808              	.LVL90:
 187:Core/Src/vl53l1_api.c **** 
 809              		.loc 1 187 2 view .LVU235
 810 000e 1CE0     		b	.L72
 811              	.LVL91:
 812              	.L81:
 192:Core/Src/vl53l1_api.c **** 					VL53L1_RANGING_CORE__NVM_CTRL__ADDR,
 813              		.loc 1 192 4 is_stmt 1 view .LVU236
 192:Core/Src/vl53l1_api.c **** 					VL53L1_RANGING_CORE__NVM_CTRL__ADDR,
 814              		.loc 1 192 13 is_stmt 0 view .LVU237
 815 0010 2246     		mov	r2, r4
 816 0012 40F29471 		movw	r1, #1940
 817 0016 3046     		mov	r0, r6
 818              	.LVL92:
 192:Core/Src/vl53l1_api.c **** 					VL53L1_RANGING_CORE__NVM_CTRL__ADDR,
 819              		.loc 1 192 13 view .LVU238
 820 0018 FFF7FEFF 		bl	VL53L1_WrByte
 821              	.LVL93:
 192:Core/Src/vl53l1_api.c **** 					VL53L1_RANGING_CORE__NVM_CTRL__ADDR,
 822              		.loc 1 192 13 view .LVU239
 823 001c 19E0     		b	.L73
 824              	.L82:
 199:Core/Src/vl53l1_api.c **** 					VL53L1_RANGING_CORE__NVM_CTRL__READN,
 825              		.loc 1 199 4 is_stmt 1 view .LVU240
 199:Core/Src/vl53l1_api.c **** 					VL53L1_RANGING_CORE__NVM_CTRL__READN,
 826              		.loc 1 199 13 is_stmt 0 view .LVU241
 827 001e 0022     		movs	r2, #0
 828 0020 40F28371 		movw	r1, #1923
 829 0024 3046     		mov	r0, r6
ARM GAS  C:\Users\Lenovo\AppData\Local\Temp\ccE9MZbZ.s 			page 51


 830              	.LVL94:
 199:Core/Src/vl53l1_api.c **** 					VL53L1_RANGING_CORE__NVM_CTRL__READN,
 831              		.loc 1 199 13 view .LVU242
 832 0026 FFF7FEFF 		bl	VL53L1_WrByte
 833              	.LVL95:
 199:Core/Src/vl53l1_api.c **** 					VL53L1_RANGING_CORE__NVM_CTRL__READN,
 834              		.loc 1 199 13 view .LVU243
 835 002a 14E0     		b	.L74
 836              	.L83:
 206:Core/Src/vl53l1_api.c **** 					VL53L1_NVM_READ_TRIGGER_DELAY_US);
 837              		.loc 1 206 4 is_stmt 1 view .LVU244
 206:Core/Src/vl53l1_api.c **** 					VL53L1_NVM_READ_TRIGGER_DELAY_US);
 838              		.loc 1 206 13 is_stmt 0 view .LVU245
 839 002c 0521     		movs	r1, #5
 840 002e 3046     		mov	r0, r6
 841              	.LVL96:
 206:Core/Src/vl53l1_api.c **** 					VL53L1_NVM_READ_TRIGGER_DELAY_US);
 842              		.loc 1 206 13 view .LVU246
 843 0030 FFF7FEFF 		bl	VL53L1_WaitUs
 844              	.LVL97:
 206:Core/Src/vl53l1_api.c **** 					VL53L1_NVM_READ_TRIGGER_DELAY_US);
 845              		.loc 1 206 13 view .LVU247
 846 0034 11E0     		b	.L75
 847              	.L84:
 210:Core/Src/vl53l1_api.c **** 					VL53L1_RANGING_CORE__NVM_CTRL__READN,
 848              		.loc 1 210 4 is_stmt 1 view .LVU248
 210:Core/Src/vl53l1_api.c **** 					VL53L1_RANGING_CORE__NVM_CTRL__READN,
 849              		.loc 1 210 13 is_stmt 0 view .LVU249
 850 0036 0122     		movs	r2, #1
 851 0038 40F28371 		movw	r1, #1923
 852 003c 3046     		mov	r0, r6
 853              	.LVL98:
 210:Core/Src/vl53l1_api.c **** 					VL53L1_RANGING_CORE__NVM_CTRL__READN,
 854              		.loc 1 210 13 view .LVU250
 855 003e FFF7FEFF 		bl	VL53L1_WrByte
 856              	.LVL99:
 210:Core/Src/vl53l1_api.c **** 					VL53L1_RANGING_CORE__NVM_CTRL__READN,
 857              		.loc 1 210 13 view .LVU251
 858 0042 0CE0     		b	.L76
 859              	.L77:
 221:Core/Src/vl53l1_api.c **** 
 860              		.loc 1 221 3 is_stmt 1 discriminator 2 view .LVU252
 221:Core/Src/vl53l1_api.c **** 
 861              		.loc 1 221 9 is_stmt 0 discriminator 2 view .LVU253
 862 0044 0435     		adds	r5, r5, #4
 863              	.LVL100:
 187:Core/Src/vl53l1_api.c **** 
 864              		.loc 1 187 41 is_stmt 1 discriminator 2 view .LVU254
 187:Core/Src/vl53l1_api.c **** 
 865              		.loc 1 187 49 is_stmt 0 discriminator 2 view .LVU255
 866 0046 0134     		adds	r4, r4, #1
 867              	.LVL101:
 187:Core/Src/vl53l1_api.c **** 
 868              		.loc 1 187 49 discriminator 2 view .LVU256
 869 0048 E4B2     		uxtb	r4, r4
 870              	.LVL102:
 871              	.L72:
ARM GAS  C:\Users\Lenovo\AppData\Local\Temp\ccE9MZbZ.s 			page 52


 187:Core/Src/vl53l1_api.c **** 
 872              		.loc 1 187 25 is_stmt 1 discriminator 1 view .LVU257
 187:Core/Src/vl53l1_api.c **** 
 873              		.loc 1 187 2 is_stmt 0 discriminator 1 view .LVU258
 874 004a BC42     		cmp	r4, r7
 875 004c 11D2     		bcs	.L80
 191:Core/Src/vl53l1_api.c **** 			status = VL53L1_WrByte(Dev,
 876              		.loc 1 191 3 is_stmt 1 view .LVU259
 191:Core/Src/vl53l1_api.c **** 			status = VL53L1_WrByte(Dev,
 877              		.loc 1 191 6 is_stmt 0 view .LVU260
 878 004e 0028     		cmp	r0, #0
 879 0050 DED0     		beq	.L81
 880              	.L73:
 198:Core/Src/vl53l1_api.c **** 			status = VL53L1_WrByte(Dev,
 881              		.loc 1 198 3 is_stmt 1 view .LVU261
 198:Core/Src/vl53l1_api.c **** 			status = VL53L1_WrByte(Dev,
 882              		.loc 1 198 6 is_stmt 0 view .LVU262
 883 0052 0028     		cmp	r0, #0
 884 0054 E3D0     		beq	.L82
 885              	.L74:
 205:Core/Src/vl53l1_api.c **** 			status = VL53L1_WaitUs(Dev,
 886              		.loc 1 205 3 is_stmt 1 view .LVU263
 205:Core/Src/vl53l1_api.c **** 			status = VL53L1_WaitUs(Dev,
 887              		.loc 1 205 6 is_stmt 0 view .LVU264
 888 0056 0028     		cmp	r0, #0
 889 0058 E8D0     		beq	.L83
 890              	.L75:
 209:Core/Src/vl53l1_api.c **** 			status = VL53L1_WrByte(Dev,
 891              		.loc 1 209 3 is_stmt 1 view .LVU265
 209:Core/Src/vl53l1_api.c **** 			status = VL53L1_WrByte(Dev,
 892              		.loc 1 209 6 is_stmt 0 view .LVU266
 893 005a 0028     		cmp	r0, #0
 894 005c EBD0     		beq	.L84
 895              	.L76:
 215:Core/Src/vl53l1_api.c **** 			status = VL53L1_ReadMulti(Dev,
 896              		.loc 1 215 3 is_stmt 1 view .LVU267
 215:Core/Src/vl53l1_api.c **** 			status = VL53L1_ReadMulti(Dev,
 897              		.loc 1 215 6 is_stmt 0 view .LVU268
 898 005e 0028     		cmp	r0, #0
 899 0060 F0D1     		bne	.L77
 216:Core/Src/vl53l1_api.c **** 				VL53L1_RANGING_CORE__NVM_CTRL__DATAOUT_MMM,
 900              		.loc 1 216 4 is_stmt 1 view .LVU269
 216:Core/Src/vl53l1_api.c **** 				VL53L1_RANGING_CORE__NVM_CTRL__DATAOUT_MMM,
 901              		.loc 1 216 13 is_stmt 0 view .LVU270
 902 0062 0423     		movs	r3, #4
 903 0064 2A46     		mov	r2, r5
 904 0066 4FF4F261 		mov	r1, #1936
 905 006a 3046     		mov	r0, r6
 906              	.LVL103:
 216:Core/Src/vl53l1_api.c **** 				VL53L1_RANGING_CORE__NVM_CTRL__DATAOUT_MMM,
 907              		.loc 1 216 13 view .LVU271
 908 006c FFF7FEFF 		bl	VL53L1_ReadMulti
 909              	.LVL104:
 216:Core/Src/vl53l1_api.c **** 				VL53L1_RANGING_CORE__NVM_CTRL__DATAOUT_MMM,
 910              		.loc 1 216 13 view .LVU272
 911 0070 E8E7     		b	.L77
 912              	.L80:
ARM GAS  C:\Users\Lenovo\AppData\Local\Temp\ccE9MZbZ.s 			page 53


 225:Core/Src/vl53l1_api.c **** 
 913              		.loc 1 225 26 is_stmt 1 view .LVU273
 227:Core/Src/vl53l1_api.c **** }
 914              		.loc 1 227 2 view .LVU274
 228:Core/Src/vl53l1_api.c **** 
 915              		.loc 1 228 1 is_stmt 0 view .LVU275
 916 0072 F8BD     		pop	{r3, r4, r5, r6, r7, pc}
 228:Core/Src/vl53l1_api.c **** 
 917              		.loc 1 228 1 view .LVU276
 918              		.cfi_endproc
 919              	.LFE4:
 921              		.section	.text.VL53L1_UnloadPatch,"ax",%progbits
 922              		.align	1
 923              		.syntax unified
 924              		.thumb
 925              		.thumb_func
 927              	VL53L1_UnloadPatch:
 928              	.LVL105:
 929              	.LFB73:
1909:Core/Src/vl53l1_api.c **** 
1910:Core/Src/vl53l1_api.c **** 
1911:Core/Src/vl53l1_api.c **** 
1912:Core/Src/vl53l1_api.c **** static VL53L1_Error SetSimpleData(VL53L1_DEV Dev,
1913:Core/Src/vl53l1_api.c **** 	uint8_t active_results, uint8_t device_status,
1914:Core/Src/vl53l1_api.c **** 	VL53L1_range_data_t *presults_data,
1915:Core/Src/vl53l1_api.c **** 	VL53L1_RangingMeasurementData_t *pRangeData)
1916:Core/Src/vl53l1_api.c **** {
1917:Core/Src/vl53l1_api.c **** 	VL53L1_Error Status = VL53L1_ERROR_NONE;
1918:Core/Src/vl53l1_api.c **** 	uint8_t FilteredRangeStatus;
1919:Core/Src/vl53l1_api.c **** 	uint8_t SigmaLimitflag;
1920:Core/Src/vl53l1_api.c **** 	uint8_t SignalLimitflag;
1921:Core/Src/vl53l1_api.c **** 	uint8_t Temp8Enable;
1922:Core/Src/vl53l1_api.c **** 	uint8_t Temp8;
1923:Core/Src/vl53l1_api.c **** 	FixPoint1616_t AmbientRate;
1924:Core/Src/vl53l1_api.c **** 	FixPoint1616_t SignalRate;
1925:Core/Src/vl53l1_api.c **** 	FixPoint1616_t TempFix1616;
1926:Core/Src/vl53l1_api.c **** 	FixPoint1616_t LimitCheckValue;
1927:Core/Src/vl53l1_api.c **** 	int16_t Range;
1928:Core/Src/vl53l1_api.c **** 
1929:Core/Src/vl53l1_api.c **** 	pRangeData->TimeStamp = presults_data->time_stamp;
1930:Core/Src/vl53l1_api.c **** 
1931:Core/Src/vl53l1_api.c **** 	FilteredRangeStatus = presults_data->range_status & 0x1F;
1932:Core/Src/vl53l1_api.c **** 
1933:Core/Src/vl53l1_api.c **** 	pRangeData->RangeQualityLevel = ComputeRQL(active_results,
1934:Core/Src/vl53l1_api.c **** 					FilteredRangeStatus,
1935:Core/Src/vl53l1_api.c **** 					presults_data);
1936:Core/Src/vl53l1_api.c **** 
1937:Core/Src/vl53l1_api.c **** 	SignalRate = VL53L1_FIXPOINT97TOFIXPOINT1616(
1938:Core/Src/vl53l1_api.c **** 		presults_data->peak_signal_count_rate_mcps);
1939:Core/Src/vl53l1_api.c **** 	pRangeData->SignalRateRtnMegaCps
1940:Core/Src/vl53l1_api.c **** 		= SignalRate;
1941:Core/Src/vl53l1_api.c **** 
1942:Core/Src/vl53l1_api.c **** 	AmbientRate = VL53L1_FIXPOINT97TOFIXPOINT1616(
1943:Core/Src/vl53l1_api.c **** 		presults_data->ambient_count_rate_mcps);
1944:Core/Src/vl53l1_api.c **** 	pRangeData->AmbientRateRtnMegaCps = AmbientRate;
1945:Core/Src/vl53l1_api.c **** 
1946:Core/Src/vl53l1_api.c **** 	pRangeData->EffectiveSpadRtnCount =
ARM GAS  C:\Users\Lenovo\AppData\Local\Temp\ccE9MZbZ.s 			page 54


1947:Core/Src/vl53l1_api.c **** 		presults_data->actual_effective_spads;
1948:Core/Src/vl53l1_api.c **** 
1949:Core/Src/vl53l1_api.c **** 	TempFix1616 = VL53L1_FIXPOINT97TOFIXPOINT1616(
1950:Core/Src/vl53l1_api.c **** 			presults_data->sigma_mm);
1951:Core/Src/vl53l1_api.c **** 
1952:Core/Src/vl53l1_api.c **** 	pRangeData->SigmaMilliMeter = TempFix1616;
1953:Core/Src/vl53l1_api.c **** 
1954:Core/Src/vl53l1_api.c **** 	pRangeData->RangeMilliMeter = presults_data->median_range_mm;
1955:Core/Src/vl53l1_api.c **** 
1956:Core/Src/vl53l1_api.c **** 	pRangeData->RangeFractionalPart = 0;
1957:Core/Src/vl53l1_api.c **** 
1958:Core/Src/vl53l1_api.c **** 	/* Treat device error status first */
1959:Core/Src/vl53l1_api.c **** 	switch (device_status) {
1960:Core/Src/vl53l1_api.c **** 	case VL53L1_DEVICEERROR_MULTCLIPFAIL:
1961:Core/Src/vl53l1_api.c **** 	case VL53L1_DEVICEERROR_VCSELWATCHDOGTESTFAILURE:
1962:Core/Src/vl53l1_api.c **** 	case VL53L1_DEVICEERROR_VCSELCONTINUITYTESTFAILURE:
1963:Core/Src/vl53l1_api.c **** 	case VL53L1_DEVICEERROR_NOVHVVALUEFOUND:
1964:Core/Src/vl53l1_api.c **** 		pRangeData->RangeStatus = VL53L1_RANGESTATUS_HARDWARE_FAIL;
1965:Core/Src/vl53l1_api.c **** 		break;
1966:Core/Src/vl53l1_api.c **** 	case VL53L1_DEVICEERROR_USERROICLIP:
1967:Core/Src/vl53l1_api.c **** 		pRangeData->RangeStatus = VL53L1_RANGESTATUS_MIN_RANGE_FAIL;
1968:Core/Src/vl53l1_api.c **** 		break;
1969:Core/Src/vl53l1_api.c **** 	default:
1970:Core/Src/vl53l1_api.c **** 		pRangeData->RangeStatus = VL53L1_RANGESTATUS_RANGE_VALID;
1971:Core/Src/vl53l1_api.c **** 	}
1972:Core/Src/vl53l1_api.c **** 
1973:Core/Src/vl53l1_api.c **** 	/* Now deal with range status according to the ranging preset */
1974:Core/Src/vl53l1_api.c **** 	if (pRangeData->RangeStatus == VL53L1_RANGESTATUS_RANGE_VALID) {
1975:Core/Src/vl53l1_api.c **** 			pRangeData->RangeStatus =
1976:Core/Src/vl53l1_api.c **** 				ConvertStatusLite(FilteredRangeStatus);
1977:Core/Src/vl53l1_api.c **** 	}
1978:Core/Src/vl53l1_api.c **** 
1979:Core/Src/vl53l1_api.c **** 	/* Update current Limit Check */
1980:Core/Src/vl53l1_api.c **** 	TempFix1616 = VL53L1_FIXPOINT97TOFIXPOINT1616(
1981:Core/Src/vl53l1_api.c **** 			presults_data->sigma_mm);
1982:Core/Src/vl53l1_api.c **** 	VL53L1_SETARRAYPARAMETERFIELD(Dev,
1983:Core/Src/vl53l1_api.c **** 		LimitChecksCurrent, VL53L1_CHECKENABLE_SIGMA_FINAL_RANGE,
1984:Core/Src/vl53l1_api.c **** 		TempFix1616);
1985:Core/Src/vl53l1_api.c **** 
1986:Core/Src/vl53l1_api.c **** 	TempFix1616 = VL53L1_FIXPOINT97TOFIXPOINT1616(
1987:Core/Src/vl53l1_api.c **** 			presults_data->peak_signal_count_rate_mcps);
1988:Core/Src/vl53l1_api.c **** 	VL53L1_SETARRAYPARAMETERFIELD(Dev,
1989:Core/Src/vl53l1_api.c **** 		LimitChecksCurrent, VL53L1_CHECKENABLE_SIGNAL_RATE_FINAL_RANGE,
1990:Core/Src/vl53l1_api.c **** 		TempFix1616);
1991:Core/Src/vl53l1_api.c **** 
1992:Core/Src/vl53l1_api.c **** 	/* Update Limit Check Status */
1993:Core/Src/vl53l1_api.c **** 	/* Sigma */
1994:Core/Src/vl53l1_api.c **** 	VL53L1_GetLimitCheckValue(Dev,
1995:Core/Src/vl53l1_api.c **** 			VL53L1_CHECKENABLE_SIGMA_FINAL_RANGE,
1996:Core/Src/vl53l1_api.c **** 			&LimitCheckValue);
1997:Core/Src/vl53l1_api.c **** 
1998:Core/Src/vl53l1_api.c **** 	SigmaLimitflag = (FilteredRangeStatus ==
1999:Core/Src/vl53l1_api.c **** 			VL53L1_DEVICEERROR_SIGMATHRESHOLDCHECK)
2000:Core/Src/vl53l1_api.c **** 			? 1 : 0;
2001:Core/Src/vl53l1_api.c **** 
2002:Core/Src/vl53l1_api.c **** 	VL53L1_GetLimitCheckEnable(Dev,
2003:Core/Src/vl53l1_api.c **** 			VL53L1_CHECKENABLE_SIGMA_FINAL_RANGE,
ARM GAS  C:\Users\Lenovo\AppData\Local\Temp\ccE9MZbZ.s 			page 55


2004:Core/Src/vl53l1_api.c **** 			&Temp8Enable);
2005:Core/Src/vl53l1_api.c **** 
2006:Core/Src/vl53l1_api.c **** 	Temp8 = ((Temp8Enable == 1) && (SigmaLimitflag == 1)) ? 1 : 0;
2007:Core/Src/vl53l1_api.c **** 	VL53L1_SETARRAYPARAMETERFIELD(Dev, LimitChecksStatus,
2008:Core/Src/vl53l1_api.c **** 			VL53L1_CHECKENABLE_SIGMA_FINAL_RANGE, Temp8);
2009:Core/Src/vl53l1_api.c **** 
2010:Core/Src/vl53l1_api.c **** 	/* Signal Rate */
2011:Core/Src/vl53l1_api.c **** 	VL53L1_GetLimitCheckValue(Dev,
2012:Core/Src/vl53l1_api.c **** 			VL53L1_CHECKENABLE_SIGNAL_RATE_FINAL_RANGE,
2013:Core/Src/vl53l1_api.c **** 			&LimitCheckValue);
2014:Core/Src/vl53l1_api.c **** 
2015:Core/Src/vl53l1_api.c **** 	SignalLimitflag = (FilteredRangeStatus ==
2016:Core/Src/vl53l1_api.c **** 			VL53L1_DEVICEERROR_MSRCNOTARGET)
2017:Core/Src/vl53l1_api.c **** 			? 1 : 0;
2018:Core/Src/vl53l1_api.c **** 
2019:Core/Src/vl53l1_api.c **** 	VL53L1_GetLimitCheckEnable(Dev,
2020:Core/Src/vl53l1_api.c **** 			VL53L1_CHECKENABLE_SIGNAL_RATE_FINAL_RANGE,
2021:Core/Src/vl53l1_api.c **** 			&Temp8Enable);
2022:Core/Src/vl53l1_api.c **** 
2023:Core/Src/vl53l1_api.c **** 	Temp8 = ((Temp8Enable == 1) && (SignalLimitflag == 1)) ? 1 : 0;
2024:Core/Src/vl53l1_api.c **** 	VL53L1_SETARRAYPARAMETERFIELD(Dev, LimitChecksStatus,
2025:Core/Src/vl53l1_api.c **** 			VL53L1_CHECKENABLE_SIGNAL_RATE_FINAL_RANGE, Temp8);
2026:Core/Src/vl53l1_api.c **** 
2027:Core/Src/vl53l1_api.c **** 	Range = pRangeData->RangeMilliMeter;
2028:Core/Src/vl53l1_api.c **** 	if ((pRangeData->RangeStatus == VL53L1_RANGESTATUS_RANGE_VALID) &&
2029:Core/Src/vl53l1_api.c **** 		(Range < 0)) {
2030:Core/Src/vl53l1_api.c **** 		if (Range < BDTable[VL53L1_TUNING_PROXY_MIN])
2031:Core/Src/vl53l1_api.c **** 			pRangeData->RangeStatus =
2032:Core/Src/vl53l1_api.c **** 					VL53L1_RANGESTATUS_RANGE_INVALID;
2033:Core/Src/vl53l1_api.c **** 		else
2034:Core/Src/vl53l1_api.c **** 			pRangeData->RangeMilliMeter = 0;
2035:Core/Src/vl53l1_api.c **** 	}
2036:Core/Src/vl53l1_api.c **** 
2037:Core/Src/vl53l1_api.c **** 	return Status;
2038:Core/Src/vl53l1_api.c **** }
2039:Core/Src/vl53l1_api.c **** 
2040:Core/Src/vl53l1_api.c **** 
2041:Core/Src/vl53l1_api.c **** 
2042:Core/Src/vl53l1_api.c **** VL53L1_Error VL53L1_GetRangingMeasurementData(VL53L1_DEV Dev,
2043:Core/Src/vl53l1_api.c **** 	VL53L1_RangingMeasurementData_t *pRangingMeasurementData)
2044:Core/Src/vl53l1_api.c **** {
2045:Core/Src/vl53l1_api.c **** 	VL53L1_Error Status = VL53L1_ERROR_NONE;
2046:Core/Src/vl53l1_api.c **** 	VL53L1_range_results_t results;
2047:Core/Src/vl53l1_api.c **** 	VL53L1_range_results_t *presults = &results;
2048:Core/Src/vl53l1_api.c **** 	VL53L1_range_data_t *presults_data;
2049:Core/Src/vl53l1_api.c **** 
2050:Core/Src/vl53l1_api.c **** 	LOG_FUNCTION_START("");
2051:Core/Src/vl53l1_api.c **** 
2052:Core/Src/vl53l1_api.c **** 
2053:Core/Src/vl53l1_api.c **** 	/* Clear Ranging Data */
2054:Core/Src/vl53l1_api.c **** 	memset(pRangingMeasurementData, 0xFF,
2055:Core/Src/vl53l1_api.c **** 		sizeof(VL53L1_RangingMeasurementData_t));
2056:Core/Src/vl53l1_api.c **** 
2057:Core/Src/vl53l1_api.c **** 	/* Get Ranging Data */
2058:Core/Src/vl53l1_api.c **** 	Status = VL53L1_get_device_results(
2059:Core/Src/vl53l1_api.c **** 			Dev,
2060:Core/Src/vl53l1_api.c **** 			VL53L1_DEVICERESULTSLEVEL_FULL,
ARM GAS  C:\Users\Lenovo\AppData\Local\Temp\ccE9MZbZ.s 			page 56


2061:Core/Src/vl53l1_api.c **** 			presults);
2062:Core/Src/vl53l1_api.c **** 
2063:Core/Src/vl53l1_api.c **** 	if (Status == VL53L1_ERROR_NONE) {
2064:Core/Src/vl53l1_api.c **** 		pRangingMeasurementData->StreamCount = presults->stream_count;
2065:Core/Src/vl53l1_api.c **** 
2066:Core/Src/vl53l1_api.c **** 		/* in case of lite ranging or autonomous the following function
2067:Core/Src/vl53l1_api.c **** 		 * returns index = 0
2068:Core/Src/vl53l1_api.c **** 		 */
2069:Core/Src/vl53l1_api.c **** 		presults_data = &(presults->data[0]);
2070:Core/Src/vl53l1_api.c **** 		Status = SetSimpleData(Dev, 1,
2071:Core/Src/vl53l1_api.c **** 				presults->device_status,
2072:Core/Src/vl53l1_api.c **** 				presults_data,
2073:Core/Src/vl53l1_api.c **** 				pRangingMeasurementData);
2074:Core/Src/vl53l1_api.c **** 	}
2075:Core/Src/vl53l1_api.c **** 
2076:Core/Src/vl53l1_api.c **** 	LOG_FUNCTION_END(Status);
2077:Core/Src/vl53l1_api.c **** 	return Status;
2078:Core/Src/vl53l1_api.c **** }
2079:Core/Src/vl53l1_api.c **** 
2080:Core/Src/vl53l1_api.c **** 
2081:Core/Src/vl53l1_api.c **** 
2082:Core/Src/vl53l1_api.c **** 
2083:Core/Src/vl53l1_api.c **** 
2084:Core/Src/vl53l1_api.c **** /* End Group PAL Measurement Functions */
2085:Core/Src/vl53l1_api.c **** 
2086:Core/Src/vl53l1_api.c **** 
2087:Core/Src/vl53l1_api.c **** /* Group Calibration functions */
2088:Core/Src/vl53l1_api.c **** VL53L1_Error VL53L1_SetTuningParameter(VL53L1_DEV Dev,
2089:Core/Src/vl53l1_api.c **** 		uint16_t TuningParameterId, int32_t TuningParameterValue)
2090:Core/Src/vl53l1_api.c **** {
2091:Core/Src/vl53l1_api.c **** 	VL53L1_Error Status = VL53L1_ERROR_NONE;
2092:Core/Src/vl53l1_api.c **** 
2093:Core/Src/vl53l1_api.c **** 	LOG_FUNCTION_START("");
2094:Core/Src/vl53l1_api.c **** 	if (TuningParameterId >= 32768)
2095:Core/Src/vl53l1_api.c **** 		Status = VL53L1_set_tuning_parm(Dev,
2096:Core/Src/vl53l1_api.c **** 			TuningParameterId,
2097:Core/Src/vl53l1_api.c **** 			TuningParameterValue);
2098:Core/Src/vl53l1_api.c **** 	else {
2099:Core/Src/vl53l1_api.c **** 		if (TuningParameterId < VL53L1_TUNING_MAX_TUNABLE_KEY)
2100:Core/Src/vl53l1_api.c **** 			BDTable[TuningParameterId] = TuningParameterValue;
2101:Core/Src/vl53l1_api.c **** 		else
2102:Core/Src/vl53l1_api.c **** 			Status = VL53L1_ERROR_INVALID_PARAMS;
2103:Core/Src/vl53l1_api.c **** 	}
2104:Core/Src/vl53l1_api.c **** 
2105:Core/Src/vl53l1_api.c **** 	LOG_FUNCTION_END(Status);
2106:Core/Src/vl53l1_api.c **** 	return Status;
2107:Core/Src/vl53l1_api.c **** }
2108:Core/Src/vl53l1_api.c **** 
2109:Core/Src/vl53l1_api.c **** VL53L1_Error VL53L1_GetTuningParameter(VL53L1_DEV Dev,
2110:Core/Src/vl53l1_api.c **** 		uint16_t TuningParameterId, int32_t *pTuningParameterValue)
2111:Core/Src/vl53l1_api.c **** {
2112:Core/Src/vl53l1_api.c **** 	VL53L1_Error Status = VL53L1_ERROR_NONE;
2113:Core/Src/vl53l1_api.c **** 
2114:Core/Src/vl53l1_api.c **** 	LOG_FUNCTION_START("");
2115:Core/Src/vl53l1_api.c **** 
2116:Core/Src/vl53l1_api.c **** 	if (TuningParameterId >= 32768)
2117:Core/Src/vl53l1_api.c **** 		Status = VL53L1_get_tuning_parm(Dev,
ARM GAS  C:\Users\Lenovo\AppData\Local\Temp\ccE9MZbZ.s 			page 57


2118:Core/Src/vl53l1_api.c **** 			TuningParameterId,
2119:Core/Src/vl53l1_api.c **** 			pTuningParameterValue);
2120:Core/Src/vl53l1_api.c **** 	else {
2121:Core/Src/vl53l1_api.c **** 		if (TuningParameterId < VL53L1_TUNING_MAX_TUNABLE_KEY)
2122:Core/Src/vl53l1_api.c **** 			*pTuningParameterValue = BDTable[TuningParameterId];
2123:Core/Src/vl53l1_api.c **** 		else
2124:Core/Src/vl53l1_api.c **** 			Status = VL53L1_ERROR_INVALID_PARAMS;
2125:Core/Src/vl53l1_api.c **** 	}
2126:Core/Src/vl53l1_api.c **** 
2127:Core/Src/vl53l1_api.c **** 	LOG_FUNCTION_END(Status);
2128:Core/Src/vl53l1_api.c **** 	return Status;
2129:Core/Src/vl53l1_api.c **** }
2130:Core/Src/vl53l1_api.c **** 
2131:Core/Src/vl53l1_api.c **** 
2132:Core/Src/vl53l1_api.c **** VL53L1_Error VL53L1_PerformRefSpadManagement(VL53L1_DEV Dev)
2133:Core/Src/vl53l1_api.c **** {
2134:Core/Src/vl53l1_api.c **** #ifdef VL53L1_NOCALIB
2135:Core/Src/vl53l1_api.c **** 	VL53L1_Error Status = VL53L1_ERROR_NOT_SUPPORTED;
2136:Core/Src/vl53l1_api.c **** 
2137:Core/Src/vl53l1_api.c **** 	SUPPRESS_UNUSED_WARNING(Dev);
2138:Core/Src/vl53l1_api.c **** 
2139:Core/Src/vl53l1_api.c **** 	LOG_FUNCTION_START("");
2140:Core/Src/vl53l1_api.c **** #else
2141:Core/Src/vl53l1_api.c **** 	VL53L1_Error Status = VL53L1_ERROR_NONE;
2142:Core/Src/vl53l1_api.c **** 	VL53L1_Error RawStatus;
2143:Core/Src/vl53l1_api.c **** 	uint8_t dcrbuffer[24];
2144:Core/Src/vl53l1_api.c **** 	uint8_t *commbuf;
2145:Core/Src/vl53l1_api.c **** 	uint8_t numloc[2] = {5, 3};
2146:Core/Src/vl53l1_api.c **** 	VL53L1_LLDriverData_t *pdev;
2147:Core/Src/vl53l1_api.c **** 	VL53L1_customer_nvm_managed_t *pc;
2148:Core/Src/vl53l1_api.c **** 	VL53L1_PresetModes PresetMode;
2149:Core/Src/vl53l1_api.c **** 
2150:Core/Src/vl53l1_api.c **** 	LOG_FUNCTION_START("");
2151:Core/Src/vl53l1_api.c **** 
2152:Core/Src/vl53l1_api.c **** 	pdev = VL53L1DevStructGetLLDriverHandle(Dev);
2153:Core/Src/vl53l1_api.c **** 	pc = &pdev->customer;
2154:Core/Src/vl53l1_api.c **** 
2155:Core/Src/vl53l1_api.c **** 	if (Status == VL53L1_ERROR_NONE) {
2156:Core/Src/vl53l1_api.c **** 		PresetMode = VL53L1DevDataGet(Dev,
2157:Core/Src/vl53l1_api.c **** 				CurrentParameters.PresetMode);
2158:Core/Src/vl53l1_api.c **** 		Status = VL53L1_run_ref_spad_char(Dev, &RawStatus);
2159:Core/Src/vl53l1_api.c **** 		/* We discovered RefSpad mngt badly breaks some preset mode
2160:Core/Src/vl53l1_api.c **** 		 * The WA is to apply again the current one
2161:Core/Src/vl53l1_api.c **** 		 */
2162:Core/Src/vl53l1_api.c **** 		if (Status == VL53L1_ERROR_NONE)
2163:Core/Src/vl53l1_api.c **** 			Status = VL53L1_SetPresetMode(Dev, PresetMode);
2164:Core/Src/vl53l1_api.c **** 	}
2165:Core/Src/vl53l1_api.c **** 
2166:Core/Src/vl53l1_api.c **** 	if (Status == VL53L1_WARNING_REF_SPAD_CHAR_RATE_TOO_HIGH) {
2167:Core/Src/vl53l1_api.c **** 		/* Fix ticket  #466282 RefSpad management error/warning -29
2168:Core/Src/vl53l1_api.c **** 		 * force usage of location 3 and 5 refspads in registers
2169:Core/Src/vl53l1_api.c **** 		*/
2170:Core/Src/vl53l1_api.c **** 		Status = VL53L1_read_nvm_raw_data(Dev,
2171:Core/Src/vl53l1_api.c **** 				(uint8_t)(0xA0 >> 2),
2172:Core/Src/vl53l1_api.c **** 				(uint8_t)(24 >> 2),
2173:Core/Src/vl53l1_api.c **** 				dcrbuffer);
2174:Core/Src/vl53l1_api.c **** 
ARM GAS  C:\Users\Lenovo\AppData\Local\Temp\ccE9MZbZ.s 			page 58


2175:Core/Src/vl53l1_api.c **** 		if (Status == VL53L1_ERROR_NONE)
2176:Core/Src/vl53l1_api.c **** 			Status = VL53L1_WriteMulti(Dev,
2177:Core/Src/vl53l1_api.c **** 				VL53L1_REF_SPAD_MAN__NUM_REQUESTED_REF_SPADS,
2178:Core/Src/vl53l1_api.c **** 				numloc, 2);
2179:Core/Src/vl53l1_api.c **** 
2180:Core/Src/vl53l1_api.c **** 		if (Status == VL53L1_ERROR_NONE) {
2181:Core/Src/vl53l1_api.c **** 			pc->ref_spad_man__num_requested_ref_spads = numloc[0];
2182:Core/Src/vl53l1_api.c **** 			pc->ref_spad_man__ref_location = numloc[1];
2183:Core/Src/vl53l1_api.c **** 		}
2184:Core/Src/vl53l1_api.c **** 
2185:Core/Src/vl53l1_api.c **** 		commbuf = &dcrbuffer[16];
2186:Core/Src/vl53l1_api.c **** 		/*
2187:Core/Src/vl53l1_api.c **** 		 * update & copy reference SPAD enables to customer nvm managed
2188:Core/Src/vl53l1_api.c **** 		 */
2189:Core/Src/vl53l1_api.c **** 		if (Status == VL53L1_ERROR_NONE)
2190:Core/Src/vl53l1_api.c **** 			Status = VL53L1_WriteMulti(Dev,
2191:Core/Src/vl53l1_api.c **** 				VL53L1_GLOBAL_CONFIG__SPAD_ENABLES_REF_0,
2192:Core/Src/vl53l1_api.c **** 				commbuf, 6);
2193:Core/Src/vl53l1_api.c **** 
2194:Core/Src/vl53l1_api.c **** 		if (Status == VL53L1_ERROR_NONE) {
2195:Core/Src/vl53l1_api.c **** 			pc->global_config__spad_enables_ref_0 = commbuf[0];
2196:Core/Src/vl53l1_api.c **** 			pc->global_config__spad_enables_ref_1 = commbuf[1];
2197:Core/Src/vl53l1_api.c **** 			pc->global_config__spad_enables_ref_2 = commbuf[2];
2198:Core/Src/vl53l1_api.c **** 			pc->global_config__spad_enables_ref_3 = commbuf[3];
2199:Core/Src/vl53l1_api.c **** 			pc->global_config__spad_enables_ref_4 = commbuf[4];
2200:Core/Src/vl53l1_api.c **** 			pc->global_config__spad_enables_ref_5 = commbuf[5];
2201:Core/Src/vl53l1_api.c **** 		}
2202:Core/Src/vl53l1_api.c **** 		/* End of fix  ticket  #466282 */
2203:Core/Src/vl53l1_api.c **** 	}
2204:Core/Src/vl53l1_api.c **** 
2205:Core/Src/vl53l1_api.c **** #endif
2206:Core/Src/vl53l1_api.c **** 
2207:Core/Src/vl53l1_api.c **** 	LOG_FUNCTION_END(Status);
2208:Core/Src/vl53l1_api.c **** 	return Status;
2209:Core/Src/vl53l1_api.c **** }
2210:Core/Src/vl53l1_api.c **** 
2211:Core/Src/vl53l1_api.c **** 
2212:Core/Src/vl53l1_api.c **** VL53L1_Error VL53L1_SetXTalkCompensationEnable(VL53L1_DEV Dev,
2213:Core/Src/vl53l1_api.c **** 	uint8_t XTalkCompensationEnable)
2214:Core/Src/vl53l1_api.c **** {
2215:Core/Src/vl53l1_api.c **** 	VL53L1_Error Status = VL53L1_ERROR_NONE;
2216:Core/Src/vl53l1_api.c **** 
2217:Core/Src/vl53l1_api.c **** 	LOG_FUNCTION_START("");
2218:Core/Src/vl53l1_api.c **** 
2219:Core/Src/vl53l1_api.c **** 	if (XTalkCompensationEnable == 0)
2220:Core/Src/vl53l1_api.c **** 		Status = VL53L1_disable_xtalk_compensation(Dev);
2221:Core/Src/vl53l1_api.c **** 	else
2222:Core/Src/vl53l1_api.c **** 		Status = VL53L1_enable_xtalk_compensation(Dev);
2223:Core/Src/vl53l1_api.c **** 
2224:Core/Src/vl53l1_api.c **** 	LOG_FUNCTION_END(Status);
2225:Core/Src/vl53l1_api.c **** 	return Status;
2226:Core/Src/vl53l1_api.c **** }
2227:Core/Src/vl53l1_api.c **** 
2228:Core/Src/vl53l1_api.c **** 
2229:Core/Src/vl53l1_api.c **** VL53L1_Error VL53L1_GetXTalkCompensationEnable(VL53L1_DEV Dev,
2230:Core/Src/vl53l1_api.c **** 	uint8_t *pXTalkCompensationEnable)
2231:Core/Src/vl53l1_api.c **** {
ARM GAS  C:\Users\Lenovo\AppData\Local\Temp\ccE9MZbZ.s 			page 59


2232:Core/Src/vl53l1_api.c **** 	VL53L1_Error Status = VL53L1_ERROR_NONE;
2233:Core/Src/vl53l1_api.c **** 
2234:Core/Src/vl53l1_api.c **** 	LOG_FUNCTION_START("");
2235:Core/Src/vl53l1_api.c **** 
2236:Core/Src/vl53l1_api.c **** 	VL53L1_get_xtalk_compensation_enable(
2237:Core/Src/vl53l1_api.c **** 		Dev,
2238:Core/Src/vl53l1_api.c **** 		pXTalkCompensationEnable);
2239:Core/Src/vl53l1_api.c **** 
2240:Core/Src/vl53l1_api.c **** 	LOG_FUNCTION_END(Status);
2241:Core/Src/vl53l1_api.c **** 	return Status;
2242:Core/Src/vl53l1_api.c **** }
2243:Core/Src/vl53l1_api.c **** 
2244:Core/Src/vl53l1_api.c **** VL53L1_Error VL53L1_PerformSingleTargetXTalkCalibration(VL53L1_DEV Dev,
2245:Core/Src/vl53l1_api.c **** 		int32_t CalDistanceMilliMeter)
2246:Core/Src/vl53l1_api.c **** {
2247:Core/Src/vl53l1_api.c **** 	VL53L1_Error Status = VL53L1_ERROR_NONE;
2248:Core/Src/vl53l1_api.c **** 
2249:Core/Src/vl53l1_api.c **** 	LOG_FUNCTION_START("");
2250:Core/Src/vl53l1_api.c **** 
2251:Core/Src/vl53l1_api.c **** 	if (CalDistanceMilliMeter > 0) {
2252:Core/Src/vl53l1_api.c **** 		BDTable[VL53L1_TUNING_SINGLE_TARGET_XTALK_TARGET_DISTANCE_MM] =
2253:Core/Src/vl53l1_api.c **** 				CalDistanceMilliMeter;
2254:Core/Src/vl53l1_api.c **** 		Status = SingleTargetXTalkCalibration(Dev);
2255:Core/Src/vl53l1_api.c **** 	} else
2256:Core/Src/vl53l1_api.c **** 		Status = VL53L1_ERROR_INVALID_PARAMS;
2257:Core/Src/vl53l1_api.c **** 
2258:Core/Src/vl53l1_api.c **** 	LOG_FUNCTION_END(Status);
2259:Core/Src/vl53l1_api.c **** 	return Status;
2260:Core/Src/vl53l1_api.c **** }
2261:Core/Src/vl53l1_api.c **** 
2262:Core/Src/vl53l1_api.c **** 
2263:Core/Src/vl53l1_api.c **** 
2264:Core/Src/vl53l1_api.c **** 
2265:Core/Src/vl53l1_api.c **** 
2266:Core/Src/vl53l1_api.c **** VL53L1_Error VL53L1_PerformOffsetSimpleCalibration(VL53L1_DEV Dev,
2267:Core/Src/vl53l1_api.c **** 	int32_t CalDistanceMilliMeter)
2268:Core/Src/vl53l1_api.c **** {
2269:Core/Src/vl53l1_api.c **** 	VL53L1_Error Status = VL53L1_ERROR_NONE;
2270:Core/Src/vl53l1_api.c **** 	int32_t sum_ranging;
2271:Core/Src/vl53l1_api.c **** 	uint8_t offset_meas;
2272:Core/Src/vl53l1_api.c **** 	int16_t Max, UnderMax, OverMax, Repeat;
2273:Core/Src/vl53l1_api.c **** 	int32_t total_count, inloopcount;
2274:Core/Src/vl53l1_api.c **** 	int32_t IncRounding;
2275:Core/Src/vl53l1_api.c **** 	int16_t meanDistance_mm;
2276:Core/Src/vl53l1_api.c **** 	int16_t offset;
2277:Core/Src/vl53l1_api.c **** 	VL53L1_RangingMeasurementData_t RangingMeasurementData;
2278:Core/Src/vl53l1_api.c **** 	VL53L1_LLDriverData_t *pdev;
2279:Core/Src/vl53l1_api.c **** 	uint8_t goodmeas;
2280:Core/Src/vl53l1_api.c **** 
2281:Core/Src/vl53l1_api.c **** 	LOG_FUNCTION_START("");
2282:Core/Src/vl53l1_api.c **** 
2283:Core/Src/vl53l1_api.c **** 	pdev = VL53L1DevStructGetLLDriverHandle(Dev);
2284:Core/Src/vl53l1_api.c **** 	/* Disable any offsets */
2285:Core/Src/vl53l1_api.c **** 	pdev->customer.algo__part_to_part_range_offset_mm = 0;
2286:Core/Src/vl53l1_api.c **** 	pdev->customer.mm_config__inner_offset_mm = 0;
2287:Core/Src/vl53l1_api.c **** 	pdev->customer.mm_config__outer_offset_mm = 0;
2288:Core/Src/vl53l1_api.c **** 	Repeat = BDTable[VL53L1_TUNING_SIMPLE_OFFSET_CALIBRATION_REPEAT];
ARM GAS  C:\Users\Lenovo\AppData\Local\Temp\ccE9MZbZ.s 			page 60


2289:Core/Src/vl53l1_api.c **** 	Max = BDTable[
2290:Core/Src/vl53l1_api.c **** 		VL53L1_TUNING_MAX_SIMPLE_OFFSET_CALIBRATION_SAMPLE_NUMBER];
2291:Core/Src/vl53l1_api.c **** 	UnderMax = 1 + (Max / 2);
2292:Core/Src/vl53l1_api.c **** 	OverMax = Max + (Max / 2);
2293:Core/Src/vl53l1_api.c **** 	sum_ranging = 0;
2294:Core/Src/vl53l1_api.c **** 	total_count = 0;
2295:Core/Src/vl53l1_api.c **** 
2296:Core/Src/vl53l1_api.c **** 	while ((Repeat > 0) && (Status == VL53L1_ERROR_NONE)) {
2297:Core/Src/vl53l1_api.c **** 		Status = VL53L1_StartMeasurement(Dev);
2298:Core/Src/vl53l1_api.c **** 		/* Very first ranging completion interrupt must be ignored */
2299:Core/Src/vl53l1_api.c **** 		if (Status == VL53L1_ERROR_NONE) {
2300:Core/Src/vl53l1_api.c **** 			VL53L1_WaitMeasurementDataReady(Dev);
2301:Core/Src/vl53l1_api.c **** 			VL53L1_GetRangingMeasurementData(Dev,
2302:Core/Src/vl53l1_api.c **** 				&RangingMeasurementData);
2303:Core/Src/vl53l1_api.c **** 			VL53L1_ClearInterruptAndStartMeasurement(Dev);
2304:Core/Src/vl53l1_api.c **** 		}
2305:Core/Src/vl53l1_api.c **** 		/* offset calibration main loop */
2306:Core/Src/vl53l1_api.c **** 		inloopcount = 0;
2307:Core/Src/vl53l1_api.c **** 		offset_meas = 0;
2308:Core/Src/vl53l1_api.c **** 		while ((Status == VL53L1_ERROR_NONE) && (inloopcount < Max) &&
2309:Core/Src/vl53l1_api.c **** 				(offset_meas < OverMax)) {
2310:Core/Src/vl53l1_api.c **** 			Status = VL53L1_WaitMeasurementDataReady(Dev);
2311:Core/Src/vl53l1_api.c **** 			if (Status == VL53L1_ERROR_NONE)
2312:Core/Src/vl53l1_api.c **** 				Status = VL53L1_GetRangingMeasurementData(Dev,
2313:Core/Src/vl53l1_api.c **** 						&RangingMeasurementData);
2314:Core/Src/vl53l1_api.c **** 			goodmeas = (RangingMeasurementData.RangeStatus ==
2315:Core/Src/vl53l1_api.c **** 					VL53L1_RANGESTATUS_RANGE_VALID);
2316:Core/Src/vl53l1_api.c **** 			if ((Status == VL53L1_ERROR_NONE) && goodmeas) {
2317:Core/Src/vl53l1_api.c **** 				sum_ranging = sum_ranging +
2318:Core/Src/vl53l1_api.c **** 					RangingMeasurementData.RangeMilliMeter;
2319:Core/Src/vl53l1_api.c **** 				inloopcount++;
2320:Core/Src/vl53l1_api.c **** 			}
2321:Core/Src/vl53l1_api.c **** 			Status = VL53L1_ClearInterruptAndStartMeasurement(Dev);
2322:Core/Src/vl53l1_api.c **** 			offset_meas++;
2323:Core/Src/vl53l1_api.c **** 		}
2324:Core/Src/vl53l1_api.c **** 		total_count += inloopcount;
2325:Core/Src/vl53l1_api.c **** 
2326:Core/Src/vl53l1_api.c **** 		/* no enough valid values found */
2327:Core/Src/vl53l1_api.c **** 		if (inloopcount < UnderMax)
2328:Core/Src/vl53l1_api.c **** 			Status = VL53L1_ERROR_OFFSET_CAL_NO_SAMPLE_FAIL;
2329:Core/Src/vl53l1_api.c **** 
2330:Core/Src/vl53l1_api.c **** 		VL53L1_StopMeasurement(Dev);
2331:Core/Src/vl53l1_api.c **** 
2332:Core/Src/vl53l1_api.c **** 		Repeat--;
2333:Core/Src/vl53l1_api.c **** 
2334:Core/Src/vl53l1_api.c **** 	}
2335:Core/Src/vl53l1_api.c **** 	/* check overflow (unlikely if target is near to the device) */
2336:Core/Src/vl53l1_api.c **** 	if ((sum_ranging < 0) ||
2337:Core/Src/vl53l1_api.c **** 		(sum_ranging > ((int32_t) total_count * 0xffff)))
2338:Core/Src/vl53l1_api.c **** 		Status = VL53L1_WARNING_OFFSET_CAL_SIGMA_TOO_HIGH;
2339:Core/Src/vl53l1_api.c **** 
2340:Core/Src/vl53l1_api.c **** 	if ((Status == VL53L1_ERROR_NONE) && (total_count > 0)) {
2341:Core/Src/vl53l1_api.c **** 		IncRounding = total_count / 2;
2342:Core/Src/vl53l1_api.c **** 		meanDistance_mm = (int16_t)((sum_ranging + IncRounding)
2343:Core/Src/vl53l1_api.c **** 				/ total_count);
2344:Core/Src/vl53l1_api.c **** 		offset = (int16_t)CalDistanceMilliMeter - meanDistance_mm;
2345:Core/Src/vl53l1_api.c **** 		pdev->customer.algo__part_to_part_range_offset_mm = 0;
ARM GAS  C:\Users\Lenovo\AppData\Local\Temp\ccE9MZbZ.s 			page 61


2346:Core/Src/vl53l1_api.c **** 		pdev->customer.mm_config__inner_offset_mm = offset;
2347:Core/Src/vl53l1_api.c **** 		pdev->customer.mm_config__outer_offset_mm = offset;
2348:Core/Src/vl53l1_api.c **** 
2349:Core/Src/vl53l1_api.c **** 		Status = VL53L1_set_customer_nvm_managed(Dev,
2350:Core/Src/vl53l1_api.c **** 				&(pdev->customer));
2351:Core/Src/vl53l1_api.c **** 	}
2352:Core/Src/vl53l1_api.c **** 
2353:Core/Src/vl53l1_api.c **** 	LOG_FUNCTION_END(Status);
2354:Core/Src/vl53l1_api.c **** 	return Status;
2355:Core/Src/vl53l1_api.c **** }
2356:Core/Src/vl53l1_api.c **** 
2357:Core/Src/vl53l1_api.c **** VL53L1_Error VL53L1_PerformOffsetZeroDistanceCalibration(VL53L1_DEV Dev)
2358:Core/Src/vl53l1_api.c **** {
2359:Core/Src/vl53l1_api.c **** 	#define START_OFFSET 50
2360:Core/Src/vl53l1_api.c **** 	VL53L1_Error Status = VL53L1_ERROR_NONE;
2361:Core/Src/vl53l1_api.c **** 	int32_t sum_ranging;
2362:Core/Src/vl53l1_api.c **** 	uint8_t offset_meas;
2363:Core/Src/vl53l1_api.c **** 	int16_t Max, UnderMax, OverMax, Repeat;
2364:Core/Src/vl53l1_api.c **** 	int32_t total_count, inloopcount;
2365:Core/Src/vl53l1_api.c **** 	int32_t IncRounding;
2366:Core/Src/vl53l1_api.c **** 	int16_t meanDistance_mm;
2367:Core/Src/vl53l1_api.c **** 	int16_t offset, ZeroDistanceOffset;
2368:Core/Src/vl53l1_api.c **** 	VL53L1_RangingMeasurementData_t RangingMeasurementData;
2369:Core/Src/vl53l1_api.c **** 	VL53L1_LLDriverData_t *pdev;
2370:Core/Src/vl53l1_api.c **** 	uint8_t goodmeas;
2371:Core/Src/vl53l1_api.c **** 
2372:Core/Src/vl53l1_api.c **** 	LOG_FUNCTION_START("");
2373:Core/Src/vl53l1_api.c **** 
2374:Core/Src/vl53l1_api.c **** 	pdev = VL53L1DevStructGetLLDriverHandle(Dev);
2375:Core/Src/vl53l1_api.c **** 	pdev->customer.algo__part_to_part_range_offset_mm = 0;
2376:Core/Src/vl53l1_api.c **** 	pdev->customer.mm_config__inner_offset_mm = START_OFFSET;
2377:Core/Src/vl53l1_api.c **** 	pdev->customer.mm_config__outer_offset_mm = START_OFFSET;
2378:Core/Src/vl53l1_api.c **** 	ZeroDistanceOffset = BDTable[
2379:Core/Src/vl53l1_api.c **** 		VL53L1_TUNING_ZERO_DISTANCE_OFFSET_NON_LINEAR_FACTOR];
2380:Core/Src/vl53l1_api.c **** 	Repeat = BDTable[VL53L1_TUNING_SIMPLE_OFFSET_CALIBRATION_REPEAT];
2381:Core/Src/vl53l1_api.c **** 	Max = BDTable[
2382:Core/Src/vl53l1_api.c **** 		VL53L1_TUNING_MAX_SIMPLE_OFFSET_CALIBRATION_SAMPLE_NUMBER];
2383:Core/Src/vl53l1_api.c **** 	UnderMax = 1 + (Max / 2);
2384:Core/Src/vl53l1_api.c **** 	OverMax = Max + (Max / 2);
2385:Core/Src/vl53l1_api.c **** 	sum_ranging = 0;
2386:Core/Src/vl53l1_api.c **** 	total_count = 0;
2387:Core/Src/vl53l1_api.c **** 
2388:Core/Src/vl53l1_api.c **** 	while ((Repeat > 0) && (Status == VL53L1_ERROR_NONE)) {
2389:Core/Src/vl53l1_api.c **** 		Status = VL53L1_StartMeasurement(Dev);
2390:Core/Src/vl53l1_api.c **** 		if (Status == VL53L1_ERROR_NONE) {
2391:Core/Src/vl53l1_api.c **** 			VL53L1_WaitMeasurementDataReady(Dev);
2392:Core/Src/vl53l1_api.c **** 			VL53L1_GetRangingMeasurementData(Dev,
2393:Core/Src/vl53l1_api.c **** 				&RangingMeasurementData);
2394:Core/Src/vl53l1_api.c **** 			VL53L1_ClearInterruptAndStartMeasurement(Dev);
2395:Core/Src/vl53l1_api.c **** 		}
2396:Core/Src/vl53l1_api.c **** 		inloopcount = 0;
2397:Core/Src/vl53l1_api.c **** 		offset_meas = 0;
2398:Core/Src/vl53l1_api.c **** 		while ((Status == VL53L1_ERROR_NONE) && (inloopcount < Max) &&
2399:Core/Src/vl53l1_api.c **** 				(offset_meas < OverMax)) {
2400:Core/Src/vl53l1_api.c **** 			Status = VL53L1_WaitMeasurementDataReady(Dev);
2401:Core/Src/vl53l1_api.c **** 			if (Status == VL53L1_ERROR_NONE)
2402:Core/Src/vl53l1_api.c **** 				Status = VL53L1_GetRangingMeasurementData(Dev,
ARM GAS  C:\Users\Lenovo\AppData\Local\Temp\ccE9MZbZ.s 			page 62


2403:Core/Src/vl53l1_api.c **** 					&RangingMeasurementData);
2404:Core/Src/vl53l1_api.c **** 			goodmeas = (RangingMeasurementData.RangeStatus ==
2405:Core/Src/vl53l1_api.c **** 					VL53L1_RANGESTATUS_RANGE_VALID);
2406:Core/Src/vl53l1_api.c **** 			if ((Status == VL53L1_ERROR_NONE) && goodmeas) {
2407:Core/Src/vl53l1_api.c **** 				sum_ranging = sum_ranging +
2408:Core/Src/vl53l1_api.c **** 					RangingMeasurementData.RangeMilliMeter;
2409:Core/Src/vl53l1_api.c **** 				inloopcount++;
2410:Core/Src/vl53l1_api.c **** 			}
2411:Core/Src/vl53l1_api.c **** 			Status = VL53L1_ClearInterruptAndStartMeasurement(Dev);
2412:Core/Src/vl53l1_api.c **** 			offset_meas++;
2413:Core/Src/vl53l1_api.c **** 		}
2414:Core/Src/vl53l1_api.c **** 		total_count += inloopcount;
2415:Core/Src/vl53l1_api.c **** 		if (inloopcount < UnderMax)
2416:Core/Src/vl53l1_api.c **** 			Status = VL53L1_ERROR_OFFSET_CAL_NO_SAMPLE_FAIL;
2417:Core/Src/vl53l1_api.c **** 		VL53L1_StopMeasurement(Dev);
2418:Core/Src/vl53l1_api.c **** 		Repeat--;
2419:Core/Src/vl53l1_api.c **** 	}
2420:Core/Src/vl53l1_api.c **** 	if ((sum_ranging < 0) ||
2421:Core/Src/vl53l1_api.c **** 		(sum_ranging > ((int32_t) total_count * 0xffff)))
2422:Core/Src/vl53l1_api.c **** 		Status = VL53L1_WARNING_OFFSET_CAL_SIGMA_TOO_HIGH;
2423:Core/Src/vl53l1_api.c **** 
2424:Core/Src/vl53l1_api.c **** 	if ((Status == VL53L1_ERROR_NONE) && (total_count > 0)) {
2425:Core/Src/vl53l1_api.c **** 		IncRounding = total_count / 2;
2426:Core/Src/vl53l1_api.c **** 		meanDistance_mm = (int16_t)
2427:Core/Src/vl53l1_api.c **** 			((sum_ranging + IncRounding) / total_count);
2428:Core/Src/vl53l1_api.c **** 		offset = START_OFFSET - meanDistance_mm + ZeroDistanceOffset;
2429:Core/Src/vl53l1_api.c **** 		pdev->customer.algo__part_to_part_range_offset_mm = 0;
2430:Core/Src/vl53l1_api.c **** 		pdev->customer.mm_config__inner_offset_mm = offset;
2431:Core/Src/vl53l1_api.c **** 		pdev->customer.mm_config__outer_offset_mm = offset;
2432:Core/Src/vl53l1_api.c **** 		Status = VL53L1_set_customer_nvm_managed(Dev,
2433:Core/Src/vl53l1_api.c **** 			&(pdev->customer));
2434:Core/Src/vl53l1_api.c **** 	}
2435:Core/Src/vl53l1_api.c **** 
2436:Core/Src/vl53l1_api.c **** 	LOG_FUNCTION_END(Status);
2437:Core/Src/vl53l1_api.c **** 	return Status;
2438:Core/Src/vl53l1_api.c **** }
2439:Core/Src/vl53l1_api.c **** 
2440:Core/Src/vl53l1_api.c **** VL53L1_Error VL53L1_SetCalibrationData(VL53L1_DEV Dev,
2441:Core/Src/vl53l1_api.c **** 		VL53L1_CalibrationData_t *pCalibrationData)
2442:Core/Src/vl53l1_api.c **** {
2443:Core/Src/vl53l1_api.c **** 	VL53L1_Error Status = VL53L1_ERROR_NONE;
2444:Core/Src/vl53l1_api.c **** 	VL53L1_CustomerNvmManaged_t          *pC;
2445:Core/Src/vl53l1_api.c **** 	VL53L1_calibration_data_t            cal_data;
2446:Core/Src/vl53l1_api.c **** 	uint32_t x, IncomeVersion, CurrentVersion;
2447:Core/Src/vl53l1_api.c **** 
2448:Core/Src/vl53l1_api.c **** 	LOG_FUNCTION_START("");
2449:Core/Src/vl53l1_api.c **** 
2450:Core/Src/vl53l1_api.c **** 	cal_data.struct_version = pCalibrationData->struct_version -
2451:Core/Src/vl53l1_api.c **** 			VL53L1_ADDITIONAL_CALIBRATION_DATA_STRUCT_VERSION;
2452:Core/Src/vl53l1_api.c **** 	/* adjust version for old calibration data */
2453:Core/Src/vl53l1_api.c **** 	IncomeVersion = pCalibrationData->struct_version;
2454:Core/Src/vl53l1_api.c **** 	CurrentVersion = VL53L1_LL_CALIBRATION_DATA_STRUCT_VERSION +
2455:Core/Src/vl53l1_api.c **** 		VL53L1_ADDITIONAL_CALIBRATION_DATA_STRUCT_VERSION;
2456:Core/Src/vl53l1_api.c **** 
2457:Core/Src/vl53l1_api.c **** 	if ((IncomeVersion < CurrentVersion) &&
2458:Core/Src/vl53l1_api.c **** 		((IncomeVersion & 0xFFFFFF0F) ==
2459:Core/Src/vl53l1_api.c **** 		 (CurrentVersion & 0xFFFFFF0F))) {
ARM GAS  C:\Users\Lenovo\AppData\Local\Temp\ccE9MZbZ.s 			page 63


2460:Core/Src/vl53l1_api.c **** 		cal_data.struct_version =
2461:Core/Src/vl53l1_api.c **** 			VL53L1_LL_CALIBRATION_DATA_STRUCT_VERSION;
2462:Core/Src/vl53l1_api.c **** 	}
2463:Core/Src/vl53l1_api.c **** 
2464:Core/Src/vl53l1_api.c **** 
2465:Core/Src/vl53l1_api.c **** 	/* memcpy(DEST, SRC, N)  */
2466:Core/Src/vl53l1_api.c **** 	memcpy(
2467:Core/Src/vl53l1_api.c **** 		&(cal_data.add_off_cal_data),
2468:Core/Src/vl53l1_api.c **** 		&(pCalibrationData->add_off_cal_data),
2469:Core/Src/vl53l1_api.c **** 		sizeof(VL53L1_additional_offset_cal_data_t));
2470:Core/Src/vl53l1_api.c **** 
2471:Core/Src/vl53l1_api.c **** 	/* memcpy (DEST, SRC, N) */
2472:Core/Src/vl53l1_api.c **** 	memcpy(
2473:Core/Src/vl53l1_api.c **** 		&(cal_data.optical_centre),
2474:Core/Src/vl53l1_api.c **** 		&(pCalibrationData->optical_centre),
2475:Core/Src/vl53l1_api.c **** 		sizeof(VL53L1_optical_centre_t));
2476:Core/Src/vl53l1_api.c **** 
2477:Core/Src/vl53l1_api.c **** 	/* memcpy (DEST, SRC, N) */
2478:Core/Src/vl53l1_api.c **** 	memcpy(
2479:Core/Src/vl53l1_api.c **** 		&(cal_data.gain_cal),
2480:Core/Src/vl53l1_api.c **** 		&(pCalibrationData->gain_cal),
2481:Core/Src/vl53l1_api.c **** 		sizeof(VL53L1_gain_calibration_data_t));
2482:Core/Src/vl53l1_api.c **** 
2483:Core/Src/vl53l1_api.c **** 	/* memcpy (DEST, SRC, N) */
2484:Core/Src/vl53l1_api.c **** 	memcpy(
2485:Core/Src/vl53l1_api.c **** 		&(cal_data.cal_peak_rate_map),
2486:Core/Src/vl53l1_api.c **** 		&(pCalibrationData->cal_peak_rate_map),
2487:Core/Src/vl53l1_api.c **** 		sizeof(VL53L1_cal_peak_rate_map_t));
2488:Core/Src/vl53l1_api.c **** 
2489:Core/Src/vl53l1_api.c **** 
2490:Core/Src/vl53l1_api.c **** 	pC = &pCalibrationData->customer;
2491:Core/Src/vl53l1_api.c **** 	x = pC->algo__crosstalk_compensation_plane_offset_kcps;
2492:Core/Src/vl53l1_api.c **** 	cal_data.customer.algo__crosstalk_compensation_plane_offset_kcps =
2493:Core/Src/vl53l1_api.c **** 		(uint16_t)(x&0x0000FFFF);
2494:Core/Src/vl53l1_api.c **** 
2495:Core/Src/vl53l1_api.c **** 	cal_data.customer.global_config__spad_enables_ref_0 =
2496:Core/Src/vl53l1_api.c **** 		pC->global_config__spad_enables_ref_0;
2497:Core/Src/vl53l1_api.c **** 	cal_data.customer.global_config__spad_enables_ref_1 =
2498:Core/Src/vl53l1_api.c **** 		pC->global_config__spad_enables_ref_1;
2499:Core/Src/vl53l1_api.c **** 	cal_data.customer.global_config__spad_enables_ref_2 =
2500:Core/Src/vl53l1_api.c **** 		pC->global_config__spad_enables_ref_2;
2501:Core/Src/vl53l1_api.c **** 	cal_data.customer.global_config__spad_enables_ref_3 =
2502:Core/Src/vl53l1_api.c **** 		pC->global_config__spad_enables_ref_3;
2503:Core/Src/vl53l1_api.c **** 	cal_data.customer.global_config__spad_enables_ref_4 =
2504:Core/Src/vl53l1_api.c **** 		pC->global_config__spad_enables_ref_4;
2505:Core/Src/vl53l1_api.c **** 	cal_data.customer.global_config__spad_enables_ref_5 =
2506:Core/Src/vl53l1_api.c **** 		pC->global_config__spad_enables_ref_5;
2507:Core/Src/vl53l1_api.c **** 	cal_data.customer.global_config__ref_en_start_select =
2508:Core/Src/vl53l1_api.c **** 		pC->global_config__ref_en_start_select;
2509:Core/Src/vl53l1_api.c **** 	cal_data.customer.ref_spad_man__num_requested_ref_spads =
2510:Core/Src/vl53l1_api.c **** 		pC->ref_spad_man__num_requested_ref_spads;
2511:Core/Src/vl53l1_api.c **** 	cal_data.customer.ref_spad_man__ref_location =
2512:Core/Src/vl53l1_api.c **** 		pC->ref_spad_man__ref_location;
2513:Core/Src/vl53l1_api.c **** 	cal_data.customer.algo__crosstalk_compensation_x_plane_gradient_kcps =
2514:Core/Src/vl53l1_api.c **** 		pC->algo__crosstalk_compensation_x_plane_gradient_kcps;
2515:Core/Src/vl53l1_api.c **** 	cal_data.customer.algo__crosstalk_compensation_y_plane_gradient_kcps =
2516:Core/Src/vl53l1_api.c **** 		pC->algo__crosstalk_compensation_y_plane_gradient_kcps;
ARM GAS  C:\Users\Lenovo\AppData\Local\Temp\ccE9MZbZ.s 			page 64


2517:Core/Src/vl53l1_api.c **** 	cal_data.customer.ref_spad_char__total_rate_target_mcps =
2518:Core/Src/vl53l1_api.c **** 		pC->ref_spad_char__total_rate_target_mcps;
2519:Core/Src/vl53l1_api.c **** 	cal_data.customer.algo__part_to_part_range_offset_mm =
2520:Core/Src/vl53l1_api.c **** 		pC->algo__part_to_part_range_offset_mm;
2521:Core/Src/vl53l1_api.c **** 	cal_data.customer.mm_config__inner_offset_mm =
2522:Core/Src/vl53l1_api.c **** 		pC->mm_config__inner_offset_mm;
2523:Core/Src/vl53l1_api.c **** 	cal_data.customer.mm_config__outer_offset_mm =
2524:Core/Src/vl53l1_api.c **** 		pC->mm_config__outer_offset_mm;
2525:Core/Src/vl53l1_api.c **** 
2526:Core/Src/vl53l1_api.c **** 	Status = VL53L1_set_part_to_part_data(Dev, &cal_data);
2527:Core/Src/vl53l1_api.c **** 	LOG_FUNCTION_END(Status);
2528:Core/Src/vl53l1_api.c **** 	return Status;
2529:Core/Src/vl53l1_api.c **** 
2530:Core/Src/vl53l1_api.c **** }
2531:Core/Src/vl53l1_api.c **** 
2532:Core/Src/vl53l1_api.c **** VL53L1_Error VL53L1_GetCalibrationData(VL53L1_DEV Dev,
2533:Core/Src/vl53l1_api.c **** 		VL53L1_CalibrationData_t  *pCalibrationData)
2534:Core/Src/vl53l1_api.c **** {
2535:Core/Src/vl53l1_api.c **** 	VL53L1_Error Status = VL53L1_ERROR_NONE;
2536:Core/Src/vl53l1_api.c **** 	VL53L1_calibration_data_t      cal_data;
2537:Core/Src/vl53l1_api.c **** 	VL53L1_CustomerNvmManaged_t         *pC;
2538:Core/Src/vl53l1_api.c **** 	VL53L1_customer_nvm_managed_t       *pC2;
2539:Core/Src/vl53l1_api.c **** 
2540:Core/Src/vl53l1_api.c **** 	LOG_FUNCTION_START("");
2541:Core/Src/vl53l1_api.c **** 
2542:Core/Src/vl53l1_api.c **** 	/* struct_version is filled inside get part to part function */
2543:Core/Src/vl53l1_api.c **** 	Status = VL53L1_get_part_to_part_data(Dev, &cal_data);
2544:Core/Src/vl53l1_api.c **** 
2545:Core/Src/vl53l1_api.c **** 	pCalibrationData->struct_version = cal_data.struct_version +
2546:Core/Src/vl53l1_api.c **** 			VL53L1_ADDITIONAL_CALIBRATION_DATA_STRUCT_VERSION;
2547:Core/Src/vl53l1_api.c **** 
2548:Core/Src/vl53l1_api.c **** 
2549:Core/Src/vl53l1_api.c **** 	/* memcpy(DEST, SRC, N)  */
2550:Core/Src/vl53l1_api.c **** 	memcpy(
2551:Core/Src/vl53l1_api.c **** 		&(pCalibrationData->add_off_cal_data),
2552:Core/Src/vl53l1_api.c **** 		&(cal_data.add_off_cal_data),
2553:Core/Src/vl53l1_api.c **** 		sizeof(VL53L1_additional_offset_cal_data_t));
2554:Core/Src/vl53l1_api.c **** 
2555:Core/Src/vl53l1_api.c **** 	/* memcpy (DEST, SRC, N) */
2556:Core/Src/vl53l1_api.c **** 	memcpy(
2557:Core/Src/vl53l1_api.c **** 		&(pCalibrationData->optical_centre),
2558:Core/Src/vl53l1_api.c **** 		&(cal_data.optical_centre),
2559:Core/Src/vl53l1_api.c **** 		sizeof(VL53L1_optical_centre_t));
2560:Core/Src/vl53l1_api.c **** 
2561:Core/Src/vl53l1_api.c **** 	/* memcpy (DEST, SRC, N) */
2562:Core/Src/vl53l1_api.c **** 	memcpy(
2563:Core/Src/vl53l1_api.c **** 		&(pCalibrationData->gain_cal),
2564:Core/Src/vl53l1_api.c **** 		&(cal_data.gain_cal),
2565:Core/Src/vl53l1_api.c **** 		sizeof(VL53L1_gain_calibration_data_t));
2566:Core/Src/vl53l1_api.c **** 
2567:Core/Src/vl53l1_api.c **** 	/* memcpy (DEST, SRC, N) */
2568:Core/Src/vl53l1_api.c **** 	memcpy(
2569:Core/Src/vl53l1_api.c **** 		&(pCalibrationData->cal_peak_rate_map),
2570:Core/Src/vl53l1_api.c **** 		&(cal_data.cal_peak_rate_map),
2571:Core/Src/vl53l1_api.c **** 		sizeof(VL53L1_cal_peak_rate_map_t));
2572:Core/Src/vl53l1_api.c **** 
2573:Core/Src/vl53l1_api.c **** 
ARM GAS  C:\Users\Lenovo\AppData\Local\Temp\ccE9MZbZ.s 			page 65


2574:Core/Src/vl53l1_api.c **** 	pC = &pCalibrationData->customer;
2575:Core/Src/vl53l1_api.c **** 	pC2 = &cal_data.customer;
2576:Core/Src/vl53l1_api.c **** 	pC->global_config__spad_enables_ref_0 =
2577:Core/Src/vl53l1_api.c **** 		pC2->global_config__spad_enables_ref_0;
2578:Core/Src/vl53l1_api.c **** 	pC->global_config__spad_enables_ref_1 =
2579:Core/Src/vl53l1_api.c **** 		pC2->global_config__spad_enables_ref_1;
2580:Core/Src/vl53l1_api.c **** 	pC->global_config__spad_enables_ref_2 =
2581:Core/Src/vl53l1_api.c **** 		pC2->global_config__spad_enables_ref_2;
2582:Core/Src/vl53l1_api.c **** 	pC->global_config__spad_enables_ref_3 =
2583:Core/Src/vl53l1_api.c **** 		pC2->global_config__spad_enables_ref_3;
2584:Core/Src/vl53l1_api.c **** 	pC->global_config__spad_enables_ref_4 =
2585:Core/Src/vl53l1_api.c **** 		pC2->global_config__spad_enables_ref_4;
2586:Core/Src/vl53l1_api.c **** 	pC->global_config__spad_enables_ref_5 =
2587:Core/Src/vl53l1_api.c **** 		pC2->global_config__spad_enables_ref_5;
2588:Core/Src/vl53l1_api.c **** 	pC->global_config__ref_en_start_select =
2589:Core/Src/vl53l1_api.c **** 		pC2->global_config__ref_en_start_select;
2590:Core/Src/vl53l1_api.c **** 	pC->ref_spad_man__num_requested_ref_spads =
2591:Core/Src/vl53l1_api.c **** 		pC2->ref_spad_man__num_requested_ref_spads;
2592:Core/Src/vl53l1_api.c **** 	pC->ref_spad_man__ref_location =
2593:Core/Src/vl53l1_api.c **** 		pC2->ref_spad_man__ref_location;
2594:Core/Src/vl53l1_api.c **** 	pC->algo__crosstalk_compensation_x_plane_gradient_kcps =
2595:Core/Src/vl53l1_api.c **** 		pC2->algo__crosstalk_compensation_x_plane_gradient_kcps;
2596:Core/Src/vl53l1_api.c **** 	pC->algo__crosstalk_compensation_y_plane_gradient_kcps =
2597:Core/Src/vl53l1_api.c **** 		pC2->algo__crosstalk_compensation_y_plane_gradient_kcps;
2598:Core/Src/vl53l1_api.c **** 	pC->ref_spad_char__total_rate_target_mcps =
2599:Core/Src/vl53l1_api.c **** 		pC2->ref_spad_char__total_rate_target_mcps;
2600:Core/Src/vl53l1_api.c **** 	pC->algo__part_to_part_range_offset_mm =
2601:Core/Src/vl53l1_api.c **** 		pC2->algo__part_to_part_range_offset_mm;
2602:Core/Src/vl53l1_api.c **** 	pC->mm_config__inner_offset_mm =
2603:Core/Src/vl53l1_api.c **** 		pC2->mm_config__inner_offset_mm;
2604:Core/Src/vl53l1_api.c **** 	pC->mm_config__outer_offset_mm =
2605:Core/Src/vl53l1_api.c **** 		pC2->mm_config__outer_offset_mm;
2606:Core/Src/vl53l1_api.c **** 
2607:Core/Src/vl53l1_api.c **** 	pC->algo__crosstalk_compensation_plane_offset_kcps =
2608:Core/Src/vl53l1_api.c **** 		(uint32_t)(
2609:Core/Src/vl53l1_api.c **** 			pC2->algo__crosstalk_compensation_plane_offset_kcps);
2610:Core/Src/vl53l1_api.c **** 	LOG_FUNCTION_END(Status);
2611:Core/Src/vl53l1_api.c **** 	return Status;
2612:Core/Src/vl53l1_api.c **** }
2613:Core/Src/vl53l1_api.c **** 
2614:Core/Src/vl53l1_api.c **** 
2615:Core/Src/vl53l1_api.c **** 
2616:Core/Src/vl53l1_api.c **** VL53L1_Error VL53L1_GetOpticalCenter(VL53L1_DEV Dev,
2617:Core/Src/vl53l1_api.c **** 		FixPoint1616_t *pOpticalCenterX,
2618:Core/Src/vl53l1_api.c **** 		FixPoint1616_t *pOpticalCenterY)
2619:Core/Src/vl53l1_api.c **** {
2620:Core/Src/vl53l1_api.c **** 	VL53L1_Error Status = VL53L1_ERROR_NONE;
2621:Core/Src/vl53l1_api.c **** 	VL53L1_calibration_data_t  CalibrationData;
2622:Core/Src/vl53l1_api.c **** 
2623:Core/Src/vl53l1_api.c **** 	LOG_FUNCTION_START("");
2624:Core/Src/vl53l1_api.c **** 
2625:Core/Src/vl53l1_api.c **** 	*pOpticalCenterX = 0;
2626:Core/Src/vl53l1_api.c **** 	*pOpticalCenterY = 0;
2627:Core/Src/vl53l1_api.c **** 	Status = VL53L1_get_part_to_part_data(Dev, &CalibrationData);
2628:Core/Src/vl53l1_api.c **** 	if (Status == VL53L1_ERROR_NONE) {
2629:Core/Src/vl53l1_api.c **** 		*pOpticalCenterX = VL53L1_FIXPOINT44TOFIXPOINT1616(
2630:Core/Src/vl53l1_api.c **** 				CalibrationData.optical_centre.x_centre);
ARM GAS  C:\Users\Lenovo\AppData\Local\Temp\ccE9MZbZ.s 			page 66


2631:Core/Src/vl53l1_api.c **** 		*pOpticalCenterY = VL53L1_FIXPOINT44TOFIXPOINT1616(
2632:Core/Src/vl53l1_api.c **** 				CalibrationData.optical_centre.y_centre);
2633:Core/Src/vl53l1_api.c **** 	}
2634:Core/Src/vl53l1_api.c **** 
2635:Core/Src/vl53l1_api.c **** 	LOG_FUNCTION_END(Status);
2636:Core/Src/vl53l1_api.c **** 	return Status;
2637:Core/Src/vl53l1_api.c **** }
2638:Core/Src/vl53l1_api.c **** 
2639:Core/Src/vl53l1_api.c **** /* END Group Calibration functions */
2640:Core/Src/vl53l1_api.c **** 
2641:Core/Src/vl53l1_api.c **** 
2642:Core/Src/vl53l1_api.c **** /* Group PAL detection triggered events Functions */
2643:Core/Src/vl53l1_api.c **** 
2644:Core/Src/vl53l1_api.c **** VL53L1_Error VL53L1_SetThresholdConfig(VL53L1_DEV Dev,
2645:Core/Src/vl53l1_api.c **** 		VL53L1_DetectionConfig_t *pConfig)
2646:Core/Src/vl53l1_api.c **** {
2647:Core/Src/vl53l1_api.c **** #define BADTHRESBOUNDS(T) \
2648:Core/Src/vl53l1_api.c **** 	(((T.CrossMode == VL53L1_THRESHOLD_OUT_OF_WINDOW) || \
2649:Core/Src/vl53l1_api.c **** 	(T.CrossMode == VL53L1_THRESHOLD_IN_WINDOW)) && (T.Low > T.High))
2650:Core/Src/vl53l1_api.c **** 
2651:Core/Src/vl53l1_api.c **** 	VL53L1_Error Status = VL53L1_ERROR_NONE;
2652:Core/Src/vl53l1_api.c **** 	VL53L1_GPIO_interrupt_config_t Cfg;
2653:Core/Src/vl53l1_api.c **** 	uint16_t g;
2654:Core/Src/vl53l1_api.c **** 	FixPoint1616_t gain, high1616, low1616;
2655:Core/Src/vl53l1_api.c **** 	VL53L1_LLDriverData_t *pdev;
2656:Core/Src/vl53l1_api.c **** 
2657:Core/Src/vl53l1_api.c **** 	LOG_FUNCTION_START("");
2658:Core/Src/vl53l1_api.c **** 
2659:Core/Src/vl53l1_api.c **** 	pdev = VL53L1DevStructGetLLDriverHandle(Dev);
2660:Core/Src/vl53l1_api.c **** 
2661:Core/Src/vl53l1_api.c **** 	Status = VL53L1_get_GPIO_interrupt_config(Dev, &Cfg);
2662:Core/Src/vl53l1_api.c **** 	if (Status != VL53L1_ERROR_NONE)
2663:Core/Src/vl53l1_api.c **** 		return Status;
2664:Core/Src/vl53l1_api.c **** 
2665:Core/Src/vl53l1_api.c **** 	if (pConfig->DetectionMode == VL53L1_DETECTION_NORMAL_RUN) {
2666:Core/Src/vl53l1_api.c **** 		Cfg.intr_new_measure_ready = 1;
2667:Core/Src/vl53l1_api.c **** 		Status = VL53L1_set_GPIO_interrupt_config_struct(Dev,
2668:Core/Src/vl53l1_api.c **** 				Cfg);
2669:Core/Src/vl53l1_api.c **** 	} else {
2670:Core/Src/vl53l1_api.c **** 		if (BADTHRESBOUNDS(pConfig->Distance))
2671:Core/Src/vl53l1_api.c **** 			Status = VL53L1_ERROR_INVALID_PARAMS;
2672:Core/Src/vl53l1_api.c **** 		if ((Status == VL53L1_ERROR_NONE) &&
2673:Core/Src/vl53l1_api.c **** 				(BADTHRESBOUNDS(pConfig->Rate)))
2674:Core/Src/vl53l1_api.c **** 			Status = VL53L1_ERROR_INVALID_PARAMS;
2675:Core/Src/vl53l1_api.c **** 		if (Status == VL53L1_ERROR_NONE) {
2676:Core/Src/vl53l1_api.c **** 			Cfg.intr_new_measure_ready = 0;
2677:Core/Src/vl53l1_api.c **** 			Cfg.intr_no_target = pConfig->IntrNoTarget;
2678:Core/Src/vl53l1_api.c **** 			/* fix ticket 466238 Apply invert distance gain to thresholds */
2679:Core/Src/vl53l1_api.c **** 			g = pdev->gain_cal.standard_ranging_gain_factor;
2680:Core/Src/vl53l1_api.c **** 			if (g != 0) {
2681:Core/Src/vl53l1_api.c **** 				/* gain is ufix 5.11, convert to 16.16 */
2682:Core/Src/vl53l1_api.c **** 				gain = (FixPoint1616_t) ((uint32_t)g << 5);
2683:Core/Src/vl53l1_api.c **** 				high1616 = (FixPoint1616_t) ((uint32_t)
2684:Core/Src/vl53l1_api.c **** 						pConfig->Distance.High << 16);
2685:Core/Src/vl53l1_api.c **** 				low1616 = (FixPoint1616_t) ((uint32_t)
2686:Core/Src/vl53l1_api.c **** 						pConfig->Distance.Low << 16);
2687:Core/Src/vl53l1_api.c **** 				/* +32768 to round the results*/
ARM GAS  C:\Users\Lenovo\AppData\Local\Temp\ccE9MZbZ.s 			page 67


2688:Core/Src/vl53l1_api.c **** 				high1616 = (high1616 + 32768) / gain;
2689:Core/Src/vl53l1_api.c **** 				low1616 = (low1616 + 32768) / gain;
2690:Core/Src/vl53l1_api.c **** 				Cfg.threshold_distance_high = (uint16_t)
2691:Core/Src/vl53l1_api.c **** 						(high1616 & 0xFFFF);
2692:Core/Src/vl53l1_api.c **** 				Cfg.threshold_distance_low = (uint16_t)
2693:Core/Src/vl53l1_api.c **** 						(low1616 & 0xFFFF);
2694:Core/Src/vl53l1_api.c **** 			} /* end fix ticket 466238 */
2695:Core/Src/vl53l1_api.c **** 			Cfg.threshold_rate_high =
2696:Core/Src/vl53l1_api.c **** 				VL53L1_FIXPOINT1616TOFIXPOINT97(
2697:Core/Src/vl53l1_api.c **** 						pConfig->Rate.High);
2698:Core/Src/vl53l1_api.c **** 			Cfg.threshold_rate_low =
2699:Core/Src/vl53l1_api.c **** 				VL53L1_FIXPOINT1616TOFIXPOINT97(
2700:Core/Src/vl53l1_api.c **** 						pConfig->Rate.Low);
2701:Core/Src/vl53l1_api.c **** 
2702:Core/Src/vl53l1_api.c **** 			Cfg.intr_mode_distance = ConvertModeToLLD(
2703:Core/Src/vl53l1_api.c **** 					&Status,
2704:Core/Src/vl53l1_api.c **** 					pConfig->Distance.CrossMode);
2705:Core/Src/vl53l1_api.c **** 			if (Status == VL53L1_ERROR_NONE)
2706:Core/Src/vl53l1_api.c **** 				Cfg.intr_mode_rate = ConvertModeToLLD(
2707:Core/Src/vl53l1_api.c **** 					&Status,
2708:Core/Src/vl53l1_api.c **** 					pConfig->Rate.CrossMode);
2709:Core/Src/vl53l1_api.c **** 		}
2710:Core/Src/vl53l1_api.c **** 
2711:Core/Src/vl53l1_api.c **** 		/* Refine thresholds combination now */
2712:Core/Src/vl53l1_api.c **** 		if (Status == VL53L1_ERROR_NONE) {
2713:Core/Src/vl53l1_api.c **** 			Cfg.intr_combined_mode = 1;
2714:Core/Src/vl53l1_api.c **** 			switch (pConfig->DetectionMode) {
2715:Core/Src/vl53l1_api.c **** 			case VL53L1_DETECTION_DISTANCE_ONLY:
2716:Core/Src/vl53l1_api.c **** 				Cfg.threshold_rate_high = 0;
2717:Core/Src/vl53l1_api.c **** 				Cfg.threshold_rate_low = 0;
2718:Core/Src/vl53l1_api.c **** 				break;
2719:Core/Src/vl53l1_api.c **** 			case VL53L1_DETECTION_RATE_ONLY:
2720:Core/Src/vl53l1_api.c **** 				Cfg.threshold_distance_high = 0;
2721:Core/Src/vl53l1_api.c **** 				Cfg.threshold_distance_low = 0;
2722:Core/Src/vl53l1_api.c **** 				break;
2723:Core/Src/vl53l1_api.c **** 			case VL53L1_DETECTION_DISTANCE_OR_RATE:
2724:Core/Src/vl53l1_api.c **** 				/* Nothing to do all is already in place */
2725:Core/Src/vl53l1_api.c **** 				break;
2726:Core/Src/vl53l1_api.c **** 			case VL53L1_DETECTION_DISTANCE_AND_RATE:
2727:Core/Src/vl53l1_api.c **** 				Cfg.intr_combined_mode = 0;
2728:Core/Src/vl53l1_api.c **** 				break;
2729:Core/Src/vl53l1_api.c **** 			default:
2730:Core/Src/vl53l1_api.c **** 				Status = VL53L1_ERROR_INVALID_PARAMS;
2731:Core/Src/vl53l1_api.c **** 			}
2732:Core/Src/vl53l1_api.c **** 		}
2733:Core/Src/vl53l1_api.c **** 
2734:Core/Src/vl53l1_api.c **** 		if (Status == VL53L1_ERROR_NONE)
2735:Core/Src/vl53l1_api.c **** 			Status =
2736:Core/Src/vl53l1_api.c **** 			VL53L1_set_GPIO_interrupt_config_struct(Dev, Cfg);
2737:Core/Src/vl53l1_api.c **** 
2738:Core/Src/vl53l1_api.c **** 	}
2739:Core/Src/vl53l1_api.c **** 
2740:Core/Src/vl53l1_api.c **** 	LOG_FUNCTION_END(Status);
2741:Core/Src/vl53l1_api.c **** 	return Status;
2742:Core/Src/vl53l1_api.c **** }
2743:Core/Src/vl53l1_api.c **** 
2744:Core/Src/vl53l1_api.c **** 
ARM GAS  C:\Users\Lenovo\AppData\Local\Temp\ccE9MZbZ.s 			page 68


2745:Core/Src/vl53l1_api.c **** VL53L1_Error VL53L1_GetThresholdConfig(VL53L1_DEV Dev,
2746:Core/Src/vl53l1_api.c **** 		VL53L1_DetectionConfig_t *pConfig)
2747:Core/Src/vl53l1_api.c **** {
2748:Core/Src/vl53l1_api.c **** 	VL53L1_Error Status = VL53L1_ERROR_NONE;
2749:Core/Src/vl53l1_api.c **** 	VL53L1_GPIO_interrupt_config_t Cfg;
2750:Core/Src/vl53l1_api.c **** 
2751:Core/Src/vl53l1_api.c **** 	LOG_FUNCTION_START("");
2752:Core/Src/vl53l1_api.c **** 
2753:Core/Src/vl53l1_api.c **** 	Status = VL53L1_get_GPIO_interrupt_config(Dev, &Cfg);
2754:Core/Src/vl53l1_api.c **** 
2755:Core/Src/vl53l1_api.c **** 	if (Status != VL53L1_ERROR_NONE) {
2756:Core/Src/vl53l1_api.c **** 		LOG_FUNCTION_END(Status);
2757:Core/Src/vl53l1_api.c **** 		return Status;
2758:Core/Src/vl53l1_api.c **** 	}
2759:Core/Src/vl53l1_api.c **** 
2760:Core/Src/vl53l1_api.c **** 	pConfig->IntrNoTarget = Cfg.intr_no_target;
2761:Core/Src/vl53l1_api.c **** 	pConfig->Distance.High = Cfg.threshold_distance_high;
2762:Core/Src/vl53l1_api.c **** 	pConfig->Distance.Low = Cfg.threshold_distance_low;
2763:Core/Src/vl53l1_api.c **** 	pConfig->Rate.High =
2764:Core/Src/vl53l1_api.c **** 		VL53L1_FIXPOINT97TOFIXPOINT1616(
2765:Core/Src/vl53l1_api.c **** 				Cfg.threshold_rate_high);
2766:Core/Src/vl53l1_api.c **** 	pConfig->Rate.Low =
2767:Core/Src/vl53l1_api.c **** 		VL53L1_FIXPOINT97TOFIXPOINT1616(Cfg.threshold_rate_low);
2768:Core/Src/vl53l1_api.c **** 	pConfig->Distance.CrossMode =
2769:Core/Src/vl53l1_api.c **** 		ConvertModeFromLLD(&Status, Cfg.intr_mode_distance);
2770:Core/Src/vl53l1_api.c **** 	if (Status == VL53L1_ERROR_NONE)
2771:Core/Src/vl53l1_api.c **** 		pConfig->Rate.CrossMode =
2772:Core/Src/vl53l1_api.c **** 			ConvertModeFromLLD(&Status, Cfg.intr_mode_rate);
2773:Core/Src/vl53l1_api.c **** 
2774:Core/Src/vl53l1_api.c **** 	if (Cfg.intr_new_measure_ready == 1) {
2775:Core/Src/vl53l1_api.c **** 		pConfig->DetectionMode = VL53L1_DETECTION_NORMAL_RUN;
2776:Core/Src/vl53l1_api.c **** 	} else {
2777:Core/Src/vl53l1_api.c **** 		/* Refine thresholds combination now */
2778:Core/Src/vl53l1_api.c **** 		if (Status == VL53L1_ERROR_NONE) {
2779:Core/Src/vl53l1_api.c **** 			if (Cfg.intr_combined_mode == 0)
2780:Core/Src/vl53l1_api.c **** 				pConfig->DetectionMode =
2781:Core/Src/vl53l1_api.c **** 				VL53L1_DETECTION_DISTANCE_AND_RATE;
2782:Core/Src/vl53l1_api.c **** 			else {
2783:Core/Src/vl53l1_api.c **** 				if ((Cfg.threshold_distance_high == 0) &&
2784:Core/Src/vl53l1_api.c **** 					(Cfg.threshold_distance_low == 0))
2785:Core/Src/vl53l1_api.c **** 					pConfig->DetectionMode =
2786:Core/Src/vl53l1_api.c **** 					VL53L1_DETECTION_RATE_ONLY;
2787:Core/Src/vl53l1_api.c **** 				else if ((Cfg.threshold_rate_high == 0) &&
2788:Core/Src/vl53l1_api.c **** 					(Cfg.threshold_rate_low == 0))
2789:Core/Src/vl53l1_api.c **** 					pConfig->DetectionMode =
2790:Core/Src/vl53l1_api.c **** 					VL53L1_DETECTION_DISTANCE_ONLY;
2791:Core/Src/vl53l1_api.c **** 				else
2792:Core/Src/vl53l1_api.c **** 					pConfig->DetectionMode =
2793:Core/Src/vl53l1_api.c **** 					VL53L1_DETECTION_DISTANCE_OR_RATE;
2794:Core/Src/vl53l1_api.c **** 			}
2795:Core/Src/vl53l1_api.c **** 		}
2796:Core/Src/vl53l1_api.c **** 	}
2797:Core/Src/vl53l1_api.c **** 
2798:Core/Src/vl53l1_api.c **** 	LOG_FUNCTION_END(Status);
2799:Core/Src/vl53l1_api.c **** 	return Status;
2800:Core/Src/vl53l1_api.c **** }
2801:Core/Src/vl53l1_api.c **** 
ARM GAS  C:\Users\Lenovo\AppData\Local\Temp\ccE9MZbZ.s 			page 69


2802:Core/Src/vl53l1_api.c **** 
2803:Core/Src/vl53l1_api.c **** /* End Group PAL IRQ Triggered events Functions */
2804:Core/Src/vl53l1_api.c **** 
2805:Core/Src/vl53l1_api.c **** 
2806:Core/Src/vl53l1_api.c **** static VL53L1_Error VL53L1_LoadPatch(VL53L1_DEV Dev)
2807:Core/Src/vl53l1_api.c **** {
2808:Core/Src/vl53l1_api.c **** 	VL53L1_Error status = VL53L1_ERROR_NONE;
2809:Core/Src/vl53l1_api.c **** 	uint32_t patch_tuning = 0;
2810:Core/Src/vl53l1_api.c **** 	uint8_t comms_buffer[256];
2811:Core/Src/vl53l1_api.c **** 	uint32_t patch_power;
2812:Core/Src/vl53l1_api.c **** 	LOG_FUNCTION_START("");
2813:Core/Src/vl53l1_api.c **** 
2814:Core/Src/vl53l1_api.c **** 	if (status == VL53L1_ERROR_NONE)
2815:Core/Src/vl53l1_api.c **** 		status = VL53L1_WrByte(
2816:Core/Src/vl53l1_api.c **** 				Dev,
2817:Core/Src/vl53l1_api.c **** 				VL53L1_FIRMWARE__ENABLE,
2818:Core/Src/vl53l1_api.c **** 				0x00);
2819:Core/Src/vl53l1_api.c **** 	/* Force GO1 on */
2820:Core/Src/vl53l1_api.c **** 	if (status == VL53L1_ERROR_NONE)
2821:Core/Src/vl53l1_api.c **** 		VL53L1_enable_powerforce(Dev);
2822:Core/Src/vl53l1_api.c **** 
2823:Core/Src/vl53l1_api.c **** 	patch_tuning = BDTable[VL53L1_TUNING_PHASECAL_PATCH_POWER];
2824:Core/Src/vl53l1_api.c **** 
2825:Core/Src/vl53l1_api.c **** 	switch(patch_tuning) {
2826:Core/Src/vl53l1_api.c **** 	case 0:
2827:Core/Src/vl53l1_api.c **** 		patch_power = 0x00;
2828:Core/Src/vl53l1_api.c **** 		break;
2829:Core/Src/vl53l1_api.c **** 	case 1:
2830:Core/Src/vl53l1_api.c **** 		patch_power = 0x10;
2831:Core/Src/vl53l1_api.c **** 		break;
2832:Core/Src/vl53l1_api.c **** 	case 2:
2833:Core/Src/vl53l1_api.c **** 		patch_power = 0x20;
2834:Core/Src/vl53l1_api.c **** 		break;
2835:Core/Src/vl53l1_api.c **** 	case 3:
2836:Core/Src/vl53l1_api.c **** 		patch_power = 0x40;
2837:Core/Src/vl53l1_api.c **** 		break;
2838:Core/Src/vl53l1_api.c **** 	default:
2839:Core/Src/vl53l1_api.c **** 		patch_power = 0x00;
2840:Core/Src/vl53l1_api.c **** 	}
2841:Core/Src/vl53l1_api.c **** 	/* Set patch RAM offsets */
2842:Core/Src/vl53l1_api.c **** 	if (status == VL53L1_ERROR_NONE) {
2843:Core/Src/vl53l1_api.c **** 		/* Package up MultiByte transaction */
2844:Core/Src/vl53l1_api.c **** 		comms_buffer[0] = 0x29;
2845:Core/Src/vl53l1_api.c **** 		comms_buffer[1] = 0xC9;
2846:Core/Src/vl53l1_api.c **** 		comms_buffer[2] = 0x0E;
2847:Core/Src/vl53l1_api.c **** 		comms_buffer[3] = 0x40;
2848:Core/Src/vl53l1_api.c **** 		comms_buffer[4] = 0x28;
2849:Core/Src/vl53l1_api.c **** 		comms_buffer[5] = patch_power;
2850:Core/Src/vl53l1_api.c **** 		/* 0x10 for 60ms, 0x20 for 240ms and 0x40 for 3580ms */
2851:Core/Src/vl53l1_api.c **** 		status = VL53L1_WriteMulti(
2852:Core/Src/vl53l1_api.c **** 				Dev,
2853:Core/Src/vl53l1_api.c **** 				VL53L1_PATCH__OFFSET_0,
2854:Core/Src/vl53l1_api.c **** 				comms_buffer,
2855:Core/Src/vl53l1_api.c **** 				6);
2856:Core/Src/vl53l1_api.c **** 	}
2857:Core/Src/vl53l1_api.c **** 	/* Set patch breakpoints */
2858:Core/Src/vl53l1_api.c **** 	if (status == VL53L1_ERROR_NONE) {
ARM GAS  C:\Users\Lenovo\AppData\Local\Temp\ccE9MZbZ.s 			page 70


2859:Core/Src/vl53l1_api.c **** 		comms_buffer[0] = 0x03;
2860:Core/Src/vl53l1_api.c **** 		comms_buffer[1] = 0x6D;
2861:Core/Src/vl53l1_api.c **** 		comms_buffer[2] = 0x03;
2862:Core/Src/vl53l1_api.c **** 		comms_buffer[3] = 0x6F;
2863:Core/Src/vl53l1_api.c **** 		comms_buffer[4] = 0x07;
2864:Core/Src/vl53l1_api.c **** 		comms_buffer[5] = 0x29;
2865:Core/Src/vl53l1_api.c **** 		status = VL53L1_WriteMulti(
2866:Core/Src/vl53l1_api.c **** 				Dev,
2867:Core/Src/vl53l1_api.c **** 				VL53L1_PATCH__ADDRESS_0,
2868:Core/Src/vl53l1_api.c **** 				comms_buffer,
2869:Core/Src/vl53l1_api.c **** 				6);
2870:Core/Src/vl53l1_api.c **** 	}
2871:Core/Src/vl53l1_api.c **** 	/* Enable patch JMP patches */
2872:Core/Src/vl53l1_api.c **** 	if (status == VL53L1_ERROR_NONE) {
2873:Core/Src/vl53l1_api.c **** 		comms_buffer[0] = 0x00;
2874:Core/Src/vl53l1_api.c **** 		comms_buffer[1] = 0x07;
2875:Core/Src/vl53l1_api.c **** 		status = VL53L1_WriteMulti(
2876:Core/Src/vl53l1_api.c **** 				Dev,
2877:Core/Src/vl53l1_api.c **** 				VL53L1_PATCH__JMP_ENABLES,
2878:Core/Src/vl53l1_api.c **** 				comms_buffer,
2879:Core/Src/vl53l1_api.c **** 				2);
2880:Core/Src/vl53l1_api.c **** 	}
2881:Core/Src/vl53l1_api.c **** 	/* Enable patch DATA patches */
2882:Core/Src/vl53l1_api.c **** 	if (status == VL53L1_ERROR_NONE) {
2883:Core/Src/vl53l1_api.c **** 		comms_buffer[0] = 0x00;
2884:Core/Src/vl53l1_api.c **** 		comms_buffer[1] = 0x07;
2885:Core/Src/vl53l1_api.c **** 		status = VL53L1_WriteMulti(
2886:Core/Src/vl53l1_api.c **** 				Dev,
2887:Core/Src/vl53l1_api.c **** 				VL53L1_PATCH__DATA_ENABLES,
2888:Core/Src/vl53l1_api.c **** 				comms_buffer,
2889:Core/Src/vl53l1_api.c **** 				2);
2890:Core/Src/vl53l1_api.c **** 	}
2891:Core/Src/vl53l1_api.c **** 	/* Enable firmware patching */
2892:Core/Src/vl53l1_api.c **** 	if (status == VL53L1_ERROR_NONE)
2893:Core/Src/vl53l1_api.c **** 		status = VL53L1_WrByte(
2894:Core/Src/vl53l1_api.c **** 				Dev,
2895:Core/Src/vl53l1_api.c **** 				VL53L1_PATCH__CTRL,
2896:Core/Src/vl53l1_api.c **** 				0x01);
2897:Core/Src/vl53l1_api.c **** 	/* Enable Firmware */
2898:Core/Src/vl53l1_api.c **** 	if (status == VL53L1_ERROR_NONE)
2899:Core/Src/vl53l1_api.c **** 		status = VL53L1_WrByte(
2900:Core/Src/vl53l1_api.c **** 				Dev,
2901:Core/Src/vl53l1_api.c **** 				VL53L1_FIRMWARE__ENABLE,
2902:Core/Src/vl53l1_api.c **** 				0x01);
2903:Core/Src/vl53l1_api.c **** 
2904:Core/Src/vl53l1_api.c **** 	LOG_FUNCTION_END(status);
2905:Core/Src/vl53l1_api.c **** 
2906:Core/Src/vl53l1_api.c **** 	return status;
2907:Core/Src/vl53l1_api.c **** }
2908:Core/Src/vl53l1_api.c **** 
2909:Core/Src/vl53l1_api.c **** static VL53L1_Error VL53L1_UnloadPatch(VL53L1_DEV Dev)
2910:Core/Src/vl53l1_api.c **** {
 930              		.loc 1 2910 1 is_stmt 1 view -0
 931              		.cfi_startproc
 932              		@ args = 0, pretend = 0, frame = 0
 933              		@ frame_needed = 0, uses_anonymous_args = 0
 934              		.loc 1 2910 1 is_stmt 0 view .LVU278
ARM GAS  C:\Users\Lenovo\AppData\Local\Temp\ccE9MZbZ.s 			page 71


 935 0000 38B5     		push	{r3, r4, r5, lr}
 936              	.LCFI8:
 937              		.cfi_def_cfa_offset 16
 938              		.cfi_offset 3, -16
 939              		.cfi_offset 4, -12
 940              		.cfi_offset 5, -8
 941              		.cfi_offset 14, -4
 942 0002 0546     		mov	r5, r0
2911:Core/Src/vl53l1_api.c **** 	VL53L1_Error status = VL53L1_ERROR_NONE;
 943              		.loc 1 2911 2 is_stmt 1 view .LVU279
 944              	.LVL106:
2912:Core/Src/vl53l1_api.c **** 	/* Disable Firmware (allow full write access) */
2913:Core/Src/vl53l1_api.c **** 	if (status == VL53L1_ERROR_NONE)
 945              		.loc 1 2913 2 view .LVU280
2914:Core/Src/vl53l1_api.c **** 		status = VL53L1_WrByte(
 946              		.loc 1 2914 3 view .LVU281
 947              		.loc 1 2914 12 is_stmt 0 view .LVU282
 948 0004 0022     		movs	r2, #0
 949 0006 8521     		movs	r1, #133
 950 0008 FFF7FEFF 		bl	VL53L1_WrByte
 951              	.LVL107:
2915:Core/Src/vl53l1_api.c **** 				Dev,
2916:Core/Src/vl53l1_api.c **** 				VL53L1_FIRMWARE__ENABLE,
2917:Core/Src/vl53l1_api.c **** 				0x00);
2918:Core/Src/vl53l1_api.c **** 	/* Force GO1 off */
2919:Core/Src/vl53l1_api.c **** 	if (status == VL53L1_ERROR_NONE)
 952              		.loc 1 2919 2 is_stmt 1 view .LVU283
 953              		.loc 1 2919 5 is_stmt 0 view .LVU284
 954 000c 0446     		mov	r4, r0
 955 000e 18B1     		cbz	r0, .L90
 956              	.LVL108:
 957              	.L86:
2920:Core/Src/vl53l1_api.c **** 		VL53L1_disable_powerforce(Dev);
2921:Core/Src/vl53l1_api.c **** 	/* Disable firmware patching */
2922:Core/Src/vl53l1_api.c **** 	if (status == VL53L1_ERROR_NONE)
 958              		.loc 1 2922 2 is_stmt 1 view .LVU285
 959              		.loc 1 2922 5 is_stmt 0 view .LVU286
 960 0010 34B1     		cbz	r4, .L91
 961              	.L87:
 962              	.LVL109:
2923:Core/Src/vl53l1_api.c **** 		status = VL53L1_WrByte(
2924:Core/Src/vl53l1_api.c **** 				Dev,
2925:Core/Src/vl53l1_api.c **** 				VL53L1_PATCH__CTRL,
2926:Core/Src/vl53l1_api.c **** 				0x00);
2927:Core/Src/vl53l1_api.c **** 	/* Enable Firmware */
2928:Core/Src/vl53l1_api.c **** 	if (status == VL53L1_ERROR_NONE)
 963              		.loc 1 2928 2 is_stmt 1 view .LVU287
 964              		.loc 1 2928 5 is_stmt 0 view .LVU288
 965 0012 6CB1     		cbz	r4, .L92
 966              	.L88:
2929:Core/Src/vl53l1_api.c **** 		status = VL53L1_WrByte(
2930:Core/Src/vl53l1_api.c **** 				Dev,
2931:Core/Src/vl53l1_api.c **** 				VL53L1_FIRMWARE__ENABLE,
2932:Core/Src/vl53l1_api.c **** 				0x01);
2933:Core/Src/vl53l1_api.c **** 
2934:Core/Src/vl53l1_api.c **** 	LOG_FUNCTION_END(status);
 967              		.loc 1 2934 26 is_stmt 1 view .LVU289
ARM GAS  C:\Users\Lenovo\AppData\Local\Temp\ccE9MZbZ.s 			page 72


2935:Core/Src/vl53l1_api.c **** 
2936:Core/Src/vl53l1_api.c **** 	return status;
 968              		.loc 1 2936 2 view .LVU290
2937:Core/Src/vl53l1_api.c **** }
 969              		.loc 1 2937 1 is_stmt 0 view .LVU291
 970 0014 2046     		mov	r0, r4
 971 0016 38BD     		pop	{r3, r4, r5, pc}
 972              	.LVL110:
 973              	.L90:
2920:Core/Src/vl53l1_api.c **** 	/* Disable firmware patching */
 974              		.loc 1 2920 3 is_stmt 1 view .LVU292
 975 0018 2846     		mov	r0, r5
 976              	.LVL111:
2920:Core/Src/vl53l1_api.c **** 	/* Disable firmware patching */
 977              		.loc 1 2920 3 is_stmt 0 view .LVU293
 978 001a FFF7FEFF 		bl	VL53L1_disable_powerforce
 979              	.LVL112:
 980 001e F7E7     		b	.L86
 981              	.L91:
2923:Core/Src/vl53l1_api.c **** 				Dev,
 982              		.loc 1 2923 3 is_stmt 1 view .LVU294
2923:Core/Src/vl53l1_api.c **** 				Dev,
 983              		.loc 1 2923 12 is_stmt 0 view .LVU295
 984 0020 0022     		movs	r2, #0
 985 0022 4FF48E61 		mov	r1, #1136
 986 0026 2846     		mov	r0, r5
 987 0028 FFF7FEFF 		bl	VL53L1_WrByte
 988              	.LVL113:
 989 002c 0446     		mov	r4, r0
 990              	.LVL114:
2923:Core/Src/vl53l1_api.c **** 				Dev,
 991              		.loc 1 2923 12 view .LVU296
 992 002e F0E7     		b	.L87
 993              	.L92:
2929:Core/Src/vl53l1_api.c **** 				Dev,
 994              		.loc 1 2929 3 is_stmt 1 view .LVU297
2929:Core/Src/vl53l1_api.c **** 				Dev,
 995              		.loc 1 2929 12 is_stmt 0 view .LVU298
 996 0030 0122     		movs	r2, #1
 997 0032 8521     		movs	r1, #133
 998 0034 2846     		mov	r0, r5
 999 0036 FFF7FEFF 		bl	VL53L1_WrByte
 1000              	.LVL115:
 1001 003a 0446     		mov	r4, r0
 1002              	.LVL116:
2929:Core/Src/vl53l1_api.c **** 				Dev,
 1003              		.loc 1 2929 12 view .LVU299
 1004 003c EAE7     		b	.L88
 1005              		.cfi_endproc
 1006              	.LFE73:
 1008              		.section	.text.VL53L1_nvm_disable,"ax",%progbits
 1009              		.align	1
 1010              		.syntax unified
 1011              		.thumb
 1012              		.thumb_func
 1014              	VL53L1_nvm_disable:
 1015              	.LVL117:
ARM GAS  C:\Users\Lenovo\AppData\Local\Temp\ccE9MZbZ.s 			page 73


 1016              	.LFB5:
 232:Core/Src/vl53l1_api.c **** 	/*
 1017              		.loc 1 232 1 is_stmt 1 view -0
 1018              		.cfi_startproc
 1019              		@ args = 0, pretend = 0, frame = 0
 1020              		@ frame_needed = 0, uses_anonymous_args = 0
 232:Core/Src/vl53l1_api.c **** 	/*
 1021              		.loc 1 232 1 is_stmt 0 view .LVU301
 1022 0000 10B5     		push	{r4, lr}
 1023              	.LCFI9:
 1024              		.cfi_def_cfa_offset 8
 1025              		.cfi_offset 4, -8
 1026              		.cfi_offset 14, -4
 1027 0002 0446     		mov	r4, r0
 237:Core/Src/vl53l1_api.c **** 
 1028              		.loc 1 237 2 is_stmt 1 view .LVU302
 1029              	.LVL118:
 239:Core/Src/vl53l1_api.c **** 
 1030              		.loc 1 239 24 view .LVU303
 241:Core/Src/vl53l1_api.c **** 		status = VL53L1_WrByte(
 1031              		.loc 1 241 2 view .LVU304
 242:Core/Src/vl53l1_api.c **** 					Dev,
 1032              		.loc 1 242 3 view .LVU305
 242:Core/Src/vl53l1_api.c **** 					Dev,
 1033              		.loc 1 242 12 is_stmt 0 view .LVU306
 1034 0004 0122     		movs	r2, #1
 1035 0006 40F28371 		movw	r1, #1923
 1036 000a FFF7FEFF 		bl	VL53L1_WrByte
 1037              	.LVL119:
 249:Core/Src/vl53l1_api.c **** 		status = VL53L1_WrByte(
 1038              		.loc 1 249 2 is_stmt 1 view .LVU307
 249:Core/Src/vl53l1_api.c **** 		status = VL53L1_WrByte(
 1039              		.loc 1 249 5 is_stmt 0 view .LVU308
 1040 000e 10B1     		cbz	r0, .L98
 1041              	.L94:
 1042              	.LVL120:
 257:Core/Src/vl53l1_api.c **** 		status = VL53L1_disable_powerforce(Dev);
 1043              		.loc 1 257 2 is_stmt 1 view .LVU309
 257:Core/Src/vl53l1_api.c **** 		status = VL53L1_disable_powerforce(Dev);
 1044              		.loc 1 257 5 is_stmt 0 view .LVU310
 1045 0010 40B1     		cbz	r0, .L99
 1046              	.L95:
 262:Core/Src/vl53l1_api.c **** 		status = VL53L1_enable_firmware(Dev);
 1047              		.loc 1 262 2 is_stmt 1 view .LVU311
 262:Core/Src/vl53l1_api.c **** 		status = VL53L1_enable_firmware(Dev);
 1048              		.loc 1 262 5 is_stmt 0 view .LVU312
 1049 0012 58B1     		cbz	r0, .L100
 1050              	.L96:
 265:Core/Src/vl53l1_api.c **** 
 1051              		.loc 1 265 26 is_stmt 1 view .LVU313
 267:Core/Src/vl53l1_api.c **** 
 1052              		.loc 1 267 2 view .LVU314
 269:Core/Src/vl53l1_api.c **** 
 1053              		.loc 1 269 1 is_stmt 0 view .LVU315
 1054 0014 10BD     		pop	{r4, pc}
 1055              	.LVL121:
 1056              	.L98:
ARM GAS  C:\Users\Lenovo\AppData\Local\Temp\ccE9MZbZ.s 			page 74


 250:Core/Src/vl53l1_api.c **** 					Dev,
 1057              		.loc 1 250 3 is_stmt 1 view .LVU316
 250:Core/Src/vl53l1_api.c **** 					Dev,
 1058              		.loc 1 250 12 is_stmt 0 view .LVU317
 1059 0016 0022     		movs	r2, #0
 1060 0018 40F28171 		movw	r1, #1921
 1061 001c 2046     		mov	r0, r4
 1062 001e FFF7FEFF 		bl	VL53L1_WrByte
 1063              	.LVL122:
 250:Core/Src/vl53l1_api.c **** 					Dev,
 1064              		.loc 1 250 12 view .LVU318
 1065 0022 F5E7     		b	.L94
 1066              	.L99:
 258:Core/Src/vl53l1_api.c **** 
 1067              		.loc 1 258 3 is_stmt 1 view .LVU319
 258:Core/Src/vl53l1_api.c **** 
 1068              		.loc 1 258 12 is_stmt 0 view .LVU320
 1069 0024 2046     		mov	r0, r4
 1070              	.LVL123:
 258:Core/Src/vl53l1_api.c **** 
 1071              		.loc 1 258 12 view .LVU321
 1072 0026 FFF7FEFF 		bl	VL53L1_disable_powerforce
 1073              	.LVL124:
 258:Core/Src/vl53l1_api.c **** 
 1074              		.loc 1 258 12 view .LVU322
 1075 002a F2E7     		b	.L95
 1076              	.L100:
 263:Core/Src/vl53l1_api.c **** 
 1077              		.loc 1 263 3 is_stmt 1 view .LVU323
 263:Core/Src/vl53l1_api.c **** 
 1078              		.loc 1 263 12 is_stmt 0 view .LVU324
 1079 002c 2046     		mov	r0, r4
 1080              	.LVL125:
 263:Core/Src/vl53l1_api.c **** 
 1081              		.loc 1 263 12 view .LVU325
 1082 002e FFF7FEFF 		bl	VL53L1_enable_firmware
 1083              	.LVL126:
 263:Core/Src/vl53l1_api.c **** 
 1084              		.loc 1 263 12 view .LVU326
 1085 0032 EFE7     		b	.L96
 1086              		.cfi_endproc
 1087              	.LFE5:
 1089              		.section	.text.VL53L1_read_nvm_raw_data,"ax",%progbits
 1090              		.align	1
 1091              		.syntax unified
 1092              		.thumb
 1093              		.thumb_func
 1095              	VL53L1_read_nvm_raw_data:
 1096              	.LVL127:
 1097              	.LFB6:
 276:Core/Src/vl53l1_api.c **** 
 1098              		.loc 1 276 1 is_stmt 1 view -0
 1099              		.cfi_startproc
 1100              		@ args = 0, pretend = 0, frame = 0
 1101              		@ frame_needed = 0, uses_anonymous_args = 0
 276:Core/Src/vl53l1_api.c **** 
 1102              		.loc 1 276 1 is_stmt 0 view .LVU328
ARM GAS  C:\Users\Lenovo\AppData\Local\Temp\ccE9MZbZ.s 			page 75


 1103 0000 F8B5     		push	{r3, r4, r5, r6, r7, lr}
 1104              	.LCFI10:
 1105              		.cfi_def_cfa_offset 24
 1106              		.cfi_offset 3, -24
 1107              		.cfi_offset 4, -20
 1108              		.cfi_offset 5, -16
 1109              		.cfi_offset 6, -12
 1110              		.cfi_offset 7, -8
 1111              		.cfi_offset 14, -4
 1112 0002 0446     		mov	r4, r0
 1113 0004 0D46     		mov	r5, r1
 1114 0006 1646     		mov	r6, r2
 1115 0008 1F46     		mov	r7, r3
 282:Core/Src/vl53l1_api.c **** 
 1116              		.loc 1 282 2 is_stmt 1 view .LVU329
 1117              	.LVL128:
 284:Core/Src/vl53l1_api.c **** 
 1118              		.loc 1 284 24 view .LVU330
 290:Core/Src/vl53l1_api.c **** 		status = VL53L1_nvm_enable(
 1119              		.loc 1 290 2 view .LVU331
 291:Core/Src/vl53l1_api.c **** 					Dev,
 1120              		.loc 1 291 3 view .LVU332
 291:Core/Src/vl53l1_api.c **** 					Dev,
 1121              		.loc 1 291 12 is_stmt 0 view .LVU333
 1122 000a 3222     		movs	r2, #50
 1123              	.LVL129:
 291:Core/Src/vl53l1_api.c **** 					Dev,
 1124              		.loc 1 291 12 view .LVU334
 1125 000c 0421     		movs	r1, #4
 1126              	.LVL130:
 291:Core/Src/vl53l1_api.c **** 					Dev,
 1127              		.loc 1 291 12 view .LVU335
 1128 000e FFF7FEFF 		bl	VL53L1_nvm_enable
 1129              	.LVL131:
 301:Core/Src/vl53l1_api.c **** 		status = VL53L1_nvm_read(
 1130              		.loc 1 301 2 is_stmt 1 view .LVU336
 301:Core/Src/vl53l1_api.c **** 		status = VL53L1_nvm_read(
 1131              		.loc 1 301 5 is_stmt 0 view .LVU337
 1132 0012 08B1     		cbz	r0, .L105
 1133              	.LVL132:
 1134              	.L102:
 312:Core/Src/vl53l1_api.c **** 		status = VL53L1_nvm_disable(Dev);
 1135              		.loc 1 312 2 is_stmt 1 view .LVU338
 312:Core/Src/vl53l1_api.c **** 		status = VL53L1_nvm_disable(Dev);
 1136              		.loc 1 312 5 is_stmt 0 view .LVU339
 1137 0014 38B1     		cbz	r0, .L106
 1138              	.L103:
 315:Core/Src/vl53l1_api.c **** 
 1139              		.loc 1 315 26 is_stmt 1 view .LVU340
 317:Core/Src/vl53l1_api.c **** 
 1140              		.loc 1 317 2 view .LVU341
 319:Core/Src/vl53l1_api.c **** 
 1141              		.loc 1 319 1 is_stmt 0 view .LVU342
 1142 0016 F8BD     		pop	{r3, r4, r5, r6, r7, pc}
 1143              	.LVL133:
 1144              	.L105:
 302:Core/Src/vl53l1_api.c **** 			Dev,
ARM GAS  C:\Users\Lenovo\AppData\Local\Temp\ccE9MZbZ.s 			page 76


 1145              		.loc 1 302 3 is_stmt 1 view .LVU343
 302:Core/Src/vl53l1_api.c **** 			Dev,
 1146              		.loc 1 302 12 is_stmt 0 view .LVU344
 1147 0018 3B46     		mov	r3, r7
 1148 001a 3246     		mov	r2, r6
 1149 001c 2946     		mov	r1, r5
 1150 001e 2046     		mov	r0, r4
 1151 0020 FFF7FEFF 		bl	VL53L1_nvm_read
 1152              	.LVL134:
 302:Core/Src/vl53l1_api.c **** 			Dev,
 1153              		.loc 1 302 12 view .LVU345
 1154 0024 F6E7     		b	.L102
 1155              	.L106:
 313:Core/Src/vl53l1_api.c **** 
 1156              		.loc 1 313 3 is_stmt 1 view .LVU346
 313:Core/Src/vl53l1_api.c **** 
 1157              		.loc 1 313 12 is_stmt 0 view .LVU347
 1158 0026 2046     		mov	r0, r4
 1159              	.LVL135:
 313:Core/Src/vl53l1_api.c **** 
 1160              		.loc 1 313 12 view .LVU348
 1161 0028 FFF7FEFF 		bl	VL53L1_nvm_disable
 1162              	.LVL136:
 313:Core/Src/vl53l1_api.c **** 
 1163              		.loc 1 313 12 view .LVU349
 1164 002c F3E7     		b	.L103
 1165              		.cfi_endproc
 1166              	.LFE6:
 1168              		.section	.text.SetPresetMode,"ax",%progbits
 1169              		.align	1
 1170              		.syntax unified
 1171              		.thumb
 1172              		.thumb_func
 1174              	SetPresetMode:
 1175              	.LVL137:
 1176              	.LFB24:
 868:Core/Src/vl53l1_api.c **** 	VL53L1_Error Status = VL53L1_ERROR_NONE;
 1177              		.loc 1 868 1 is_stmt 1 view -0
 1178              		.cfi_startproc
 1179              		@ args = 0, pretend = 0, frame = 16
 1180              		@ frame_needed = 0, uses_anonymous_args = 0
 868:Core/Src/vl53l1_api.c **** 	VL53L1_Error Status = VL53L1_ERROR_NONE;
 1181              		.loc 1 868 1 is_stmt 0 view .LVU351
 1182 0000 F0B5     		push	{r4, r5, r6, r7, lr}
 1183              	.LCFI11:
 1184              		.cfi_def_cfa_offset 20
 1185              		.cfi_offset 4, -20
 1186              		.cfi_offset 5, -16
 1187              		.cfi_offset 6, -12
 1188              		.cfi_offset 7, -8
 1189              		.cfi_offset 14, -4
 1190 0002 89B0     		sub	sp, sp, #36
 1191              	.LCFI12:
 1192              		.cfi_def_cfa_offset 56
 1193 0004 0646     		mov	r6, r0
 1194 0006 0C46     		mov	r4, r1
 1195 0008 1146     		mov	r1, r2
ARM GAS  C:\Users\Lenovo\AppData\Local\Temp\ccE9MZbZ.s 			page 77


 1196              	.LVL138:
 868:Core/Src/vl53l1_api.c **** 	VL53L1_Error Status = VL53L1_ERROR_NONE;
 1197              		.loc 1 868 1 view .LVU352
 1198 000a 1F46     		mov	r7, r3
 869:Core/Src/vl53l1_api.c **** 	VL53L1_DevicePresetModes   device_preset_mode;
 1199              		.loc 1 869 2 is_stmt 1 view .LVU353
 1200              	.LVL139:
 870:Core/Src/vl53l1_api.c **** 	uint8_t measurement_mode;
 1201              		.loc 1 870 2 view .LVU354
 871:Core/Src/vl53l1_api.c **** 	uint16_t dss_config__target_total_rate_mcps = 0;
 1202              		.loc 1 871 2 view .LVU355
 872:Core/Src/vl53l1_api.c **** 	uint32_t phasecal_config_timeout_us = 0;
 1203              		.loc 1 872 2 view .LVU356
 872:Core/Src/vl53l1_api.c **** 	uint32_t phasecal_config_timeout_us = 0;
 1204              		.loc 1 872 11 is_stmt 0 view .LVU357
 1205 000c 0025     		movs	r5, #0
 1206 000e ADF81C50 		strh	r5, [sp, #28]	@ movhi
 873:Core/Src/vl53l1_api.c **** 	uint32_t mm_config_timeout_us = 0;
 1207              		.loc 1 873 2 is_stmt 1 view .LVU358
 873:Core/Src/vl53l1_api.c **** 	uint32_t mm_config_timeout_us = 0;
 1208              		.loc 1 873 11 is_stmt 0 view .LVU359
 1209 0012 0695     		str	r5, [sp, #24]
 874:Core/Src/vl53l1_api.c **** 	uint32_t lld_range_config_timeout_us = 0;
 1210              		.loc 1 874 2 is_stmt 1 view .LVU360
 874:Core/Src/vl53l1_api.c **** 	uint32_t lld_range_config_timeout_us = 0;
 1211              		.loc 1 874 11 is_stmt 0 view .LVU361
 1212 0014 0595     		str	r5, [sp, #20]
 875:Core/Src/vl53l1_api.c **** 
 1213              		.loc 1 875 2 is_stmt 1 view .LVU362
 875:Core/Src/vl53l1_api.c **** 
 1214              		.loc 1 875 11 is_stmt 0 view .LVU363
 1215 0016 0495     		str	r5, [sp, #16]
 877:Core/Src/vl53l1_api.c **** 
 1216              		.loc 1 877 43 is_stmt 1 view .LVU364
 879:Core/Src/vl53l1_api.c **** 		(PresetMode == VL53L1_PRESETMODE_LOWPOWER_AUTONOMOUS))
 1217              		.loc 1 879 2 view .LVU365
 879:Core/Src/vl53l1_api.c **** 		(PresetMode == VL53L1_PRESETMODE_LOWPOWER_AUTONOMOUS))
 1218              		.loc 1 879 5 is_stmt 0 view .LVU366
 1219 0018 032C     		cmp	r4, #3
 1220 001a 12D0     		beq	.L113
 879:Core/Src/vl53l1_api.c **** 		(PresetMode == VL53L1_PRESETMODE_LOWPOWER_AUTONOMOUS))
 1221              		.loc 1 879 51 discriminator 1 view .LVU367
 1222 001c 082C     		cmp	r4, #8
 1223 001e 0ED0     		beq	.L116
 883:Core/Src/vl53l1_api.c **** 
 1224              		.loc 1 883 21 view .LVU368
 1225 0020 2025     		movs	r5, #32
 1226              	.L108:
 1227              	.LVL140:
 886:Core/Src/vl53l1_api.c **** 			&device_preset_mode);
 1228              		.loc 1 886 2 is_stmt 1 view .LVU369
 886:Core/Src/vl53l1_api.c **** 			&device_preset_mode);
 1229              		.loc 1 886 11 is_stmt 0 view .LVU370
 1230 0022 0DF11F02 		add	r2, sp, #31
 1231              	.LVL141:
 886:Core/Src/vl53l1_api.c **** 			&device_preset_mode);
 1232              		.loc 1 886 11 view .LVU371
ARM GAS  C:\Users\Lenovo\AppData\Local\Temp\ccE9MZbZ.s 			page 78


 1233 0026 2046     		mov	r0, r4
 1234              	.LVL142:
 886:Core/Src/vl53l1_api.c **** 			&device_preset_mode);
 1235              		.loc 1 886 11 view .LVU372
 1236 0028 FFF7FEFF 		bl	ComputeDevicePresetMode
 1237              	.LVL143:
 889:Core/Src/vl53l1_api.c **** 		Status =  VL53L1_get_preset_mode_timing_cfg(Dev,
 1238              		.loc 1 889 2 is_stmt 1 view .LVU373
 889:Core/Src/vl53l1_api.c **** 		Status =  VL53L1_get_preset_mode_timing_cfg(Dev,
 1239              		.loc 1 889 5 is_stmt 0 view .LVU374
 1240 002c 58B1     		cbz	r0, .L117
 1241              	.L109:
 897:Core/Src/vl53l1_api.c **** 		Status = VL53L1_set_preset_mode(
 1242              		.loc 1 897 2 is_stmt 1 view .LVU375
 897:Core/Src/vl53l1_api.c **** 		Status = VL53L1_set_preset_mode(
 1243              		.loc 1 897 5 is_stmt 0 view .LVU376
 1244 002e B0B1     		cbz	r0, .L118
 1245              	.L110:
 907:Core/Src/vl53l1_api.c **** 		VL53L1DevDataSet(Dev, LLData.measurement_mode,
 1246              		.loc 1 907 2 is_stmt 1 view .LVU377
 907:Core/Src/vl53l1_api.c **** 		VL53L1DevDataSet(Dev, LLData.measurement_mode,
 1247              		.loc 1 907 5 is_stmt 0 view .LVU378
 1248 0030 00B9     		cbnz	r0, .L111
 908:Core/Src/vl53l1_api.c **** 				measurement_mode);
 1249              		.loc 1 908 3 is_stmt 1 view .LVU379
 1250 0032 B570     		strb	r5, [r6, #2]
 1251              	.L111:
 911:Core/Src/vl53l1_api.c **** 		VL53L1DevDataSet(Dev, CurrentParameters.PresetMode, PresetMode);
 1252              		.loc 1 911 2 view .LVU380
 911:Core/Src/vl53l1_api.c **** 		VL53L1DevDataSet(Dev, CurrentParameters.PresetMode, PresetMode);
 1253              		.loc 1 911 5 is_stmt 0 view .LVU381
 1254 0034 08B9     		cbnz	r0, .L112
 912:Core/Src/vl53l1_api.c **** 
 1255              		.loc 1 912 3 is_stmt 1 view .LVU382
 1256 0036 86F87C43 		strb	r4, [r6, #892]
 1257              	.L112:
 914:Core/Src/vl53l1_api.c **** 	return Status;
 1258              		.loc 1 914 26 view .LVU383
 915:Core/Src/vl53l1_api.c **** }
 1259              		.loc 1 915 2 view .LVU384
 916:Core/Src/vl53l1_api.c **** 
 1260              		.loc 1 916 1 is_stmt 0 view .LVU385
 1261 003a 09B0     		add	sp, sp, #36
 1262              	.LCFI13:
 1263              		.cfi_remember_state
 1264              		.cfi_def_cfa_offset 20
 1265              		@ sp needed
 1266 003c F0BD     		pop	{r4, r5, r6, r7, pc}
 1267              	.LVL144:
 1268              	.L116:
 1269              	.LCFI14:
 1270              		.cfi_restore_state
 881:Core/Src/vl53l1_api.c **** 	else
 1271              		.loc 1 881 21 view .LVU386
 1272 003e 4025     		movs	r5, #64
 1273 0040 EFE7     		b	.L108
 1274              	.L113:
ARM GAS  C:\Users\Lenovo\AppData\Local\Temp\ccE9MZbZ.s 			page 79


 1275 0042 4025     		movs	r5, #64
 1276 0044 EDE7     		b	.L108
 1277              	.LVL145:
 1278              	.L117:
 890:Core/Src/vl53l1_api.c **** 				device_preset_mode,
 1279              		.loc 1 890 3 is_stmt 1 view .LVU387
 890:Core/Src/vl53l1_api.c **** 				device_preset_mode,
 1280              		.loc 1 890 13 is_stmt 0 view .LVU388
 1281 0046 04AB     		add	r3, sp, #16
 1282 0048 0193     		str	r3, [sp, #4]
 1283 004a 05AB     		add	r3, sp, #20
 1284 004c 0093     		str	r3, [sp]
 1285 004e 06AB     		add	r3, sp, #24
 1286 0050 07AA     		add	r2, sp, #28
 1287 0052 9DF81F10 		ldrb	r1, [sp, #31]	@ zero_extendqisi2
 1288 0056 3046     		mov	r0, r6
 1289              	.LVL146:
 890:Core/Src/vl53l1_api.c **** 				device_preset_mode,
 1290              		.loc 1 890 13 view .LVU389
 1291 0058 FFF7FEFF 		bl	VL53L1_get_preset_mode_timing_cfg
 1292              	.LVL147:
 890:Core/Src/vl53l1_api.c **** 				device_preset_mode,
 1293              		.loc 1 890 13 view .LVU390
 1294 005c E7E7     		b	.L109
 1295              	.L118:
 898:Core/Src/vl53l1_api.c **** 				Dev,
 1296              		.loc 1 898 3 is_stmt 1 view .LVU391
 898:Core/Src/vl53l1_api.c **** 				Dev,
 1297              		.loc 1 898 12 is_stmt 0 view .LVU392
 1298 005e 0297     		str	r7, [sp, #8]
 1299 0060 049B     		ldr	r3, [sp, #16]
 1300 0062 0193     		str	r3, [sp, #4]
 1301 0064 059B     		ldr	r3, [sp, #20]
 1302 0066 0093     		str	r3, [sp]
 1303 0068 069B     		ldr	r3, [sp, #24]
 1304 006a BDF81C20 		ldrh	r2, [sp, #28]
 1305 006e 9DF81F10 		ldrb	r1, [sp, #31]	@ zero_extendqisi2
 1306 0072 3046     		mov	r0, r6
 1307              	.LVL148:
 898:Core/Src/vl53l1_api.c **** 				Dev,
 1308              		.loc 1 898 12 view .LVU393
 1309 0074 FFF7FEFF 		bl	VL53L1_set_preset_mode
 1310              	.LVL149:
 898:Core/Src/vl53l1_api.c **** 				Dev,
 1311              		.loc 1 898 12 view .LVU394
 1312 0078 DAE7     		b	.L110
 1313              		.cfi_endproc
 1314              	.LFE24:
 1316              		.section	.text.SetLimitValue,"ax",%progbits
 1317              		.align	1
 1318              		.syntax unified
 1319              		.thumb
 1320              		.thumb_func
 1322              	SetLimitValue:
 1323              	.LVL150:
 1324              	.LFB38:
1366:Core/Src/vl53l1_api.c **** 	VL53L1_Error Status = VL53L1_ERROR_NONE;
ARM GAS  C:\Users\Lenovo\AppData\Local\Temp\ccE9MZbZ.s 			page 80


 1325              		.loc 1 1366 1 is_stmt 1 view -0
 1326              		.cfi_startproc
 1327              		@ args = 0, pretend = 0, frame = 0
 1328              		@ frame_needed = 0, uses_anonymous_args = 0
1366:Core/Src/vl53l1_api.c **** 	VL53L1_Error Status = VL53L1_ERROR_NONE;
 1329              		.loc 1 1366 1 is_stmt 0 view .LVU396
 1330 0000 08B5     		push	{r3, lr}
 1331              	.LCFI15:
 1332              		.cfi_def_cfa_offset 8
 1333              		.cfi_offset 3, -8
 1334              		.cfi_offset 14, -4
1367:Core/Src/vl53l1_api.c **** 	uint16_t tmpuint16; /* temporary variable */
 1335              		.loc 1 1367 2 is_stmt 1 view .LVU397
 1336              	.LVL151:
1368:Core/Src/vl53l1_api.c **** 
 1337              		.loc 1 1368 2 view .LVU398
1370:Core/Src/vl53l1_api.c **** 
 1338              		.loc 1 1370 24 view .LVU399
1372:Core/Src/vl53l1_api.c **** 	case VL53L1_CHECKENABLE_SIGMA_FINAL_RANGE:
 1339              		.loc 1 1372 2 view .LVU400
 1340 0002 21B1     		cbz	r1, .L120
 1341 0004 0129     		cmp	r1, #1
 1342 0006 08D0     		beq	.L121
 1343 0008 6FF00300 		mvn	r0, #3
 1344              	.LVL152:
 1345              	.L122:
1385:Core/Src/vl53l1_api.c **** 	return Status;
 1346              		.loc 1 1385 26 view .LVU401
1386:Core/Src/vl53l1_api.c **** }
 1347              		.loc 1 1386 2 view .LVU402
1387:Core/Src/vl53l1_api.c **** 
 1348              		.loc 1 1387 1 is_stmt 0 view .LVU403
 1349 000c 08BD     		pop	{r3, pc}
 1350              	.LVL153:
 1351              	.L120:
1374:Core/Src/vl53l1_api.c **** 		VL53L1_set_lite_sigma_threshold(Dev, tmpuint16);
 1352              		.loc 1 1374 3 is_stmt 1 view .LVU404
1375:Core/Src/vl53l1_api.c **** 		break;
 1353              		.loc 1 1375 3 view .LVU405
 1354 000e C2F38F31 		ubfx	r1, r2, #14, #16
 1355              	.LVL154:
1375:Core/Src/vl53l1_api.c **** 		break;
 1356              		.loc 1 1375 3 is_stmt 0 view .LVU406
 1357 0012 FFF7FEFF 		bl	VL53L1_set_lite_sigma_threshold
 1358              	.LVL155:
1376:Core/Src/vl53l1_api.c **** 	case VL53L1_CHECKENABLE_SIGNAL_RATE_FINAL_RANGE:
 1359              		.loc 1 1376 3 is_stmt 1 view .LVU407
1367:Core/Src/vl53l1_api.c **** 	uint16_t tmpuint16; /* temporary variable */
 1360              		.loc 1 1367 15 is_stmt 0 view .LVU408
 1361 0016 0020     		movs	r0, #0
1376:Core/Src/vl53l1_api.c **** 	case VL53L1_CHECKENABLE_SIGNAL_RATE_FINAL_RANGE:
 1362              		.loc 1 1376 3 view .LVU409
 1363 0018 F8E7     		b	.L122
 1364              	.LVL156:
 1365              	.L121:
1378:Core/Src/vl53l1_api.c **** 		VL53L1_set_lite_min_count_rate(Dev, tmpuint16);
 1366              		.loc 1 1378 3 is_stmt 1 view .LVU410
ARM GAS  C:\Users\Lenovo\AppData\Local\Temp\ccE9MZbZ.s 			page 81


1379:Core/Src/vl53l1_api.c **** 		break;
 1367              		.loc 1 1379 3 view .LVU411
 1368 001a C2F34F21 		ubfx	r1, r2, #9, #16
 1369              	.LVL157:
1379:Core/Src/vl53l1_api.c **** 		break;
 1370              		.loc 1 1379 3 is_stmt 0 view .LVU412
 1371 001e FFF7FEFF 		bl	VL53L1_set_lite_min_count_rate
 1372              	.LVL158:
1380:Core/Src/vl53l1_api.c **** 	default:
 1373              		.loc 1 1380 3 is_stmt 1 view .LVU413
1367:Core/Src/vl53l1_api.c **** 	uint16_t tmpuint16; /* temporary variable */
 1374              		.loc 1 1367 15 is_stmt 0 view .LVU414
 1375 0022 0020     		movs	r0, #0
1380:Core/Src/vl53l1_api.c **** 	default:
 1376              		.loc 1 1380 3 view .LVU415
 1377 0024 F2E7     		b	.L122
 1378              		.cfi_endproc
 1379              	.LFE38:
 1381              		.section	.text.VL53L1_LoadPatch,"ax",%progbits
 1382              		.align	1
 1383              		.syntax unified
 1384              		.thumb
 1385              		.thumb_func
 1387              	VL53L1_LoadPatch:
 1388              	.LVL159:
 1389              	.LFB72:
2807:Core/Src/vl53l1_api.c **** 	VL53L1_Error status = VL53L1_ERROR_NONE;
 1390              		.loc 1 2807 1 is_stmt 1 view -0
 1391              		.cfi_startproc
 1392              		@ args = 0, pretend = 0, frame = 256
 1393              		@ frame_needed = 0, uses_anonymous_args = 0
2807:Core/Src/vl53l1_api.c **** 	VL53L1_Error status = VL53L1_ERROR_NONE;
 1394              		.loc 1 2807 1 is_stmt 0 view .LVU417
 1395 0000 30B5     		push	{r4, r5, lr}
 1396              	.LCFI16:
 1397              		.cfi_def_cfa_offset 12
 1398              		.cfi_offset 4, -12
 1399              		.cfi_offset 5, -8
 1400              		.cfi_offset 14, -4
 1401 0002 C1B0     		sub	sp, sp, #260
 1402              	.LCFI17:
 1403              		.cfi_def_cfa_offset 272
 1404 0004 0546     		mov	r5, r0
2808:Core/Src/vl53l1_api.c **** 	uint32_t patch_tuning = 0;
 1405              		.loc 1 2808 2 is_stmt 1 view .LVU418
 1406              	.LVL160:
2809:Core/Src/vl53l1_api.c **** 	uint8_t comms_buffer[256];
 1407              		.loc 1 2809 2 view .LVU419
2810:Core/Src/vl53l1_api.c **** 	uint32_t patch_power;
 1408              		.loc 1 2810 2 view .LVU420
2811:Core/Src/vl53l1_api.c **** 	LOG_FUNCTION_START("");
 1409              		.loc 1 2811 2 view .LVU421
2812:Core/Src/vl53l1_api.c **** 
 1410              		.loc 1 2812 24 view .LVU422
2814:Core/Src/vl53l1_api.c **** 		status = VL53L1_WrByte(
 1411              		.loc 1 2814 2 view .LVU423
2815:Core/Src/vl53l1_api.c **** 				Dev,
ARM GAS  C:\Users\Lenovo\AppData\Local\Temp\ccE9MZbZ.s 			page 82


 1412              		.loc 1 2815 3 view .LVU424
2815:Core/Src/vl53l1_api.c **** 				Dev,
 1413              		.loc 1 2815 12 is_stmt 0 view .LVU425
 1414 0006 0022     		movs	r2, #0
 1415 0008 8521     		movs	r1, #133
 1416 000a FFF7FEFF 		bl	VL53L1_WrByte
 1417              	.LVL161:
2820:Core/Src/vl53l1_api.c **** 		VL53L1_enable_powerforce(Dev);
 1418              		.loc 1 2820 2 is_stmt 1 view .LVU426
2820:Core/Src/vl53l1_api.c **** 		VL53L1_enable_powerforce(Dev);
 1419              		.loc 1 2820 5 is_stmt 0 view .LVU427
 1420 000e 0446     		mov	r4, r0
 1421 0010 A8B1     		cbz	r0, .L137
 1422              	.LVL162:
 1423              	.L125:
2823:Core/Src/vl53l1_api.c **** 
 1424              		.loc 1 2823 2 is_stmt 1 view .LVU428
2823:Core/Src/vl53l1_api.c **** 
 1425              		.loc 1 2823 24 is_stmt 0 view .LVU429
 1426 0012 404B     		ldr	r3, .L145
 1427 0014 DB6A     		ldr	r3, [r3, #44]
 1428              	.LVL163:
2825:Core/Src/vl53l1_api.c **** 	case 0:
 1429              		.loc 1 2825 2 is_stmt 1 view .LVU430
 1430 0016 022B     		cmp	r3, #2
 1431 0018 17D0     		beq	.L133
 1432 001a 032B     		cmp	r3, #3
 1433 001c 17D0     		beq	.L134
 1434 001e 012B     		cmp	r3, #1
 1435 0020 11D0     		beq	.L138
 1436 0022 0023     		movs	r3, #0
 1437              	.LVL164:
 1438              	.L126:
2842:Core/Src/vl53l1_api.c **** 		/* Package up MultiByte transaction */
 1439              		.loc 1 2842 2 view .LVU431
2842:Core/Src/vl53l1_api.c **** 		/* Package up MultiByte transaction */
 1440              		.loc 1 2842 5 is_stmt 0 view .LVU432
 1441 0024 ACB1     		cbz	r4, .L139
 1442              	.LVL165:
 1443              	.L127:
2858:Core/Src/vl53l1_api.c **** 		comms_buffer[0] = 0x03;
 1444              		.loc 1 2858 2 is_stmt 1 view .LVU433
2858:Core/Src/vl53l1_api.c **** 		comms_buffer[0] = 0x03;
 1445              		.loc 1 2858 5 is_stmt 0 view .LVU434
 1446 0026 74B3     		cbz	r4, .L140
 1447              	.L128:
2872:Core/Src/vl53l1_api.c **** 		comms_buffer[0] = 0x00;
 1448              		.loc 1 2872 2 is_stmt 1 view .LVU435
2872:Core/Src/vl53l1_api.c **** 		comms_buffer[0] = 0x00;
 1449              		.loc 1 2872 5 is_stmt 0 view .LVU436
 1450 0028 002C     		cmp	r4, #0
 1451 002a 46D0     		beq	.L141
 1452              	.L129:
2882:Core/Src/vl53l1_api.c **** 		comms_buffer[0] = 0x00;
 1453              		.loc 1 2882 2 is_stmt 1 view .LVU437
2882:Core/Src/vl53l1_api.c **** 		comms_buffer[0] = 0x00;
 1454              		.loc 1 2882 5 is_stmt 0 view .LVU438
ARM GAS  C:\Users\Lenovo\AppData\Local\Temp\ccE9MZbZ.s 			page 83


 1455 002c 002C     		cmp	r4, #0
 1456 002e 53D0     		beq	.L142
 1457              	.L130:
2892:Core/Src/vl53l1_api.c **** 		status = VL53L1_WrByte(
 1458              		.loc 1 2892 2 is_stmt 1 view .LVU439
2892:Core/Src/vl53l1_api.c **** 		status = VL53L1_WrByte(
 1459              		.loc 1 2892 5 is_stmt 0 view .LVU440
 1460 0030 002C     		cmp	r4, #0
 1461 0032 60D0     		beq	.L143
 1462              	.L131:
2898:Core/Src/vl53l1_api.c **** 		status = VL53L1_WrByte(
 1463              		.loc 1 2898 2 is_stmt 1 view .LVU441
2898:Core/Src/vl53l1_api.c **** 		status = VL53L1_WrByte(
 1464              		.loc 1 2898 5 is_stmt 0 view .LVU442
 1465 0034 002C     		cmp	r4, #0
 1466 0036 66D0     		beq	.L144
 1467              	.L132:
2904:Core/Src/vl53l1_api.c **** 
 1468              		.loc 1 2904 26 is_stmt 1 view .LVU443
2906:Core/Src/vl53l1_api.c **** }
 1469              		.loc 1 2906 2 view .LVU444
2907:Core/Src/vl53l1_api.c **** 
 1470              		.loc 1 2907 1 is_stmt 0 view .LVU445
 1471 0038 2046     		mov	r0, r4
 1472 003a 41B0     		add	sp, sp, #260
 1473              	.LCFI18:
 1474              		.cfi_remember_state
 1475              		.cfi_def_cfa_offset 12
 1476              		@ sp needed
 1477 003c 30BD     		pop	{r4, r5, pc}
 1478              	.LVL166:
 1479              	.L137:
 1480              	.LCFI19:
 1481              		.cfi_restore_state
2821:Core/Src/vl53l1_api.c **** 
 1482              		.loc 1 2821 3 is_stmt 1 view .LVU446
 1483 003e 2846     		mov	r0, r5
 1484              	.LVL167:
2821:Core/Src/vl53l1_api.c **** 
 1485              		.loc 1 2821 3 is_stmt 0 view .LVU447
 1486 0040 FFF7FEFF 		bl	VL53L1_enable_powerforce
 1487              	.LVL168:
 1488 0044 E5E7     		b	.L125
 1489              	.LVL169:
 1490              	.L138:
2830:Core/Src/vl53l1_api.c **** 		break;
 1491              		.loc 1 2830 15 view .LVU448
 1492 0046 1023     		movs	r3, #16
 1493              	.LVL170:
2830:Core/Src/vl53l1_api.c **** 		break;
 1494              		.loc 1 2830 15 view .LVU449
 1495 0048 ECE7     		b	.L126
 1496              	.LVL171:
 1497              	.L133:
2833:Core/Src/vl53l1_api.c **** 		break;
 1498              		.loc 1 2833 15 view .LVU450
 1499 004a 2023     		movs	r3, #32
ARM GAS  C:\Users\Lenovo\AppData\Local\Temp\ccE9MZbZ.s 			page 84


 1500              	.LVL172:
2833:Core/Src/vl53l1_api.c **** 		break;
 1501              		.loc 1 2833 15 view .LVU451
 1502 004c EAE7     		b	.L126
 1503              	.LVL173:
 1504              	.L134:
2836:Core/Src/vl53l1_api.c **** 		break;
 1505              		.loc 1 2836 15 view .LVU452
 1506 004e 4023     		movs	r3, #64
 1507              	.LVL174:
2836:Core/Src/vl53l1_api.c **** 		break;
 1508              		.loc 1 2836 15 view .LVU453
 1509 0050 E8E7     		b	.L126
 1510              	.LVL175:
 1511              	.L139:
2844:Core/Src/vl53l1_api.c **** 		comms_buffer[1] = 0xC9;
 1512              		.loc 1 2844 3 is_stmt 1 view .LVU454
2844:Core/Src/vl53l1_api.c **** 		comms_buffer[1] = 0xC9;
 1513              		.loc 1 2844 19 is_stmt 0 view .LVU455
 1514 0052 2922     		movs	r2, #41
 1515 0054 8DF80020 		strb	r2, [sp]
2845:Core/Src/vl53l1_api.c **** 		comms_buffer[2] = 0x0E;
 1516              		.loc 1 2845 3 is_stmt 1 view .LVU456
2845:Core/Src/vl53l1_api.c **** 		comms_buffer[2] = 0x0E;
 1517              		.loc 1 2845 19 is_stmt 0 view .LVU457
 1518 0058 C922     		movs	r2, #201
 1519 005a 8DF80120 		strb	r2, [sp, #1]
2846:Core/Src/vl53l1_api.c **** 		comms_buffer[3] = 0x40;
 1520              		.loc 1 2846 3 is_stmt 1 view .LVU458
2846:Core/Src/vl53l1_api.c **** 		comms_buffer[3] = 0x40;
 1521              		.loc 1 2846 19 is_stmt 0 view .LVU459
 1522 005e 0E22     		movs	r2, #14
 1523 0060 8DF80220 		strb	r2, [sp, #2]
2847:Core/Src/vl53l1_api.c **** 		comms_buffer[4] = 0x28;
 1524              		.loc 1 2847 3 is_stmt 1 view .LVU460
2847:Core/Src/vl53l1_api.c **** 		comms_buffer[4] = 0x28;
 1525              		.loc 1 2847 19 is_stmt 0 view .LVU461
 1526 0064 4022     		movs	r2, #64
 1527 0066 8DF80320 		strb	r2, [sp, #3]
2848:Core/Src/vl53l1_api.c **** 		comms_buffer[5] = patch_power;
 1528              		.loc 1 2848 3 is_stmt 1 view .LVU462
2848:Core/Src/vl53l1_api.c **** 		comms_buffer[5] = patch_power;
 1529              		.loc 1 2848 19 is_stmt 0 view .LVU463
 1530 006a 2822     		movs	r2, #40
 1531 006c 8DF80420 		strb	r2, [sp, #4]
2849:Core/Src/vl53l1_api.c **** 		/* 0x10 for 60ms, 0x20 for 240ms and 0x40 for 3580ms */
 1532              		.loc 1 2849 3 is_stmt 1 view .LVU464
2849:Core/Src/vl53l1_api.c **** 		/* 0x10 for 60ms, 0x20 for 240ms and 0x40 for 3580ms */
 1533              		.loc 1 2849 19 is_stmt 0 view .LVU465
 1534 0070 8DF80530 		strb	r3, [sp, #5]
2851:Core/Src/vl53l1_api.c **** 				Dev,
 1535              		.loc 1 2851 3 is_stmt 1 view .LVU466
2851:Core/Src/vl53l1_api.c **** 				Dev,
 1536              		.loc 1 2851 12 is_stmt 0 view .LVU467
 1537 0074 0623     		movs	r3, #6
 1538              	.LVL176:
2851:Core/Src/vl53l1_api.c **** 				Dev,
ARM GAS  C:\Users\Lenovo\AppData\Local\Temp\ccE9MZbZ.s 			page 85


 1539              		.loc 1 2851 12 view .LVU468
 1540 0076 6A46     		mov	r2, sp
 1541 0078 40F27641 		movw	r1, #1142
 1542 007c 2846     		mov	r0, r5
 1543 007e FFF7FEFF 		bl	VL53L1_WriteMulti
 1544              	.LVL177:
2851:Core/Src/vl53l1_api.c **** 				Dev,
 1545              		.loc 1 2851 12 view .LVU469
 1546 0082 0446     		mov	r4, r0
 1547              	.LVL178:
2851:Core/Src/vl53l1_api.c **** 				Dev,
 1548              		.loc 1 2851 12 view .LVU470
 1549 0084 CFE7     		b	.L127
 1550              	.L140:
2859:Core/Src/vl53l1_api.c **** 		comms_buffer[1] = 0x6D;
 1551              		.loc 1 2859 3 is_stmt 1 view .LVU471
2859:Core/Src/vl53l1_api.c **** 		comms_buffer[1] = 0x6D;
 1552              		.loc 1 2859 19 is_stmt 0 view .LVU472
 1553 0086 0323     		movs	r3, #3
 1554 0088 8DF80030 		strb	r3, [sp]
2860:Core/Src/vl53l1_api.c **** 		comms_buffer[2] = 0x03;
 1555              		.loc 1 2860 3 is_stmt 1 view .LVU473
2860:Core/Src/vl53l1_api.c **** 		comms_buffer[2] = 0x03;
 1556              		.loc 1 2860 19 is_stmt 0 view .LVU474
 1557 008c 6D22     		movs	r2, #109
 1558 008e 8DF80120 		strb	r2, [sp, #1]
2861:Core/Src/vl53l1_api.c **** 		comms_buffer[3] = 0x6F;
 1559              		.loc 1 2861 3 is_stmt 1 view .LVU475
2861:Core/Src/vl53l1_api.c **** 		comms_buffer[3] = 0x6F;
 1560              		.loc 1 2861 19 is_stmt 0 view .LVU476
 1561 0092 8DF80230 		strb	r3, [sp, #2]
2862:Core/Src/vl53l1_api.c **** 		comms_buffer[4] = 0x07;
 1562              		.loc 1 2862 3 is_stmt 1 view .LVU477
2862:Core/Src/vl53l1_api.c **** 		comms_buffer[4] = 0x07;
 1563              		.loc 1 2862 19 is_stmt 0 view .LVU478
 1564 0096 6F23     		movs	r3, #111
 1565 0098 8DF80330 		strb	r3, [sp, #3]
2863:Core/Src/vl53l1_api.c **** 		comms_buffer[5] = 0x29;
 1566              		.loc 1 2863 3 is_stmt 1 view .LVU479
2863:Core/Src/vl53l1_api.c **** 		comms_buffer[5] = 0x29;
 1567              		.loc 1 2863 19 is_stmt 0 view .LVU480
 1568 009c 0723     		movs	r3, #7
 1569 009e 8DF80430 		strb	r3, [sp, #4]
2864:Core/Src/vl53l1_api.c **** 		status = VL53L1_WriteMulti(
 1570              		.loc 1 2864 3 is_stmt 1 view .LVU481
2864:Core/Src/vl53l1_api.c **** 		status = VL53L1_WriteMulti(
 1571              		.loc 1 2864 19 is_stmt 0 view .LVU482
 1572 00a2 2923     		movs	r3, #41
 1573 00a4 8DF80530 		strb	r3, [sp, #5]
2865:Core/Src/vl53l1_api.c **** 				Dev,
 1574              		.loc 1 2865 3 is_stmt 1 view .LVU483
2865:Core/Src/vl53l1_api.c **** 				Dev,
 1575              		.loc 1 2865 12 is_stmt 0 view .LVU484
 1576 00a8 0623     		movs	r3, #6
 1577 00aa 6A46     		mov	r2, sp
 1578 00ac 40F29641 		movw	r1, #1174
 1579 00b0 2846     		mov	r0, r5
ARM GAS  C:\Users\Lenovo\AppData\Local\Temp\ccE9MZbZ.s 			page 86


 1580 00b2 FFF7FEFF 		bl	VL53L1_WriteMulti
 1581              	.LVL179:
 1582 00b6 0446     		mov	r4, r0
 1583              	.LVL180:
2865:Core/Src/vl53l1_api.c **** 				Dev,
 1584              		.loc 1 2865 12 view .LVU485
 1585 00b8 B6E7     		b	.L128
 1586              	.L141:
2873:Core/Src/vl53l1_api.c **** 		comms_buffer[1] = 0x07;
 1587              		.loc 1 2873 3 is_stmt 1 view .LVU486
2873:Core/Src/vl53l1_api.c **** 		comms_buffer[1] = 0x07;
 1588              		.loc 1 2873 19 is_stmt 0 view .LVU487
 1589 00ba 0023     		movs	r3, #0
 1590 00bc 8DF80030 		strb	r3, [sp]
2874:Core/Src/vl53l1_api.c **** 		status = VL53L1_WriteMulti(
 1591              		.loc 1 2874 3 is_stmt 1 view .LVU488
2874:Core/Src/vl53l1_api.c **** 		status = VL53L1_WriteMulti(
 1592              		.loc 1 2874 19 is_stmt 0 view .LVU489
 1593 00c0 0723     		movs	r3, #7
 1594 00c2 8DF80130 		strb	r3, [sp, #1]
2875:Core/Src/vl53l1_api.c **** 				Dev,
 1595              		.loc 1 2875 3 is_stmt 1 view .LVU490
2875:Core/Src/vl53l1_api.c **** 				Dev,
 1596              		.loc 1 2875 12 is_stmt 0 view .LVU491
 1597 00c6 0223     		movs	r3, #2
 1598 00c8 6A46     		mov	r2, sp
 1599 00ca 40F27241 		movw	r1, #1138
 1600 00ce 2846     		mov	r0, r5
 1601 00d0 FFF7FEFF 		bl	VL53L1_WriteMulti
 1602              	.LVL181:
 1603 00d4 0446     		mov	r4, r0
 1604              	.LVL182:
2875:Core/Src/vl53l1_api.c **** 				Dev,
 1605              		.loc 1 2875 12 view .LVU492
 1606 00d6 A9E7     		b	.L129
 1607              	.L142:
2883:Core/Src/vl53l1_api.c **** 		comms_buffer[1] = 0x07;
 1608              		.loc 1 2883 3 is_stmt 1 view .LVU493
2883:Core/Src/vl53l1_api.c **** 		comms_buffer[1] = 0x07;
 1609              		.loc 1 2883 19 is_stmt 0 view .LVU494
 1610 00d8 0023     		movs	r3, #0
 1611 00da 8DF80030 		strb	r3, [sp]
2884:Core/Src/vl53l1_api.c **** 		status = VL53L1_WriteMulti(
 1612              		.loc 1 2884 3 is_stmt 1 view .LVU495
2884:Core/Src/vl53l1_api.c **** 		status = VL53L1_WriteMulti(
 1613              		.loc 1 2884 19 is_stmt 0 view .LVU496
 1614 00de 0723     		movs	r3, #7
 1615 00e0 8DF80130 		strb	r3, [sp, #1]
2885:Core/Src/vl53l1_api.c **** 				Dev,
 1616              		.loc 1 2885 3 is_stmt 1 view .LVU497
2885:Core/Src/vl53l1_api.c **** 				Dev,
 1617              		.loc 1 2885 12 is_stmt 0 view .LVU498
 1618 00e4 0223     		movs	r3, #2
 1619 00e6 6A46     		mov	r2, sp
 1620 00e8 40F27441 		movw	r1, #1140
 1621 00ec 2846     		mov	r0, r5
 1622 00ee FFF7FEFF 		bl	VL53L1_WriteMulti
ARM GAS  C:\Users\Lenovo\AppData\Local\Temp\ccE9MZbZ.s 			page 87


 1623              	.LVL183:
 1624 00f2 0446     		mov	r4, r0
 1625              	.LVL184:
2885:Core/Src/vl53l1_api.c **** 				Dev,
 1626              		.loc 1 2885 12 view .LVU499
 1627 00f4 9CE7     		b	.L130
 1628              	.L143:
2893:Core/Src/vl53l1_api.c **** 				Dev,
 1629              		.loc 1 2893 3 is_stmt 1 view .LVU500
2893:Core/Src/vl53l1_api.c **** 				Dev,
 1630              		.loc 1 2893 12 is_stmt 0 view .LVU501
 1631 00f6 0122     		movs	r2, #1
 1632 00f8 4FF48E61 		mov	r1, #1136
 1633 00fc 2846     		mov	r0, r5
 1634 00fe FFF7FEFF 		bl	VL53L1_WrByte
 1635              	.LVL185:
 1636 0102 0446     		mov	r4, r0
 1637              	.LVL186:
2893:Core/Src/vl53l1_api.c **** 				Dev,
 1638              		.loc 1 2893 12 view .LVU502
 1639 0104 96E7     		b	.L131
 1640              	.L144:
2899:Core/Src/vl53l1_api.c **** 				Dev,
 1641              		.loc 1 2899 3 is_stmt 1 view .LVU503
2899:Core/Src/vl53l1_api.c **** 				Dev,
 1642              		.loc 1 2899 12 is_stmt 0 view .LVU504
 1643 0106 0122     		movs	r2, #1
 1644 0108 8521     		movs	r1, #133
 1645 010a 2846     		mov	r0, r5
 1646 010c FFF7FEFF 		bl	VL53L1_WrByte
 1647              	.LVL187:
 1648 0110 0446     		mov	r4, r0
 1649              	.LVL188:
2899:Core/Src/vl53l1_api.c **** 				Dev,
 1650              		.loc 1 2899 12 view .LVU505
 1651 0112 91E7     		b	.L132
 1652              	.L146:
 1653              		.align	2
 1654              	.L145:
 1655 0114 00000000 		.word	.LANCHOR0
 1656              		.cfi_endproc
 1657              	.LFE72:
 1659              		.section	.text.VL53L1_GetVersion,"ax",%progbits
 1660              		.align	1
 1661              		.global	VL53L1_GetVersion
 1662              		.syntax unified
 1663              		.thumb
 1664              		.thumb_func
 1666              	VL53L1_GetVersion:
 1667              	.LVL189:
 1668              	.LFB11:
 558:Core/Src/vl53l1_api.c **** 	VL53L1_Error Status = VL53L1_ERROR_NONE;
 1669              		.loc 1 558 1 is_stmt 1 view -0
 1670              		.cfi_startproc
 1671              		@ args = 0, pretend = 0, frame = 0
 1672              		@ frame_needed = 0, uses_anonymous_args = 0
 1673              		@ link register save eliminated.
ARM GAS  C:\Users\Lenovo\AppData\Local\Temp\ccE9MZbZ.s 			page 88


 559:Core/Src/vl53l1_api.c **** 
 1674              		.loc 1 559 2 view .LVU507
 561:Core/Src/vl53l1_api.c **** 
 1675              		.loc 1 561 24 view .LVU508
 563:Core/Src/vl53l1_api.c **** 	pVersion->minor = VL53L1_IMPLEMENTATION_VER_MINOR;
 1676              		.loc 1 563 2 view .LVU509
 563:Core/Src/vl53l1_api.c **** 	pVersion->minor = VL53L1_IMPLEMENTATION_VER_MINOR;
 1677              		.loc 1 563 18 is_stmt 0 view .LVU510
 1678 0000 0223     		movs	r3, #2
 1679 0002 0371     		strb	r3, [r0, #4]
 564:Core/Src/vl53l1_api.c **** 	pVersion->build = VL53L1_IMPLEMENTATION_VER_SUB;
 1680              		.loc 1 564 2 is_stmt 1 view .LVU511
 564:Core/Src/vl53l1_api.c **** 	pVersion->build = VL53L1_IMPLEMENTATION_VER_SUB;
 1681              		.loc 1 564 18 is_stmt 0 view .LVU512
 1682 0004 0423     		movs	r3, #4
 1683 0006 4371     		strb	r3, [r0, #5]
 565:Core/Src/vl53l1_api.c **** 
 1684              		.loc 1 565 2 is_stmt 1 view .LVU513
 565:Core/Src/vl53l1_api.c **** 
 1685              		.loc 1 565 18 is_stmt 0 view .LVU514
 1686 0008 0523     		movs	r3, #5
 1687 000a 8371     		strb	r3, [r0, #6]
 567:Core/Src/vl53l1_api.c **** 
 1688              		.loc 1 567 2 is_stmt 1 view .LVU515
 567:Core/Src/vl53l1_api.c **** 
 1689              		.loc 1 567 21 is_stmt 0 view .LVU516
 1690 000c 40F6F413 		movw	r3, #2548
 1691 0010 0360     		str	r3, [r0]
 569:Core/Src/vl53l1_api.c **** 	return Status;
 1692              		.loc 1 569 26 is_stmt 1 view .LVU517
 570:Core/Src/vl53l1_api.c **** }
 1693              		.loc 1 570 2 view .LVU518
 571:Core/Src/vl53l1_api.c **** 
 1694              		.loc 1 571 1 is_stmt 0 view .LVU519
 1695 0012 0020     		movs	r0, #0
 1696              	.LVL190:
 571:Core/Src/vl53l1_api.c **** 
 1697              		.loc 1 571 1 view .LVU520
 1698 0014 7047     		bx	lr
 1699              		.cfi_endproc
 1700              	.LFE11:
 1702              		.section	.text.VL53L1_GetProductRevision,"ax",%progbits
 1703              		.align	1
 1704              		.global	VL53L1_GetProductRevision
 1705              		.syntax unified
 1706              		.thumb
 1707              		.thumb_func
 1709              	VL53L1_GetProductRevision:
 1710              	.LVL191:
 1711              	.LFB12:
 575:Core/Src/vl53l1_api.c **** 	VL53L1_Error Status = VL53L1_ERROR_NONE;
 1712              		.loc 1 575 1 is_stmt 1 view -0
 1713              		.cfi_startproc
 1714              		@ args = 0, pretend = 0, frame = 0
 1715              		@ frame_needed = 0, uses_anonymous_args = 0
 1716              		@ link register save eliminated.
 576:Core/Src/vl53l1_api.c **** 	uint8_t revision_id;
ARM GAS  C:\Users\Lenovo\AppData\Local\Temp\ccE9MZbZ.s 			page 89


 1717              		.loc 1 576 2 view .LVU522
 577:Core/Src/vl53l1_api.c **** 	VL53L1_LLDriverData_t   *pLLData;
 1718              		.loc 1 577 2 view .LVU523
 578:Core/Src/vl53l1_api.c **** 
 1719              		.loc 1 578 2 view .LVU524
 580:Core/Src/vl53l1_api.c **** 
 1720              		.loc 1 580 24 view .LVU525
 582:Core/Src/vl53l1_api.c **** 	revision_id = pLLData->nvm_copy_data.identification__revision_id;
 1721              		.loc 1 582 2 view .LVU526
 583:Core/Src/vl53l1_api.c **** 	*pProductRevisionMajor = 1;
 1722              		.loc 1 583 2 view .LVU527
 583:Core/Src/vl53l1_api.c **** 	*pProductRevisionMajor = 1;
 1723              		.loc 1 583 14 is_stmt 0 view .LVU528
 1724 0000 90F8FC31 		ldrb	r3, [r0, #508]	@ zero_extendqisi2
 1725              	.LVL192:
 584:Core/Src/vl53l1_api.c **** 	*pProductRevisionMinor = (revision_id & 0xF0) >> 4;
 1726              		.loc 1 584 2 is_stmt 1 view .LVU529
 584:Core/Src/vl53l1_api.c **** 	*pProductRevisionMinor = (revision_id & 0xF0) >> 4;
 1727              		.loc 1 584 25 is_stmt 0 view .LVU530
 1728 0004 0120     		movs	r0, #1
 1729              	.LVL193:
 584:Core/Src/vl53l1_api.c **** 	*pProductRevisionMinor = (revision_id & 0xF0) >> 4;
 1730              		.loc 1 584 25 view .LVU531
 1731 0006 0870     		strb	r0, [r1]
 585:Core/Src/vl53l1_api.c **** 
 1732              		.loc 1 585 2 is_stmt 1 view .LVU532
 585:Core/Src/vl53l1_api.c **** 
 1733              		.loc 1 585 48 is_stmt 0 view .LVU533
 1734 0008 1B09     		lsrs	r3, r3, #4
 1735              	.LVL194:
 585:Core/Src/vl53l1_api.c **** 
 1736              		.loc 1 585 25 view .LVU534
 1737 000a 1370     		strb	r3, [r2]
 587:Core/Src/vl53l1_api.c **** 	return Status;
 1738              		.loc 1 587 26 is_stmt 1 view .LVU535
 588:Core/Src/vl53l1_api.c **** 
 1739              		.loc 1 588 2 view .LVU536
 590:Core/Src/vl53l1_api.c **** 
 1740              		.loc 1 590 1 is_stmt 0 view .LVU537
 1741 000c 0020     		movs	r0, #0
 1742 000e 7047     		bx	lr
 1743              		.cfi_endproc
 1744              	.LFE12:
 1746              		.section	.rodata.VL53L1_GetDeviceInfo.str1.4,"aMS",%progbits,1
 1747              		.align	2
 1748              	.LC3:
 1749 0000 00       		.ascii	"\000"
 1750 0001 000000   		.align	2
 1751              	.LC4:
 1752 0004 564C3533 		.ascii	"VL53L1 cut1.0\000"
 1752      4C312063 
 1752      7574312E 
 1752      3000
 1753 0012 0000     		.align	2
 1754              	.LC5:
 1755 0014 564C3533 		.ascii	"VL53L1 cut1.1\000"
 1755      4C312063 
ARM GAS  C:\Users\Lenovo\AppData\Local\Temp\ccE9MZbZ.s 			page 90


 1755      7574312E 
 1755      3100
 1756 0022 0000     		.align	2
 1757              	.LC6:
 1758 0024 564C3533 		.ascii	"VL53L1\000"
 1758      4C3100
 1759              		.section	.text.VL53L1_GetDeviceInfo,"ax",%progbits
 1760              		.align	1
 1761              		.global	VL53L1_GetDeviceInfo
 1762              		.syntax unified
 1763              		.thumb
 1764              		.thumb_func
 1766              	VL53L1_GetDeviceInfo:
 1767              	.LVL195:
 1768              	.LFB13:
 594:Core/Src/vl53l1_api.c **** 	VL53L1_Error Status = VL53L1_ERROR_NONE;
 1769              		.loc 1 594 1 is_stmt 1 view -0
 1770              		.cfi_startproc
 1771              		@ args = 0, pretend = 0, frame = 0
 1772              		@ frame_needed = 0, uses_anonymous_args = 0
 594:Core/Src/vl53l1_api.c **** 	VL53L1_Error Status = VL53L1_ERROR_NONE;
 1773              		.loc 1 594 1 is_stmt 0 view .LVU539
 1774 0000 70B5     		push	{r4, r5, r6, lr}
 1775              	.LCFI20:
 1776              		.cfi_def_cfa_offset 16
 1777              		.cfi_offset 4, -16
 1778              		.cfi_offset 5, -12
 1779              		.cfi_offset 6, -8
 1780              		.cfi_offset 14, -4
 1781 0002 0546     		mov	r5, r0
 1782 0004 0C46     		mov	r4, r1
 595:Core/Src/vl53l1_api.c **** 	uint8_t revision_id;
 1783              		.loc 1 595 2 is_stmt 1 view .LVU540
 1784              	.LVL196:
 596:Core/Src/vl53l1_api.c **** 	VL53L1_LLDriverData_t   *pLLData;
 1785              		.loc 1 596 2 view .LVU541
 597:Core/Src/vl53l1_api.c **** 
 1786              		.loc 1 597 2 view .LVU542
 599:Core/Src/vl53l1_api.c **** 
 1787              		.loc 1 599 24 view .LVU543
 601:Core/Src/vl53l1_api.c **** 
 1788              		.loc 1 601 2 view .LVU544
 603:Core/Src/vl53l1_api.c **** 			VL53L1_DEVINFO_STRLEN-1);
 1789              		.loc 1 603 2 view .LVU545
 1790 0006 1F22     		movs	r2, #31
 1791 0008 1549     		ldr	r1, .L155
 1792              	.LVL197:
 603:Core/Src/vl53l1_api.c **** 			VL53L1_DEVINFO_STRLEN-1);
 1793              		.loc 1 603 2 is_stmt 0 view .LVU546
 1794 000a 04F14000 		add	r0, r4, #64
 1795              	.LVL198:
 603:Core/Src/vl53l1_api.c **** 			VL53L1_DEVINFO_STRLEN-1);
 1796              		.loc 1 603 2 view .LVU547
 1797 000e FFF7FEFF 		bl	strncpy
 1798              	.LVL199:
 605:Core/Src/vl53l1_api.c **** 			pLLData->nvm_copy_data.identification__module_type;
 1799              		.loc 1 605 2 is_stmt 1 view .LVU548
ARM GAS  C:\Users\Lenovo\AppData\Local\Temp\ccE9MZbZ.s 			page 91


 606:Core/Src/vl53l1_api.c **** 
 1800              		.loc 1 606 26 is_stmt 0 view .LVU549
 1801 0012 95F8FB61 		ldrb	r6, [r5, #507]	@ zero_extendqisi2
 605:Core/Src/vl53l1_api.c **** 			pLLData->nvm_copy_data.identification__module_type;
 1802              		.loc 1 605 34 view .LVU550
 1803 0016 84F86060 		strb	r6, [r4, #96]
 608:Core/Src/vl53l1_api.c **** 	pVL53L1_DeviceInfo->ProductRevisionMajor = 1;
 1804              		.loc 1 608 2 is_stmt 1 view .LVU551
 608:Core/Src/vl53l1_api.c **** 	pVL53L1_DeviceInfo->ProductRevisionMajor = 1;
 1805              		.loc 1 608 14 is_stmt 0 view .LVU552
 1806 001a 95F8FC31 		ldrb	r3, [r5, #508]	@ zero_extendqisi2
 1807              	.LVL200:
 609:Core/Src/vl53l1_api.c **** 	pVL53L1_DeviceInfo->ProductRevisionMinor = (revision_id & 0xF0) >> 4;
 1808              		.loc 1 609 2 is_stmt 1 view .LVU553
 609:Core/Src/vl53l1_api.c **** 	pVL53L1_DeviceInfo->ProductRevisionMinor = (revision_id & 0xF0) >> 4;
 1809              		.loc 1 609 43 is_stmt 0 view .LVU554
 1810 001e 0122     		movs	r2, #1
 1811 0020 84F86120 		strb	r2, [r4, #97]
 610:Core/Src/vl53l1_api.c **** 
 1812              		.loc 1 610 2 is_stmt 1 view .LVU555
 610:Core/Src/vl53l1_api.c **** 
 1813              		.loc 1 610 66 is_stmt 0 view .LVU556
 1814 0024 1B09     		lsrs	r3, r3, #4
 1815              	.LVL201:
 610:Core/Src/vl53l1_api.c **** 
 1816              		.loc 1 610 43 view .LVU557
 1817 0026 84F86230 		strb	r3, [r4, #98]
 613:Core/Src/vl53l1_api.c **** 		strncpy(pVL53L1_DeviceInfo->Name,
 1818              		.loc 1 613 2 is_stmt 1 view .LVU558
 613:Core/Src/vl53l1_api.c **** 		strncpy(pVL53L1_DeviceInfo->Name,
 1819              		.loc 1 613 5 is_stmt 0 view .LVU559
 1820 002a 73B9     		cbnz	r3, .L150
 614:Core/Src/vl53l1_api.c **** 				VL53L1_STRING_DEVICE_INFO_NAME0,
 1821              		.loc 1 614 3 is_stmt 1 view .LVU560
 1822 002c 1F22     		movs	r2, #31
 1823 002e 0D49     		ldr	r1, .L155+4
 1824 0030 2046     		mov	r0, r4
 1825 0032 FFF7FEFF 		bl	strncpy
 1826              	.LVL202:
 1827              	.L151:
 621:Core/Src/vl53l1_api.c **** 			VL53L1_STRING_DEVICE_INFO_TYPE,
 1828              		.loc 1 621 2 view .LVU561
 1829 0036 1F22     		movs	r2, #31
 1830 0038 0B49     		ldr	r1, .L155+8
 1831 003a 04F12000 		add	r0, r4, #32
 1832 003e FFF7FEFF 		bl	strncpy
 1833              	.LVL203:
 625:Core/Src/vl53l1_api.c **** 		pVL53L1_DeviceInfo->Name[5] = '3';
 1834              		.loc 1 625 2 view .LVU562
 625:Core/Src/vl53l1_api.c **** 		pVL53L1_DeviceInfo->Name[5] = '3';
 1835              		.loc 1 625 5 is_stmt 0 view .LVU563
 1836 0042 AA2E     		cmp	r6, #170
 1837 0044 07D0     		beq	.L154
 1838              	.L152:
 634:Core/Src/vl53l1_api.c **** 	return Status;
 1839              		.loc 1 634 26 is_stmt 1 view .LVU564
 635:Core/Src/vl53l1_api.c **** }
ARM GAS  C:\Users\Lenovo\AppData\Local\Temp\ccE9MZbZ.s 			page 92


 1840              		.loc 1 635 2 view .LVU565
 636:Core/Src/vl53l1_api.c **** 
 1841              		.loc 1 636 1 is_stmt 0 view .LVU566
 1842 0046 0020     		movs	r0, #0
 1843 0048 70BD     		pop	{r4, r5, r6, pc}
 1844              	.LVL204:
 1845              	.L150:
 618:Core/Src/vl53l1_api.c **** 				VL53L1_STRING_DEVICE_INFO_NAME1,
 1846              		.loc 1 618 3 is_stmt 1 view .LVU567
 1847 004a 1F22     		movs	r2, #31
 1848 004c 0749     		ldr	r1, .L155+12
 1849 004e 2046     		mov	r0, r4
 1850 0050 FFF7FEFF 		bl	strncpy
 1851              	.LVL205:
 1852 0054 EFE7     		b	.L151
 1853              	.L154:
 626:Core/Src/vl53l1_api.c **** 		pVL53L1_DeviceInfo->Type[5] = '3';
 1854              		.loc 1 626 3 view .LVU568
 626:Core/Src/vl53l1_api.c **** 		pVL53L1_DeviceInfo->Type[5] = '3';
 1855              		.loc 1 626 31 is_stmt 0 view .LVU569
 1856 0056 3323     		movs	r3, #51
 1857 0058 6371     		strb	r3, [r4, #5]
 627:Core/Src/vl53l1_api.c **** 	}
 1858              		.loc 1 627 3 is_stmt 1 view .LVU570
 627:Core/Src/vl53l1_api.c **** 	}
 1859              		.loc 1 627 31 is_stmt 0 view .LVU571
 1860 005a 84F82530 		strb	r3, [r4, #37]
 1861 005e F2E7     		b	.L152
 1862              	.L156:
 1863              		.align	2
 1864              	.L155:
 1865 0060 00000000 		.word	.LC3
 1866 0064 04000000 		.word	.LC4
 1867 0068 24000000 		.word	.LC6
 1868 006c 14000000 		.word	.LC5
 1869              		.cfi_endproc
 1870              	.LFE13:
 1872              		.section	.text.VL53L1_GetUID,"ax",%progbits
 1873              		.align	1
 1874              		.global	VL53L1_GetUID
 1875              		.syntax unified
 1876              		.thumb
 1877              		.thumb_func
 1879              	VL53L1_GetUID:
 1880              	.LVL206:
 1881              	.LFB14:
 639:Core/Src/vl53l1_api.c **** 	VL53L1_Error Status = VL53L1_ERROR_NONE;
 1882              		.loc 1 639 1 is_stmt 1 view -0
 1883              		.cfi_startproc
 1884              		@ args = 0, pretend = 0, frame = 8
 1885              		@ frame_needed = 0, uses_anonymous_args = 0
 639:Core/Src/vl53l1_api.c **** 	VL53L1_Error Status = VL53L1_ERROR_NONE;
 1886              		.loc 1 639 1 is_stmt 0 view .LVU573
 1887 0000 10B5     		push	{r4, lr}
 1888              	.LCFI21:
 1889              		.cfi_def_cfa_offset 8
 1890              		.cfi_offset 4, -8
ARM GAS  C:\Users\Lenovo\AppData\Local\Temp\ccE9MZbZ.s 			page 93


 1891              		.cfi_offset 14, -4
 1892 0002 82B0     		sub	sp, sp, #8
 1893              	.LCFI22:
 1894              		.cfi_def_cfa_offset 16
 1895 0004 0C46     		mov	r4, r1
 640:Core/Src/vl53l1_api.c **** 	uint8_t fmtdata[8];
 1896              		.loc 1 640 2 is_stmt 1 view .LVU574
 1897              	.LVL207:
 641:Core/Src/vl53l1_api.c **** 
 1898              		.loc 1 641 2 view .LVU575
 643:Core/Src/vl53l1_api.c **** 
 1899              		.loc 1 643 24 view .LVU576
 645:Core/Src/vl53l1_api.c **** 			(uint8_t)(0x1F8 >> 2),
 1900              		.loc 1 645 2 view .LVU577
 645:Core/Src/vl53l1_api.c **** 			(uint8_t)(0x1F8 >> 2),
 1901              		.loc 1 645 11 is_stmt 0 view .LVU578
 1902 0006 6B46     		mov	r3, sp
 1903 0008 0222     		movs	r2, #2
 1904 000a 7E21     		movs	r1, #126
 1905              	.LVL208:
 645:Core/Src/vl53l1_api.c **** 			(uint8_t)(0x1F8 >> 2),
 1906              		.loc 1 645 11 view .LVU579
 1907 000c FFF7FEFF 		bl	VL53L1_read_nvm_raw_data
 1908              	.LVL209:
 645:Core/Src/vl53l1_api.c **** 			(uint8_t)(0x1F8 >> 2),
 1909              		.loc 1 645 11 view .LVU580
 1910 0010 0246     		mov	r2, r0
 1911              	.LVL210:
 649:Core/Src/vl53l1_api.c **** 
 1912              		.loc 1 649 2 is_stmt 1 view .LVU581
 1913 0012 6B46     		mov	r3, sp
 1914 0014 03CB     		ldmia	r3!, {r0, r1}
 1915 0016 2060     		str	r0, [r4]	@ unaligned
 1916 0018 6160     		str	r1, [r4, #4]	@ unaligned
 651:Core/Src/vl53l1_api.c **** 	return Status;
 1917              		.loc 1 651 26 view .LVU582
 652:Core/Src/vl53l1_api.c **** }
 1918              		.loc 1 652 2 view .LVU583
 653:Core/Src/vl53l1_api.c **** 
 1919              		.loc 1 653 1 is_stmt 0 view .LVU584
 1920 001a 1046     		mov	r0, r2
 1921 001c 02B0     		add	sp, sp, #8
 1922              	.LCFI23:
 1923              		.cfi_def_cfa_offset 8
 1924              		@ sp needed
 1925 001e 10BD     		pop	{r4, pc}
 653:Core/Src/vl53l1_api.c **** 
 1926              		.loc 1 653 1 view .LVU585
 1927              		.cfi_endproc
 1928              	.LFE14:
 1930              		.section	.text.VL53L1_GetRangeStatusString,"ax",%progbits
 1931              		.align	1
 1932              		.global	VL53L1_GetRangeStatusString
 1933              		.syntax unified
 1934              		.thumb
 1935              		.thumb_func
 1937              	VL53L1_GetRangeStatusString:
ARM GAS  C:\Users\Lenovo\AppData\Local\Temp\ccE9MZbZ.s 			page 94


 1938              	.LVL211:
 1939              	.LFB15:
 657:Core/Src/vl53l1_api.c **** 	VL53L1_Error Status = VL53L1_ERROR_NONE;
 1940              		.loc 1 657 1 is_stmt 1 view -0
 1941              		.cfi_startproc
 1942              		@ args = 0, pretend = 0, frame = 0
 1943              		@ frame_needed = 0, uses_anonymous_args = 0
 657:Core/Src/vl53l1_api.c **** 	VL53L1_Error Status = VL53L1_ERROR_NONE;
 1944              		.loc 1 657 1 is_stmt 0 view .LVU587
 1945 0000 08B5     		push	{r3, lr}
 1946              	.LCFI24:
 1947              		.cfi_def_cfa_offset 8
 1948              		.cfi_offset 3, -8
 1949              		.cfi_offset 14, -4
 658:Core/Src/vl53l1_api.c **** 
 1950              		.loc 1 658 2 is_stmt 1 view .LVU588
 1951              	.LVL212:
 660:Core/Src/vl53l1_api.c **** 
 1952              		.loc 1 660 24 view .LVU589
 662:Core/Src/vl53l1_api.c **** 		pRangeStatusString);
 1953              		.loc 1 662 2 view .LVU590
 662:Core/Src/vl53l1_api.c **** 		pRangeStatusString);
 1954              		.loc 1 662 11 is_stmt 0 view .LVU591
 1955 0002 FFF7FEFF 		bl	VL53L1_get_range_status_string
 1956              	.LVL213:
 665:Core/Src/vl53l1_api.c **** 	return Status;
 1957              		.loc 1 665 26 is_stmt 1 view .LVU592
 666:Core/Src/vl53l1_api.c **** }
 1958              		.loc 1 666 2 view .LVU593
 667:Core/Src/vl53l1_api.c **** 
 1959              		.loc 1 667 1 is_stmt 0 view .LVU594
 1960 0006 08BD     		pop	{r3, pc}
 1961              		.cfi_endproc
 1962              	.LFE15:
 1964              		.section	.text.VL53L1_GetPalErrorString,"ax",%progbits
 1965              		.align	1
 1966              		.global	VL53L1_GetPalErrorString
 1967              		.syntax unified
 1968              		.thumb
 1969              		.thumb_func
 1971              	VL53L1_GetPalErrorString:
 1972              	.LVL214:
 1973              	.LFB16:
 671:Core/Src/vl53l1_api.c **** 	VL53L1_Error Status = VL53L1_ERROR_NONE;
 1974              		.loc 1 671 1 is_stmt 1 view -0
 1975              		.cfi_startproc
 1976              		@ args = 0, pretend = 0, frame = 0
 1977              		@ frame_needed = 0, uses_anonymous_args = 0
 671:Core/Src/vl53l1_api.c **** 	VL53L1_Error Status = VL53L1_ERROR_NONE;
 1978              		.loc 1 671 1 is_stmt 0 view .LVU596
 1979 0000 08B5     		push	{r3, lr}
 1980              	.LCFI25:
 1981              		.cfi_def_cfa_offset 8
 1982              		.cfi_offset 3, -8
 1983              		.cfi_offset 14, -4
 672:Core/Src/vl53l1_api.c **** 
 1984              		.loc 1 672 2 is_stmt 1 view .LVU597
ARM GAS  C:\Users\Lenovo\AppData\Local\Temp\ccE9MZbZ.s 			page 95


 1985              	.LVL215:
 674:Core/Src/vl53l1_api.c **** 
 1986              		.loc 1 674 24 view .LVU598
 676:Core/Src/vl53l1_api.c **** 
 1987              		.loc 1 676 2 view .LVU599
 676:Core/Src/vl53l1_api.c **** 
 1988              		.loc 1 676 11 is_stmt 0 view .LVU600
 1989 0002 FFF7FEFF 		bl	VL53L1_get_pal_error_string
 1990              	.LVL216:
 678:Core/Src/vl53l1_api.c **** 	return Status;
 1991              		.loc 1 678 26 is_stmt 1 view .LVU601
 679:Core/Src/vl53l1_api.c **** }
 1992              		.loc 1 679 2 view .LVU602
 680:Core/Src/vl53l1_api.c **** 
 1993              		.loc 1 680 1 is_stmt 0 view .LVU603
 1994 0006 08BD     		pop	{r3, pc}
 1995              		.cfi_endproc
 1996              	.LFE16:
 1998              		.section	.text.VL53L1_GetPalStateString,"ax",%progbits
 1999              		.align	1
 2000              		.global	VL53L1_GetPalStateString
 2001              		.syntax unified
 2002              		.thumb
 2003              		.thumb_func
 2005              	VL53L1_GetPalStateString:
 2006              	.LVL217:
 2007              	.LFB17:
 684:Core/Src/vl53l1_api.c **** 	VL53L1_Error Status = VL53L1_ERROR_NONE;
 2008              		.loc 1 684 1 is_stmt 1 view -0
 2009              		.cfi_startproc
 2010              		@ args = 0, pretend = 0, frame = 0
 2011              		@ frame_needed = 0, uses_anonymous_args = 0
 684:Core/Src/vl53l1_api.c **** 	VL53L1_Error Status = VL53L1_ERROR_NONE;
 2012              		.loc 1 684 1 is_stmt 0 view .LVU605
 2013 0000 08B5     		push	{r3, lr}
 2014              	.LCFI26:
 2015              		.cfi_def_cfa_offset 8
 2016              		.cfi_offset 3, -8
 2017              		.cfi_offset 14, -4
 685:Core/Src/vl53l1_api.c **** 
 2018              		.loc 1 685 2 is_stmt 1 view .LVU606
 2019              	.LVL218:
 687:Core/Src/vl53l1_api.c **** 
 2020              		.loc 1 687 24 view .LVU607
 689:Core/Src/vl53l1_api.c **** 
 2021              		.loc 1 689 2 view .LVU608
 689:Core/Src/vl53l1_api.c **** 
 2022              		.loc 1 689 11 is_stmt 0 view .LVU609
 2023 0002 FFF7FEFF 		bl	VL53L1_get_pal_state_string
 2024              	.LVL219:
 691:Core/Src/vl53l1_api.c **** 	return Status;
 2025              		.loc 1 691 26 is_stmt 1 view .LVU610
 692:Core/Src/vl53l1_api.c **** }
 2026              		.loc 1 692 2 view .LVU611
 693:Core/Src/vl53l1_api.c **** 
 2027              		.loc 1 693 1 is_stmt 0 view .LVU612
 2028 0006 08BD     		pop	{r3, pc}
ARM GAS  C:\Users\Lenovo\AppData\Local\Temp\ccE9MZbZ.s 			page 96


 2029              		.cfi_endproc
 2030              	.LFE17:
 2032              		.section	.text.VL53L1_GetPalState,"ax",%progbits
 2033              		.align	1
 2034              		.global	VL53L1_GetPalState
 2035              		.syntax unified
 2036              		.thumb
 2037              		.thumb_func
 2039              	VL53L1_GetPalState:
 2040              	.LVL220:
 2041              	.LFB18:
 696:Core/Src/vl53l1_api.c **** 	VL53L1_Error Status = VL53L1_ERROR_NONE;
 2042              		.loc 1 696 1 is_stmt 1 view -0
 2043              		.cfi_startproc
 2044              		@ args = 0, pretend = 0, frame = 0
 2045              		@ frame_needed = 0, uses_anonymous_args = 0
 2046              		@ link register save eliminated.
 697:Core/Src/vl53l1_api.c **** 
 2047              		.loc 1 697 2 view .LVU614
 699:Core/Src/vl53l1_api.c **** 
 2048              		.loc 1 699 24 view .LVU615
 701:Core/Src/vl53l1_api.c **** 
 2049              		.loc 1 701 2 view .LVU616
 701:Core/Src/vl53l1_api.c **** 
 2050              		.loc 1 701 15 is_stmt 0 view .LVU617
 2051 0000 90F87833 		ldrb	r3, [r0, #888]	@ zero_extendqisi2
 701:Core/Src/vl53l1_api.c **** 
 2052              		.loc 1 701 13 view .LVU618
 2053 0004 0B70     		strb	r3, [r1]
 703:Core/Src/vl53l1_api.c **** 	return Status;
 2054              		.loc 1 703 26 is_stmt 1 view .LVU619
 704:Core/Src/vl53l1_api.c **** }
 2055              		.loc 1 704 2 view .LVU620
 705:Core/Src/vl53l1_api.c **** 
 2056              		.loc 1 705 1 is_stmt 0 view .LVU621
 2057 0006 0020     		movs	r0, #0
 2058              	.LVL221:
 705:Core/Src/vl53l1_api.c **** 
 2059              		.loc 1 705 1 view .LVU622
 2060 0008 7047     		bx	lr
 2061              		.cfi_endproc
 2062              	.LFE18:
 2064              		.section	.text.VL53L1_SetDeviceAddress,"ax",%progbits
 2065              		.align	1
 2066              		.global	VL53L1_SetDeviceAddress
 2067              		.syntax unified
 2068              		.thumb
 2069              		.thumb_func
 2071              	VL53L1_SetDeviceAddress:
 2072              	.LVL222:
 2073              	.LFB19:
 711:Core/Src/vl53l1_api.c **** 	VL53L1_Error Status = VL53L1_ERROR_NONE;
 2074              		.loc 1 711 1 is_stmt 1 view -0
 2075              		.cfi_startproc
 2076              		@ args = 0, pretend = 0, frame = 0
 2077              		@ frame_needed = 0, uses_anonymous_args = 0
 711:Core/Src/vl53l1_api.c **** 	VL53L1_Error Status = VL53L1_ERROR_NONE;
ARM GAS  C:\Users\Lenovo\AppData\Local\Temp\ccE9MZbZ.s 			page 97


 2078              		.loc 1 711 1 is_stmt 0 view .LVU624
 2079 0000 38B5     		push	{r3, r4, r5, lr}
 2080              	.LCFI27:
 2081              		.cfi_def_cfa_offset 16
 2082              		.cfi_offset 3, -16
 2083              		.cfi_offset 4, -12
 2084              		.cfi_offset 5, -8
 2085              		.cfi_offset 14, -4
 2086 0002 0546     		mov	r5, r0
 712:Core/Src/vl53l1_api.c **** 	VL53L1_LLDriverData_t *pdev = VL53L1DevStructGetLLDriverHandle(Dev);
 2087              		.loc 1 712 2 is_stmt 1 view .LVU625
 2088              	.LVL223:
 713:Core/Src/vl53l1_api.c **** 	VL53L1_static_nvm_managed_t  *pdata = &(pdev->stat_nvm);
 2089              		.loc 1 713 2 view .LVU626
 714:Core/Src/vl53l1_api.c **** 
 2090              		.loc 1 714 2 view .LVU627
 716:Core/Src/vl53l1_api.c **** 
 2091              		.loc 1 716 24 view .LVU628
 718:Core/Src/vl53l1_api.c **** 			DeviceAddress / 2);
 2092              		.loc 1 718 2 view .LVU629
 718:Core/Src/vl53l1_api.c **** 			DeviceAddress / 2);
 2093              		.loc 1 718 11 is_stmt 0 view .LVU630
 2094 0004 4C08     		lsrs	r4, r1, #1
 2095 0006 2246     		mov	r2, r4
 2096 0008 0121     		movs	r1, #1
 2097              	.LVL224:
 718:Core/Src/vl53l1_api.c **** 			DeviceAddress / 2);
 2098              		.loc 1 718 11 view .LVU631
 2099 000a FFF7FEFF 		bl	VL53L1_WrByte
 2100              	.LVL225:
 721:Core/Src/vl53l1_api.c **** 
 2101              		.loc 1 721 2 is_stmt 1 view .LVU632
 721:Core/Src/vl53l1_api.c **** 
 2102              		.loc 1 721 35 is_stmt 0 view .LVU633
 2103 000e 85F85841 		strb	r4, [r5, #344]
 723:Core/Src/vl53l1_api.c **** 	return Status;
 2104              		.loc 1 723 26 is_stmt 1 view .LVU634
 724:Core/Src/vl53l1_api.c **** }
 2105              		.loc 1 724 2 view .LVU635
 725:Core/Src/vl53l1_api.c **** 
 2106              		.loc 1 725 1 is_stmt 0 view .LVU636
 2107 0012 38BD     		pop	{r3, r4, r5, pc}
 725:Core/Src/vl53l1_api.c **** 
 2108              		.loc 1 725 1 view .LVU637
 2109              		.cfi_endproc
 2110              	.LFE19:
 2112              		.section	.text.VL53L1_WaitDeviceBooted,"ax",%progbits
 2113              		.align	1
 2114              		.global	VL53L1_WaitDeviceBooted
 2115              		.syntax unified
 2116              		.thumb
 2117              		.thumb_func
 2119              	VL53L1_WaitDeviceBooted:
 2120              	.LVL226:
 2121              	.LFB22:
 790:Core/Src/vl53l1_api.c **** 	VL53L1_Error Status = VL53L1_ERROR_NONE;
 2122              		.loc 1 790 1 is_stmt 1 view -0
ARM GAS  C:\Users\Lenovo\AppData\Local\Temp\ccE9MZbZ.s 			page 98


 2123              		.cfi_startproc
 2124              		@ args = 0, pretend = 0, frame = 0
 2125              		@ frame_needed = 0, uses_anonymous_args = 0
 790:Core/Src/vl53l1_api.c **** 	VL53L1_Error Status = VL53L1_ERROR_NONE;
 2126              		.loc 1 790 1 is_stmt 0 view .LVU639
 2127 0000 08B5     		push	{r3, lr}
 2128              	.LCFI28:
 2129              		.cfi_def_cfa_offset 8
 2130              		.cfi_offset 3, -8
 2131              		.cfi_offset 14, -4
 791:Core/Src/vl53l1_api.c **** 
 2132              		.loc 1 791 2 is_stmt 1 view .LVU640
 2133              	.LVL227:
 793:Core/Src/vl53l1_api.c **** 
 2134              		.loc 1 793 24 view .LVU641
 795:Core/Src/vl53l1_api.c **** 			VL53L1_BOOT_COMPLETION_POLLING_TIMEOUT_MS);
 2135              		.loc 1 795 2 view .LVU642
 795:Core/Src/vl53l1_api.c **** 			VL53L1_BOOT_COMPLETION_POLLING_TIMEOUT_MS);
 2136              		.loc 1 795 11 is_stmt 0 view .LVU643
 2137 0002 4FF4FA71 		mov	r1, #500
 2138 0006 FFF7FEFF 		bl	VL53L1_poll_for_boot_completion
 2139              	.LVL228:
 798:Core/Src/vl53l1_api.c **** 	return Status;
 2140              		.loc 1 798 26 is_stmt 1 view .LVU644
 799:Core/Src/vl53l1_api.c **** }
 2141              		.loc 1 799 2 view .LVU645
 800:Core/Src/vl53l1_api.c **** 
 2142              		.loc 1 800 1 is_stmt 0 view .LVU646
 2143 000a 08BD     		pop	{r3, pc}
 2144              		.cfi_endproc
 2145              	.LFE22:
 2147              		.section	.text.VL53L1_SetInterruptPolarity,"ax",%progbits
 2148              		.align	1
 2149              		.global	VL53L1_SetInterruptPolarity
 2150              		.syntax unified
 2151              		.thumb
 2152              		.thumb_func
 2154              	VL53L1_SetInterruptPolarity:
 2155              	.LVL229:
 2156              	.LFB25:
 920:Core/Src/vl53l1_api.c **** 	VL53L1_Error Status = VL53L1_ERROR_NONE;
 2157              		.loc 1 920 1 is_stmt 1 view -0
 2158              		.cfi_startproc
 2159              		@ args = 0, pretend = 0, frame = 0
 2160              		@ frame_needed = 0, uses_anonymous_args = 0
 920:Core/Src/vl53l1_api.c **** 	VL53L1_Error Status = VL53L1_ERROR_NONE;
 2161              		.loc 1 920 1 is_stmt 0 view .LVU648
 2162 0000 08B5     		push	{r3, lr}
 2163              	.LCFI29:
 2164              		.cfi_def_cfa_offset 8
 2165              		.cfi_offset 3, -8
 2166              		.cfi_offset 14, -4
 921:Core/Src/vl53l1_api.c **** 
 2167              		.loc 1 921 2 is_stmt 1 view .LVU649
 2168              	.LVL230:
 923:Core/Src/vl53l1_api.c **** 
 2169              		.loc 1 923 24 view .LVU650
ARM GAS  C:\Users\Lenovo\AppData\Local\Temp\ccE9MZbZ.s 			page 99


 925:Core/Src/vl53l1_api.c **** 
 2170              		.loc 1 925 2 view .LVU651
 925:Core/Src/vl53l1_api.c **** 
 2171              		.loc 1 925 11 is_stmt 0 view .LVU652
 2172 0002 FFF7FEFF 		bl	VL53L1_set_interrupt_polarity
 2173              	.LVL231:
 927:Core/Src/vl53l1_api.c **** 	return Status;
 2174              		.loc 1 927 26 is_stmt 1 view .LVU653
 928:Core/Src/vl53l1_api.c **** }
 2175              		.loc 1 928 2 view .LVU654
 929:Core/Src/vl53l1_api.c **** 
 2176              		.loc 1 929 1 is_stmt 0 view .LVU655
 2177 0006 08BD     		pop	{r3, pc}
 2178              		.cfi_endproc
 2179              	.LFE25:
 2181              		.section	.text.VL53L1_GetInterruptPolarity,"ax",%progbits
 2182              		.align	1
 2183              		.global	VL53L1_GetInterruptPolarity
 2184              		.syntax unified
 2185              		.thumb
 2186              		.thumb_func
 2188              	VL53L1_GetInterruptPolarity:
 2189              	.LVL232:
 2190              	.LFB26:
 933:Core/Src/vl53l1_api.c **** 	VL53L1_Error Status = VL53L1_ERROR_NONE;
 2191              		.loc 1 933 1 is_stmt 1 view -0
 2192              		.cfi_startproc
 2193              		@ args = 0, pretend = 0, frame = 0
 2194              		@ frame_needed = 0, uses_anonymous_args = 0
 933:Core/Src/vl53l1_api.c **** 	VL53L1_Error Status = VL53L1_ERROR_NONE;
 2195              		.loc 1 933 1 is_stmt 0 view .LVU657
 2196 0000 08B5     		push	{r3, lr}
 2197              	.LCFI30:
 2198              		.cfi_def_cfa_offset 8
 2199              		.cfi_offset 3, -8
 2200              		.cfi_offset 14, -4
 934:Core/Src/vl53l1_api.c **** 
 2201              		.loc 1 934 2 is_stmt 1 view .LVU658
 2202              	.LVL233:
 936:Core/Src/vl53l1_api.c **** 
 2203              		.loc 1 936 24 view .LVU659
 938:Core/Src/vl53l1_api.c **** 
 2204              		.loc 1 938 2 view .LVU660
 938:Core/Src/vl53l1_api.c **** 
 2205              		.loc 1 938 11 is_stmt 0 view .LVU661
 2206 0002 FFF7FEFF 		bl	VL53L1_get_interrupt_polarity
 2207              	.LVL234:
 940:Core/Src/vl53l1_api.c **** 	return Status;
 2208              		.loc 1 940 26 is_stmt 1 view .LVU662
 941:Core/Src/vl53l1_api.c **** }
 2209              		.loc 1 941 2 view .LVU663
 942:Core/Src/vl53l1_api.c **** 
 2210              		.loc 1 942 1 is_stmt 0 view .LVU664
 2211 0006 08BD     		pop	{r3, pc}
 2212              		.cfi_endproc
 2213              	.LFE26:
 2215              		.section	.text.VL53L1_GetPresetMode,"ax",%progbits
ARM GAS  C:\Users\Lenovo\AppData\Local\Temp\ccE9MZbZ.s 			page 100


 2216              		.align	1
 2217              		.global	VL53L1_GetPresetMode
 2218              		.syntax unified
 2219              		.thumb
 2220              		.thumb_func
 2222              	VL53L1_GetPresetMode:
 2223              	.LVL235:
 2224              	.LFB28:
 985:Core/Src/vl53l1_api.c **** 	VL53L1_Error Status = VL53L1_ERROR_NONE;
 2225              		.loc 1 985 1 is_stmt 1 view -0
 2226              		.cfi_startproc
 2227              		@ args = 0, pretend = 0, frame = 0
 2228              		@ frame_needed = 0, uses_anonymous_args = 0
 2229              		@ link register save eliminated.
 986:Core/Src/vl53l1_api.c **** 
 2230              		.loc 1 986 2 view .LVU666
 988:Core/Src/vl53l1_api.c **** 
 2231              		.loc 1 988 24 view .LVU667
 990:Core/Src/vl53l1_api.c **** 
 2232              		.loc 1 990 2 view .LVU668
 990:Core/Src/vl53l1_api.c **** 
 2233              		.loc 1 990 17 is_stmt 0 view .LVU669
 2234 0000 90F87C33 		ldrb	r3, [r0, #892]	@ zero_extendqisi2
 990:Core/Src/vl53l1_api.c **** 
 2235              		.loc 1 990 15 view .LVU670
 2236 0004 0B70     		strb	r3, [r1]
 992:Core/Src/vl53l1_api.c **** 	return Status;
 2237              		.loc 1 992 26 is_stmt 1 view .LVU671
 993:Core/Src/vl53l1_api.c **** }
 2238              		.loc 1 993 2 view .LVU672
 994:Core/Src/vl53l1_api.c **** 
 2239              		.loc 1 994 1 is_stmt 0 view .LVU673
 2240 0006 0020     		movs	r0, #0
 2241              	.LVL236:
 994:Core/Src/vl53l1_api.c **** 
 2242              		.loc 1 994 1 view .LVU674
 2243 0008 7047     		bx	lr
 2244              		.cfi_endproc
 2245              	.LFE28:
 2247              		.section	.text.VL53L1_SetDistanceMode,"ax",%progbits
 2248              		.align	1
 2249              		.global	VL53L1_SetDistanceMode
 2250              		.syntax unified
 2251              		.thumb
 2252              		.thumb_func
 2254              	VL53L1_SetDistanceMode:
 2255              	.LVL237:
 2256              	.LFB29:
 998:Core/Src/vl53l1_api.c **** 	VL53L1_Error Status = VL53L1_ERROR_NONE;
 2257              		.loc 1 998 1 is_stmt 1 view -0
 2258              		.cfi_startproc
 2259              		@ args = 0, pretend = 0, frame = 16
 2260              		@ frame_needed = 0, uses_anonymous_args = 0
 998:Core/Src/vl53l1_api.c **** 	VL53L1_Error Status = VL53L1_ERROR_NONE;
 2261              		.loc 1 998 1 is_stmt 0 view .LVU676
 2262 0000 F0B5     		push	{r4, r5, r6, r7, lr}
 2263              	.LCFI31:
ARM GAS  C:\Users\Lenovo\AppData\Local\Temp\ccE9MZbZ.s 			page 101


 2264              		.cfi_def_cfa_offset 20
 2265              		.cfi_offset 4, -20
 2266              		.cfi_offset 5, -16
 2267              		.cfi_offset 6, -12
 2268              		.cfi_offset 7, -8
 2269              		.cfi_offset 14, -4
 2270 0002 85B0     		sub	sp, sp, #20
 2271              	.LCFI32:
 2272              		.cfi_def_cfa_offset 40
 999:Core/Src/vl53l1_api.c **** 	VL53L1_PresetModes PresetMode;
 2273              		.loc 1 999 2 is_stmt 1 view .LVU677
 2274              	.LVL238:
1000:Core/Src/vl53l1_api.c **** 	uint32_t inter_measurement_period_ms;
 2275              		.loc 1 1000 2 view .LVU678
1001:Core/Src/vl53l1_api.c **** 	uint32_t TimingBudget = 0;
 2276              		.loc 1 1001 2 view .LVU679
1002:Core/Src/vl53l1_api.c **** 	uint32_t MmTimeoutUs = 0;
 2277              		.loc 1 1002 2 view .LVU680
1002:Core/Src/vl53l1_api.c **** 	uint32_t MmTimeoutUs = 0;
 2278              		.loc 1 1002 11 is_stmt 0 view .LVU681
 2279 0004 0023     		movs	r3, #0
 2280 0006 0393     		str	r3, [sp, #12]
1003:Core/Src/vl53l1_api.c **** 	uint32_t PhaseCalTimeoutUs = 0;
 2281              		.loc 1 1003 2 is_stmt 1 view .LVU682
1003:Core/Src/vl53l1_api.c **** 	uint32_t PhaseCalTimeoutUs = 0;
 2282              		.loc 1 1003 11 is_stmt 0 view .LVU683
 2283 0008 0293     		str	r3, [sp, #8]
1004:Core/Src/vl53l1_api.c **** 	VL53L1_user_zone_t user_zone;
 2284              		.loc 1 1004 2 is_stmt 1 view .LVU684
1004:Core/Src/vl53l1_api.c **** 	VL53L1_user_zone_t user_zone;
 2285              		.loc 1 1004 11 is_stmt 0 view .LVU685
 2286 000a 0193     		str	r3, [sp, #4]
1005:Core/Src/vl53l1_api.c **** 
 2287              		.loc 1 1005 2 is_stmt 1 view .LVU686
1007:Core/Src/vl53l1_api.c **** 
 2288              		.loc 1 1007 45 view .LVU687
1009:Core/Src/vl53l1_api.c **** 
 2289              		.loc 1 1009 2 view .LVU688
1009:Core/Src/vl53l1_api.c **** 
 2290              		.loc 1 1009 13 is_stmt 0 view .LVU689
 2291 000c 90F87C63 		ldrb	r6, [r0, #892]	@ zero_extendqisi2
 2292              	.LVL239:
1016:Core/Src/vl53l1_api.c **** 		(DistanceMode != VL53L1_DISTANCEMODE_MEDIUM) &&
 2293              		.loc 1 1016 2 is_stmt 1 view .LVU690
1017:Core/Src/vl53l1_api.c **** 		(DistanceMode != VL53L1_DISTANCEMODE_LONG))
 2294              		.loc 1 1017 48 is_stmt 0 view .LVU691
 2295 0010 4B1E     		subs	r3, r1, #1
 2296 0012 DBB2     		uxtb	r3, r3
1016:Core/Src/vl53l1_api.c **** 		(DistanceMode != VL53L1_DISTANCEMODE_MEDIUM) &&
 2297              		.loc 1 1016 5 view .LVU692
 2298 0014 022B     		cmp	r3, #2
 2299 0016 32D8     		bhi	.L181
 2300 0018 0446     		mov	r4, r0
 2301 001a 0D46     		mov	r5, r1
1021:Core/Src/vl53l1_api.c **** 		Status = VL53L1_get_user_zone(Dev, &user_zone);
 2302              		.loc 1 1021 2 is_stmt 1 view .LVU693
1022:Core/Src/vl53l1_api.c **** 
ARM GAS  C:\Users\Lenovo\AppData\Local\Temp\ccE9MZbZ.s 			page 102


 2303              		.loc 1 1022 3 view .LVU694
1022:Core/Src/vl53l1_api.c **** 
 2304              		.loc 1 1022 12 is_stmt 0 view .LVU695
 2305 001c 6946     		mov	r1, sp
 2306              	.LVL240:
1022:Core/Src/vl53l1_api.c **** 
 2307              		.loc 1 1022 12 view .LVU696
 2308 001e FFF7FEFF 		bl	VL53L1_get_user_zone
 2309              	.LVL241:
1024:Core/Src/vl53l1_api.c **** 				LLData.inter_measurement_period_ms);
 2310              		.loc 1 1024 2 is_stmt 1 view .LVU697
1024:Core/Src/vl53l1_api.c **** 				LLData.inter_measurement_period_ms);
 2311              		.loc 1 1024 30 is_stmt 0 view .LVU698
 2312 0022 6769     		ldr	r7, [r4, #20]
 2313              	.LVL242:
1027:Core/Src/vl53l1_api.c **** 		Status = VL53L1_get_timeouts_us(Dev, &PhaseCalTimeoutUs,
 2314              		.loc 1 1027 2 is_stmt 1 view .LVU699
1027:Core/Src/vl53l1_api.c **** 		Status = VL53L1_get_timeouts_us(Dev, &PhaseCalTimeoutUs,
 2315              		.loc 1 1027 5 is_stmt 0 view .LVU700
 2316 0024 0346     		mov	r3, r0
 2317 0026 40B1     		cbz	r0, .L183
 2318              	.LVL243:
 2319              	.L177:
1031:Core/Src/vl53l1_api.c **** 		Status = SetPresetMode(Dev,
 2320              		.loc 1 1031 2 is_stmt 1 view .LVU701
1031:Core/Src/vl53l1_api.c **** 		Status = SetPresetMode(Dev,
 2321              		.loc 1 1031 5 is_stmt 0 view .LVU702
 2322 0028 7BB1     		cbz	r3, .L184
 2323              	.L178:
1037:Core/Src/vl53l1_api.c **** 		VL53L1DevDataSet(Dev, CurrentParameters.DistanceMode,
 2324              		.loc 1 1037 2 is_stmt 1 view .LVU703
1037:Core/Src/vl53l1_api.c **** 		VL53L1DevDataSet(Dev, CurrentParameters.DistanceMode,
 2325              		.loc 1 1037 5 is_stmt 0 view .LVU704
 2326 002a 0BB9     		cbnz	r3, .L179
1038:Core/Src/vl53l1_api.c **** 				DistanceMode);
 2327              		.loc 1 1038 3 is_stmt 1 view .LVU705
 2328 002c 84F87D53 		strb	r5, [r4, #893]
 2329              	.L179:
1042:Core/Src/vl53l1_api.c **** 		Status = VL53L1_set_timeouts_us(Dev, PhaseCalTimeoutUs,
 2330              		.loc 1 1042 2 view .LVU706
1042:Core/Src/vl53l1_api.c **** 		Status = VL53L1_set_timeouts_us(Dev, PhaseCalTimeoutUs,
 2331              		.loc 1 1042 5 is_stmt 0 view .LVU707
 2332 0030 9BB1     		cbz	r3, .L185
 2333              	.LVL244:
 2334              	.L180:
1051:Core/Src/vl53l1_api.c **** 		Status = VL53L1_set_user_zone(Dev, &user_zone);
 2335              		.loc 1 1051 2 is_stmt 1 view .LVU708
1051:Core/Src/vl53l1_api.c **** 		Status = VL53L1_set_user_zone(Dev, &user_zone);
 2336              		.loc 1 1051 5 is_stmt 0 view .LVU709
 2337 0032 F3B1     		cbz	r3, .L186
 2338              	.LVL245:
 2339              	.L176:
1056:Core/Src/vl53l1_api.c **** 
 2340              		.loc 1 1056 1 view .LVU710
 2341 0034 1846     		mov	r0, r3
 2342 0036 05B0     		add	sp, sp, #20
 2343              	.LCFI33:
ARM GAS  C:\Users\Lenovo\AppData\Local\Temp\ccE9MZbZ.s 			page 103


 2344              		.cfi_remember_state
 2345              		.cfi_def_cfa_offset 20
 2346              		@ sp needed
 2347 0038 F0BD     		pop	{r4, r5, r6, r7, pc}
 2348              	.LVL246:
 2349              	.L183:
 2350              	.LCFI34:
 2351              		.cfi_restore_state
1028:Core/Src/vl53l1_api.c **** 			&MmTimeoutUs, &TimingBudget);
 2352              		.loc 1 1028 3 is_stmt 1 view .LVU711
1028:Core/Src/vl53l1_api.c **** 			&MmTimeoutUs, &TimingBudget);
 2353              		.loc 1 1028 12 is_stmt 0 view .LVU712
 2354 003a 03AB     		add	r3, sp, #12
 2355 003c 02AA     		add	r2, sp, #8
 2356 003e 01A9     		add	r1, sp, #4
 2357 0040 2046     		mov	r0, r4
 2358              	.LVL247:
1028:Core/Src/vl53l1_api.c **** 			&MmTimeoutUs, &TimingBudget);
 2359              		.loc 1 1028 12 view .LVU713
 2360 0042 FFF7FEFF 		bl	VL53L1_get_timeouts_us
 2361              	.LVL248:
 2362 0046 0346     		mov	r3, r0
 2363              	.LVL249:
1028:Core/Src/vl53l1_api.c **** 			&MmTimeoutUs, &TimingBudget);
 2364              		.loc 1 1028 12 view .LVU714
 2365 0048 EEE7     		b	.L177
 2366              	.L184:
1032:Core/Src/vl53l1_api.c **** 				PresetMode,
 2367              		.loc 1 1032 3 is_stmt 1 view .LVU715
1032:Core/Src/vl53l1_api.c **** 				PresetMode,
 2368              		.loc 1 1032 12 is_stmt 0 view .LVU716
 2369 004a 3B46     		mov	r3, r7
 2370              	.LVL250:
1032:Core/Src/vl53l1_api.c **** 				PresetMode,
 2371              		.loc 1 1032 12 view .LVU717
 2372 004c 2A46     		mov	r2, r5
 2373 004e 3146     		mov	r1, r6
 2374 0050 2046     		mov	r0, r4
 2375 0052 FFF7FEFF 		bl	SetPresetMode
 2376              	.LVL251:
 2377 0056 0346     		mov	r3, r0
 2378              	.LVL252:
1032:Core/Src/vl53l1_api.c **** 				PresetMode,
 2379              		.loc 1 1032 12 view .LVU718
 2380 0058 E7E7     		b	.L178
 2381              	.L185:
1043:Core/Src/vl53l1_api.c **** 			MmTimeoutUs, TimingBudget);
 2382              		.loc 1 1043 3 is_stmt 1 view .LVU719
1043:Core/Src/vl53l1_api.c **** 			MmTimeoutUs, TimingBudget);
 2383              		.loc 1 1043 12 is_stmt 0 view .LVU720
 2384 005a 039B     		ldr	r3, [sp, #12]
 2385              	.LVL253:
1043:Core/Src/vl53l1_api.c **** 			MmTimeoutUs, TimingBudget);
 2386              		.loc 1 1043 12 view .LVU721
 2387 005c 029A     		ldr	r2, [sp, #8]
 2388 005e 0199     		ldr	r1, [sp, #4]
 2389 0060 2046     		mov	r0, r4
ARM GAS  C:\Users\Lenovo\AppData\Local\Temp\ccE9MZbZ.s 			page 104


 2390 0062 FFF7FEFF 		bl	VL53L1_set_timeouts_us
 2391              	.LVL254:
1046:Core/Src/vl53l1_api.c **** 			VL53L1DevDataSet(Dev, LLData.range_config_timeout_us,
 2392              		.loc 1 1046 3 is_stmt 1 view .LVU722
1046:Core/Src/vl53l1_api.c **** 			VL53L1DevDataSet(Dev, LLData.range_config_timeout_us,
 2393              		.loc 1 1046 6 is_stmt 0 view .LVU723
 2394 0066 0346     		mov	r3, r0
 2395 0068 0028     		cmp	r0, #0
 2396 006a E2D1     		bne	.L180
1047:Core/Src/vl53l1_api.c **** 				TimingBudget);
 2397              		.loc 1 1047 4 is_stmt 1 view .LVU724
 2398 006c 039A     		ldr	r2, [sp, #12]
 2399 006e 2261     		str	r2, [r4, #16]
 2400 0070 DFE7     		b	.L180
 2401              	.LVL255:
 2402              	.L186:
1052:Core/Src/vl53l1_api.c **** 
 2403              		.loc 1 1052 3 view .LVU725
1052:Core/Src/vl53l1_api.c **** 
 2404              		.loc 1 1052 12 is_stmt 0 view .LVU726
 2405 0072 6946     		mov	r1, sp
 2406 0074 2046     		mov	r0, r4
 2407 0076 FFF7FEFF 		bl	VL53L1_set_user_zone
 2408              	.LVL256:
1052:Core/Src/vl53l1_api.c **** 
 2409              		.loc 1 1052 12 view .LVU727
 2410 007a 0346     		mov	r3, r0
 2411              	.LVL257:
1052:Core/Src/vl53l1_api.c **** 
 2412              		.loc 1 1052 12 view .LVU728
 2413 007c DAE7     		b	.L176
 2414              	.LVL258:
 2415              	.L181:
1019:Core/Src/vl53l1_api.c **** 
 2416              		.loc 1 1019 10 view .LVU729
 2417 007e 6FF00303 		mvn	r3, #3
 2418 0082 D7E7     		b	.L176
 2419              		.cfi_endproc
 2420              	.LFE29:
 2422              		.section	.text.VL53L1_GetDistanceMode,"ax",%progbits
 2423              		.align	1
 2424              		.global	VL53L1_GetDistanceMode
 2425              		.syntax unified
 2426              		.thumb
 2427              		.thumb_func
 2429              	VL53L1_GetDistanceMode:
 2430              	.LVL259:
 2431              	.LFB30:
1060:Core/Src/vl53l1_api.c **** 	VL53L1_Error Status = VL53L1_ERROR_NONE;
 2432              		.loc 1 1060 1 is_stmt 1 view -0
 2433              		.cfi_startproc
 2434              		@ args = 0, pretend = 0, frame = 0
 2435              		@ frame_needed = 0, uses_anonymous_args = 0
 2436              		@ link register save eliminated.
1061:Core/Src/vl53l1_api.c **** 
 2437              		.loc 1 1061 2 view .LVU731
1063:Core/Src/vl53l1_api.c **** 
ARM GAS  C:\Users\Lenovo\AppData\Local\Temp\ccE9MZbZ.s 			page 105


 2438              		.loc 1 1063 24 view .LVU732
1065:Core/Src/vl53l1_api.c **** 
 2439              		.loc 1 1065 2 view .LVU733
1065:Core/Src/vl53l1_api.c **** 
 2440              		.loc 1 1065 19 is_stmt 0 view .LVU734
 2441 0000 90F87D33 		ldrb	r3, [r0, #893]	@ zero_extendqisi2
1065:Core/Src/vl53l1_api.c **** 
 2442              		.loc 1 1065 17 view .LVU735
 2443 0004 0B70     		strb	r3, [r1]
1067:Core/Src/vl53l1_api.c **** 	return Status;
 2444              		.loc 1 1067 26 is_stmt 1 view .LVU736
1068:Core/Src/vl53l1_api.c **** }
 2445              		.loc 1 1068 2 view .LVU737
1069:Core/Src/vl53l1_api.c **** 
 2446              		.loc 1 1069 1 is_stmt 0 view .LVU738
 2447 0006 0020     		movs	r0, #0
 2448              	.LVL260:
1069:Core/Src/vl53l1_api.c **** 
 2449              		.loc 1 1069 1 view .LVU739
 2450 0008 7047     		bx	lr
 2451              		.cfi_endproc
 2452              	.LFE30:
 2454              		.section	.text.VL53L1_SetInterMeasurementPeriodMilliSeconds,"ax",%progbits
 2455              		.align	1
 2456              		.global	VL53L1_SetInterMeasurementPeriodMilliSeconds
 2457              		.syntax unified
 2458              		.thumb
 2459              		.thumb_func
 2461              	VL53L1_SetInterMeasurementPeriodMilliSeconds:
 2462              	.LVL261:
 2463              	.LFB33:
1277:Core/Src/vl53l1_api.c **** 	VL53L1_Error Status = VL53L1_ERROR_NONE;
 2464              		.loc 1 1277 1 is_stmt 1 view -0
 2465              		.cfi_startproc
 2466              		@ args = 0, pretend = 0, frame = 0
 2467              		@ frame_needed = 0, uses_anonymous_args = 0
1277:Core/Src/vl53l1_api.c **** 	VL53L1_Error Status = VL53L1_ERROR_NONE;
 2468              		.loc 1 1277 1 is_stmt 0 view .LVU741
 2469 0000 08B5     		push	{r3, lr}
 2470              	.LCFI35:
 2471              		.cfi_def_cfa_offset 8
 2472              		.cfi_offset 3, -8
 2473              		.cfi_offset 14, -4
1278:Core/Src/vl53l1_api.c **** 	uint32_t adjustedIMP;
 2474              		.loc 1 1278 2 is_stmt 1 view .LVU742
 2475              	.LVL262:
1279:Core/Src/vl53l1_api.c **** 
 2476              		.loc 1 1279 2 view .LVU743
1281:Core/Src/vl53l1_api.c **** 
 2477              		.loc 1 1281 24 view .LVU744
1284:Core/Src/vl53l1_api.c **** 	adjustedIMP += (adjustedIMP * 64) / 1000;
 2478              		.loc 1 1284 2 view .LVU745
1285:Core/Src/vl53l1_api.c **** 	/* End of fix for Ticket 468205 */
 2479              		.loc 1 1285 2 view .LVU746
1285:Core/Src/vl53l1_api.c **** 	/* End of fix for Ticket 468205 */
 2480              		.loc 1 1285 30 is_stmt 0 view .LVU747
 2481 0002 8B01     		lsls	r3, r1, #6
ARM GAS  C:\Users\Lenovo\AppData\Local\Temp\ccE9MZbZ.s 			page 106


1285:Core/Src/vl53l1_api.c **** 	/* End of fix for Ticket 468205 */
 2482              		.loc 1 1285 36 view .LVU748
 2483 0004 034A     		ldr	r2, .L190
 2484 0006 A2FB0323 		umull	r2, r3, r2, r3
 2485              	.LVL263:
1287:Core/Src/vl53l1_api.c **** 			adjustedIMP);
 2486              		.loc 1 1287 2 is_stmt 1 view .LVU749
1287:Core/Src/vl53l1_api.c **** 			adjustedIMP);
 2487              		.loc 1 1287 11 is_stmt 0 view .LVU750
 2488 000a 01EB9311 		add	r1, r1, r3, lsr #6
 2489              	.LVL264:
1287:Core/Src/vl53l1_api.c **** 			adjustedIMP);
 2490              		.loc 1 1287 11 view .LVU751
 2491 000e FFF7FEFF 		bl	VL53L1_set_inter_measurement_period_ms
 2492              	.LVL265:
1290:Core/Src/vl53l1_api.c **** 	return Status;
 2493              		.loc 1 1290 26 is_stmt 1 view .LVU752
1291:Core/Src/vl53l1_api.c **** }
 2494              		.loc 1 1291 2 view .LVU753
1292:Core/Src/vl53l1_api.c **** 
 2495              		.loc 1 1292 1 is_stmt 0 view .LVU754
 2496 0012 08BD     		pop	{r3, pc}
 2497              	.L191:
 2498              		.align	2
 2499              	.L190:
 2500 0014 D34D6210 		.word	274877907
 2501              		.cfi_endproc
 2502              	.LFE33:
 2504              		.section	.text.VL53L1_GetInterMeasurementPeriodMilliSeconds,"ax",%progbits
 2505              		.align	1
 2506              		.global	VL53L1_GetInterMeasurementPeriodMilliSeconds
 2507              		.syntax unified
 2508              		.thumb
 2509              		.thumb_func
 2511              	VL53L1_GetInterMeasurementPeriodMilliSeconds:
 2512              	.LVL266:
 2513              	.LFB34:
1296:Core/Src/vl53l1_api.c **** 	VL53L1_Error Status = VL53L1_ERROR_NONE;
 2514              		.loc 1 1296 1 is_stmt 1 view -0
 2515              		.cfi_startproc
 2516              		@ args = 0, pretend = 0, frame = 8
 2517              		@ frame_needed = 0, uses_anonymous_args = 0
1296:Core/Src/vl53l1_api.c **** 	VL53L1_Error Status = VL53L1_ERROR_NONE;
 2518              		.loc 1 1296 1 is_stmt 0 view .LVU756
 2519 0000 10B5     		push	{r4, lr}
 2520              	.LCFI36:
 2521              		.cfi_def_cfa_offset 8
 2522              		.cfi_offset 4, -8
 2523              		.cfi_offset 14, -4
 2524 0002 82B0     		sub	sp, sp, #8
 2525              	.LCFI37:
 2526              		.cfi_def_cfa_offset 16
 2527 0004 0C46     		mov	r4, r1
1297:Core/Src/vl53l1_api.c **** 	uint32_t adjustedIMP;
 2528              		.loc 1 1297 2 is_stmt 1 view .LVU757
 2529              	.LVL267:
1298:Core/Src/vl53l1_api.c **** 
ARM GAS  C:\Users\Lenovo\AppData\Local\Temp\ccE9MZbZ.s 			page 107


 2530              		.loc 1 1298 2 view .LVU758
1300:Core/Src/vl53l1_api.c **** 
 2531              		.loc 1 1300 24 view .LVU759
1302:Core/Src/vl53l1_api.c **** 	/* Fix for Ticket 468205 actual measurement period shorter than set */
 2532              		.loc 1 1302 2 view .LVU760
1302:Core/Src/vl53l1_api.c **** 	/* Fix for Ticket 468205 actual measurement period shorter than set */
 2533              		.loc 1 1302 11 is_stmt 0 view .LVU761
 2534 0006 01A9     		add	r1, sp, #4
 2535              	.LVL268:
1302:Core/Src/vl53l1_api.c **** 	/* Fix for Ticket 468205 actual measurement period shorter than set */
 2536              		.loc 1 1302 11 view .LVU762
 2537 0008 FFF7FEFF 		bl	VL53L1_get_inter_measurement_period_ms
 2538              	.LVL269:
1304:Core/Src/vl53l1_api.c **** 	*pInterMeasurementPeriodMilliSeconds = adjustedIMP;
 2539              		.loc 1 1304 2 is_stmt 1 view .LVU763
1304:Core/Src/vl53l1_api.c **** 	*pInterMeasurementPeriodMilliSeconds = adjustedIMP;
 2540              		.loc 1 1304 14 is_stmt 0 view .LVU764
 2541 000c 019B     		ldr	r3, [sp, #4]
1304:Core/Src/vl53l1_api.c **** 	*pInterMeasurementPeriodMilliSeconds = adjustedIMP;
 2542              		.loc 1 1304 30 view .LVU765
 2543 000e 9A01     		lsls	r2, r3, #6
1304:Core/Src/vl53l1_api.c **** 	*pInterMeasurementPeriodMilliSeconds = adjustedIMP;
 2544              		.loc 1 1304 36 view .LVU766
 2545 0010 0449     		ldr	r1, .L194
 2546 0012 A1FB0212 		umull	r1, r2, r1, r2
1304:Core/Src/vl53l1_api.c **** 	*pInterMeasurementPeriodMilliSeconds = adjustedIMP;
 2547              		.loc 1 1304 14 view .LVU767
 2548 0016 A3EB9213 		sub	r3, r3, r2, lsr #6
 2549 001a 0193     		str	r3, [sp, #4]
1305:Core/Src/vl53l1_api.c **** 	/* End of fix for Ticket 468205 */
 2550              		.loc 1 1305 2 is_stmt 1 view .LVU768
1305:Core/Src/vl53l1_api.c **** 	/* End of fix for Ticket 468205 */
 2551              		.loc 1 1305 39 is_stmt 0 view .LVU769
 2552 001c 2360     		str	r3, [r4]
1308:Core/Src/vl53l1_api.c **** 	return Status;
 2553              		.loc 1 1308 26 is_stmt 1 view .LVU770
1309:Core/Src/vl53l1_api.c **** }
 2554              		.loc 1 1309 2 view .LVU771
1310:Core/Src/vl53l1_api.c **** 
 2555              		.loc 1 1310 1 is_stmt 0 view .LVU772
 2556 001e 02B0     		add	sp, sp, #8
 2557              	.LCFI38:
 2558              		.cfi_def_cfa_offset 8
 2559              		@ sp needed
 2560 0020 10BD     		pop	{r4, pc}
 2561              	.LVL270:
 2562              	.L195:
1310:Core/Src/vl53l1_api.c **** 
 2563              		.loc 1 1310 1 view .LVU773
 2564 0022 00BF     		.align	2
 2565              	.L194:
 2566 0024 D34D6210 		.word	274877907
 2567              		.cfi_endproc
 2568              	.LFE34:
 2570              		.section	.text.VL53L1_GetNumberOfLimitCheck,"ax",%progbits
 2571              		.align	1
 2572              		.global	VL53L1_GetNumberOfLimitCheck
ARM GAS  C:\Users\Lenovo\AppData\Local\Temp\ccE9MZbZ.s 			page 108


 2573              		.syntax unified
 2574              		.thumb
 2575              		.thumb_func
 2577              	VL53L1_GetNumberOfLimitCheck:
 2578              	.LVL271:
 2579              	.LFB35:
1319:Core/Src/vl53l1_api.c **** 	VL53L1_Error Status = VL53L1_ERROR_NONE;
 2580              		.loc 1 1319 1 is_stmt 1 view -0
 2581              		.cfi_startproc
 2582              		@ args = 0, pretend = 0, frame = 0
 2583              		@ frame_needed = 0, uses_anonymous_args = 0
 2584              		@ link register save eliminated.
1320:Core/Src/vl53l1_api.c **** 
 2585              		.loc 1 1320 2 view .LVU775
1322:Core/Src/vl53l1_api.c **** 
 2586              		.loc 1 1322 24 view .LVU776
1324:Core/Src/vl53l1_api.c **** 
 2587              		.loc 1 1324 2 view .LVU777
1324:Core/Src/vl53l1_api.c **** 
 2588              		.loc 1 1324 23 is_stmt 0 view .LVU778
 2589 0000 0223     		movs	r3, #2
 2590 0002 0380     		strh	r3, [r0]	@ movhi
1326:Core/Src/vl53l1_api.c **** 	return Status;
 2591              		.loc 1 1326 26 is_stmt 1 view .LVU779
1327:Core/Src/vl53l1_api.c **** }
 2592              		.loc 1 1327 2 view .LVU780
1328:Core/Src/vl53l1_api.c **** 
 2593              		.loc 1 1328 1 is_stmt 0 view .LVU781
 2594 0004 0020     		movs	r0, #0
 2595              	.LVL272:
1328:Core/Src/vl53l1_api.c **** 
 2596              		.loc 1 1328 1 view .LVU782
 2597 0006 7047     		bx	lr
 2598              		.cfi_endproc
 2599              	.LFE35:
 2601              		.section	.text.VL53L1_GetLimitCheckInfo,"ax",%progbits
 2602              		.align	1
 2603              		.global	VL53L1_GetLimitCheckInfo
 2604              		.syntax unified
 2605              		.thumb
 2606              		.thumb_func
 2608              	VL53L1_GetLimitCheckInfo:
 2609              	.LVL273:
 2610              	.LFB36:
1332:Core/Src/vl53l1_api.c **** 	VL53L1_Error Status = VL53L1_ERROR_NONE;
 2611              		.loc 1 1332 1 is_stmt 1 view -0
 2612              		.cfi_startproc
 2613              		@ args = 0, pretend = 0, frame = 0
 2614              		@ frame_needed = 0, uses_anonymous_args = 0
1332:Core/Src/vl53l1_api.c **** 	VL53L1_Error Status = VL53L1_ERROR_NONE;
 2615              		.loc 1 1332 1 is_stmt 0 view .LVU784
 2616 0000 08B5     		push	{r3, lr}
 2617              	.LCFI39:
 2618              		.cfi_def_cfa_offset 8
 2619              		.cfi_offset 3, -8
 2620              		.cfi_offset 14, -4
1333:Core/Src/vl53l1_api.c **** 
ARM GAS  C:\Users\Lenovo\AppData\Local\Temp\ccE9MZbZ.s 			page 109


 2621              		.loc 1 1333 2 is_stmt 1 view .LVU785
 2622              	.LVL274:
1335:Core/Src/vl53l1_api.c **** 
 2623              		.loc 1 1335 24 view .LVU786
1337:Core/Src/vl53l1_api.c **** 		pLimitCheckString);
 2624              		.loc 1 1337 2 view .LVU787
1337:Core/Src/vl53l1_api.c **** 		pLimitCheckString);
 2625              		.loc 1 1337 11 is_stmt 0 view .LVU788
 2626 0002 FFF7FEFF 		bl	VL53L1_get_limit_check_info
 2627              	.LVL275:
1340:Core/Src/vl53l1_api.c **** 	return Status;
 2628              		.loc 1 1340 26 is_stmt 1 view .LVU789
1341:Core/Src/vl53l1_api.c **** }
 2629              		.loc 1 1341 2 view .LVU790
1342:Core/Src/vl53l1_api.c **** 
 2630              		.loc 1 1342 1 is_stmt 0 view .LVU791
 2631 0006 08BD     		pop	{r3, pc}
 2632              		.cfi_endproc
 2633              	.LFE36:
 2635              		.section	.text.VL53L1_GetLimitCheckStatus,"ax",%progbits
 2636              		.align	1
 2637              		.global	VL53L1_GetLimitCheckStatus
 2638              		.syntax unified
 2639              		.thumb
 2640              		.thumb_func
 2642              	VL53L1_GetLimitCheckStatus:
 2643              	.LVL276:
 2644              	.LFB37:
1346:Core/Src/vl53l1_api.c **** 	VL53L1_Error Status = VL53L1_ERROR_NONE;
 2645              		.loc 1 1346 1 is_stmt 1 view -0
 2646              		.cfi_startproc
 2647              		@ args = 0, pretend = 0, frame = 0
 2648              		@ frame_needed = 0, uses_anonymous_args = 0
 2649              		@ link register save eliminated.
1347:Core/Src/vl53l1_api.c **** 	uint8_t Temp8;
 2650              		.loc 1 1347 2 view .LVU793
1348:Core/Src/vl53l1_api.c **** 
 2651              		.loc 1 1348 2 view .LVU794
1350:Core/Src/vl53l1_api.c **** 
 2652              		.loc 1 1350 24 view .LVU795
1352:Core/Src/vl53l1_api.c **** 		Status = VL53L1_ERROR_INVALID_PARAMS;
 2653              		.loc 1 1352 2 view .LVU796
1352:Core/Src/vl53l1_api.c **** 		Status = VL53L1_ERROR_INVALID_PARAMS;
 2654              		.loc 1 1352 5 is_stmt 0 view .LVU797
 2655 0000 0129     		cmp	r1, #1
 2656 0002 05D8     		bhi	.L201
1355:Core/Src/vl53l1_api.c **** 			LimitCheckId, Temp8);
 2657              		.loc 1 1355 3 is_stmt 1 view .LVU798
 2658 0004 0844     		add	r0, r0, r1
 2659              	.LVL277:
1355:Core/Src/vl53l1_api.c **** 			LimitCheckId, Temp8);
 2660              		.loc 1 1355 3 is_stmt 0 view .LVU799
 2661 0006 90F88633 		ldrb	r3, [r0, #902]	@ zero_extendqisi2
 2662              	.LVL278:
1357:Core/Src/vl53l1_api.c **** 	}
 2663              		.loc 1 1357 3 is_stmt 1 view .LVU800
1357:Core/Src/vl53l1_api.c **** 	}
ARM GAS  C:\Users\Lenovo\AppData\Local\Temp\ccE9MZbZ.s 			page 110


 2664              		.loc 1 1357 22 is_stmt 0 view .LVU801
 2665 000a 1370     		strb	r3, [r2]
1347:Core/Src/vl53l1_api.c **** 	uint8_t Temp8;
 2666              		.loc 1 1347 15 view .LVU802
 2667 000c 0020     		movs	r0, #0
 2668 000e 7047     		bx	lr
 2669              	.LVL279:
 2670              	.L201:
1353:Core/Src/vl53l1_api.c **** 	} else {
 2671              		.loc 1 1353 10 view .LVU803
 2672 0010 6FF00300 		mvn	r0, #3
 2673              	.LVL280:
1360:Core/Src/vl53l1_api.c **** 	return Status;
 2674              		.loc 1 1360 26 is_stmt 1 view .LVU804
1361:Core/Src/vl53l1_api.c **** }
 2675              		.loc 1 1361 2 view .LVU805
1362:Core/Src/vl53l1_api.c **** 
 2676              		.loc 1 1362 1 is_stmt 0 view .LVU806
 2677 0014 7047     		bx	lr
 2678              		.cfi_endproc
 2679              	.LFE37:
 2681              		.section	.text.VL53L1_SetLimitCheckEnable,"ax",%progbits
 2682              		.align	1
 2683              		.global	VL53L1_SetLimitCheckEnable
 2684              		.syntax unified
 2685              		.thumb
 2686              		.thumb_func
 2688              	VL53L1_SetLimitCheckEnable:
 2689              	.LVL281:
 2690              	.LFB39:
1392:Core/Src/vl53l1_api.c **** 	VL53L1_Error Status = VL53L1_ERROR_NONE;
 2691              		.loc 1 1392 1 is_stmt 1 view -0
 2692              		.cfi_startproc
 2693              		@ args = 0, pretend = 0, frame = 0
 2694              		@ frame_needed = 0, uses_anonymous_args = 0
1393:Core/Src/vl53l1_api.c **** 	FixPoint1616_t TempFix1616 = 0;
 2695              		.loc 1 1393 2 view .LVU808
1394:Core/Src/vl53l1_api.c **** 
 2696              		.loc 1 1394 2 view .LVU809
1396:Core/Src/vl53l1_api.c **** 
 2697              		.loc 1 1396 24 view .LVU810
1399:Core/Src/vl53l1_api.c **** 		Status = VL53L1_ERROR_INVALID_PARAMS;
 2698              		.loc 1 1399 2 view .LVU811
1399:Core/Src/vl53l1_api.c **** 		Status = VL53L1_ERROR_INVALID_PARAMS;
 2699              		.loc 1 1399 5 is_stmt 0 view .LVU812
 2700 0000 0129     		cmp	r1, #1
 2701 0002 17D8     		bhi	.L205
1392:Core/Src/vl53l1_api.c **** 	VL53L1_Error Status = VL53L1_ERROR_NONE;
 2702              		.loc 1 1392 1 view .LVU813
 2703 0004 70B5     		push	{r4, r5, r6, lr}
 2704              	.LCFI40:
 2705              		.cfi_def_cfa_offset 16
 2706              		.cfi_offset 4, -16
 2707              		.cfi_offset 5, -12
 2708              		.cfi_offset 6, -8
 2709              		.cfi_offset 14, -4
 2710 0006 0646     		mov	r6, r0
ARM GAS  C:\Users\Lenovo\AppData\Local\Temp\ccE9MZbZ.s 			page 111


 2711 0008 0C46     		mov	r4, r1
 2712 000a 1546     		mov	r5, r2
1403:Core/Src/vl53l1_api.c **** 			TempFix1616 = 0;
 2713              		.loc 1 1403 3 is_stmt 1 view .LVU814
1403:Core/Src/vl53l1_api.c **** 			TempFix1616 = 0;
 2714              		.loc 1 1403 6 is_stmt 0 view .LVU815
 2715 000c 2AB1     		cbz	r2, .L206
1406:Core/Src/vl53l1_api.c **** 				LimitCheckId, TempFix1616);
 2716              		.loc 1 1406 4 is_stmt 1 view .LVU816
 2717 000e 01F1E003 		add	r3, r1, #224
 2718 0012 00EB8303 		add	r3, r0, r3, lsl #2
 2719 0016 9A68     		ldr	r2, [r3, #8]
 2720              	.LVL282:
1406:Core/Src/vl53l1_api.c **** 				LimitCheckId, TempFix1616);
 2721              		.loc 1 1406 4 is_stmt 0 view .LVU817
 2722 0018 00E0     		b	.L204
 2723              	.LVL283:
 2724              	.L206:
1404:Core/Src/vl53l1_api.c **** 		else
 2725              		.loc 1 1404 16 view .LVU818
 2726 001a 0022     		movs	r2, #0
 2727              	.LVL284:
 2728              	.L204:
1409:Core/Src/vl53l1_api.c **** 	}
 2729              		.loc 1 1409 3 is_stmt 1 view .LVU819
1409:Core/Src/vl53l1_api.c **** 	}
 2730              		.loc 1 1409 12 is_stmt 0 view .LVU820
 2731 001c 2146     		mov	r1, r4
 2732              	.LVL285:
1409:Core/Src/vl53l1_api.c **** 	}
 2733              		.loc 1 1409 12 view .LVU821
 2734 001e 3046     		mov	r0, r6
 2735              	.LVL286:
1409:Core/Src/vl53l1_api.c **** 	}
 2736              		.loc 1 1409 12 view .LVU822
 2737 0020 FFF7FEFF 		bl	SetLimitValue
 2738              	.LVL287:
1412:Core/Src/vl53l1_api.c **** 		VL53L1_SETARRAYPARAMETERFIELD(Dev,
 2739              		.loc 1 1412 2 is_stmt 1 view .LVU823
1412:Core/Src/vl53l1_api.c **** 		VL53L1_SETARRAYPARAMETERFIELD(Dev,
 2740              		.loc 1 1412 5 is_stmt 0 view .LVU824
 2741 0024 28B9     		cbnz	r0, .L203
1413:Core/Src/vl53l1_api.c **** 			LimitChecksEnable,
 2742              		.loc 1 1413 3 is_stmt 1 view .LVU825
 2743 0026 003D     		subs	r5, r5, #0
 2744 0028 18BF     		it	ne
 2745 002a 0125     		movne	r5, #1
 2746 002c 3444     		add	r4, r4, r6
 2747 002e 84F88453 		strb	r5, [r4, #900]
 2748              	.L203:
 2749              	.LVL288:
1420:Core/Src/vl53l1_api.c **** 	return Status;
 2750              		.loc 1 1420 26 view .LVU826
1421:Core/Src/vl53l1_api.c **** }
 2751              		.loc 1 1421 2 view .LVU827
1422:Core/Src/vl53l1_api.c **** 
 2752              		.loc 1 1422 1 is_stmt 0 view .LVU828
ARM GAS  C:\Users\Lenovo\AppData\Local\Temp\ccE9MZbZ.s 			page 112


 2753 0032 70BD     		pop	{r4, r5, r6, pc}
 2754              	.LVL289:
 2755              	.L205:
 2756              	.LCFI41:
 2757              		.cfi_def_cfa_offset 0
 2758              		.cfi_restore 4
 2759              		.cfi_restore 5
 2760              		.cfi_restore 6
 2761              		.cfi_restore 14
1400:Core/Src/vl53l1_api.c **** 	} else {
 2762              		.loc 1 1400 10 view .LVU829
 2763 0034 6FF00300 		mvn	r0, #3
 2764              	.LVL290:
1420:Core/Src/vl53l1_api.c **** 	return Status;
 2765              		.loc 1 1420 26 is_stmt 1 view .LVU830
1421:Core/Src/vl53l1_api.c **** }
 2766              		.loc 1 1421 2 view .LVU831
1422:Core/Src/vl53l1_api.c **** 
 2767              		.loc 1 1422 1 is_stmt 0 view .LVU832
 2768 0038 7047     		bx	lr
 2769              		.cfi_endproc
 2770              	.LFE39:
 2772              		.section	.text.VL53L1_DataInit,"ax",%progbits
 2773              		.align	1
 2774              		.global	VL53L1_DataInit
 2775              		.syntax unified
 2776              		.thumb
 2777              		.thumb_func
 2779              	VL53L1_DataInit:
 2780              	.LVL291:
 2781              	.LFB20:
 728:Core/Src/vl53l1_api.c **** 	VL53L1_Error Status = VL53L1_ERROR_NONE;
 2782              		.loc 1 728 1 is_stmt 1 view -0
 2783              		.cfi_startproc
 2784              		@ args = 0, pretend = 0, frame = 0
 2785              		@ frame_needed = 0, uses_anonymous_args = 0
 728:Core/Src/vl53l1_api.c **** 	VL53L1_Error Status = VL53L1_ERROR_NONE;
 2786              		.loc 1 728 1 is_stmt 0 view .LVU834
 2787 0000 70B5     		push	{r4, r5, r6, lr}
 2788              	.LCFI42:
 2789              		.cfi_def_cfa_offset 16
 2790              		.cfi_offset 4, -16
 2791              		.cfi_offset 5, -12
 2792              		.cfi_offset 6, -8
 2793              		.cfi_offset 14, -4
 2794 0002 0646     		mov	r6, r0
 729:Core/Src/vl53l1_api.c **** 	uint8_t i;
 2795              		.loc 1 729 2 is_stmt 1 view .LVU835
 2796              	.LVL292:
 730:Core/Src/vl53l1_api.c **** 
 2797              		.loc 1 730 2 view .LVU836
 732:Core/Src/vl53l1_api.c **** 
 2798              		.loc 1 732 24 view .LVU837
 744:Core/Src/vl53l1_api.c **** 		Status = VL53L1_data_init(Dev, 1);
 2799              		.loc 1 744 2 view .LVU838
 745:Core/Src/vl53l1_api.c **** 
 2800              		.loc 1 745 3 view .LVU839
ARM GAS  C:\Users\Lenovo\AppData\Local\Temp\ccE9MZbZ.s 			page 113


 745:Core/Src/vl53l1_api.c **** 
 2801              		.loc 1 745 12 is_stmt 0 view .LVU840
 2802 0004 0121     		movs	r1, #1
 2803 0006 FFF7FEFF 		bl	VL53L1_data_init
 2804              	.LVL293:
 748:Core/Src/vl53l1_api.c **** 		VL53L1DevDataSet(Dev, PalState, VL53L1_STATE_WAIT_STATICINIT);
 2805              		.loc 1 748 2 is_stmt 1 view .LVU841
 748:Core/Src/vl53l1_api.c **** 		VL53L1DevDataSet(Dev, PalState, VL53L1_STATE_WAIT_STATICINIT);
 2806              		.loc 1 748 5 is_stmt 0 view .LVU842
 2807 000a 0546     		mov	r5, r0
 2808 000c 10B9     		cbnz	r0, .L212
 749:Core/Src/vl53l1_api.c **** 
 2809              		.loc 1 749 3 is_stmt 1 view .LVU843
 2810 000e 0123     		movs	r3, #1
 2811 0010 86F87833 		strb	r3, [r6, #888]
 2812              	.L212:
 728:Core/Src/vl53l1_api.c **** 	VL53L1_Error Status = VL53L1_ERROR_NONE;
 2813              		.loc 1 728 1 is_stmt 0 discriminator 1 view .LVU844
 2814 0014 0024     		movs	r4, #0
 2815              	.LVL294:
 2816              	.L213:
 752:Core/Src/vl53l1_api.c **** 		if (Status == VL53L1_ERROR_NONE)
 2817              		.loc 1 752 14 is_stmt 1 discriminator 1 view .LVU845
 752:Core/Src/vl53l1_api.c **** 		if (Status == VL53L1_ERROR_NONE)
 2818              		.loc 1 752 2 is_stmt 0 discriminator 1 view .LVU846
 2819 0016 012C     		cmp	r4, #1
 2820 0018 0AD8     		bhi	.L214
 753:Core/Src/vl53l1_api.c **** 			Status |= VL53L1_SetLimitCheckEnable(Dev, i, 1);
 2821              		.loc 1 753 3 is_stmt 1 view .LVU847
 753:Core/Src/vl53l1_api.c **** 			Status |= VL53L1_SetLimitCheckEnable(Dev, i, 1);
 2822              		.loc 1 753 6 is_stmt 0 view .LVU848
 2823 001a 4DB9     		cbnz	r5, .L214
 754:Core/Src/vl53l1_api.c **** 		else
 2824              		.loc 1 754 4 is_stmt 1 discriminator 2 view .LVU849
 754:Core/Src/vl53l1_api.c **** 		else
 2825              		.loc 1 754 14 is_stmt 0 discriminator 2 view .LVU850
 2826 001c 0122     		movs	r2, #1
 2827 001e 2146     		mov	r1, r4
 2828 0020 3046     		mov	r0, r6
 2829 0022 FFF7FEFF 		bl	VL53L1_SetLimitCheckEnable
 2830              	.LVL295:
 754:Core/Src/vl53l1_api.c **** 		else
 2831              		.loc 1 754 11 discriminator 2 view .LVU851
 2832 0026 0543     		orrs	r5, r5, r0
 2833              	.LVL296:
 754:Core/Src/vl53l1_api.c **** 		else
 2834              		.loc 1 754 11 discriminator 2 view .LVU852
 2835 0028 6DB2     		sxtb	r5, r5
 2836              	.LVL297:
 752:Core/Src/vl53l1_api.c **** 		if (Status == VL53L1_ERROR_NONE)
 2837              		.loc 1 752 55 is_stmt 1 discriminator 2 view .LVU853
 752:Core/Src/vl53l1_api.c **** 		if (Status == VL53L1_ERROR_NONE)
 2838              		.loc 1 752 56 is_stmt 0 discriminator 2 view .LVU854
 2839 002a 0134     		adds	r4, r4, #1
 2840              	.LVL298:
 752:Core/Src/vl53l1_api.c **** 		if (Status == VL53L1_ERROR_NONE)
 2841              		.loc 1 752 56 discriminator 2 view .LVU855
ARM GAS  C:\Users\Lenovo\AppData\Local\Temp\ccE9MZbZ.s 			page 114


 2842 002c E4B2     		uxtb	r4, r4
 2843              	.LVL299:
 752:Core/Src/vl53l1_api.c **** 		if (Status == VL53L1_ERROR_NONE)
 2844              		.loc 1 752 56 discriminator 2 view .LVU856
 2845 002e F2E7     		b	.L213
 2846              	.L214:
 761:Core/Src/vl53l1_api.c **** 	return Status;
 2847              		.loc 1 761 26 is_stmt 1 view .LVU857
 762:Core/Src/vl53l1_api.c **** }
 2848              		.loc 1 762 2 view .LVU858
 763:Core/Src/vl53l1_api.c **** 
 2849              		.loc 1 763 1 is_stmt 0 view .LVU859
 2850 0030 2846     		mov	r0, r5
 2851 0032 70BD     		pop	{r4, r5, r6, pc}
 763:Core/Src/vl53l1_api.c **** 
 2852              		.loc 1 763 1 view .LVU860
 2853              		.cfi_endproc
 2854              	.LFE20:
 2856              		.section	.text.VL53L1_GetLimitCheckEnable,"ax",%progbits
 2857              		.align	1
 2858              		.global	VL53L1_GetLimitCheckEnable
 2859              		.syntax unified
 2860              		.thumb
 2861              		.thumb_func
 2863              	VL53L1_GetLimitCheckEnable:
 2864              	.LVL300:
 2865              	.LFB40:
1426:Core/Src/vl53l1_api.c **** 	VL53L1_Error Status = VL53L1_ERROR_NONE;
 2866              		.loc 1 1426 1 is_stmt 1 view -0
 2867              		.cfi_startproc
 2868              		@ args = 0, pretend = 0, frame = 0
 2869              		@ frame_needed = 0, uses_anonymous_args = 0
 2870              		@ link register save eliminated.
1427:Core/Src/vl53l1_api.c **** 	uint8_t Temp8;
 2871              		.loc 1 1427 2 view .LVU862
1428:Core/Src/vl53l1_api.c **** 
 2872              		.loc 1 1428 2 view .LVU863
1430:Core/Src/vl53l1_api.c **** 
 2873              		.loc 1 1430 24 view .LVU864
1432:Core/Src/vl53l1_api.c **** 		Status = VL53L1_ERROR_INVALID_PARAMS;
 2874              		.loc 1 1432 2 view .LVU865
1432:Core/Src/vl53l1_api.c **** 		Status = VL53L1_ERROR_INVALID_PARAMS;
 2875              		.loc 1 1432 5 is_stmt 0 view .LVU866
 2876 0000 0129     		cmp	r1, #1
 2877 0002 05D8     		bhi	.L220
1436:Core/Src/vl53l1_api.c **** 			LimitCheckId, Temp8);
 2878              		.loc 1 1436 3 is_stmt 1 view .LVU867
 2879 0004 0844     		add	r0, r0, r1
 2880              	.LVL301:
1436:Core/Src/vl53l1_api.c **** 			LimitCheckId, Temp8);
 2881              		.loc 1 1436 3 is_stmt 0 view .LVU868
 2882 0006 90F88433 		ldrb	r3, [r0, #900]	@ zero_extendqisi2
 2883              	.LVL302:
1438:Core/Src/vl53l1_api.c **** 	}
 2884              		.loc 1 1438 3 is_stmt 1 view .LVU869
1438:Core/Src/vl53l1_api.c **** 	}
 2885              		.loc 1 1438 22 is_stmt 0 view .LVU870
ARM GAS  C:\Users\Lenovo\AppData\Local\Temp\ccE9MZbZ.s 			page 115


 2886 000a 1370     		strb	r3, [r2]
1427:Core/Src/vl53l1_api.c **** 	uint8_t Temp8;
 2887              		.loc 1 1427 15 view .LVU871
 2888 000c 0020     		movs	r0, #0
 2889              	.LVL303:
1442:Core/Src/vl53l1_api.c **** 	return Status;
 2890              		.loc 1 1442 26 is_stmt 1 view .LVU872
1443:Core/Src/vl53l1_api.c **** }
 2891              		.loc 1 1443 2 view .LVU873
1444:Core/Src/vl53l1_api.c **** 
 2892              		.loc 1 1444 1 is_stmt 0 view .LVU874
 2893 000e 7047     		bx	lr
 2894              	.LVL304:
 2895              	.L220:
1433:Core/Src/vl53l1_api.c **** 		*pLimitCheckEnable = 0;
 2896              		.loc 1 1433 3 is_stmt 1 view .LVU875
1434:Core/Src/vl53l1_api.c **** 	} else {
 2897              		.loc 1 1434 3 view .LVU876
1434:Core/Src/vl53l1_api.c **** 	} else {
 2898              		.loc 1 1434 22 is_stmt 0 view .LVU877
 2899 0010 0023     		movs	r3, #0
 2900 0012 1370     		strb	r3, [r2]
1433:Core/Src/vl53l1_api.c **** 		*pLimitCheckEnable = 0;
 2901              		.loc 1 1433 10 view .LVU878
 2902 0014 6FF00300 		mvn	r0, #3
 2903              	.LVL305:
1433:Core/Src/vl53l1_api.c **** 		*pLimitCheckEnable = 0;
 2904              		.loc 1 1433 10 view .LVU879
 2905 0018 7047     		bx	lr
 2906              		.cfi_endproc
 2907              	.LFE40:
 2909              		.section	.text.VL53L1_SetLimitCheckValue,"ax",%progbits
 2910              		.align	1
 2911              		.global	VL53L1_SetLimitCheckValue
 2912              		.syntax unified
 2913              		.thumb
 2914              		.thumb_func
 2916              	VL53L1_SetLimitCheckValue:
 2917              	.LVL306:
 2918              	.LFB41:
1448:Core/Src/vl53l1_api.c **** 	VL53L1_Error Status = VL53L1_ERROR_NONE;
 2919              		.loc 1 1448 1 is_stmt 1 view -0
 2920              		.cfi_startproc
 2921              		@ args = 0, pretend = 0, frame = 0
 2922              		@ frame_needed = 0, uses_anonymous_args = 0
1449:Core/Src/vl53l1_api.c **** 	uint8_t LimitChecksEnable;
 2923              		.loc 1 1449 2 view .LVU881
1450:Core/Src/vl53l1_api.c **** 
 2924              		.loc 1 1450 2 view .LVU882
1452:Core/Src/vl53l1_api.c **** 
 2925              		.loc 1 1452 24 view .LVU883
1454:Core/Src/vl53l1_api.c **** 		Status = VL53L1_ERROR_INVALID_PARAMS;
 2926              		.loc 1 1454 2 view .LVU884
1454:Core/Src/vl53l1_api.c **** 		Status = VL53L1_ERROR_INVALID_PARAMS;
 2927              		.loc 1 1454 5 is_stmt 0 view .LVU885
 2928 0000 0129     		cmp	r1, #1
 2929 0002 16D8     		bhi	.L224
ARM GAS  C:\Users\Lenovo\AppData\Local\Temp\ccE9MZbZ.s 			page 116


1448:Core/Src/vl53l1_api.c **** 	VL53L1_Error Status = VL53L1_ERROR_NONE;
 2930              		.loc 1 1448 1 view .LVU886
 2931 0004 70B5     		push	{r4, r5, r6, lr}
 2932              	.LCFI43:
 2933              		.cfi_def_cfa_offset 16
 2934              		.cfi_offset 4, -16
 2935              		.cfi_offset 5, -12
 2936              		.cfi_offset 6, -8
 2937              		.cfi_offset 14, -4
 2938 0006 0546     		mov	r5, r0
 2939 0008 0C46     		mov	r4, r1
 2940 000a 1646     		mov	r6, r2
1458:Core/Src/vl53l1_api.c **** 				LimitCheckId,
 2941              		.loc 1 1458 3 is_stmt 1 view .LVU887
 2942 000c 4318     		adds	r3, r0, r1
 2943 000e 93F88433 		ldrb	r3, [r3, #900]	@ zero_extendqisi2
 2944              	.LVL307:
1462:Core/Src/vl53l1_api.c **** 			/* disabled write only internal value */
 2945              		.loc 1 1462 3 view .LVU888
1462:Core/Src/vl53l1_api.c **** 			/* disabled write only internal value */
 2946              		.loc 1 1462 6 is_stmt 0 view .LVU889
 2947 0012 2BB9     		cbnz	r3, .L223
1464:Core/Src/vl53l1_api.c **** 				LimitCheckId, LimitCheckValue);
 2948              		.loc 1 1464 4 is_stmt 1 view .LVU890
 2949 0014 E034     		adds	r4, r4, #224
 2950 0016 00EB8400 		add	r0, r0, r4, lsl #2
 2951              	.LVL308:
1464:Core/Src/vl53l1_api.c **** 				LimitCheckId, LimitCheckValue);
 2952              		.loc 1 1464 4 is_stmt 0 view .LVU891
 2953 001a 8260     		str	r2, [r0, #8]
1449:Core/Src/vl53l1_api.c **** 	uint8_t LimitChecksEnable;
 2954              		.loc 1 1449 15 view .LVU892
 2955 001c 0020     		movs	r0, #0
 2956              	.LVL309:
 2957              	.L222:
1479:Core/Src/vl53l1_api.c **** 	return Status;
 2958              		.loc 1 1479 26 is_stmt 1 view .LVU893
1480:Core/Src/vl53l1_api.c **** }
 2959              		.loc 1 1480 2 view .LVU894
1481:Core/Src/vl53l1_api.c **** 
 2960              		.loc 1 1481 1 is_stmt 0 view .LVU895
 2961 001e 70BD     		pop	{r4, r5, r6, pc}
 2962              	.LVL310:
 2963              	.L223:
1468:Core/Src/vl53l1_api.c **** 					LimitCheckValue);
 2964              		.loc 1 1468 4 is_stmt 1 view .LVU896
1468:Core/Src/vl53l1_api.c **** 					LimitCheckValue);
 2965              		.loc 1 1468 13 is_stmt 0 view .LVU897
 2966 0020 FFF7FEFF 		bl	SetLimitValue
 2967              	.LVL311:
1471:Core/Src/vl53l1_api.c **** 				VL53L1_SETARRAYPARAMETERFIELD(Dev,
 2968              		.loc 1 1471 4 is_stmt 1 view .LVU898
1471:Core/Src/vl53l1_api.c **** 				VL53L1_SETARRAYPARAMETERFIELD(Dev,
 2969              		.loc 1 1471 7 is_stmt 0 view .LVU899
 2970 0024 0028     		cmp	r0, #0
 2971 0026 FAD1     		bne	.L222
1472:Core/Src/vl53l1_api.c **** 					LimitChecksValue,
ARM GAS  C:\Users\Lenovo\AppData\Local\Temp\ccE9MZbZ.s 			page 117


 2972              		.loc 1 1472 5 is_stmt 1 view .LVU900
 2973 0028 E034     		adds	r4, r4, #224
 2974 002a 05EB8404 		add	r4, r5, r4, lsl #2
 2975 002e A660     		str	r6, [r4, #8]
 2976 0030 F5E7     		b	.L222
 2977              	.LVL312:
 2978              	.L224:
 2979              	.LCFI44:
 2980              		.cfi_def_cfa_offset 0
 2981              		.cfi_restore 4
 2982              		.cfi_restore 5
 2983              		.cfi_restore 6
 2984              		.cfi_restore 14
1455:Core/Src/vl53l1_api.c **** 	} else {
 2985              		.loc 1 1455 10 is_stmt 0 view .LVU901
 2986 0032 6FF00300 		mvn	r0, #3
 2987              	.LVL313:
1479:Core/Src/vl53l1_api.c **** 	return Status;
 2988              		.loc 1 1479 26 is_stmt 1 view .LVU902
1480:Core/Src/vl53l1_api.c **** }
 2989              		.loc 1 1480 2 view .LVU903
1481:Core/Src/vl53l1_api.c **** 
 2990              		.loc 1 1481 1 is_stmt 0 view .LVU904
 2991 0036 7047     		bx	lr
 2992              		.cfi_endproc
 2993              	.LFE41:
 2995              		.section	.text.VL53L1_GetLimitCheckValue,"ax",%progbits
 2996              		.align	1
 2997              		.global	VL53L1_GetLimitCheckValue
 2998              		.syntax unified
 2999              		.thumb
 3000              		.thumb_func
 3002              	VL53L1_GetLimitCheckValue:
 3003              	.LVL314:
 3004              	.LFB42:
1485:Core/Src/vl53l1_api.c **** 	VL53L1_Error Status = VL53L1_ERROR_NONE;
 3005              		.loc 1 1485 1 is_stmt 1 view -0
 3006              		.cfi_startproc
 3007              		@ args = 0, pretend = 0, frame = 8
 3008              		@ frame_needed = 0, uses_anonymous_args = 0
1485:Core/Src/vl53l1_api.c **** 	VL53L1_Error Status = VL53L1_ERROR_NONE;
 3009              		.loc 1 1485 1 is_stmt 0 view .LVU906
 3010 0000 70B5     		push	{r4, r5, r6, lr}
 3011              	.LCFI45:
 3012              		.cfi_def_cfa_offset 16
 3013              		.cfi_offset 4, -16
 3014              		.cfi_offset 5, -12
 3015              		.cfi_offset 6, -8
 3016              		.cfi_offset 14, -4
 3017 0002 82B0     		sub	sp, sp, #8
 3018              	.LCFI46:
 3019              		.cfi_def_cfa_offset 24
 3020 0004 0446     		mov	r4, r0
 3021 0006 1646     		mov	r6, r2
1486:Core/Src/vl53l1_api.c **** 	uint16_t MinCountRate;
 3022              		.loc 1 1486 2 is_stmt 1 view .LVU907
 3023              	.LVL315:
ARM GAS  C:\Users\Lenovo\AppData\Local\Temp\ccE9MZbZ.s 			page 118


1487:Core/Src/vl53l1_api.c **** 	FixPoint1616_t TempFix1616 = 0;
 3024              		.loc 1 1487 2 view .LVU908
1488:Core/Src/vl53l1_api.c **** 	uint16_t SigmaThresh;
 3025              		.loc 1 1488 2 view .LVU909
1489:Core/Src/vl53l1_api.c **** 
 3026              		.loc 1 1489 2 view .LVU910
1491:Core/Src/vl53l1_api.c **** 
 3027              		.loc 1 1491 24 view .LVU911
1493:Core/Src/vl53l1_api.c **** 	case VL53L1_CHECKENABLE_SIGMA_FINAL_RANGE:
 3028              		.loc 1 1493 2 view .LVU912
 3029 0008 0D46     		mov	r5, r1
 3030 000a 29B1     		cbz	r1, .L230
 3031 000c 0129     		cmp	r1, #1
 3032 000e 17D0     		beq	.L231
 3033 0010 6FF00300 		mvn	r0, #3
 3034              	.LVL316:
 3035              	.L232:
1525:Core/Src/vl53l1_api.c **** 	return Status;
 3036              		.loc 1 1525 26 view .LVU913
1526:Core/Src/vl53l1_api.c **** 
 3037              		.loc 1 1526 2 view .LVU914
1528:Core/Src/vl53l1_api.c **** 
 3038              		.loc 1 1528 1 is_stmt 0 view .LVU915
 3039 0014 02B0     		add	sp, sp, #8
 3040              	.LCFI47:
 3041              		.cfi_remember_state
 3042              		.cfi_def_cfa_offset 16
 3043              		@ sp needed
 3044 0016 70BD     		pop	{r4, r5, r6, pc}
 3045              	.LVL317:
 3046              	.L230:
 3047              	.LCFI48:
 3048              		.cfi_restore_state
1495:Core/Src/vl53l1_api.c **** 		TempFix1616 = VL53L1_FIXPOINT142TOFIXPOINT1616(SigmaThresh);
 3049              		.loc 1 1495 3 is_stmt 1 view .LVU916
1495:Core/Src/vl53l1_api.c **** 		TempFix1616 = VL53L1_FIXPOINT142TOFIXPOINT1616(SigmaThresh);
 3050              		.loc 1 1495 12 is_stmt 0 view .LVU917
 3051 0018 01A9     		add	r1, sp, #4
 3052              	.LVL318:
1495:Core/Src/vl53l1_api.c **** 		TempFix1616 = VL53L1_FIXPOINT142TOFIXPOINT1616(SigmaThresh);
 3053              		.loc 1 1495 12 view .LVU918
 3054 001a FFF7FEFF 		bl	VL53L1_get_lite_sigma_threshold
 3055              	.LVL319:
1496:Core/Src/vl53l1_api.c **** 		break;
 3056              		.loc 1 1496 3 is_stmt 1 view .LVU919
1496:Core/Src/vl53l1_api.c **** 		break;
 3057              		.loc 1 1496 17 is_stmt 0 view .LVU920
 3058 001e BDF80430 		ldrh	r3, [sp, #4]
1496:Core/Src/vl53l1_api.c **** 		break;
 3059              		.loc 1 1496 15 view .LVU921
 3060 0022 9B03     		lsls	r3, r3, #14
 3061              	.LVL320:
1497:Core/Src/vl53l1_api.c **** 	case VL53L1_CHECKENABLE_SIGNAL_RATE_FINAL_RANGE:
 3062              		.loc 1 1497 3 is_stmt 1 view .LVU922
 3063              	.L233:
1506:Core/Src/vl53l1_api.c **** 
 3064              		.loc 1 1506 2 view .LVU923
ARM GAS  C:\Users\Lenovo\AppData\Local\Temp\ccE9MZbZ.s 			page 119


1506:Core/Src/vl53l1_api.c **** 
 3065              		.loc 1 1506 5 is_stmt 0 view .LVU924
 3066 0024 0028     		cmp	r0, #0
 3067 0026 F5D1     		bne	.L232
1508:Core/Src/vl53l1_api.c **** 			/* disabled: return value from memory */
 3068              		.loc 1 1508 3 is_stmt 1 view .LVU925
1508:Core/Src/vl53l1_api.c **** 			/* disabled: return value from memory */
 3069              		.loc 1 1508 6 is_stmt 0 view .LVU926
 3070 0028 93B9     		cbnz	r3, .L234
1510:Core/Src/vl53l1_api.c **** 				LimitChecksValue, LimitCheckId,
 3071              		.loc 1 1510 4 is_stmt 1 view .LVU927
 3072 002a 05F1E003 		add	r3, r5, #224
 3073              	.LVL321:
1510:Core/Src/vl53l1_api.c **** 				LimitChecksValue, LimitCheckId,
 3074              		.loc 1 1510 4 is_stmt 0 view .LVU928
 3075 002e 04EB8303 		add	r3, r4, r3, lsl #2
 3076 0032 9B68     		ldr	r3, [r3, #8]
 3077              	.LVL322:
1513:Core/Src/vl53l1_api.c **** 			VL53L1_SETARRAYPARAMETERFIELD(Dev,
 3078              		.loc 1 1513 4 is_stmt 1 view .LVU929
1513:Core/Src/vl53l1_api.c **** 			VL53L1_SETARRAYPARAMETERFIELD(Dev,
 3079              		.loc 1 1513 22 is_stmt 0 view .LVU930
 3080 0034 3360     		str	r3, [r6]
1514:Core/Src/vl53l1_api.c **** 				LimitChecksEnable, LimitCheckId, 0);
 3081              		.loc 1 1514 4 is_stmt 1 view .LVU931
 3082 0036 2C44     		add	r4, r4, r5
 3083              	.LVL323:
1514:Core/Src/vl53l1_api.c **** 				LimitChecksEnable, LimitCheckId, 0);
 3084              		.loc 1 1514 4 is_stmt 0 view .LVU932
 3085 0038 0023     		movs	r3, #0
 3086              	.LVL324:
1514:Core/Src/vl53l1_api.c **** 				LimitChecksEnable, LimitCheckId, 0);
 3087              		.loc 1 1514 4 view .LVU933
 3088 003a 84F88433 		strb	r3, [r4, #900]
 3089              	.LVL325:
1514:Core/Src/vl53l1_api.c **** 				LimitChecksEnable, LimitCheckId, 0);
 3090              		.loc 1 1514 4 view .LVU934
 3091 003e E9E7     		b	.L232
 3092              	.LVL326:
 3093              	.L231:
1499:Core/Src/vl53l1_api.c **** 		TempFix1616 = VL53L1_FIXPOINT97TOFIXPOINT1616(MinCountRate);
 3094              		.loc 1 1499 3 is_stmt 1 view .LVU935
1499:Core/Src/vl53l1_api.c **** 		TempFix1616 = VL53L1_FIXPOINT97TOFIXPOINT1616(MinCountRate);
 3095              		.loc 1 1499 12 is_stmt 0 view .LVU936
 3096 0040 0DF10601 		add	r1, sp, #6
 3097              	.LVL327:
1499:Core/Src/vl53l1_api.c **** 		TempFix1616 = VL53L1_FIXPOINT97TOFIXPOINT1616(MinCountRate);
 3098              		.loc 1 1499 12 view .LVU937
 3099 0044 FFF7FEFF 		bl	VL53L1_get_lite_min_count_rate
 3100              	.LVL328:
1500:Core/Src/vl53l1_api.c **** 		break;
 3101              		.loc 1 1500 3 is_stmt 1 view .LVU938
1500:Core/Src/vl53l1_api.c **** 		break;
 3102              		.loc 1 1500 17 is_stmt 0 view .LVU939
 3103 0048 BDF80630 		ldrh	r3, [sp, #6]
1500:Core/Src/vl53l1_api.c **** 		break;
 3104              		.loc 1 1500 15 view .LVU940
ARM GAS  C:\Users\Lenovo\AppData\Local\Temp\ccE9MZbZ.s 			page 120


 3105 004c 5B02     		lsls	r3, r3, #9
 3106              	.LVL329:
1501:Core/Src/vl53l1_api.c **** 	default:
 3107              		.loc 1 1501 3 is_stmt 1 view .LVU941
 3108 004e E9E7     		b	.L233
 3109              	.L234:
1517:Core/Src/vl53l1_api.c **** 			VL53L1_SETARRAYPARAMETERFIELD(Dev,
 3110              		.loc 1 1517 4 view .LVU942
1517:Core/Src/vl53l1_api.c **** 			VL53L1_SETARRAYPARAMETERFIELD(Dev,
 3111              		.loc 1 1517 22 is_stmt 0 view .LVU943
 3112 0050 3360     		str	r3, [r6]
1518:Core/Src/vl53l1_api.c **** 				LimitChecksValue, LimitCheckId,
 3113              		.loc 1 1518 4 is_stmt 1 view .LVU944
 3114 0052 05F1E002 		add	r2, r5, #224
 3115 0056 04EB8202 		add	r2, r4, r2, lsl #2
 3116 005a 9360     		str	r3, [r2, #8]
1521:Core/Src/vl53l1_api.c **** 				LimitChecksEnable, LimitCheckId, 1);
 3117              		.loc 1 1521 4 view .LVU945
 3118 005c 2C44     		add	r4, r4, r5
 3119              	.LVL330:
1521:Core/Src/vl53l1_api.c **** 				LimitChecksEnable, LimitCheckId, 1);
 3120              		.loc 1 1521 4 is_stmt 0 view .LVU946
 3121 005e 0123     		movs	r3, #1
 3122              	.LVL331:
1521:Core/Src/vl53l1_api.c **** 				LimitChecksEnable, LimitCheckId, 1);
 3123              		.loc 1 1521 4 view .LVU947
 3124 0060 84F88433 		strb	r3, [r4, #900]
 3125              	.LVL332:
1521:Core/Src/vl53l1_api.c **** 				LimitChecksEnable, LimitCheckId, 1);
 3126              		.loc 1 1521 4 view .LVU948
 3127 0064 D6E7     		b	.L232
 3128              		.cfi_endproc
 3129              	.LFE42:
 3131              		.section	.text.SetSimpleData,"ax",%progbits
 3132              		.align	1
 3133              		.syntax unified
 3134              		.thumb
 3135              		.thumb_func
 3137              	SetSimpleData:
 3138              	.LVL333:
 3139              	.LFB57:
1916:Core/Src/vl53l1_api.c **** 	VL53L1_Error Status = VL53L1_ERROR_NONE;
 3140              		.loc 1 1916 1 is_stmt 1 view -0
 3141              		.cfi_startproc
 3142              		@ args = 4, pretend = 0, frame = 8
 3143              		@ frame_needed = 0, uses_anonymous_args = 0
1916:Core/Src/vl53l1_api.c **** 	VL53L1_Error Status = VL53L1_ERROR_NONE;
 3144              		.loc 1 1916 1 is_stmt 0 view .LVU950
 3145 0000 2DE9F041 		push	{r4, r5, r6, r7, r8, lr}
 3146              	.LCFI49:
 3147              		.cfi_def_cfa_offset 24
 3148              		.cfi_offset 4, -24
 3149              		.cfi_offset 5, -20
 3150              		.cfi_offset 6, -16
 3151              		.cfi_offset 7, -12
 3152              		.cfi_offset 8, -8
 3153              		.cfi_offset 14, -4
ARM GAS  C:\Users\Lenovo\AppData\Local\Temp\ccE9MZbZ.s 			page 121


 3154 0004 82B0     		sub	sp, sp, #8
 3155              	.LCFI50:
 3156              		.cfi_def_cfa_offset 32
 3157 0006 0646     		mov	r6, r0
 3158 0008 0846     		mov	r0, r1
 3159              	.LVL334:
1916:Core/Src/vl53l1_api.c **** 	VL53L1_Error Status = VL53L1_ERROR_NONE;
 3160              		.loc 1 1916 1 view .LVU951
 3161 000a 1746     		mov	r7, r2
 3162 000c 1D46     		mov	r5, r3
 3163 000e 089C     		ldr	r4, [sp, #32]
1917:Core/Src/vl53l1_api.c **** 	uint8_t FilteredRangeStatus;
 3164              		.loc 1 1917 2 is_stmt 1 view .LVU952
 3165              	.LVL335:
1918:Core/Src/vl53l1_api.c **** 	uint8_t SigmaLimitflag;
 3166              		.loc 1 1918 2 view .LVU953
1919:Core/Src/vl53l1_api.c **** 	uint8_t SignalLimitflag;
 3167              		.loc 1 1919 2 view .LVU954
1920:Core/Src/vl53l1_api.c **** 	uint8_t Temp8Enable;
 3168              		.loc 1 1920 2 view .LVU955
1921:Core/Src/vl53l1_api.c **** 	uint8_t Temp8;
 3169              		.loc 1 1921 2 view .LVU956
1922:Core/Src/vl53l1_api.c **** 	FixPoint1616_t AmbientRate;
 3170              		.loc 1 1922 2 view .LVU957
1923:Core/Src/vl53l1_api.c **** 	FixPoint1616_t SignalRate;
 3171              		.loc 1 1923 2 view .LVU958
1924:Core/Src/vl53l1_api.c **** 	FixPoint1616_t TempFix1616;
 3172              		.loc 1 1924 2 view .LVU959
1925:Core/Src/vl53l1_api.c **** 	FixPoint1616_t LimitCheckValue;
 3173              		.loc 1 1925 2 view .LVU960
1926:Core/Src/vl53l1_api.c **** 	int16_t Range;
 3174              		.loc 1 1926 2 view .LVU961
1927:Core/Src/vl53l1_api.c **** 
 3175              		.loc 1 1927 2 view .LVU962
1929:Core/Src/vl53l1_api.c **** 
 3176              		.loc 1 1929 2 view .LVU963
1929:Core/Src/vl53l1_api.c **** 
 3177              		.loc 1 1929 39 is_stmt 0 view .LVU964
 3178 0010 5B68     		ldr	r3, [r3, #4]
 3179              	.LVL336:
1929:Core/Src/vl53l1_api.c **** 
 3180              		.loc 1 1929 24 view .LVU965
 3181 0012 2360     		str	r3, [r4]
1931:Core/Src/vl53l1_api.c **** 
 3182              		.loc 1 1931 2 is_stmt 1 view .LVU966
1931:Core/Src/vl53l1_api.c **** 
 3183              		.loc 1 1931 37 is_stmt 0 view .LVU967
 3184 0014 95F83E80 		ldrb	r8, [r5, #62]	@ zero_extendqisi2
1931:Core/Src/vl53l1_api.c **** 
 3185              		.loc 1 1931 22 view .LVU968
 3186 0018 08F01F08 		and	r8, r8, #31
 3187              	.LVL337:
1933:Core/Src/vl53l1_api.c **** 					FilteredRangeStatus,
 3188              		.loc 1 1933 2 is_stmt 1 view .LVU969
1933:Core/Src/vl53l1_api.c **** 					FilteredRangeStatus,
 3189              		.loc 1 1933 34 is_stmt 0 view .LVU970
 3190 001c 2A46     		mov	r2, r5
ARM GAS  C:\Users\Lenovo\AppData\Local\Temp\ccE9MZbZ.s 			page 122


 3191              	.LVL338:
1933:Core/Src/vl53l1_api.c **** 					FilteredRangeStatus,
 3192              		.loc 1 1933 34 view .LVU971
 3193 001e 4146     		mov	r1, r8
 3194              	.LVL339:
1933:Core/Src/vl53l1_api.c **** 					FilteredRangeStatus,
 3195              		.loc 1 1933 34 view .LVU972
 3196 0020 FFF7FEFF 		bl	ComputeRQL
 3197              	.LVL340:
1933:Core/Src/vl53l1_api.c **** 					FilteredRangeStatus,
 3198              		.loc 1 1933 32 view .LVU973
 3199 0024 6071     		strb	r0, [r4, #5]
1937:Core/Src/vl53l1_api.c **** 		presults_data->peak_signal_count_rate_mcps);
 3200              		.loc 1 1937 2 is_stmt 1 view .LVU974
1937:Core/Src/vl53l1_api.c **** 		presults_data->peak_signal_count_rate_mcps);
 3201              		.loc 1 1937 15 is_stmt 0 view .LVU975
 3202 0026 AB8D     		ldrh	r3, [r5, #44]
1937:Core/Src/vl53l1_api.c **** 		presults_data->peak_signal_count_rate_mcps);
 3203              		.loc 1 1937 13 view .LVU976
 3204 0028 5B02     		lsls	r3, r3, #9
 3205              	.LVL341:
1939:Core/Src/vl53l1_api.c **** 		= SignalRate;
 3206              		.loc 1 1939 2 is_stmt 1 view .LVU977
1940:Core/Src/vl53l1_api.c **** 
 3207              		.loc 1 1940 3 is_stmt 0 view .LVU978
 3208 002a A360     		str	r3, [r4, #8]
1942:Core/Src/vl53l1_api.c **** 		presults_data->ambient_count_rate_mcps);
 3209              		.loc 1 1942 2 is_stmt 1 view .LVU979
1942:Core/Src/vl53l1_api.c **** 		presults_data->ambient_count_rate_mcps);
 3210              		.loc 1 1942 16 is_stmt 0 view .LVU980
 3211 002c 2B8E     		ldrh	r3, [r5, #48]
 3212              	.LVL342:
1942:Core/Src/vl53l1_api.c **** 		presults_data->ambient_count_rate_mcps);
 3213              		.loc 1 1942 14 view .LVU981
 3214 002e 5B02     		lsls	r3, r3, #9
 3215              	.LVL343:
1944:Core/Src/vl53l1_api.c **** 
 3216              		.loc 1 1944 2 is_stmt 1 view .LVU982
1944:Core/Src/vl53l1_api.c **** 
 3217              		.loc 1 1944 36 is_stmt 0 view .LVU983
 3218 0030 E360     		str	r3, [r4, #12]
1946:Core/Src/vl53l1_api.c **** 		presults_data->actual_effective_spads;
 3219              		.loc 1 1946 2 is_stmt 1 view .LVU984
1947:Core/Src/vl53l1_api.c **** 
 3220              		.loc 1 1947 16 is_stmt 0 view .LVU985
 3221 0032 2B8A     		ldrh	r3, [r5, #16]
 3222              	.LVL344:
1946:Core/Src/vl53l1_api.c **** 		presults_data->actual_effective_spads;
 3223              		.loc 1 1946 36 view .LVU986
 3224 0034 2382     		strh	r3, [r4, #16]	@ movhi
1949:Core/Src/vl53l1_api.c **** 			presults_data->sigma_mm);
 3225              		.loc 1 1949 2 is_stmt 1 view .LVU987
1949:Core/Src/vl53l1_api.c **** 			presults_data->sigma_mm);
 3226              		.loc 1 1949 16 is_stmt 0 view .LVU988
 3227 0036 2B8F     		ldrh	r3, [r5, #56]
1949:Core/Src/vl53l1_api.c **** 			presults_data->sigma_mm);
 3228              		.loc 1 1949 14 view .LVU989
ARM GAS  C:\Users\Lenovo\AppData\Local\Temp\ccE9MZbZ.s 			page 123


 3229 0038 5B02     		lsls	r3, r3, #9
 3230              	.LVL345:
1952:Core/Src/vl53l1_api.c **** 
 3231              		.loc 1 1952 2 is_stmt 1 view .LVU990
1952:Core/Src/vl53l1_api.c **** 
 3232              		.loc 1 1952 30 is_stmt 0 view .LVU991
 3233 003a 6361     		str	r3, [r4, #20]
1954:Core/Src/vl53l1_api.c **** 
 3234              		.loc 1 1954 2 is_stmt 1 view .LVU992
1954:Core/Src/vl53l1_api.c **** 
 3235              		.loc 1 1954 45 is_stmt 0 view .LVU993
 3236 003c B5F93C30 		ldrsh	r3, [r5, #60]
 3237              	.LVL346:
1954:Core/Src/vl53l1_api.c **** 
 3238              		.loc 1 1954 30 view .LVU994
 3239 0040 2383     		strh	r3, [r4, #24]	@ movhi
1956:Core/Src/vl53l1_api.c **** 
 3240              		.loc 1 1956 2 is_stmt 1 view .LVU995
1956:Core/Src/vl53l1_api.c **** 
 3241              		.loc 1 1956 34 is_stmt 0 view .LVU996
 3242 0042 0023     		movs	r3, #0
 3243 0044 A376     		strb	r3, [r4, #26]
1959:Core/Src/vl53l1_api.c **** 	case VL53L1_DEVICEERROR_MULTCLIPFAIL:
 3244              		.loc 1 1959 2 is_stmt 1 view .LVU997
 3245 0046 0D2F     		cmp	r7, #13
 3246 0048 47D0     		beq	.L237
 3247 004a 04D9     		bls	.L252
 3248 004c 112F     		cmp	r7, #17
 3249 004e 06D0     		beq	.L240
 3250              	.L239:
1970:Core/Src/vl53l1_api.c **** 	}
 3251              		.loc 1 1970 3 view .LVU998
1970:Core/Src/vl53l1_api.c **** 	}
 3252              		.loc 1 1970 27 is_stmt 0 view .LVU999
 3253 0050 0023     		movs	r3, #0
 3254 0052 E376     		strb	r3, [r4, #27]
 3255 0054 05E0     		b	.L241
 3256              	.L252:
1959:Core/Src/vl53l1_api.c **** 	case VL53L1_DEVICEERROR_MULTCLIPFAIL:
 3257              		.loc 1 1959 2 view .LVU1000
 3258 0056 013F     		subs	r7, r7, #1
 3259 0058 FFB2     		uxtb	r7, r7
 3260 005a 022F     		cmp	r7, #2
 3261 005c F8D8     		bhi	.L239
 3262              	.L240:
1964:Core/Src/vl53l1_api.c **** 		break;
 3263              		.loc 1 1964 3 is_stmt 1 view .LVU1001
1964:Core/Src/vl53l1_api.c **** 		break;
 3264              		.loc 1 1964 27 is_stmt 0 view .LVU1002
 3265 005e 0523     		movs	r3, #5
 3266 0060 E376     		strb	r3, [r4, #27]
1965:Core/Src/vl53l1_api.c **** 	case VL53L1_DEVICEERROR_USERROICLIP:
 3267              		.loc 1 1965 3 is_stmt 1 view .LVU1003
 3268              	.L241:
1974:Core/Src/vl53l1_api.c **** 			pRangeData->RangeStatus =
 3269              		.loc 1 1974 2 view .LVU1004
1974:Core/Src/vl53l1_api.c **** 			pRangeData->RangeStatus =
ARM GAS  C:\Users\Lenovo\AppData\Local\Temp\ccE9MZbZ.s 			page 124


 3270              		.loc 1 1974 16 is_stmt 0 view .LVU1005
 3271 0062 E37E     		ldrb	r3, [r4, #27]	@ zero_extendqisi2
1974:Core/Src/vl53l1_api.c **** 			pRangeData->RangeStatus =
 3272              		.loc 1 1974 5 view .LVU1006
 3273 0064 1BB9     		cbnz	r3, .L242
1975:Core/Src/vl53l1_api.c **** 				ConvertStatusLite(FilteredRangeStatus);
 3274              		.loc 1 1975 4 is_stmt 1 view .LVU1007
1976:Core/Src/vl53l1_api.c **** 	}
 3275              		.loc 1 1976 5 is_stmt 0 view .LVU1008
 3276 0066 4046     		mov	r0, r8
 3277 0068 FFF7FEFF 		bl	ConvertStatusLite
 3278              	.LVL347:
1975:Core/Src/vl53l1_api.c **** 				ConvertStatusLite(FilteredRangeStatus);
 3279              		.loc 1 1975 28 view .LVU1009
 3280 006c E076     		strb	r0, [r4, #27]
 3281              	.L242:
1980:Core/Src/vl53l1_api.c **** 			presults_data->sigma_mm);
 3282              		.loc 1 1980 2 is_stmt 1 view .LVU1010
1980:Core/Src/vl53l1_api.c **** 			presults_data->sigma_mm);
 3283              		.loc 1 1980 16 is_stmt 0 view .LVU1011
 3284 006e 2B8F     		ldrh	r3, [r5, #56]
1980:Core/Src/vl53l1_api.c **** 			presults_data->sigma_mm);
 3285              		.loc 1 1980 14 view .LVU1012
 3286 0070 5B02     		lsls	r3, r3, #9
 3287              	.LVL348:
1982:Core/Src/vl53l1_api.c **** 		LimitChecksCurrent, VL53L1_CHECKENABLE_SIGMA_FINAL_RANGE,
 3288              		.loc 1 1982 2 is_stmt 1 view .LVU1013
 3289 0072 C6F89033 		str	r3, [r6, #912]
1986:Core/Src/vl53l1_api.c **** 			presults_data->peak_signal_count_rate_mcps);
 3290              		.loc 1 1986 2 view .LVU1014
1986:Core/Src/vl53l1_api.c **** 			presults_data->peak_signal_count_rate_mcps);
 3291              		.loc 1 1986 16 is_stmt 0 view .LVU1015
 3292 0076 AB8D     		ldrh	r3, [r5, #44]
 3293              	.LVL349:
1986:Core/Src/vl53l1_api.c **** 			presults_data->peak_signal_count_rate_mcps);
 3294              		.loc 1 1986 14 view .LVU1016
 3295 0078 5B02     		lsls	r3, r3, #9
 3296              	.LVL350:
1988:Core/Src/vl53l1_api.c **** 		LimitChecksCurrent, VL53L1_CHECKENABLE_SIGNAL_RATE_FINAL_RANGE,
 3297              		.loc 1 1988 2 is_stmt 1 view .LVU1017
 3298 007a C6F89433 		str	r3, [r6, #916]
1994:Core/Src/vl53l1_api.c **** 			VL53L1_CHECKENABLE_SIGMA_FINAL_RANGE,
 3299              		.loc 1 1994 2 view .LVU1018
 3300 007e 6A46     		mov	r2, sp
 3301 0080 0021     		movs	r1, #0
 3302 0082 3046     		mov	r0, r6
 3303 0084 FFF7FEFF 		bl	VL53L1_GetLimitCheckValue
 3304              	.LVL351:
1998:Core/Src/vl53l1_api.c **** 			VL53L1_DEVICEERROR_SIGMATHRESHOLDCHECK)
 3305              		.loc 1 1998 2 view .LVU1019
2002:Core/Src/vl53l1_api.c **** 			VL53L1_CHECKENABLE_SIGMA_FINAL_RANGE,
 3306              		.loc 1 2002 2 view .LVU1020
 3307 0088 0DF10702 		add	r2, sp, #7
 3308 008c 0021     		movs	r1, #0
 3309 008e 3046     		mov	r0, r6
 3310 0090 FFF7FEFF 		bl	VL53L1_GetLimitCheckEnable
 3311              	.LVL352:
ARM GAS  C:\Users\Lenovo\AppData\Local\Temp\ccE9MZbZ.s 			page 125


2006:Core/Src/vl53l1_api.c **** 	VL53L1_SETARRAYPARAMETERFIELD(Dev, LimitChecksStatus,
 3312              		.loc 1 2006 2 view .LVU1021
2006:Core/Src/vl53l1_api.c **** 	VL53L1_SETARRAYPARAMETERFIELD(Dev, LimitChecksStatus,
 3313              		.loc 1 2006 24 is_stmt 0 view .LVU1022
 3314 0094 9DF80730 		ldrb	r3, [sp, #7]	@ zero_extendqisi2
2006:Core/Src/vl53l1_api.c **** 	VL53L1_SETARRAYPARAMETERFIELD(Dev, LimitChecksStatus,
 3315              		.loc 1 2006 60 view .LVU1023
 3316 0098 012B     		cmp	r3, #1
 3317 009a 21D0     		beq	.L253
 3318 009c 0023     		movs	r3, #0
 3319              	.L243:
 3320              	.LVL353:
2007:Core/Src/vl53l1_api.c **** 			VL53L1_CHECKENABLE_SIGMA_FINAL_RANGE, Temp8);
 3321              		.loc 1 2007 2 is_stmt 1 discriminator 6 view .LVU1024
 3322 009e 86F88633 		strb	r3, [r6, #902]
2011:Core/Src/vl53l1_api.c **** 			VL53L1_CHECKENABLE_SIGNAL_RATE_FINAL_RANGE,
 3323              		.loc 1 2011 2 discriminator 6 view .LVU1025
 3324 00a2 6A46     		mov	r2, sp
 3325 00a4 0121     		movs	r1, #1
 3326 00a6 3046     		mov	r0, r6
 3327 00a8 FFF7FEFF 		bl	VL53L1_GetLimitCheckValue
 3328              	.LVL354:
2015:Core/Src/vl53l1_api.c **** 			VL53L1_DEVICEERROR_MSRCNOTARGET)
 3329              		.loc 1 2015 2 discriminator 6 view .LVU1026
2019:Core/Src/vl53l1_api.c **** 			VL53L1_CHECKENABLE_SIGNAL_RATE_FINAL_RANGE,
 3330              		.loc 1 2019 2 discriminator 6 view .LVU1027
 3331 00ac 0DF10702 		add	r2, sp, #7
 3332 00b0 0121     		movs	r1, #1
 3333 00b2 3046     		mov	r0, r6
 3334 00b4 FFF7FEFF 		bl	VL53L1_GetLimitCheckEnable
 3335              	.LVL355:
2023:Core/Src/vl53l1_api.c **** 	VL53L1_SETARRAYPARAMETERFIELD(Dev, LimitChecksStatus,
 3336              		.loc 1 2023 2 discriminator 6 view .LVU1028
2023:Core/Src/vl53l1_api.c **** 	VL53L1_SETARRAYPARAMETERFIELD(Dev, LimitChecksStatus,
 3337              		.loc 1 2023 24 is_stmt 0 discriminator 6 view .LVU1029
 3338 00b8 9DF80730 		ldrb	r3, [sp, #7]	@ zero_extendqisi2
2023:Core/Src/vl53l1_api.c **** 	VL53L1_SETARRAYPARAMETERFIELD(Dev, LimitChecksStatus,
 3339              		.loc 1 2023 61 discriminator 6 view .LVU1030
 3340 00bc 012B     		cmp	r3, #1
 3341 00be 16D0     		beq	.L254
2023:Core/Src/vl53l1_api.c **** 	VL53L1_SETARRAYPARAMETERFIELD(Dev, LimitChecksStatus,
 3342              		.loc 1 2023 61 view .LVU1031
 3343 00c0 0023     		movs	r3, #0
 3344              	.L244:
 3345              	.LVL356:
2024:Core/Src/vl53l1_api.c **** 			VL53L1_CHECKENABLE_SIGNAL_RATE_FINAL_RANGE, Temp8);
 3346              		.loc 1 2024 2 is_stmt 1 discriminator 6 view .LVU1032
 3347 00c2 86F88733 		strb	r3, [r6, #903]
2027:Core/Src/vl53l1_api.c **** 	if ((pRangeData->RangeStatus == VL53L1_RANGESTATUS_RANGE_VALID) &&
 3348              		.loc 1 2027 2 discriminator 6 view .LVU1033
2027:Core/Src/vl53l1_api.c **** 	if ((pRangeData->RangeStatus == VL53L1_RANGESTATUS_RANGE_VALID) &&
 3349              		.loc 1 2027 8 is_stmt 0 discriminator 6 view .LVU1034
 3350 00c6 B4F91820 		ldrsh	r2, [r4, #24]
 3351              	.LVL357:
2028:Core/Src/vl53l1_api.c **** 		(Range < 0)) {
 3352              		.loc 1 2028 2 is_stmt 1 discriminator 6 view .LVU1035
2028:Core/Src/vl53l1_api.c **** 		(Range < 0)) {
ARM GAS  C:\Users\Lenovo\AppData\Local\Temp\ccE9MZbZ.s 			page 126


 3353              		.loc 1 2028 17 is_stmt 0 discriminator 6 view .LVU1036
 3354 00ca E37E     		ldrb	r3, [r4, #27]	@ zero_extendqisi2
 3355              	.LVL358:
2028:Core/Src/vl53l1_api.c **** 		(Range < 0)) {
 3356              		.loc 1 2028 5 discriminator 6 view .LVU1037
 3357 00cc 0BB9     		cbnz	r3, .L245
2028:Core/Src/vl53l1_api.c **** 		(Range < 0)) {
 3358              		.loc 1 2028 66 discriminator 1 view .LVU1038
 3359 00ce 002A     		cmp	r2, #0
 3360 00d0 14DB     		blt	.L255
 3361              	.LVL359:
 3362              	.L245:
2037:Core/Src/vl53l1_api.c **** }
 3363              		.loc 1 2037 2 is_stmt 1 view .LVU1039
2038:Core/Src/vl53l1_api.c **** 
 3364              		.loc 1 2038 1 is_stmt 0 view .LVU1040
 3365 00d2 0020     		movs	r0, #0
 3366 00d4 02B0     		add	sp, sp, #8
 3367              	.LCFI51:
 3368              		.cfi_remember_state
 3369              		.cfi_def_cfa_offset 24
 3370              		@ sp needed
 3371 00d6 BDE8F081 		pop	{r4, r5, r6, r7, r8, pc}
 3372              	.LVL360:
 3373              	.L237:
 3374              	.LCFI52:
 3375              		.cfi_restore_state
1967:Core/Src/vl53l1_api.c **** 		break;
 3376              		.loc 1 1967 3 is_stmt 1 view .LVU1041
1967:Core/Src/vl53l1_api.c **** 		break;
 3377              		.loc 1 1967 27 is_stmt 0 view .LVU1042
 3378 00da 0D23     		movs	r3, #13
 3379 00dc E376     		strb	r3, [r4, #27]
1968:Core/Src/vl53l1_api.c **** 	default:
 3380              		.loc 1 1968 3 is_stmt 1 view .LVU1043
 3381 00de C0E7     		b	.L241
 3382              	.LVL361:
 3383              	.L253:
2006:Core/Src/vl53l1_api.c **** 	VL53L1_SETARRAYPARAMETERFIELD(Dev, LimitChecksStatus,
 3384              		.loc 1 2006 60 is_stmt 0 discriminator 1 view .LVU1044
 3385 00e0 B8F1060F 		cmp	r8, #6
 3386 00e4 01D0     		beq	.L248
2006:Core/Src/vl53l1_api.c **** 	VL53L1_SETARRAYPARAMETERFIELD(Dev, LimitChecksStatus,
 3387              		.loc 1 2006 60 view .LVU1045
 3388 00e6 0023     		movs	r3, #0
 3389 00e8 D9E7     		b	.L243
 3390              	.L248:
 3391 00ea 0123     		movs	r3, #1
 3392 00ec D7E7     		b	.L243
 3393              	.LVL362:
 3394              	.L254:
2023:Core/Src/vl53l1_api.c **** 	VL53L1_SETARRAYPARAMETERFIELD(Dev, LimitChecksStatus,
 3395              		.loc 1 2023 61 discriminator 1 view .LVU1046
 3396 00ee B8F1040F 		cmp	r8, #4
 3397 00f2 01D0     		beq	.L250
2023:Core/Src/vl53l1_api.c **** 	VL53L1_SETARRAYPARAMETERFIELD(Dev, LimitChecksStatus,
 3398              		.loc 1 2023 61 view .LVU1047
ARM GAS  C:\Users\Lenovo\AppData\Local\Temp\ccE9MZbZ.s 			page 127


 3399 00f4 0023     		movs	r3, #0
 3400 00f6 E4E7     		b	.L244
 3401              	.L250:
 3402 00f8 0123     		movs	r3, #1
 3403 00fa E2E7     		b	.L244
 3404              	.LVL363:
 3405              	.L255:
2030:Core/Src/vl53l1_api.c **** 			pRangeData->RangeStatus =
 3406              		.loc 1 2030 3 is_stmt 1 view .LVU1048
2030:Core/Src/vl53l1_api.c **** 			pRangeData->RangeStatus =
 3407              		.loc 1 2030 22 is_stmt 0 view .LVU1049
 3408 00fc 044B     		ldr	r3, .L256
 3409 00fe 5B68     		ldr	r3, [r3, #4]
2030:Core/Src/vl53l1_api.c **** 			pRangeData->RangeStatus =
 3410              		.loc 1 2030 6 view .LVU1050
 3411 0100 9A42     		cmp	r2, r3
 3412 0102 02DA     		bge	.L246
2031:Core/Src/vl53l1_api.c **** 					VL53L1_RANGESTATUS_RANGE_INVALID;
 3413              		.loc 1 2031 4 is_stmt 1 view .LVU1051
2031:Core/Src/vl53l1_api.c **** 					VL53L1_RANGESTATUS_RANGE_INVALID;
 3414              		.loc 1 2031 28 is_stmt 0 view .LVU1052
 3415 0104 0E23     		movs	r3, #14
 3416 0106 E376     		strb	r3, [r4, #27]
 3417              	.LVL364:
2031:Core/Src/vl53l1_api.c **** 					VL53L1_RANGESTATUS_RANGE_INVALID;
 3418              		.loc 1 2031 28 view .LVU1053
 3419 0108 E3E7     		b	.L245
 3420              	.LVL365:
 3421              	.L246:
2034:Core/Src/vl53l1_api.c **** 	}
 3422              		.loc 1 2034 4 is_stmt 1 view .LVU1054
2034:Core/Src/vl53l1_api.c **** 	}
 3423              		.loc 1 2034 32 is_stmt 0 view .LVU1055
 3424 010a 0023     		movs	r3, #0
 3425 010c 2383     		strh	r3, [r4, #24]	@ movhi
 3426              	.LVL366:
2034:Core/Src/vl53l1_api.c **** 	}
 3427              		.loc 1 2034 32 view .LVU1056
 3428 010e E0E7     		b	.L245
 3429              	.L257:
 3430              		.align	2
 3431              	.L256:
 3432 0110 00000000 		.word	.LANCHOR0
 3433              		.cfi_endproc
 3434              	.LFE57:
 3436              		.section	.text.VL53L1_GetLimitCheckCurrent,"ax",%progbits
 3437              		.align	1
 3438              		.global	VL53L1_GetLimitCheckCurrent
 3439              		.syntax unified
 3440              		.thumb
 3441              		.thumb_func
 3443              	VL53L1_GetLimitCheckCurrent:
 3444              	.LVL367:
 3445              	.LFB43:
1532:Core/Src/vl53l1_api.c **** 	VL53L1_Error Status = VL53L1_ERROR_NONE;
 3446              		.loc 1 1532 1 is_stmt 1 view -0
 3447              		.cfi_startproc
ARM GAS  C:\Users\Lenovo\AppData\Local\Temp\ccE9MZbZ.s 			page 128


 3448              		@ args = 0, pretend = 0, frame = 0
 3449              		@ frame_needed = 0, uses_anonymous_args = 0
 3450              		@ link register save eliminated.
1533:Core/Src/vl53l1_api.c **** 	FixPoint1616_t TempFix1616 = 0;
 3451              		.loc 1 1533 2 view .LVU1058
1534:Core/Src/vl53l1_api.c **** 
 3452              		.loc 1 1534 2 view .LVU1059
1536:Core/Src/vl53l1_api.c **** 
 3453              		.loc 1 1536 24 view .LVU1060
1538:Core/Src/vl53l1_api.c **** 		Status = VL53L1_ERROR_INVALID_PARAMS;
 3454              		.loc 1 1538 2 view .LVU1061
1538:Core/Src/vl53l1_api.c **** 		Status = VL53L1_ERROR_INVALID_PARAMS;
 3455              		.loc 1 1538 5 is_stmt 0 view .LVU1062
 3456 0000 0129     		cmp	r1, #1
 3457 0002 06D8     		bhi	.L260
1541:Core/Src/vl53l1_api.c **** 			LimitCheckId, TempFix1616);
 3458              		.loc 1 1541 3 is_stmt 1 view .LVU1063
 3459 0004 E231     		adds	r1, r1, #226
 3460              	.LVL368:
1541:Core/Src/vl53l1_api.c **** 			LimitCheckId, TempFix1616);
 3461              		.loc 1 1541 3 is_stmt 0 view .LVU1064
 3462 0006 00EB8100 		add	r0, r0, r1, lsl #2
 3463              	.LVL369:
1541:Core/Src/vl53l1_api.c **** 			LimitCheckId, TempFix1616);
 3464              		.loc 1 1541 3 view .LVU1065
 3465 000a 8368     		ldr	r3, [r0, #8]
 3466              	.LVL370:
1543:Core/Src/vl53l1_api.c **** 	}
 3467              		.loc 1 1543 3 is_stmt 1 view .LVU1066
1543:Core/Src/vl53l1_api.c **** 	}
 3468              		.loc 1 1543 23 is_stmt 0 view .LVU1067
 3469 000c 1360     		str	r3, [r2]
1533:Core/Src/vl53l1_api.c **** 	FixPoint1616_t TempFix1616 = 0;
 3470              		.loc 1 1533 15 view .LVU1068
 3471 000e 0020     		movs	r0, #0
 3472 0010 7047     		bx	lr
 3473              	.LVL371:
 3474              	.L260:
1539:Core/Src/vl53l1_api.c **** 	} else {
 3475              		.loc 1 1539 10 view .LVU1069
 3476 0012 6FF00300 		mvn	r0, #3
 3477              	.LVL372:
1546:Core/Src/vl53l1_api.c **** 	return Status;
 3478              		.loc 1 1546 26 is_stmt 1 view .LVU1070
1547:Core/Src/vl53l1_api.c **** 
 3479              		.loc 1 1547 2 view .LVU1071
1549:Core/Src/vl53l1_api.c **** 
 3480              		.loc 1 1549 1 is_stmt 0 view .LVU1072
 3481 0016 7047     		bx	lr
 3482              		.cfi_endproc
 3483              	.LFE43:
 3485              		.section	.text.VL53L1_SetUserROI,"ax",%progbits
 3486              		.align	1
 3487              		.global	VL53L1_SetUserROI
 3488              		.syntax unified
 3489              		.thumb
 3490              		.thumb_func
ARM GAS  C:\Users\Lenovo\AppData\Local\Temp\ccE9MZbZ.s 			page 129


 3492              	VL53L1_SetUserROI:
 3493              	.LVL373:
 3494              	.LFB44:
1559:Core/Src/vl53l1_api.c **** 	VL53L1_Error Status = VL53L1_ERROR_NONE;
 3495              		.loc 1 1559 1 is_stmt 1 view -0
 3496              		.cfi_startproc
 3497              		@ args = 0, pretend = 0, frame = 8
 3498              		@ frame_needed = 0, uses_anonymous_args = 0
1559:Core/Src/vl53l1_api.c **** 	VL53L1_Error Status = VL53L1_ERROR_NONE;
 3499              		.loc 1 1559 1 is_stmt 0 view .LVU1074
 3500 0000 30B5     		push	{r4, r5, lr}
 3501              	.LCFI53:
 3502              		.cfi_def_cfa_offset 12
 3503              		.cfi_offset 4, -12
 3504              		.cfi_offset 5, -8
 3505              		.cfi_offset 14, -4
 3506 0002 83B0     		sub	sp, sp, #12
 3507              	.LCFI54:
 3508              		.cfi_def_cfa_offset 24
 3509 0004 0546     		mov	r5, r0
 3510 0006 0C46     		mov	r4, r1
1560:Core/Src/vl53l1_api.c **** 	VL53L1_user_zone_t user_zone;
 3511              		.loc 1 1560 2 is_stmt 1 view .LVU1075
 3512              	.LVL374:
1561:Core/Src/vl53l1_api.c **** 
 3513              		.loc 1 1561 2 view .LVU1076
1563:Core/Src/vl53l1_api.c **** 	if (Status != VL53L1_ERROR_NONE)
 3514              		.loc 1 1563 2 view .LVU1077
1563:Core/Src/vl53l1_api.c **** 	if (Status != VL53L1_ERROR_NONE)
 3515              		.loc 1 1563 11 is_stmt 0 view .LVU1078
 3516 0008 0868     		ldr	r0, [r1]	@ unaligned
 3517              	.LVL375:
1563:Core/Src/vl53l1_api.c **** 	if (Status != VL53L1_ERROR_NONE)
 3518              		.loc 1 1563 11 view .LVU1079
 3519 000a FFF7FEFF 		bl	CheckValidRectRoi
 3520              	.LVL376:
1564:Core/Src/vl53l1_api.c **** 		return VL53L1_ERROR_INVALID_PARAMS;
 3521              		.loc 1 1564 2 is_stmt 1 view .LVU1080
1564:Core/Src/vl53l1_api.c **** 		return VL53L1_ERROR_INVALID_PARAMS;
 3522              		.loc 1 1564 5 is_stmt 0 view .LVU1081
 3523 000e 10BB     		cbnz	r0, .L263
1567:Core/Src/vl53l1_api.c **** 	user_zone.y_centre = (pRoi->TopLeftY  + pRoi->BotRightY + 1) / 2;
 3524              		.loc 1 1567 2 is_stmt 1 view .LVU1082
1567:Core/Src/vl53l1_api.c **** 	user_zone.y_centre = (pRoi->TopLeftY  + pRoi->BotRightY + 1) / 2;
 3525              		.loc 1 1567 28 is_stmt 0 view .LVU1083
 3526 0010 A378     		ldrb	r3, [r4, #2]	@ zero_extendqisi2
1567:Core/Src/vl53l1_api.c **** 	user_zone.y_centre = (pRoi->TopLeftY  + pRoi->BotRightY + 1) / 2;
 3527              		.loc 1 1567 46 view .LVU1084
 3528 0012 94F800C0 		ldrb	ip, [r4]	@ zero_extendqisi2
1567:Core/Src/vl53l1_api.c **** 	user_zone.y_centre = (pRoi->TopLeftY  + pRoi->BotRightY + 1) / 2;
 3529              		.loc 1 1567 40 view .LVU1085
 3530 0016 03EB0C02 		add	r2, r3, ip
1567:Core/Src/vl53l1_api.c **** 	user_zone.y_centre = (pRoi->TopLeftY  + pRoi->BotRightY + 1) / 2;
 3531              		.loc 1 1567 63 view .LVU1086
 3532 001a 0132     		adds	r2, r2, #1
 3533 001c 5210     		asrs	r2, r2, #1
1567:Core/Src/vl53l1_api.c **** 	user_zone.y_centre = (pRoi->TopLeftY  + pRoi->BotRightY + 1) / 2;
ARM GAS  C:\Users\Lenovo\AppData\Local\Temp\ccE9MZbZ.s 			page 130


 3534              		.loc 1 1567 21 view .LVU1087
 3535 001e 8DF80420 		strb	r2, [sp, #4]
1568:Core/Src/vl53l1_api.c **** 	user_zone.width =    (pRoi->BotRightX - pRoi->TopLeftX);
 3536              		.loc 1 1568 2 is_stmt 1 view .LVU1088
1568:Core/Src/vl53l1_api.c **** 	user_zone.width =    (pRoi->BotRightX - pRoi->TopLeftX);
 3537              		.loc 1 1568 28 is_stmt 0 view .LVU1089
 3538 0022 6278     		ldrb	r2, [r4, #1]	@ zero_extendqisi2
1568:Core/Src/vl53l1_api.c **** 	user_zone.width =    (pRoi->BotRightX - pRoi->TopLeftX);
 3539              		.loc 1 1568 46 view .LVU1090
 3540 0024 E078     		ldrb	r0, [r4, #3]	@ zero_extendqisi2
 3541              	.LVL377:
1568:Core/Src/vl53l1_api.c **** 	user_zone.width =    (pRoi->BotRightX - pRoi->TopLeftX);
 3542              		.loc 1 1568 40 view .LVU1091
 3543 0026 1118     		adds	r1, r2, r0
1568:Core/Src/vl53l1_api.c **** 	user_zone.width =    (pRoi->BotRightX - pRoi->TopLeftX);
 3544              		.loc 1 1568 63 view .LVU1092
 3545 0028 0131     		adds	r1, r1, #1
 3546 002a 4910     		asrs	r1, r1, #1
1568:Core/Src/vl53l1_api.c **** 	user_zone.width =    (pRoi->BotRightX - pRoi->TopLeftX);
 3547              		.loc 1 1568 21 view .LVU1093
 3548 002c 8DF80510 		strb	r1, [sp, #5]
1569:Core/Src/vl53l1_api.c **** 	user_zone.height =   (pRoi->TopLeftY  - pRoi->BotRightY);
 3549              		.loc 1 1569 2 is_stmt 1 view .LVU1094
1569:Core/Src/vl53l1_api.c **** 	user_zone.height =   (pRoi->TopLeftY  - pRoi->BotRightY);
 3550              		.loc 1 1569 40 is_stmt 0 view .LVU1095
 3551 0030 A3EB0C03 		sub	r3, r3, ip
 3552 0034 DBB2     		uxtb	r3, r3
1569:Core/Src/vl53l1_api.c **** 	user_zone.height =   (pRoi->TopLeftY  - pRoi->BotRightY);
 3553              		.loc 1 1569 18 view .LVU1096
 3554 0036 8DF80630 		strb	r3, [sp, #6]
1570:Core/Src/vl53l1_api.c **** 	if ((user_zone.width < 3) || (user_zone.height < 3))
 3555              		.loc 1 1570 2 is_stmt 1 view .LVU1097
1570:Core/Src/vl53l1_api.c **** 	if ((user_zone.width < 3) || (user_zone.height < 3))
 3556              		.loc 1 1570 40 is_stmt 0 view .LVU1098
 3557 003a 121A     		subs	r2, r2, r0
 3558 003c D2B2     		uxtb	r2, r2
1570:Core/Src/vl53l1_api.c **** 	if ((user_zone.width < 3) || (user_zone.height < 3))
 3559              		.loc 1 1570 19 view .LVU1099
 3560 003e 8DF80720 		strb	r2, [sp, #7]
1571:Core/Src/vl53l1_api.c **** 		Status = VL53L1_ERROR_INVALID_PARAMS;
 3561              		.loc 1 1571 2 is_stmt 1 view .LVU1100
1571:Core/Src/vl53l1_api.c **** 		Status = VL53L1_ERROR_INVALID_PARAMS;
 3562              		.loc 1 1571 5 is_stmt 0 view .LVU1101
 3563 0042 022B     		cmp	r3, #2
 3564 0044 0AD9     		bls	.L264
1571:Core/Src/vl53l1_api.c **** 		Status = VL53L1_ERROR_INVALID_PARAMS;
 3565              		.loc 1 1571 28 discriminator 1 view .LVU1102
 3566 0046 022A     		cmp	r2, #2
 3567 0048 0BD9     		bls	.L265
1574:Core/Src/vl53l1_api.c **** 
 3568              		.loc 1 1574 3 is_stmt 1 view .LVU1103
1574:Core/Src/vl53l1_api.c **** 
 3569              		.loc 1 1574 13 is_stmt 0 view .LVU1104
 3570 004a 01A9     		add	r1, sp, #4
 3571 004c 2846     		mov	r0, r5
 3572 004e FFF7FEFF 		bl	VL53L1_set_user_zone
 3573              	.LVL378:
ARM GAS  C:\Users\Lenovo\AppData\Local\Temp\ccE9MZbZ.s 			page 131


 3574              	.L262:
1578:Core/Src/vl53l1_api.c **** 
 3575              		.loc 1 1578 1 view .LVU1105
 3576 0052 03B0     		add	sp, sp, #12
 3577              	.LCFI55:
 3578              		.cfi_remember_state
 3579              		.cfi_def_cfa_offset 12
 3580              		@ sp needed
 3581 0054 30BD     		pop	{r4, r5, pc}
 3582              	.LVL379:
 3583              	.L263:
 3584              	.LCFI56:
 3585              		.cfi_restore_state
1565:Core/Src/vl53l1_api.c **** 
 3586              		.loc 1 1565 10 view .LVU1106
 3587 0056 6FF00300 		mvn	r0, #3
 3588              	.LVL380:
1565:Core/Src/vl53l1_api.c **** 
 3589              		.loc 1 1565 10 view .LVU1107
 3590 005a FAE7     		b	.L262
 3591              	.L264:
1572:Core/Src/vl53l1_api.c **** 	else
 3592              		.loc 1 1572 10 view .LVU1108
 3593 005c 6FF00300 		mvn	r0, #3
 3594 0060 F7E7     		b	.L262
 3595              	.L265:
 3596 0062 6FF00300 		mvn	r0, #3
 3597 0066 F4E7     		b	.L262
 3598              		.cfi_endproc
 3599              	.LFE44:
 3601              		.section	.text.VL53L1_GetUserROI,"ax",%progbits
 3602              		.align	1
 3603              		.global	VL53L1_GetUserROI
 3604              		.syntax unified
 3605              		.thumb
 3606              		.thumb_func
 3608              	VL53L1_GetUserROI:
 3609              	.LVL381:
 3610              	.LFB45:
1582:Core/Src/vl53l1_api.c **** 	VL53L1_Error Status = VL53L1_ERROR_NONE;
 3611              		.loc 1 1582 1 is_stmt 1 view -0
 3612              		.cfi_startproc
 3613              		@ args = 0, pretend = 0, frame = 8
 3614              		@ frame_needed = 0, uses_anonymous_args = 0
1582:Core/Src/vl53l1_api.c **** 	VL53L1_Error Status = VL53L1_ERROR_NONE;
 3615              		.loc 1 1582 1 is_stmt 0 view .LVU1110
 3616 0000 10B5     		push	{r4, lr}
 3617              	.LCFI57:
 3618              		.cfi_def_cfa_offset 8
 3619              		.cfi_offset 4, -8
 3620              		.cfi_offset 14, -4
 3621 0002 82B0     		sub	sp, sp, #8
 3622              	.LCFI58:
 3623              		.cfi_def_cfa_offset 16
 3624 0004 0C46     		mov	r4, r1
1583:Core/Src/vl53l1_api.c **** 	VL53L1_user_zone_t	user_zone;
 3625              		.loc 1 1583 2 is_stmt 1 view .LVU1111
ARM GAS  C:\Users\Lenovo\AppData\Local\Temp\ccE9MZbZ.s 			page 132


 3626              	.LVL382:
1584:Core/Src/vl53l1_api.c **** 
 3627              		.loc 1 1584 2 view .LVU1112
1586:Core/Src/vl53l1_api.c **** 
 3628              		.loc 1 1586 2 view .LVU1113
1586:Core/Src/vl53l1_api.c **** 
 3629              		.loc 1 1586 11 is_stmt 0 view .LVU1114
 3630 0006 01A9     		add	r1, sp, #4
 3631              	.LVL383:
1586:Core/Src/vl53l1_api.c **** 
 3632              		.loc 1 1586 11 view .LVU1115
 3633 0008 FFF7FEFF 		bl	VL53L1_get_user_zone
 3634              	.LVL384:
1588:Core/Src/vl53l1_api.c **** 	pRoi->TopLeftY =  (2 * user_zone.y_centre + user_zone.height) >> 1;
 3635              		.loc 1 1588 2 is_stmt 1 view .LVU1116
1588:Core/Src/vl53l1_api.c **** 	pRoi->TopLeftY =  (2 * user_zone.y_centre + user_zone.height) >> 1;
 3636              		.loc 1 1588 34 is_stmt 0 view .LVU1117
 3637 000c 9DF804E0 		ldrb	lr, [sp, #4]	@ zero_extendqisi2
1588:Core/Src/vl53l1_api.c **** 	pRoi->TopLeftY =  (2 * user_zone.y_centre + user_zone.height) >> 1;
 3638              		.loc 1 1588 55 view .LVU1118
 3639 0010 9DF80620 		ldrb	r2, [sp, #6]	@ zero_extendqisi2
1588:Core/Src/vl53l1_api.c **** 	pRoi->TopLeftY =  (2 * user_zone.y_centre + user_zone.height) >> 1;
 3640              		.loc 1 1588 44 view .LVU1119
 3641 0014 C2EB4E03 		rsb	r3, r2, lr, lsl #1
1588:Core/Src/vl53l1_api.c **** 	pRoi->TopLeftY =  (2 * user_zone.y_centre + user_zone.height) >> 1;
 3642              		.loc 1 1588 63 view .LVU1120
 3643 0018 5B10     		asrs	r3, r3, #1
1588:Core/Src/vl53l1_api.c **** 	pRoi->TopLeftY =  (2 * user_zone.y_centre + user_zone.height) >> 1;
 3644              		.loc 1 1588 17 view .LVU1121
 3645 001a 2370     		strb	r3, [r4]
1589:Core/Src/vl53l1_api.c **** 	pRoi->BotRightX = (2 * user_zone.x_centre + user_zone.width) >> 1;
 3646              		.loc 1 1589 2 is_stmt 1 view .LVU1122
1589:Core/Src/vl53l1_api.c **** 	pRoi->BotRightX = (2 * user_zone.x_centre + user_zone.width) >> 1;
 3647              		.loc 1 1589 34 is_stmt 0 view .LVU1123
 3648 001c 9DF805C0 		ldrb	ip, [sp, #5]	@ zero_extendqisi2
1589:Core/Src/vl53l1_api.c **** 	pRoi->BotRightX = (2 * user_zone.x_centre + user_zone.width) >> 1;
 3649              		.loc 1 1589 55 view .LVU1124
 3650 0020 9DF80730 		ldrb	r3, [sp, #7]	@ zero_extendqisi2
1589:Core/Src/vl53l1_api.c **** 	pRoi->BotRightX = (2 * user_zone.x_centre + user_zone.width) >> 1;
 3651              		.loc 1 1589 44 view .LVU1125
 3652 0024 03EB4C01 		add	r1, r3, ip, lsl #1
1589:Core/Src/vl53l1_api.c **** 	pRoi->BotRightX = (2 * user_zone.x_centre + user_zone.width) >> 1;
 3653              		.loc 1 1589 64 view .LVU1126
 3654 0028 4910     		asrs	r1, r1, #1
1589:Core/Src/vl53l1_api.c **** 	pRoi->BotRightX = (2 * user_zone.x_centre + user_zone.width) >> 1;
 3655              		.loc 1 1589 17 view .LVU1127
 3656 002a 6170     		strb	r1, [r4, #1]
1590:Core/Src/vl53l1_api.c **** 	pRoi->BotRightY = (2 * user_zone.y_centre - user_zone.height) >> 1;
 3657              		.loc 1 1590 2 is_stmt 1 view .LVU1128
1590:Core/Src/vl53l1_api.c **** 	pRoi->BotRightY = (2 * user_zone.y_centre - user_zone.height) >> 1;
 3658              		.loc 1 1590 44 is_stmt 0 view .LVU1129
 3659 002c 02EB4E02 		add	r2, r2, lr, lsl #1
1590:Core/Src/vl53l1_api.c **** 	pRoi->BotRightY = (2 * user_zone.y_centre - user_zone.height) >> 1;
 3660              		.loc 1 1590 63 view .LVU1130
 3661 0030 5210     		asrs	r2, r2, #1
1590:Core/Src/vl53l1_api.c **** 	pRoi->BotRightY = (2 * user_zone.y_centre - user_zone.height) >> 1;
 3662              		.loc 1 1590 18 view .LVU1131
ARM GAS  C:\Users\Lenovo\AppData\Local\Temp\ccE9MZbZ.s 			page 133


 3663 0032 A270     		strb	r2, [r4, #2]
1591:Core/Src/vl53l1_api.c **** 
 3664              		.loc 1 1591 2 is_stmt 1 view .LVU1132
1591:Core/Src/vl53l1_api.c **** 
 3665              		.loc 1 1591 44 is_stmt 0 view .LVU1133
 3666 0034 C3EB4C03 		rsb	r3, r3, ip, lsl #1
1591:Core/Src/vl53l1_api.c **** 
 3667              		.loc 1 1591 64 view .LVU1134
 3668 0038 5B10     		asrs	r3, r3, #1
1591:Core/Src/vl53l1_api.c **** 
 3669              		.loc 1 1591 18 view .LVU1135
 3670 003a E370     		strb	r3, [r4, #3]
1593:Core/Src/vl53l1_api.c **** 	return Status;
 3671              		.loc 1 1593 26 is_stmt 1 view .LVU1136
1594:Core/Src/vl53l1_api.c **** }
 3672              		.loc 1 1594 2 view .LVU1137
1595:Core/Src/vl53l1_api.c **** 
 3673              		.loc 1 1595 1 is_stmt 0 view .LVU1138
 3674 003c 02B0     		add	sp, sp, #8
 3675              	.LCFI59:
 3676              		.cfi_def_cfa_offset 8
 3677              		@ sp needed
 3678 003e 10BD     		pop	{r4, pc}
1595:Core/Src/vl53l1_api.c **** 
 3679              		.loc 1 1595 1 view .LVU1139
 3680              		.cfi_endproc
 3681              	.LFE45:
 3683              		.section	.text.VL53L1_GetNumberOfSequenceSteps,"ax",%progbits
 3684              		.align	1
 3685              		.global	VL53L1_GetNumberOfSequenceSteps
 3686              		.syntax unified
 3687              		.thumb
 3688              		.thumb_func
 3690              	VL53L1_GetNumberOfSequenceSteps:
 3691              	.LVL385:
 3692              	.LFB46:
1606:Core/Src/vl53l1_api.c **** 	VL53L1_Error Status = VL53L1_ERROR_NONE;
 3693              		.loc 1 1606 1 is_stmt 1 view -0
 3694              		.cfi_startproc
 3695              		@ args = 0, pretend = 0, frame = 0
 3696              		@ frame_needed = 0, uses_anonymous_args = 0
 3697              		@ link register save eliminated.
1607:Core/Src/vl53l1_api.c **** 
 3698              		.loc 1 1607 2 view .LVU1141
1609:Core/Src/vl53l1_api.c **** 
 3699              		.loc 1 1609 2 view .LVU1142
1611:Core/Src/vl53l1_api.c **** 
 3700              		.loc 1 1611 24 view .LVU1143
1613:Core/Src/vl53l1_api.c **** 
 3701              		.loc 1 1613 2 view .LVU1144
1613:Core/Src/vl53l1_api.c **** 
 3702              		.loc 1 1613 26 is_stmt 0 view .LVU1145
 3703 0000 0823     		movs	r3, #8
 3704 0002 0B70     		strb	r3, [r1]
1615:Core/Src/vl53l1_api.c **** 	return Status;
 3705              		.loc 1 1615 26 is_stmt 1 view .LVU1146
1616:Core/Src/vl53l1_api.c **** }
ARM GAS  C:\Users\Lenovo\AppData\Local\Temp\ccE9MZbZ.s 			page 134


 3706              		.loc 1 1616 2 view .LVU1147
1617:Core/Src/vl53l1_api.c **** 
 3707              		.loc 1 1617 1 is_stmt 0 view .LVU1148
 3708 0004 0020     		movs	r0, #0
 3709              	.LVL386:
1617:Core/Src/vl53l1_api.c **** 
 3710              		.loc 1 1617 1 view .LVU1149
 3711 0006 7047     		bx	lr
 3712              		.cfi_endproc
 3713              	.LFE46:
 3715              		.section	.text.VL53L1_GetSequenceStepsInfo,"ax",%progbits
 3716              		.align	1
 3717              		.global	VL53L1_GetSequenceStepsInfo
 3718              		.syntax unified
 3719              		.thumb
 3720              		.thumb_func
 3722              	VL53L1_GetSequenceStepsInfo:
 3723              	.LVL387:
 3724              	.LFB47:
1621:Core/Src/vl53l1_api.c **** 	VL53L1_Error Status = VL53L1_ERROR_NONE;
 3725              		.loc 1 1621 1 is_stmt 1 view -0
 3726              		.cfi_startproc
 3727              		@ args = 0, pretend = 0, frame = 0
 3728              		@ frame_needed = 0, uses_anonymous_args = 0
1621:Core/Src/vl53l1_api.c **** 	VL53L1_Error Status = VL53L1_ERROR_NONE;
 3729              		.loc 1 1621 1 is_stmt 0 view .LVU1151
 3730 0000 08B5     		push	{r3, lr}
 3731              	.LCFI60:
 3732              		.cfi_def_cfa_offset 8
 3733              		.cfi_offset 3, -8
 3734              		.cfi_offset 14, -4
1622:Core/Src/vl53l1_api.c **** 
 3735              		.loc 1 1622 2 is_stmt 1 view .LVU1152
 3736              	.LVL388:
1624:Core/Src/vl53l1_api.c **** 
 3737              		.loc 1 1624 24 view .LVU1153
1626:Core/Src/vl53l1_api.c **** 			SequenceStepId,
 3738              		.loc 1 1626 2 view .LVU1154
1626:Core/Src/vl53l1_api.c **** 			SequenceStepId,
 3739              		.loc 1 1626 11 is_stmt 0 view .LVU1155
 3740 0002 FFF7FEFF 		bl	VL53L1_get_sequence_steps_info
 3741              	.LVL389:
1630:Core/Src/vl53l1_api.c **** 
 3742              		.loc 1 1630 26 is_stmt 1 view .LVU1156
1632:Core/Src/vl53l1_api.c **** }
 3743              		.loc 1 1632 2 view .LVU1157
1633:Core/Src/vl53l1_api.c **** 
 3744              		.loc 1 1633 1 is_stmt 0 view .LVU1158
 3745 0006 08BD     		pop	{r3, pc}
 3746              		.cfi_endproc
 3747              	.LFE47:
 3749              		.section	.text.VL53L1_GetSequenceStepEnable,"ax",%progbits
 3750              		.align	1
 3751              		.global	VL53L1_GetSequenceStepEnable
 3752              		.syntax unified
 3753              		.thumb
 3754              		.thumb_func
ARM GAS  C:\Users\Lenovo\AppData\Local\Temp\ccE9MZbZ.s 			page 135


 3756              	VL53L1_GetSequenceStepEnable:
 3757              	.LVL390:
 3758              	.LFB49:
1670:Core/Src/vl53l1_api.c **** 	VL53L1_Error Status = VL53L1_ERROR_NONE;
 3759              		.loc 1 1670 1 is_stmt 1 view -0
 3760              		.cfi_startproc
 3761              		@ args = 0, pretend = 0, frame = 0
 3762              		@ frame_needed = 0, uses_anonymous_args = 0
1670:Core/Src/vl53l1_api.c **** 	VL53L1_Error Status = VL53L1_ERROR_NONE;
 3763              		.loc 1 1670 1 is_stmt 0 view .LVU1160
 3764 0000 08B5     		push	{r3, lr}
 3765              	.LCFI61:
 3766              		.cfi_def_cfa_offset 8
 3767              		.cfi_offset 3, -8
 3768              		.cfi_offset 14, -4
1671:Core/Src/vl53l1_api.c **** 
 3769              		.loc 1 1671 2 is_stmt 1 view .LVU1161
 3770              	.LVL391:
1673:Core/Src/vl53l1_api.c **** 
 3771              		.loc 1 1673 24 view .LVU1162
1675:Core/Src/vl53l1_api.c **** 		(VL53L1_DeviceSequenceConfig)SequenceStepId,
 3772              		.loc 1 1675 2 view .LVU1163
1675:Core/Src/vl53l1_api.c **** 		(VL53L1_DeviceSequenceConfig)SequenceStepId,
 3773              		.loc 1 1675 11 is_stmt 0 view .LVU1164
 3774 0002 FFF7FEFF 		bl	VL53L1_get_sequence_config_bit
 3775              	.LVL392:
1679:Core/Src/vl53l1_api.c **** 	return Status;
 3776              		.loc 1 1679 26 is_stmt 1 view .LVU1165
1680:Core/Src/vl53l1_api.c **** }
 3777              		.loc 1 1680 2 view .LVU1166
1681:Core/Src/vl53l1_api.c **** 
 3778              		.loc 1 1681 1 is_stmt 0 view .LVU1167
 3779 0006 08BD     		pop	{r3, pc}
 3780              		.cfi_endproc
 3781              	.LFE49:
 3783              		.section	.text.VL53L1_SetMeasurementTimingBudgetMicroSeconds,"ax",%progbits
 3784              		.align	1
 3785              		.global	VL53L1_SetMeasurementTimingBudgetMicroSeconds
 3786              		.syntax unified
 3787              		.thumb
 3788              		.thumb_func
 3790              	VL53L1_SetMeasurementTimingBudgetMicroSeconds:
 3791              	.LVL393:
 3792              	.LFB31:
1076:Core/Src/vl53l1_api.c **** 	VL53L1_Error Status = VL53L1_ERROR_NONE;
 3793              		.loc 1 1076 1 is_stmt 1 view -0
 3794              		.cfi_startproc
 3795              		@ args = 0, pretend = 0, frame = 24
 3796              		@ frame_needed = 0, uses_anonymous_args = 0
1076:Core/Src/vl53l1_api.c **** 	VL53L1_Error Status = VL53L1_ERROR_NONE;
 3797              		.loc 1 1076 1 is_stmt 0 view .LVU1169
 3798 0000 70B5     		push	{r4, r5, r6, lr}
 3799              	.LCFI62:
 3800              		.cfi_def_cfa_offset 16
 3801              		.cfi_offset 4, -16
 3802              		.cfi_offset 5, -12
 3803              		.cfi_offset 6, -8
ARM GAS  C:\Users\Lenovo\AppData\Local\Temp\ccE9MZbZ.s 			page 136


 3804              		.cfi_offset 14, -4
 3805 0002 86B0     		sub	sp, sp, #24
 3806              	.LCFI63:
 3807              		.cfi_def_cfa_offset 40
 3808 0004 0646     		mov	r6, r0
 3809 0006 0D46     		mov	r5, r1
1077:Core/Src/vl53l1_api.c **** 	uint8_t Mm1Enabled = 0;
 3810              		.loc 1 1077 2 is_stmt 1 view .LVU1170
 3811              	.LVL394:
1078:Core/Src/vl53l1_api.c **** 	uint8_t Mm2Enabled = 0;
 3812              		.loc 1 1078 2 view .LVU1171
1078:Core/Src/vl53l1_api.c **** 	uint8_t Mm2Enabled = 0;
 3813              		.loc 1 1078 10 is_stmt 0 view .LVU1172
 3814 0008 0023     		movs	r3, #0
 3815 000a 8DF81730 		strb	r3, [sp, #23]
1079:Core/Src/vl53l1_api.c **** 	uint32_t TimingGuard;
 3816              		.loc 1 1079 2 is_stmt 1 view .LVU1173
1079:Core/Src/vl53l1_api.c **** 	uint32_t TimingGuard;
 3817              		.loc 1 1079 10 is_stmt 0 view .LVU1174
 3818 000e 8DF81630 		strb	r3, [sp, #22]
1080:Core/Src/vl53l1_api.c **** 	uint32_t divisor;
 3819              		.loc 1 1080 2 is_stmt 1 view .LVU1175
1081:Core/Src/vl53l1_api.c **** 	uint32_t TimingBudget = 0;
 3820              		.loc 1 1081 2 view .LVU1176
1082:Core/Src/vl53l1_api.c **** 	uint32_t MmTimeoutUs = 0;
 3821              		.loc 1 1082 2 view .LVU1177
1082:Core/Src/vl53l1_api.c **** 	uint32_t MmTimeoutUs = 0;
 3822              		.loc 1 1082 11 is_stmt 0 view .LVU1178
 3823 0012 0493     		str	r3, [sp, #16]
1083:Core/Src/vl53l1_api.c **** 	VL53L1_PresetModes PresetMode;
 3824              		.loc 1 1083 2 is_stmt 1 view .LVU1179
1083:Core/Src/vl53l1_api.c **** 	VL53L1_PresetModes PresetMode;
 3825              		.loc 1 1083 11 is_stmt 0 view .LVU1180
 3826 0014 0393     		str	r3, [sp, #12]
1084:Core/Src/vl53l1_api.c **** 	uint32_t PhaseCalTimeoutUs = 0;
 3827              		.loc 1 1084 2 is_stmt 1 view .LVU1181
1085:Core/Src/vl53l1_api.c **** 	uint32_t vhv;
 3828              		.loc 1 1085 2 view .LVU1182
1085:Core/Src/vl53l1_api.c **** 	uint32_t vhv;
 3829              		.loc 1 1085 11 is_stmt 0 view .LVU1183
 3830 0016 0293     		str	r3, [sp, #8]
1086:Core/Src/vl53l1_api.c **** 	int32_t vhv_loops;
 3831              		.loc 1 1086 2 is_stmt 1 view .LVU1184
1087:Core/Src/vl53l1_api.c **** 	uint32_t FDAMaxTimingBudgetUs = FDA_MAX_TIMING_BUDGET_US;
 3832              		.loc 1 1087 2 view .LVU1185
1088:Core/Src/vl53l1_api.c **** 
 3833              		.loc 1 1088 2 view .LVU1186
 3834              	.LVL395:
1090:Core/Src/vl53l1_api.c **** 
 3835              		.loc 1 1090 24 view .LVU1187
1093:Core/Src/vl53l1_api.c **** 		Status = VL53L1_ERROR_INVALID_PARAMS;
 3836              		.loc 1 1093 2 view .LVU1188
1093:Core/Src/vl53l1_api.c **** 		Status = VL53L1_ERROR_INVALID_PARAMS;
 3837              		.loc 1 1093 5 is_stmt 0 view .LVU1189
 3838 0018 454B     		ldr	r3, .L299
 3839 001a 9942     		cmp	r1, r3
 3840 001c 2AD9     		bls	.L294
ARM GAS  C:\Users\Lenovo\AppData\Local\Temp\ccE9MZbZ.s 			page 137


1094:Core/Src/vl53l1_api.c **** 
 3841              		.loc 1 1094 10 view .LVU1190
 3842 001e 6FF00304 		mvn	r4, #3
 3843              	.LVL396:
 3844              	.L275:
1101:Core/Src/vl53l1_api.c **** 		Status = VL53L1_GetSequenceStepEnable(Dev,
 3845              		.loc 1 1101 2 is_stmt 1 view .LVU1191
1101:Core/Src/vl53l1_api.c **** 		Status = VL53L1_GetSequenceStepEnable(Dev,
 3846              		.loc 1 1101 5 is_stmt 0 view .LVU1192
 3847 0022 74B3     		cbz	r4, .L295
 3848              	.L276:
1106:Core/Src/vl53l1_api.c **** 		Status = VL53L1_get_timeouts_us(Dev,
 3849              		.loc 1 1106 2 is_stmt 1 view .LVU1193
1106:Core/Src/vl53l1_api.c **** 		Status = VL53L1_get_timeouts_us(Dev,
 3850              		.loc 1 1106 5 is_stmt 0 view .LVU1194
 3851 0024 ACB3     		cbz	r4, .L296
 3852              	.L277:
1112:Core/Src/vl53l1_api.c **** 		PresetMode = VL53L1DevDataGet(Dev,
 3853              		.loc 1 1112 2 is_stmt 1 view .LVU1195
1112:Core/Src/vl53l1_api.c **** 		PresetMode = VL53L1DevDataGet(Dev,
 3854              		.loc 1 1112 5 is_stmt 0 view .LVU1196
 3855 0026 FCB9     		cbnz	r4, .L278
1113:Core/Src/vl53l1_api.c **** 				CurrentParameters.PresetMode);
 3856              		.loc 1 1113 3 is_stmt 1 view .LVU1197
1113:Core/Src/vl53l1_api.c **** 				CurrentParameters.PresetMode);
 3857              		.loc 1 1113 14 is_stmt 0 view .LVU1198
 3858 0028 96F87C33 		ldrb	r3, [r6, #892]	@ zero_extendqisi2
 3859              	.LVL397:
1116:Core/Src/vl53l1_api.c **** 		divisor = 1;
 3860              		.loc 1 1116 3 is_stmt 1 view .LVU1199
1117:Core/Src/vl53l1_api.c **** 		switch (PresetMode) {
 3861              		.loc 1 1117 3 view .LVU1200
1118:Core/Src/vl53l1_api.c **** 		case VL53L1_PRESETMODE_LITE_RANGING:
 3862              		.loc 1 1118 3 view .LVU1201
 3863 002c 042B     		cmp	r3, #4
 3864 002e 38D0     		beq	.L279
 3865 0030 082B     		cmp	r3, #8
 3866 0032 59D0     		beq	.L280
 3867 0034 032B     		cmp	r3, #3
 3868 0036 45D0     		beq	.L281
 3869 0038 3E49     		ldr	r1, .L299+4
 3870 003a 0123     		movs	r3, #1
 3871              	.LVL398:
1118:Core/Src/vl53l1_api.c **** 		case VL53L1_PRESETMODE_LITE_RANGING:
 3872              		.loc 1 1118 3 is_stmt 0 view .LVU1202
 3873 003c 0022     		movs	r2, #0
 3874 003e 6FF00704 		mvn	r4, #7
 3875              	.LVL399:
 3876              	.L282:
1156:Core/Src/vl53l1_api.c **** 			Status = VL53L1_ERROR_INVALID_PARAMS;
 3877              		.loc 1 1156 3 is_stmt 1 view .LVU1203
1156:Core/Src/vl53l1_api.c **** 			Status = VL53L1_ERROR_INVALID_PARAMS;
 3878              		.loc 1 1156 6 is_stmt 0 view .LVU1204
 3879 0042 AA42     		cmp	r2, r5
 3880 0044 6ED2     		bcs	.L291
1159:Core/Src/vl53l1_api.c **** 					- TimingGuard);
 3881              		.loc 1 1159 4 is_stmt 1 view .LVU1205
ARM GAS  C:\Users\Lenovo\AppData\Local\Temp\ccE9MZbZ.s 			page 138


1160:Core/Src/vl53l1_api.c **** 		}
 3882              		.loc 1 1160 6 is_stmt 0 view .LVU1206
 3883 0046 AA1A     		subs	r2, r5, r2
 3884              	.LVL400:
1159:Core/Src/vl53l1_api.c **** 					- TimingGuard);
 3885              		.loc 1 1159 17 view .LVU1207
 3886 0048 0492     		str	r2, [sp, #16]
1163:Core/Src/vl53l1_api.c **** 			if (TimingBudget > FDAMaxTimingBudgetUs)
 3887              		.loc 1 1163 3 is_stmt 1 view .LVU1208
1163:Core/Src/vl53l1_api.c **** 			if (TimingBudget > FDAMaxTimingBudgetUs)
 3888              		.loc 1 1163 6 is_stmt 0 view .LVU1209
 3889 004a 6CB9     		cbnz	r4, .L278
1164:Core/Src/vl53l1_api.c **** 				Status = VL53L1_ERROR_INVALID_PARAMS;
 3890              		.loc 1 1164 4 is_stmt 1 view .LVU1210
1164:Core/Src/vl53l1_api.c **** 				Status = VL53L1_ERROR_INVALID_PARAMS;
 3891              		.loc 1 1164 7 is_stmt 0 view .LVU1211
 3892 004c 8A42     		cmp	r2, r1
 3893 004e 6CD8     		bhi	.L292
1167:Core/Src/vl53l1_api.c **** 				Status = VL53L1_set_timeouts_us(
 3894              		.loc 1 1167 5 is_stmt 1 view .LVU1212
1167:Core/Src/vl53l1_api.c **** 				Status = VL53L1_set_timeouts_us(
 3895              		.loc 1 1167 18 is_stmt 0 view .LVU1213
 3896 0050 B2FBF3F3 		udiv	r3, r2, r3
 3897              	.LVL401:
1167:Core/Src/vl53l1_api.c **** 				Status = VL53L1_set_timeouts_us(
 3898              		.loc 1 1167 18 view .LVU1214
 3899 0054 0493     		str	r3, [sp, #16]
1168:Core/Src/vl53l1_api.c **** 					Dev,
 3900              		.loc 1 1168 5 is_stmt 1 view .LVU1215
1168:Core/Src/vl53l1_api.c **** 					Dev,
 3901              		.loc 1 1168 14 is_stmt 0 view .LVU1216
 3902 0056 039A     		ldr	r2, [sp, #12]
 3903 0058 0299     		ldr	r1, [sp, #8]
 3904              	.LVL402:
1168:Core/Src/vl53l1_api.c **** 					Dev,
 3905              		.loc 1 1168 14 view .LVU1217
 3906 005a 3046     		mov	r0, r6
 3907 005c FFF7FEFF 		bl	VL53L1_set_timeouts_us
 3908              	.LVL403:
1175:Core/Src/vl53l1_api.c **** 				VL53L1DevDataSet(Dev,
 3909              		.loc 1 1175 4 is_stmt 1 view .LVU1218
1175:Core/Src/vl53l1_api.c **** 				VL53L1DevDataSet(Dev,
 3910              		.loc 1 1175 7 is_stmt 0 view .LVU1219
 3911 0060 0446     		mov	r4, r0
 3912 0062 08B9     		cbnz	r0, .L278
1176:Core/Src/vl53l1_api.c **** 					LLData.range_config_timeout_us,
 3913              		.loc 1 1176 5 is_stmt 1 view .LVU1220
 3914 0064 049B     		ldr	r3, [sp, #16]
 3915 0066 3361     		str	r3, [r6, #16]
 3916              	.LVL404:
 3917              	.L278:
1181:Core/Src/vl53l1_api.c **** 		VL53L1DevDataSet(Dev,
 3918              		.loc 1 1181 2 view .LVU1221
1181:Core/Src/vl53l1_api.c **** 		VL53L1DevDataSet(Dev,
 3919              		.loc 1 1181 5 is_stmt 0 view .LVU1222
 3920 0068 0CB9     		cbnz	r4, .L284
1182:Core/Src/vl53l1_api.c **** 			CurrentParameters.MeasurementTimingBudgetMicroSeconds,
ARM GAS  C:\Users\Lenovo\AppData\Local\Temp\ccE9MZbZ.s 			page 139


 3921              		.loc 1 1182 3 is_stmt 1 view .LVU1223
 3922 006a C6F88053 		str	r5, [r6, #896]
 3923              	.L284:
1187:Core/Src/vl53l1_api.c **** 	return Status;
 3924              		.loc 1 1187 26 view .LVU1224
1188:Core/Src/vl53l1_api.c **** }
 3925              		.loc 1 1188 2 view .LVU1225
1189:Core/Src/vl53l1_api.c **** 
 3926              		.loc 1 1189 1 is_stmt 0 view .LVU1226
 3927 006e 2046     		mov	r0, r4
 3928 0070 06B0     		add	sp, sp, #24
 3929              	.LCFI64:
 3930              		.cfi_remember_state
 3931              		.cfi_def_cfa_offset 16
 3932              		@ sp needed
 3933 0072 70BD     		pop	{r4, r5, r6, pc}
 3934              	.LVL405:
 3935              	.L294:
 3936              	.LCFI65:
 3937              		.cfi_restore_state
1096:Core/Src/vl53l1_api.c **** 		Status = VL53L1_GetSequenceStepEnable(Dev,
 3938              		.loc 1 1096 2 is_stmt 1 view .LVU1227
1097:Core/Src/vl53l1_api.c **** 			VL53L1_SEQUENCESTEP_MM1, &Mm1Enabled);
 3939              		.loc 1 1097 3 view .LVU1228
1097:Core/Src/vl53l1_api.c **** 			VL53L1_SEQUENCESTEP_MM1, &Mm1Enabled);
 3940              		.loc 1 1097 12 is_stmt 0 view .LVU1229
 3941 0074 0DF11702 		add	r2, sp, #23
 3942 0078 0521     		movs	r1, #5
 3943              	.LVL406:
1097:Core/Src/vl53l1_api.c **** 			VL53L1_SEQUENCESTEP_MM1, &Mm1Enabled);
 3944              		.loc 1 1097 12 view .LVU1230
 3945 007a FFF7FEFF 		bl	VL53L1_GetSequenceStepEnable
 3946              	.LVL407:
1097:Core/Src/vl53l1_api.c **** 			VL53L1_SEQUENCESTEP_MM1, &Mm1Enabled);
 3947              		.loc 1 1097 12 view .LVU1231
 3948 007e 0446     		mov	r4, r0
 3949              	.LVL408:
1097:Core/Src/vl53l1_api.c **** 			VL53L1_SEQUENCESTEP_MM1, &Mm1Enabled);
 3950              		.loc 1 1097 12 view .LVU1232
 3951 0080 CFE7     		b	.L275
 3952              	.L295:
1102:Core/Src/vl53l1_api.c **** 			VL53L1_SEQUENCESTEP_MM2, &Mm2Enabled);
 3953              		.loc 1 1102 3 is_stmt 1 view .LVU1233
1102:Core/Src/vl53l1_api.c **** 			VL53L1_SEQUENCESTEP_MM2, &Mm2Enabled);
 3954              		.loc 1 1102 12 is_stmt 0 view .LVU1234
 3955 0082 0DF11602 		add	r2, sp, #22
 3956 0086 0621     		movs	r1, #6
 3957 0088 3046     		mov	r0, r6
 3958 008a FFF7FEFF 		bl	VL53L1_GetSequenceStepEnable
 3959              	.LVL409:
 3960 008e 0446     		mov	r4, r0
 3961              	.LVL410:
1102:Core/Src/vl53l1_api.c **** 			VL53L1_SEQUENCESTEP_MM2, &Mm2Enabled);
 3962              		.loc 1 1102 12 view .LVU1235
 3963 0090 C8E7     		b	.L276
 3964              	.L296:
1107:Core/Src/vl53l1_api.c **** 			&PhaseCalTimeoutUs,
ARM GAS  C:\Users\Lenovo\AppData\Local\Temp\ccE9MZbZ.s 			page 140


 3965              		.loc 1 1107 3 is_stmt 1 view .LVU1236
1107:Core/Src/vl53l1_api.c **** 			&PhaseCalTimeoutUs,
 3966              		.loc 1 1107 12 is_stmt 0 view .LVU1237
 3967 0092 04AB     		add	r3, sp, #16
 3968 0094 03AA     		add	r2, sp, #12
 3969 0096 02A9     		add	r1, sp, #8
 3970 0098 3046     		mov	r0, r6
 3971 009a FFF7FEFF 		bl	VL53L1_get_timeouts_us
 3972              	.LVL411:
 3973 009e 0446     		mov	r4, r0
 3974              	.LVL412:
1107:Core/Src/vl53l1_api.c **** 			&PhaseCalTimeoutUs,
 3975              		.loc 1 1107 12 view .LVU1238
 3976 00a0 C1E7     		b	.L277
 3977              	.LVL413:
 3978              	.L279:
1120:Core/Src/vl53l1_api.c **** 				TimingGuard = 5000;
 3979              		.loc 1 1120 4 is_stmt 1 view .LVU1239
1120:Core/Src/vl53l1_api.c **** 				TimingGuard = 5000;
 3980              		.loc 1 1120 20 is_stmt 0 view .LVU1240
 3981 00a2 9DF81730 		ldrb	r3, [sp, #23]	@ zero_extendqisi2
 3982              	.LVL414:
1120:Core/Src/vl53l1_api.c **** 				TimingGuard = 5000;
 3983              		.loc 1 1120 7 view .LVU1241
 3984 00a6 012B     		cmp	r3, #1
 3985 00a8 32D0     		beq	.L286
1120:Core/Src/vl53l1_api.c **** 				TimingGuard = 5000;
 3986              		.loc 1 1120 41 discriminator 1 view .LVU1242
 3987 00aa 9DF81630 		ldrb	r3, [sp, #22]	@ zero_extendqisi2
1120:Core/Src/vl53l1_api.c **** 				TimingGuard = 5000;
 3988              		.loc 1 1120 26 discriminator 1 view .LVU1243
 3989 00ae 012B     		cmp	r3, #1
 3990 00b0 04D0     		beq	.L297
1088:Core/Src/vl53l1_api.c **** 
 3991              		.loc 1 1088 11 view .LVU1244
 3992 00b2 2049     		ldr	r1, .L299+4
1117:Core/Src/vl53l1_api.c **** 		switch (PresetMode) {
 3993              		.loc 1 1117 11 view .LVU1245
 3994 00b4 0123     		movs	r3, #1
1123:Core/Src/vl53l1_api.c **** 		break;
 3995              		.loc 1 1123 17 view .LVU1246
 3996 00b6 4FF47A72 		mov	r2, #1000
 3997 00ba C2E7     		b	.L282
 3998              	.L297:
1088:Core/Src/vl53l1_api.c **** 
 3999              		.loc 1 1088 11 view .LVU1247
 4000 00bc 1D49     		ldr	r1, .L299+4
1121:Core/Src/vl53l1_api.c **** 			else
 4001              		.loc 1 1121 17 view .LVU1248
 4002 00be 41F28832 		movw	r2, #5000
 4003 00c2 BEE7     		b	.L282
 4004              	.LVL415:
 4005              	.L281:
1127:Core/Src/vl53l1_api.c **** 			if ((Mm1Enabled == 1) || (Mm2Enabled == 1))
 4006              		.loc 1 1127 4 is_stmt 1 view .LVU1249
1128:Core/Src/vl53l1_api.c **** 				TimingGuard = 26600;
 4007              		.loc 1 1128 4 view .LVU1250
ARM GAS  C:\Users\Lenovo\AppData\Local\Temp\ccE9MZbZ.s 			page 141


1128:Core/Src/vl53l1_api.c **** 				TimingGuard = 26600;
 4008              		.loc 1 1128 20 is_stmt 0 view .LVU1251
 4009 00c4 9DF81730 		ldrb	r3, [sp, #23]	@ zero_extendqisi2
 4010              	.LVL416:
1128:Core/Src/vl53l1_api.c **** 				TimingGuard = 26600;
 4011              		.loc 1 1128 7 view .LVU1252
 4012 00c8 012B     		cmp	r3, #1
 4013 00ca 26D0     		beq	.L288
1128:Core/Src/vl53l1_api.c **** 				TimingGuard = 26600;
 4014              		.loc 1 1128 41 discriminator 1 view .LVU1253
 4015 00cc 9DF81630 		ldrb	r3, [sp, #22]	@ zero_extendqisi2
1128:Core/Src/vl53l1_api.c **** 				TimingGuard = 26600;
 4016              		.loc 1 1128 26 discriminator 1 view .LVU1254
 4017 00d0 012B     		cmp	r3, #1
 4018 00d2 04D0     		beq	.L298
1127:Core/Src/vl53l1_api.c **** 			if ((Mm1Enabled == 1) || (Mm2Enabled == 1))
 4019              		.loc 1 1127 25 view .LVU1255
 4020 00d4 1849     		ldr	r1, .L299+8
1132:Core/Src/vl53l1_api.c **** 		break;
 4021              		.loc 1 1132 12 view .LVU1256
 4022 00d6 0223     		movs	r3, #2
1131:Core/Src/vl53l1_api.c **** 			divisor = 2;
 4023              		.loc 1 1131 17 view .LVU1257
 4024 00d8 45F26042 		movw	r2, #21600
 4025 00dc B1E7     		b	.L282
 4026              	.L298:
1127:Core/Src/vl53l1_api.c **** 			if ((Mm1Enabled == 1) || (Mm2Enabled == 1))
 4027              		.loc 1 1127 25 view .LVU1258
 4028 00de 1649     		ldr	r1, .L299+8
1132:Core/Src/vl53l1_api.c **** 		break;
 4029              		.loc 1 1132 12 view .LVU1259
 4030 00e0 0223     		movs	r3, #2
1129:Core/Src/vl53l1_api.c **** 			else
 4031              		.loc 1 1129 17 view .LVU1260
 4032 00e2 46F2E872 		movw	r2, #26600
 4033 00e6 ACE7     		b	.L282
 4034              	.LVL417:
 4035              	.L280:
1136:Core/Src/vl53l1_api.c **** 			vhv = LOWPOWER_AUTO_VHV_LOOP_DURATION_US;
 4036              		.loc 1 1136 4 is_stmt 1 view .LVU1261
1137:Core/Src/vl53l1_api.c **** 			VL53L1_get_tuning_parm(Dev,
 4037              		.loc 1 1137 4 view .LVU1262
1138:Core/Src/vl53l1_api.c **** 				VL53L1_TUNINGPARM_LOWPOWERAUTO_VHV_LOOP_BOUND,
 4038              		.loc 1 1138 4 view .LVU1263
 4039 00e8 01AA     		add	r2, sp, #4
 4040 00ea 48F23601 		movw	r1, #32822
 4041 00ee 3046     		mov	r0, r6
 4042 00f0 FFF7FEFF 		bl	VL53L1_get_tuning_parm
 4043              	.LVL418:
1141:Core/Src/vl53l1_api.c **** 				vhv += vhv_loops *
 4044              		.loc 1 1141 4 view .LVU1264
1141:Core/Src/vl53l1_api.c **** 				vhv += vhv_loops *
 4045              		.loc 1 1141 18 is_stmt 0 view .LVU1265
 4046 00f4 019A     		ldr	r2, [sp, #4]
1141:Core/Src/vl53l1_api.c **** 				vhv += vhv_loops *
 4047              		.loc 1 1141 7 view .LVU1266
 4048 00f6 002A     		cmp	r2, #0
ARM GAS  C:\Users\Lenovo\AppData\Local\Temp\ccE9MZbZ.s 			page 142


 4049 00f8 08DD     		ble	.L290
1142:Core/Src/vl53l1_api.c **** 					LOWPOWER_AUTO_VHV_LOOP_DURATION_US;
 4050              		.loc 1 1142 5 is_stmt 1 view .LVU1267
1142:Core/Src/vl53l1_api.c **** 					LOWPOWER_AUTO_VHV_LOOP_DURATION_US;
 4051              		.loc 1 1142 22 is_stmt 0 view .LVU1268
 4052 00fa F523     		movs	r3, #245
 4053 00fc 03FB02F2 		mul	r2, r3, r2
1142:Core/Src/vl53l1_api.c **** 					LOWPOWER_AUTO_VHV_LOOP_DURATION_US;
 4054              		.loc 1 1142 9 view .LVU1269
 4055 0100 1A44     		add	r2, r2, r3
 4056              	.LVL419:
 4057              	.L283:
1145:Core/Src/vl53l1_api.c **** 				LOWPOWER_AUTO_OVERHEAD_BETWEEN_A_B_RANGING +
 4058              		.loc 1 1145 4 is_stmt 1 view .LVU1270
1145:Core/Src/vl53l1_api.c **** 				LOWPOWER_AUTO_OVERHEAD_BETWEEN_A_B_RANGING +
 4059              		.loc 1 1145 16 is_stmt 0 view .LVU1271
 4060 0102 02F6DC52 		addw	r2, r2, #3548
 4061              	.LVL420:
1148:Core/Src/vl53l1_api.c **** 		break;
 4062              		.loc 1 1148 4 is_stmt 1 view .LVU1272
1149:Core/Src/vl53l1_api.c **** 
 4063              		.loc 1 1149 3 view .LVU1273
1136:Core/Src/vl53l1_api.c **** 			vhv = LOWPOWER_AUTO_VHV_LOOP_DURATION_US;
 4064              		.loc 1 1136 25 is_stmt 0 view .LVU1274
 4065 0106 0C49     		ldr	r1, .L299+8
1148:Core/Src/vl53l1_api.c **** 		break;
 4066              		.loc 1 1148 12 view .LVU1275
 4067 0108 0223     		movs	r3, #2
1149:Core/Src/vl53l1_api.c **** 
 4068              		.loc 1 1149 3 view .LVU1276
 4069 010a 9AE7     		b	.L282
 4070              	.LVL421:
 4071              	.L290:
1137:Core/Src/vl53l1_api.c **** 			VL53L1_get_tuning_parm(Dev,
 4072              		.loc 1 1137 8 view .LVU1277
 4073 010c F522     		movs	r2, #245
 4074 010e F8E7     		b	.L283
 4075              	.LVL422:
 4076              	.L286:
1088:Core/Src/vl53l1_api.c **** 
 4077              		.loc 1 1088 11 view .LVU1278
 4078 0110 0849     		ldr	r1, .L299+4
1117:Core/Src/vl53l1_api.c **** 		switch (PresetMode) {
 4079              		.loc 1 1117 11 view .LVU1279
 4080 0112 0123     		movs	r3, #1
1121:Core/Src/vl53l1_api.c **** 			else
 4081              		.loc 1 1121 17 view .LVU1280
 4082 0114 41F28832 		movw	r2, #5000
 4083 0118 93E7     		b	.L282
 4084              	.LVL423:
 4085              	.L288:
1127:Core/Src/vl53l1_api.c **** 			if ((Mm1Enabled == 1) || (Mm2Enabled == 1))
 4086              		.loc 1 1127 25 view .LVU1281
 4087 011a 0749     		ldr	r1, .L299+8
1132:Core/Src/vl53l1_api.c **** 		break;
 4088              		.loc 1 1132 12 view .LVU1282
 4089 011c 0223     		movs	r3, #2
ARM GAS  C:\Users\Lenovo\AppData\Local\Temp\ccE9MZbZ.s 			page 143


1129:Core/Src/vl53l1_api.c **** 			else
 4090              		.loc 1 1129 17 view .LVU1283
 4091 011e 46F2E872 		movw	r2, #26600
 4092 0122 8EE7     		b	.L282
 4093              	.LVL424:
 4094              	.L291:
1157:Core/Src/vl53l1_api.c **** 		else {
 4095              		.loc 1 1157 11 view .LVU1284
 4096 0124 6FF00304 		mvn	r4, #3
 4097              	.LVL425:
1157:Core/Src/vl53l1_api.c **** 		else {
 4098              		.loc 1 1157 11 view .LVU1285
 4099 0128 9EE7     		b	.L278
 4100              	.LVL426:
 4101              	.L292:
1165:Core/Src/vl53l1_api.c **** 			else {
 4102              		.loc 1 1165 12 view .LVU1286
 4103 012a 6FF00304 		mvn	r4, #3
 4104              	.LVL427:
1165:Core/Src/vl53l1_api.c **** 			else {
 4105              		.loc 1 1165 12 view .LVU1287
 4106 012e 9BE7     		b	.L278
 4107              	.L300:
 4108              		.align	2
 4109              	.L299:
 4110 0130 80969800 		.word	10000000
 4111 0134 70640800 		.word	550000
 4112 0138 E0C81000 		.word	1100000
 4113              		.cfi_endproc
 4114              	.LFE31:
 4116              		.section	.text.VL53L1_SetPresetMode,"ax",%progbits
 4117              		.align	1
 4118              		.global	VL53L1_SetPresetMode
 4119              		.syntax unified
 4120              		.thumb
 4121              		.thumb_func
 4123              	VL53L1_SetPresetMode:
 4124              	.LVL428:
 4125              	.LFB27:
 946:Core/Src/vl53l1_api.c **** 	VL53L1_Error Status = VL53L1_ERROR_NONE;
 4126              		.loc 1 946 1 is_stmt 1 view -0
 4127              		.cfi_startproc
 4128              		@ args = 0, pretend = 0, frame = 0
 4129              		@ frame_needed = 0, uses_anonymous_args = 0
 946:Core/Src/vl53l1_api.c **** 	VL53L1_Error Status = VL53L1_ERROR_NONE;
 4130              		.loc 1 946 1 is_stmt 0 view .LVU1289
 4131 0000 38B5     		push	{r3, r4, r5, lr}
 4132              	.LCFI66:
 4133              		.cfi_def_cfa_offset 16
 4134              		.cfi_offset 3, -16
 4135              		.cfi_offset 4, -12
 4136              		.cfi_offset 5, -8
 4137              		.cfi_offset 14, -4
 4138 0002 0546     		mov	r5, r0
 4139 0004 0C46     		mov	r4, r1
 947:Core/Src/vl53l1_api.c **** 	VL53L1_DistanceModes DistanceMode = VL53L1_DISTANCEMODE_LONG;
 4140              		.loc 1 947 2 is_stmt 1 view .LVU1290
ARM GAS  C:\Users\Lenovo\AppData\Local\Temp\ccE9MZbZ.s 			page 144


 4141              	.LVL429:
 948:Core/Src/vl53l1_api.c **** 
 4142              		.loc 1 948 2 view .LVU1291
 950:Core/Src/vl53l1_api.c **** 
 4143              		.loc 1 950 43 view .LVU1292
 953:Core/Src/vl53l1_api.c **** 
 4144              		.loc 1 953 2 view .LVU1293
 953:Core/Src/vl53l1_api.c **** 
 4145              		.loc 1 953 11 is_stmt 0 view .LVU1294
 4146 0006 FFF7FEFF 		bl	VL53L1_low_power_auto_data_init
 4147              	.LVL430:
 955:Core/Src/vl53l1_api.c **** 			PresetMode,
 4148              		.loc 1 955 2 is_stmt 1 view .LVU1295
 955:Core/Src/vl53l1_api.c **** 			PresetMode,
 4149              		.loc 1 955 11 is_stmt 0 view .LVU1296
 4150 000a 4FF47A73 		mov	r3, #1000
 4151 000e 0322     		movs	r2, #3
 4152 0010 2146     		mov	r1, r4
 4153 0012 2846     		mov	r0, r5
 4154 0014 FFF7FEFF 		bl	SetPresetMode
 4155              	.LVL431:
 960:Core/Src/vl53l1_api.c **** 		if ((PresetMode == VL53L1_PRESETMODE_LITE_RANGING) ||
 4156              		.loc 1 960 2 is_stmt 1 view .LVU1297
 960:Core/Src/vl53l1_api.c **** 		if ((PresetMode == VL53L1_PRESETMODE_LITE_RANGING) ||
 4157              		.loc 1 960 5 is_stmt 0 view .LVU1298
 4158 0018 50B9     		cbnz	r0, .L302
 961:Core/Src/vl53l1_api.c **** 			(PresetMode == VL53L1_PRESETMODE_AUTONOMOUS) ||
 4159              		.loc 1 961 3 is_stmt 1 view .LVU1299
 961:Core/Src/vl53l1_api.c **** 			(PresetMode == VL53L1_PRESETMODE_AUTONOMOUS) ||
 4160              		.loc 1 961 54 is_stmt 0 view .LVU1300
 4161 001a E31E     		subs	r3, r4, #3
 4162 001c DBB2     		uxtb	r3, r3
 961:Core/Src/vl53l1_api.c **** 			(PresetMode == VL53L1_PRESETMODE_AUTONOMOUS) ||
 4163              		.loc 1 961 6 view .LVU1301
 4164 001e 012B     		cmp	r3, #1
 4165 0020 01D9     		bls	.L303
 962:Core/Src/vl53l1_api.c **** 			(PresetMode == VL53L1_PRESETMODE_LOWPOWER_AUTONOMOUS))
 4166              		.loc 1 962 49 view .LVU1302
 4167 0022 082C     		cmp	r4, #8
 4168 0024 06D1     		bne	.L304
 4169              	.L303:
 964:Core/Src/vl53l1_api.c **** 				Dev, 41000);
 4170              		.loc 1 964 4 is_stmt 1 view .LVU1303
 964:Core/Src/vl53l1_api.c **** 				Dev, 41000);
 4171              		.loc 1 964 13 is_stmt 0 view .LVU1304
 4172 0026 4AF22801 		movw	r1, #41000
 4173 002a 2846     		mov	r0, r5
 4174 002c FFF7FEFF 		bl	VL53L1_SetMeasurementTimingBudgetMicroSeconds
 4175              	.LVL432:
 4176              	.L302:
 972:Core/Src/vl53l1_api.c **** 		/* Set default intermeasurement period to 1000 ms */
 4177              		.loc 1 972 2 is_stmt 1 view .LVU1305
 972:Core/Src/vl53l1_api.c **** 		/* Set default intermeasurement period to 1000 ms */
 4178              		.loc 1 972 5 is_stmt 0 view .LVU1306
 4179 0030 30B1     		cbz	r0, .L307
 4180              	.L305:
 978:Core/Src/vl53l1_api.c **** 	return Status;
ARM GAS  C:\Users\Lenovo\AppData\Local\Temp\ccE9MZbZ.s 			page 145


 4181              		.loc 1 978 26 is_stmt 1 view .LVU1307
 979:Core/Src/vl53l1_api.c **** }
 4182              		.loc 1 979 2 view .LVU1308
 980:Core/Src/vl53l1_api.c **** 
 4183              		.loc 1 980 1 is_stmt 0 view .LVU1309
 4184 0032 38BD     		pop	{r3, r4, r5, pc}
 4185              	.LVL433:
 4186              	.L304:
 968:Core/Src/vl53l1_api.c **** 				Dev, 33333);
 4187              		.loc 1 968 4 is_stmt 1 view .LVU1310
 968:Core/Src/vl53l1_api.c **** 				Dev, 33333);
 4188              		.loc 1 968 13 is_stmt 0 view .LVU1311
 4189 0034 48F23521 		movw	r1, #33333
 4190 0038 2846     		mov	r0, r5
 4191 003a FFF7FEFF 		bl	VL53L1_SetMeasurementTimingBudgetMicroSeconds
 4192              	.LVL434:
 968:Core/Src/vl53l1_api.c **** 				Dev, 33333);
 4193              		.loc 1 968 13 view .LVU1312
 4194 003e F7E7     		b	.L302
 4195              	.L307:
 974:Core/Src/vl53l1_api.c **** 				1000);
 4196              		.loc 1 974 3 is_stmt 1 view .LVU1313
 974:Core/Src/vl53l1_api.c **** 				1000);
 4197              		.loc 1 974 12 is_stmt 0 view .LVU1314
 4198 0040 4FF47A71 		mov	r1, #1000
 4199 0044 2846     		mov	r0, r5
 4200              	.LVL435:
 974:Core/Src/vl53l1_api.c **** 				1000);
 4201              		.loc 1 974 12 view .LVU1315
 4202 0046 FFF7FEFF 		bl	VL53L1_SetInterMeasurementPeriodMilliSeconds
 4203              	.LVL436:
 974:Core/Src/vl53l1_api.c **** 				1000);
 4204              		.loc 1 974 12 view .LVU1316
 4205 004a F2E7     		b	.L305
 4206              		.cfi_endproc
 4207              	.LFE27:
 4209              		.section	.text.VL53L1_StaticInit,"ax",%progbits
 4210              		.align	1
 4211              		.global	VL53L1_StaticInit
 4212              		.syntax unified
 4213              		.thumb
 4214              		.thumb_func
 4216              	VL53L1_StaticInit:
 4217              	.LVL437:
 4218              	.LFB21:
 767:Core/Src/vl53l1_api.c **** 	VL53L1_Error Status = VL53L1_ERROR_NONE;
 4219              		.loc 1 767 1 is_stmt 1 view -0
 4220              		.cfi_startproc
 4221              		@ args = 0, pretend = 0, frame = 0
 4222              		@ frame_needed = 0, uses_anonymous_args = 0
 767:Core/Src/vl53l1_api.c **** 	VL53L1_Error Status = VL53L1_ERROR_NONE;
 4223              		.loc 1 767 1 is_stmt 0 view .LVU1318
 4224 0000 10B5     		push	{r4, lr}
 4225              	.LCFI67:
 4226              		.cfi_def_cfa_offset 8
 4227              		.cfi_offset 4, -8
 4228              		.cfi_offset 14, -4
ARM GAS  C:\Users\Lenovo\AppData\Local\Temp\ccE9MZbZ.s 			page 146


 4229 0002 0446     		mov	r4, r0
 768:Core/Src/vl53l1_api.c **** 	uint8_t  measurement_mode;
 4230              		.loc 1 768 2 is_stmt 1 view .LVU1319
 4231              	.LVL438:
 769:Core/Src/vl53l1_api.c **** 
 4232              		.loc 1 769 2 view .LVU1320
 771:Core/Src/vl53l1_api.c **** 
 4233              		.loc 1 771 24 view .LVU1321
 773:Core/Src/vl53l1_api.c **** 
 4234              		.loc 1 773 2 view .LVU1322
 4235 0004 0323     		movs	r3, #3
 4236 0006 80F87833 		strb	r3, [r0, #888]
 775:Core/Src/vl53l1_api.c **** 	VL53L1DevDataSet(Dev, LLData.measurement_mode, measurement_mode);
 4237              		.loc 1 775 2 view .LVU1323
 4238              	.LVL439:
 776:Core/Src/vl53l1_api.c **** 
 4239              		.loc 1 776 2 view .LVU1324
 4240 000a 2023     		movs	r3, #32
 4241 000c 8370     		strb	r3, [r0, #2]
 779:Core/Src/vl53l1_api.c **** 			VL53L1_PRESETMODE_LOWPOWER_AUTONOMOUS);
 4242              		.loc 1 779 2 view .LVU1325
 779:Core/Src/vl53l1_api.c **** 			VL53L1_PRESETMODE_LOWPOWER_AUTONOMOUS);
 4243              		.loc 1 779 11 is_stmt 0 view .LVU1326
 4244 000e 0821     		movs	r1, #8
 4245 0010 FFF7FEFF 		bl	VL53L1_SetPresetMode
 4246              	.LVL440:
 781:Core/Src/vl53l1_api.c **** 			VL53L1_PRESETMODE_LOWPOWER_AUTONOMOUS);
 4247              		.loc 1 781 2 is_stmt 1 view .LVU1327
 4248 0014 0823     		movs	r3, #8
 4249 0016 84F87C33 		strb	r3, [r4, #892]
 785:Core/Src/vl53l1_api.c **** 	return Status;
 4250              		.loc 1 785 26 view .LVU1328
 786:Core/Src/vl53l1_api.c **** }
 4251              		.loc 1 786 2 view .LVU1329
 787:Core/Src/vl53l1_api.c **** 
 4252              		.loc 1 787 1 is_stmt 0 view .LVU1330
 4253 001a 10BD     		pop	{r4, pc}
 787:Core/Src/vl53l1_api.c **** 
 4254              		.loc 1 787 1 view .LVU1331
 4255              		.cfi_endproc
 4256              	.LFE21:
 4258              		.section	.text.VL53L1_SetSequenceStepEnable,"ax",%progbits
 4259              		.align	1
 4260              		.global	VL53L1_SetSequenceStepEnable
 4261              		.syntax unified
 4262              		.thumb
 4263              		.thumb_func
 4265              	VL53L1_SetSequenceStepEnable:
 4266              	.LVL441:
 4267              	.LFB48:
1637:Core/Src/vl53l1_api.c **** 	VL53L1_Error Status = VL53L1_ERROR_NONE;
 4268              		.loc 1 1637 1 is_stmt 1 view -0
 4269              		.cfi_startproc
 4270              		@ args = 0, pretend = 0, frame = 0
 4271              		@ frame_needed = 0, uses_anonymous_args = 0
1637:Core/Src/vl53l1_api.c **** 	VL53L1_Error Status = VL53L1_ERROR_NONE;
 4272              		.loc 1 1637 1 is_stmt 0 view .LVU1333
ARM GAS  C:\Users\Lenovo\AppData\Local\Temp\ccE9MZbZ.s 			page 147


 4273 0000 38B5     		push	{r3, r4, r5, lr}
 4274              	.LCFI68:
 4275              		.cfi_def_cfa_offset 16
 4276              		.cfi_offset 3, -16
 4277              		.cfi_offset 4, -12
 4278              		.cfi_offset 5, -8
 4279              		.cfi_offset 14, -4
 4280 0002 0446     		mov	r4, r0
1638:Core/Src/vl53l1_api.c **** 	uint32_t MeasurementTimingBudgetMicroSeconds;
 4281              		.loc 1 1638 2 is_stmt 1 view .LVU1334
 4282              	.LVL442:
1639:Core/Src/vl53l1_api.c **** 
 4283              		.loc 1 1639 2 view .LVU1335
1641:Core/Src/vl53l1_api.c **** 
 4284              		.loc 1 1641 24 view .LVU1336
1647:Core/Src/vl53l1_api.c **** 		(VL53L1_DeviceSequenceConfig)SequenceStepId,
 4285              		.loc 1 1647 2 view .LVU1337
1647:Core/Src/vl53l1_api.c **** 		(VL53L1_DeviceSequenceConfig)SequenceStepId,
 4286              		.loc 1 1647 11 is_stmt 0 view .LVU1338
 4287 0004 FFF7FEFF 		bl	VL53L1_set_sequence_config_bit
 4288              	.LVL443:
1652:Core/Src/vl53l1_api.c **** 
 4289              		.loc 1 1652 2 is_stmt 1 view .LVU1339
1652:Core/Src/vl53l1_api.c **** 
 4290              		.loc 1 1652 5 is_stmt 0 view .LVU1340
 4291 0008 0546     		mov	r5, r0
 4292 000a 08B1     		cbz	r0, .L313
 4293              	.LVL444:
 4294              	.L311:
1662:Core/Src/vl53l1_api.c **** 
 4295              		.loc 1 1662 26 is_stmt 1 view .LVU1341
1664:Core/Src/vl53l1_api.c **** }
 4296              		.loc 1 1664 2 view .LVU1342
1665:Core/Src/vl53l1_api.c **** 
 4297              		.loc 1 1665 1 is_stmt 0 view .LVU1343
 4298 000c 2846     		mov	r0, r5
 4299 000e 38BD     		pop	{r3, r4, r5, pc}
 4300              	.LVL445:
 4301              	.L313:
1655:Core/Src/vl53l1_api.c **** 			CurrentParameters.MeasurementTimingBudgetMicroSeconds);
 4302              		.loc 1 1655 3 is_stmt 1 view .LVU1344
1658:Core/Src/vl53l1_api.c **** 			MeasurementTimingBudgetMicroSeconds);
 4303              		.loc 1 1658 3 view .LVU1345
 4304 0010 D4F88013 		ldr	r1, [r4, #896]
 4305 0014 2046     		mov	r0, r4
 4306              	.LVL446:
1658:Core/Src/vl53l1_api.c **** 			MeasurementTimingBudgetMicroSeconds);
 4307              		.loc 1 1658 3 is_stmt 0 view .LVU1346
 4308 0016 FFF7FEFF 		bl	VL53L1_SetMeasurementTimingBudgetMicroSeconds
 4309              	.LVL447:
1658:Core/Src/vl53l1_api.c **** 			MeasurementTimingBudgetMicroSeconds);
 4310              		.loc 1 1658 3 view .LVU1347
 4311 001a F7E7     		b	.L311
 4312              		.cfi_endproc
 4313              	.LFE48:
 4315              		.section	.text.VL53L1_GetMeasurementTimingBudgetMicroSeconds,"ax",%progbits
 4316              		.align	1
ARM GAS  C:\Users\Lenovo\AppData\Local\Temp\ccE9MZbZ.s 			page 148


 4317              		.global	VL53L1_GetMeasurementTimingBudgetMicroSeconds
 4318              		.syntax unified
 4319              		.thumb
 4320              		.thumb_func
 4322              	VL53L1_GetMeasurementTimingBudgetMicroSeconds:
 4323              	.LVL448:
 4324              	.LFB32:
1194:Core/Src/vl53l1_api.c **** 	VL53L1_Error Status = VL53L1_ERROR_NONE;
 4325              		.loc 1 1194 1 is_stmt 1 view -0
 4326              		.cfi_startproc
 4327              		@ args = 0, pretend = 0, frame = 24
 4328              		@ frame_needed = 0, uses_anonymous_args = 0
1194:Core/Src/vl53l1_api.c **** 	VL53L1_Error Status = VL53L1_ERROR_NONE;
 4329              		.loc 1 1194 1 is_stmt 0 view .LVU1349
 4330 0000 70B5     		push	{r4, r5, r6, lr}
 4331              	.LCFI69:
 4332              		.cfi_def_cfa_offset 16
 4333              		.cfi_offset 4, -16
 4334              		.cfi_offset 5, -12
 4335              		.cfi_offset 6, -8
 4336              		.cfi_offset 14, -4
 4337 0002 86B0     		sub	sp, sp, #24
 4338              	.LCFI70:
 4339              		.cfi_def_cfa_offset 40
 4340 0004 0646     		mov	r6, r0
 4341 0006 0D46     		mov	r5, r1
1195:Core/Src/vl53l1_api.c **** 	uint8_t Mm1Enabled = 0;
 4342              		.loc 1 1195 2 is_stmt 1 view .LVU1350
 4343              	.LVL449:
1196:Core/Src/vl53l1_api.c **** 	uint8_t Mm2Enabled = 0;
 4344              		.loc 1 1196 2 view .LVU1351
1196:Core/Src/vl53l1_api.c **** 	uint8_t Mm2Enabled = 0;
 4345              		.loc 1 1196 10 is_stmt 0 view .LVU1352
 4346 0008 0023     		movs	r3, #0
 4347 000a 8DF81730 		strb	r3, [sp, #23]
1197:Core/Src/vl53l1_api.c **** 	uint32_t  MmTimeoutUs = 0;
 4348              		.loc 1 1197 2 is_stmt 1 view .LVU1353
1197:Core/Src/vl53l1_api.c **** 	uint32_t  MmTimeoutUs = 0;
 4349              		.loc 1 1197 10 is_stmt 0 view .LVU1354
 4350 000e 8DF81630 		strb	r3, [sp, #22]
1198:Core/Src/vl53l1_api.c **** 	uint32_t  RangeTimeoutUs = 0;
 4351              		.loc 1 1198 2 is_stmt 1 view .LVU1355
1198:Core/Src/vl53l1_api.c **** 	uint32_t  RangeTimeoutUs = 0;
 4352              		.loc 1 1198 12 is_stmt 0 view .LVU1356
 4353 0012 0493     		str	r3, [sp, #16]
1199:Core/Src/vl53l1_api.c **** 	uint32_t  MeasTimingBdg = 0;
 4354              		.loc 1 1199 2 is_stmt 1 view .LVU1357
1199:Core/Src/vl53l1_api.c **** 	uint32_t  MeasTimingBdg = 0;
 4355              		.loc 1 1199 12 is_stmt 0 view .LVU1358
 4356 0014 0393     		str	r3, [sp, #12]
1200:Core/Src/vl53l1_api.c **** 	uint32_t PhaseCalTimeoutUs = 0;
 4357              		.loc 1 1200 2 is_stmt 1 view .LVU1359
 4358              	.LVL450:
1201:Core/Src/vl53l1_api.c **** 	VL53L1_PresetModes PresetMode;
 4359              		.loc 1 1201 2 view .LVU1360
1201:Core/Src/vl53l1_api.c **** 	VL53L1_PresetModes PresetMode;
 4360              		.loc 1 1201 11 is_stmt 0 view .LVU1361
ARM GAS  C:\Users\Lenovo\AppData\Local\Temp\ccE9MZbZ.s 			page 149


 4361 0016 0293     		str	r3, [sp, #8]
1202:Core/Src/vl53l1_api.c **** 	uint32_t TimingGuard;
 4362              		.loc 1 1202 2 is_stmt 1 view .LVU1362
1203:Core/Src/vl53l1_api.c **** 	uint32_t vhv;
 4363              		.loc 1 1203 2 view .LVU1363
1204:Core/Src/vl53l1_api.c **** 	int32_t vhv_loops;
 4364              		.loc 1 1204 2 view .LVU1364
1205:Core/Src/vl53l1_api.c **** 
 4365              		.loc 1 1205 2 view .LVU1365
1207:Core/Src/vl53l1_api.c **** 
 4366              		.loc 1 1207 24 view .LVU1366
1209:Core/Src/vl53l1_api.c **** 
 4367              		.loc 1 1209 2 view .LVU1367
1209:Core/Src/vl53l1_api.c **** 
 4368              		.loc 1 1209 40 is_stmt 0 view .LVU1368
 4369 0018 0B60     		str	r3, [r1]
1211:Core/Src/vl53l1_api.c **** 		Status = VL53L1_GetSequenceStepEnable(Dev,
 4370              		.loc 1 1211 2 is_stmt 1 view .LVU1369
1212:Core/Src/vl53l1_api.c **** 			VL53L1_SEQUENCESTEP_MM1, &Mm1Enabled);
 4371              		.loc 1 1212 3 view .LVU1370
1212:Core/Src/vl53l1_api.c **** 			VL53L1_SEQUENCESTEP_MM1, &Mm1Enabled);
 4372              		.loc 1 1212 12 is_stmt 0 view .LVU1371
 4373 001a 0DF11702 		add	r2, sp, #23
 4374 001e 0521     		movs	r1, #5
 4375              	.LVL451:
1212:Core/Src/vl53l1_api.c **** 			VL53L1_SEQUENCESTEP_MM1, &Mm1Enabled);
 4376              		.loc 1 1212 12 view .LVU1372
 4377 0020 FFF7FEFF 		bl	VL53L1_GetSequenceStepEnable
 4378              	.LVL452:
1215:Core/Src/vl53l1_api.c **** 		Status = VL53L1_GetSequenceStepEnable(Dev,
 4379              		.loc 1 1215 2 is_stmt 1 view .LVU1373
1215:Core/Src/vl53l1_api.c **** 		Status = VL53L1_GetSequenceStepEnable(Dev,
 4380              		.loc 1 1215 5 is_stmt 0 view .LVU1374
 4381 0024 0446     		mov	r4, r0
 4382 0026 68B1     		cbz	r0, .L330
 4383              	.LVL453:
 4384              	.L315:
1219:Core/Src/vl53l1_api.c **** 		Status = VL53L1_get_timeouts_us(Dev,
 4385              		.loc 1 1219 2 is_stmt 1 view .LVU1375
1219:Core/Src/vl53l1_api.c **** 		Status = VL53L1_get_timeouts_us(Dev,
 4386              		.loc 1 1219 5 is_stmt 0 view .LVU1376
 4387 0028 A4B1     		cbz	r4, .L331
 4388              	.L316:
1225:Core/Src/vl53l1_api.c **** 		PresetMode = VL53L1DevDataGet(Dev,
 4389              		.loc 1 1225 2 is_stmt 1 view .LVU1377
1225:Core/Src/vl53l1_api.c **** 		PresetMode = VL53L1DevDataGet(Dev,
 4390              		.loc 1 1225 5 is_stmt 0 view .LVU1378
 4391 002a 002C     		cmp	r4, #0
 4392 002c 54D1     		bne	.L327
1226:Core/Src/vl53l1_api.c **** 				CurrentParameters.PresetMode);
 4393              		.loc 1 1226 3 is_stmt 1 view .LVU1379
1226:Core/Src/vl53l1_api.c **** 				CurrentParameters.PresetMode);
 4394              		.loc 1 1226 14 is_stmt 0 view .LVU1380
 4395 002e 96F87C33 		ldrb	r3, [r6, #892]	@ zero_extendqisi2
 4396              	.LVL454:
1229:Core/Src/vl53l1_api.c **** 		case VL53L1_PRESETMODE_LITE_RANGING:
 4397              		.loc 1 1229 3 is_stmt 1 view .LVU1381
ARM GAS  C:\Users\Lenovo\AppData\Local\Temp\ccE9MZbZ.s 			page 150


 4398 0032 042B     		cmp	r3, #4
 4399 0034 16D0     		beq	.L318
 4400 0036 082B     		cmp	r3, #8
 4401 0038 39D0     		beq	.L319
 4402 003a 032B     		cmp	r3, #3
 4403 003c 23D0     		beq	.L320
 4404 003e 6FF00704 		mvn	r4, #7
 4405              	.LVL455:
1229:Core/Src/vl53l1_api.c **** 		case VL53L1_PRESETMODE_LITE_RANGING:
 4406              		.loc 1 1229 3 is_stmt 0 view .LVU1382
 4407 0042 4CE0     		b	.L321
 4408              	.LVL456:
 4409              	.L330:
1216:Core/Src/vl53l1_api.c **** 			VL53L1_SEQUENCESTEP_MM2, &Mm2Enabled);
 4410              		.loc 1 1216 3 is_stmt 1 view .LVU1383
1216:Core/Src/vl53l1_api.c **** 			VL53L1_SEQUENCESTEP_MM2, &Mm2Enabled);
 4411              		.loc 1 1216 12 is_stmt 0 view .LVU1384
 4412 0044 0DF11602 		add	r2, sp, #22
 4413 0048 0621     		movs	r1, #6
 4414 004a 3046     		mov	r0, r6
 4415              	.LVL457:
1216:Core/Src/vl53l1_api.c **** 			VL53L1_SEQUENCESTEP_MM2, &Mm2Enabled);
 4416              		.loc 1 1216 12 view .LVU1385
 4417 004c FFF7FEFF 		bl	VL53L1_GetSequenceStepEnable
 4418              	.LVL458:
 4419 0050 0446     		mov	r4, r0
 4420              	.LVL459:
1216:Core/Src/vl53l1_api.c **** 			VL53L1_SEQUENCESTEP_MM2, &Mm2Enabled);
 4421              		.loc 1 1216 12 view .LVU1386
 4422 0052 E9E7     		b	.L315
 4423              	.L331:
1220:Core/Src/vl53l1_api.c **** 			&PhaseCalTimeoutUs,
 4424              		.loc 1 1220 3 is_stmt 1 view .LVU1387
1220:Core/Src/vl53l1_api.c **** 			&PhaseCalTimeoutUs,
 4425              		.loc 1 1220 12 is_stmt 0 view .LVU1388
 4426 0054 03AB     		add	r3, sp, #12
 4427 0056 04AA     		add	r2, sp, #16
 4428 0058 02A9     		add	r1, sp, #8
 4429 005a 3046     		mov	r0, r6
 4430 005c FFF7FEFF 		bl	VL53L1_get_timeouts_us
 4431              	.LVL460:
 4432 0060 0446     		mov	r4, r0
 4433              	.LVL461:
1220:Core/Src/vl53l1_api.c **** 			&PhaseCalTimeoutUs,
 4434              		.loc 1 1220 12 view .LVU1389
 4435 0062 E2E7     		b	.L316
 4436              	.LVL462:
 4437              	.L318:
1231:Core/Src/vl53l1_api.c **** 				MeasTimingBdg = RangeTimeoutUs + 5000;
 4438              		.loc 1 1231 4 is_stmt 1 view .LVU1390
1231:Core/Src/vl53l1_api.c **** 				MeasTimingBdg = RangeTimeoutUs + 5000;
 4439              		.loc 1 1231 20 is_stmt 0 view .LVU1391
 4440 0064 9DF81730 		ldrb	r3, [sp, #23]	@ zero_extendqisi2
 4441              	.LVL463:
1231:Core/Src/vl53l1_api.c **** 				MeasTimingBdg = RangeTimeoutUs + 5000;
 4442              		.loc 1 1231 7 view .LVU1392
 4443 0068 012B     		cmp	r3, #1
ARM GAS  C:\Users\Lenovo\AppData\Local\Temp\ccE9MZbZ.s 			page 151


 4444 006a 07D0     		beq	.L322
1231:Core/Src/vl53l1_api.c **** 				MeasTimingBdg = RangeTimeoutUs + 5000;
 4445              		.loc 1 1231 41 discriminator 1 view .LVU1393
 4446 006c 9DF81630 		ldrb	r3, [sp, #22]	@ zero_extendqisi2
1231:Core/Src/vl53l1_api.c **** 				MeasTimingBdg = RangeTimeoutUs + 5000;
 4447              		.loc 1 1231 26 discriminator 1 view .LVU1394
 4448 0070 012B     		cmp	r3, #1
 4449 0072 03D0     		beq	.L322
1234:Core/Src/vl53l1_api.c **** 
 4450              		.loc 1 1234 5 is_stmt 1 view .LVU1395
1234:Core/Src/vl53l1_api.c **** 
 4451              		.loc 1 1234 36 is_stmt 0 view .LVU1396
 4452 0074 039B     		ldr	r3, [sp, #12]
1234:Core/Src/vl53l1_api.c **** 
 4453              		.loc 1 1234 19 view .LVU1397
 4454 0076 03F57A73 		add	r3, r3, #1000
 4455              	.LVL464:
1234:Core/Src/vl53l1_api.c **** 
 4456              		.loc 1 1234 19 view .LVU1398
 4457 007a 2EE0     		b	.L317
 4458              	.LVL465:
 4459              	.L322:
1232:Core/Src/vl53l1_api.c **** 			else
 4460              		.loc 1 1232 5 is_stmt 1 view .LVU1399
1232:Core/Src/vl53l1_api.c **** 			else
 4461              		.loc 1 1232 19 is_stmt 0 view .LVU1400
 4462 007c 039B     		ldr	r3, [sp, #12]
 4463 007e 03F59C53 		add	r3, r3, #4992
 4464 0082 0833     		adds	r3, r3, #8
 4465              	.LVL466:
1232:Core/Src/vl53l1_api.c **** 			else
 4466              		.loc 1 1232 19 view .LVU1401
 4467 0084 29E0     		b	.L317
 4468              	.LVL467:
 4469              	.L320:
1239:Core/Src/vl53l1_api.c **** 				MeasTimingBdg = 2 * RangeTimeoutUs + 26600;
 4470              		.loc 1 1239 4 is_stmt 1 view .LVU1402
1239:Core/Src/vl53l1_api.c **** 				MeasTimingBdg = 2 * RangeTimeoutUs + 26600;
 4471              		.loc 1 1239 20 is_stmt 0 view .LVU1403
 4472 0086 9DF81730 		ldrb	r3, [sp, #23]	@ zero_extendqisi2
 4473              	.LVL468:
1239:Core/Src/vl53l1_api.c **** 				MeasTimingBdg = 2 * RangeTimeoutUs + 26600;
 4474              		.loc 1 1239 7 view .LVU1404
 4475 008a 012B     		cmp	r3, #1
 4476 008c 09D0     		beq	.L324
1239:Core/Src/vl53l1_api.c **** 				MeasTimingBdg = 2 * RangeTimeoutUs + 26600;
 4477              		.loc 1 1239 41 discriminator 1 view .LVU1405
 4478 008e 9DF81630 		ldrb	r3, [sp, #22]	@ zero_extendqisi2
1239:Core/Src/vl53l1_api.c **** 				MeasTimingBdg = 2 * RangeTimeoutUs + 26600;
 4479              		.loc 1 1239 26 discriminator 1 view .LVU1406
 4480 0092 012B     		cmp	r3, #1
 4481 0094 05D0     		beq	.L324
1242:Core/Src/vl53l1_api.c **** 
 4482              		.loc 1 1242 5 is_stmt 1 view .LVU1407
1242:Core/Src/vl53l1_api.c **** 
 4483              		.loc 1 1242 40 is_stmt 0 view .LVU1408
 4484 0096 039B     		ldr	r3, [sp, #12]
ARM GAS  C:\Users\Lenovo\AppData\Local\Temp\ccE9MZbZ.s 			page 152


 4485 0098 03F52853 		add	r3, r3, #10752
 4486 009c 3033     		adds	r3, r3, #48
1242:Core/Src/vl53l1_api.c **** 
 4487              		.loc 1 1242 19 view .LVU1409
 4488 009e 5B00     		lsls	r3, r3, #1
 4489              	.LVL469:
1242:Core/Src/vl53l1_api.c **** 
 4490              		.loc 1 1242 19 view .LVU1410
 4491 00a0 1BE0     		b	.L317
 4492              	.LVL470:
 4493              	.L324:
1240:Core/Src/vl53l1_api.c **** 			else
 4494              		.loc 1 1240 5 is_stmt 1 view .LVU1411
1240:Core/Src/vl53l1_api.c **** 			else
 4495              		.loc 1 1240 40 is_stmt 0 view .LVU1412
 4496 00a2 039B     		ldr	r3, [sp, #12]
 4497 00a4 03F54F53 		add	r3, r3, #13248
 4498 00a8 3433     		adds	r3, r3, #52
1240:Core/Src/vl53l1_api.c **** 			else
 4499              		.loc 1 1240 19 view .LVU1413
 4500 00aa 5B00     		lsls	r3, r3, #1
 4501              	.LVL471:
1240:Core/Src/vl53l1_api.c **** 			else
 4502              		.loc 1 1240 19 view .LVU1414
 4503 00ac 15E0     		b	.L317
 4504              	.LVL472:
 4505              	.L319:
1247:Core/Src/vl53l1_api.c **** 			VL53L1_get_tuning_parm(Dev,
 4506              		.loc 1 1247 4 is_stmt 1 view .LVU1415
1248:Core/Src/vl53l1_api.c **** 				VL53L1_TUNINGPARM_LOWPOWERAUTO_VHV_LOOP_BOUND,
 4507              		.loc 1 1248 4 view .LVU1416
 4508 00ae 01AA     		add	r2, sp, #4
 4509 00b0 48F23601 		movw	r1, #32822
 4510 00b4 3046     		mov	r0, r6
 4511 00b6 FFF7FEFF 		bl	VL53L1_get_tuning_parm
 4512              	.LVL473:
1251:Core/Src/vl53l1_api.c **** 				vhv += vhv_loops *
 4513              		.loc 1 1251 4 view .LVU1417
1251:Core/Src/vl53l1_api.c **** 				vhv += vhv_loops *
 4514              		.loc 1 1251 18 is_stmt 0 view .LVU1418
 4515 00ba 019B     		ldr	r3, [sp, #4]
1251:Core/Src/vl53l1_api.c **** 				vhv += vhv_loops *
 4516              		.loc 1 1251 7 view .LVU1419
 4517 00bc 002B     		cmp	r3, #0
 4518 00be 09DD     		ble	.L328
1252:Core/Src/vl53l1_api.c **** 					LOWPOWER_AUTO_VHV_LOOP_DURATION_US;
 4519              		.loc 1 1252 5 is_stmt 1 view .LVU1420
1252:Core/Src/vl53l1_api.c **** 					LOWPOWER_AUTO_VHV_LOOP_DURATION_US;
 4520              		.loc 1 1252 22 is_stmt 0 view .LVU1421
 4521 00c0 F522     		movs	r2, #245
 4522 00c2 02FB03F3 		mul	r3, r2, r3
1252:Core/Src/vl53l1_api.c **** 					LOWPOWER_AUTO_VHV_LOOP_DURATION_US;
 4523              		.loc 1 1252 9 view .LVU1422
 4524 00c6 1344     		add	r3, r3, r2
 4525              	.LVL474:
 4526              	.L326:
1255:Core/Src/vl53l1_api.c **** 				LOWPOWER_AUTO_OVERHEAD_BETWEEN_A_B_RANGING +
ARM GAS  C:\Users\Lenovo\AppData\Local\Temp\ccE9MZbZ.s 			page 153


 4527              		.loc 1 1255 4 is_stmt 1 view .LVU1423
1255:Core/Src/vl53l1_api.c **** 				LOWPOWER_AUTO_OVERHEAD_BETWEEN_A_B_RANGING +
 4528              		.loc 1 1255 16 is_stmt 0 view .LVU1424
 4529 00c8 03F6DC53 		addw	r3, r3, #3548
 4530              	.LVL475:
1258:Core/Src/vl53l1_api.c **** 		break;
 4531              		.loc 1 1258 4 is_stmt 1 view .LVU1425
1258:Core/Src/vl53l1_api.c **** 		break;
 4532              		.loc 1 1258 18 is_stmt 0 view .LVU1426
 4533 00cc 039A     		ldr	r2, [sp, #12]
 4534 00ce 03EB4203 		add	r3, r3, r2, lsl #1
 4535              	.LVL476:
1259:Core/Src/vl53l1_api.c **** 
 4536              		.loc 1 1259 3 is_stmt 1 view .LVU1427
 4537 00d2 02E0     		b	.L317
 4538              	.LVL477:
 4539              	.L328:
1247:Core/Src/vl53l1_api.c **** 			VL53L1_get_tuning_parm(Dev,
 4540              		.loc 1 1247 8 is_stmt 0 view .LVU1428
 4541 00d4 F523     		movs	r3, #245
 4542 00d6 F7E7     		b	.L326
 4543              	.LVL478:
 4544              	.L327:
1200:Core/Src/vl53l1_api.c **** 	uint32_t PhaseCalTimeoutUs = 0;
 4545              		.loc 1 1200 12 view .LVU1429
 4546 00d8 0023     		movs	r3, #0
 4547              	.LVL479:
 4548              	.L317:
1266:Core/Src/vl53l1_api.c **** 		*pMeasurementTimingBudgetMicroSeconds = MeasTimingBdg;
 4549              		.loc 1 1266 2 is_stmt 1 view .LVU1430
1266:Core/Src/vl53l1_api.c **** 		*pMeasurementTimingBudgetMicroSeconds = MeasTimingBdg;
 4550              		.loc 1 1266 5 is_stmt 0 view .LVU1431
 4551 00da 04B9     		cbnz	r4, .L321
1267:Core/Src/vl53l1_api.c **** 
 4552              		.loc 1 1267 3 is_stmt 1 view .LVU1432
1267:Core/Src/vl53l1_api.c **** 
 4553              		.loc 1 1267 41 is_stmt 0 view .LVU1433
 4554 00dc 2B60     		str	r3, [r5]
 4555              	.LVL480:
 4556              	.L321:
1269:Core/Src/vl53l1_api.c **** 	return Status;
 4557              		.loc 1 1269 26 is_stmt 1 view .LVU1434
1270:Core/Src/vl53l1_api.c **** }
 4558              		.loc 1 1270 2 view .LVU1435
1271:Core/Src/vl53l1_api.c **** 
 4559              		.loc 1 1271 1 is_stmt 0 view .LVU1436
 4560 00de 2046     		mov	r0, r4
 4561 00e0 06B0     		add	sp, sp, #24
 4562              	.LCFI71:
 4563              		.cfi_def_cfa_offset 16
 4564              		@ sp needed
 4565 00e2 70BD     		pop	{r4, r5, r6, pc}
1271:Core/Src/vl53l1_api.c **** 
 4566              		.loc 1 1271 1 view .LVU1437
 4567              		.cfi_endproc
 4568              	.LFE32:
 4570              		.section	.text.VL53L1_StartMeasurement,"ax",%progbits
ARM GAS  C:\Users\Lenovo\AppData\Local\Temp\ccE9MZbZ.s 			page 154


 4571              		.align	1
 4572              		.global	VL53L1_StartMeasurement
 4573              		.syntax unified
 4574              		.thumb
 4575              		.thumb_func
 4577              	VL53L1_StartMeasurement:
 4578              	.LVL481:
 4579              	.LFB50:
1693:Core/Src/vl53l1_api.c **** #define TIMED_MODE_TIMING_GUARD_MILLISECONDS 4
 4580              		.loc 1 1693 1 is_stmt 1 view -0
 4581              		.cfi_startproc
 4582              		@ args = 0, pretend = 0, frame = 8
 4583              		@ frame_needed = 0, uses_anonymous_args = 0
1693:Core/Src/vl53l1_api.c **** #define TIMED_MODE_TIMING_GUARD_MILLISECONDS 4
 4584              		.loc 1 1693 1 is_stmt 0 view .LVU1439
 4585 0000 30B5     		push	{r4, r5, lr}
 4586              	.LCFI72:
 4587              		.cfi_def_cfa_offset 12
 4588              		.cfi_offset 4, -12
 4589              		.cfi_offset 5, -8
 4590              		.cfi_offset 14, -4
 4591 0002 83B0     		sub	sp, sp, #12
 4592              	.LCFI73:
 4593              		.cfi_def_cfa_offset 24
 4594 0004 0446     		mov	r4, r0
1695:Core/Src/vl53l1_api.c **** 	uint8_t DeviceMeasurementMode;
 4595              		.loc 1 1695 2 is_stmt 1 view .LVU1440
 4596              	.LVL482:
1696:Core/Src/vl53l1_api.c **** 	VL53L1_State CurrPalState;
 4597              		.loc 1 1696 2 view .LVU1441
1697:Core/Src/vl53l1_api.c **** 	VL53L1_Error lStatus;
 4598              		.loc 1 1697 2 view .LVU1442
1698:Core/Src/vl53l1_api.c **** 	uint32_t MTBus, IMPms;
 4599              		.loc 1 1698 2 view .LVU1443
1699:Core/Src/vl53l1_api.c **** 
 4600              		.loc 1 1699 2 view .LVU1444
1702:Core/Src/vl53l1_api.c **** 
 4601              		.loc 1 1702 24 view .LVU1445
1704:Core/Src/vl53l1_api.c **** 	if (DeviceMeasurementMode != VL53L1_DEVICEMEASUREMENTMODE_TIMED)
 4602              		.loc 1 1704 2 view .LVU1446
1704:Core/Src/vl53l1_api.c **** 	if (DeviceMeasurementMode != VL53L1_DEVICEMEASUREMENTMODE_TIMED)
 4603              		.loc 1 1704 24 is_stmt 0 view .LVU1447
 4604 0006 8578     		ldrb	r5, [r0, #2]	@ zero_extendqisi2
 4605              	.LVL483:
1705:Core/Src/vl53l1_api.c **** 		VL53L1_LoadPatch(Dev);
 4606              		.loc 1 1705 2 is_stmt 1 view .LVU1448
1705:Core/Src/vl53l1_api.c **** 		VL53L1_LoadPatch(Dev);
 4607              		.loc 1 1705 5 is_stmt 0 view .LVU1449
 4608 0008 402D     		cmp	r5, #64
 4609 000a 11D1     		bne	.L346
 4610              	.LVL484:
 4611              	.L333:
1707:Core/Src/vl53l1_api.c **** 	switch (CurrPalState) {
 4612              		.loc 1 1707 2 is_stmt 1 view .LVU1450
1707:Core/Src/vl53l1_api.c **** 	switch (CurrPalState) {
 4613              		.loc 1 1707 15 is_stmt 0 view .LVU1451
 4614 000c 94F87833 		ldrb	r3, [r4, #888]	@ zero_extendqisi2
ARM GAS  C:\Users\Lenovo\AppData\Local\Temp\ccE9MZbZ.s 			page 155


 4615              	.LVL485:
1708:Core/Src/vl53l1_api.c **** 	case VL53L1_STATE_IDLE:
 4616              		.loc 1 1708 2 is_stmt 1 view .LVU1452
 4617 0010 032B     		cmp	r3, #3
 4618 0012 22D0     		beq	.L334
 4619 0014 0FD9     		bls	.L347
 4620 0016 052B     		cmp	r3, #5
 4621 0018 15D8     		bhi	.L337
 4622 001a 042B     		cmp	r3, #4
 4623 001c 10D2     		bcs	.L348
 4624 001e 6FF00200 		mvn	r0, #2
 4625              	.LVL486:
 4626              	.L336:
1741:Core/Src/vl53l1_api.c **** 		Status = VL53L1_init_and_start_range(
 4627              		.loc 1 1741 2 view .LVU1453
1741:Core/Src/vl53l1_api.c **** 		Status = VL53L1_init_and_start_range(
 4628              		.loc 1 1741 5 is_stmt 0 view .LVU1454
 4629 0022 B0B3     		cbz	r0, .L349
 4630              	.LVL487:
 4631              	.L338:
1748:Core/Src/vl53l1_api.c **** 		VL53L1DevDataSet(Dev, PalState, VL53L1_STATE_RUNNING);
 4632              		.loc 1 1748 2 is_stmt 1 view .LVU1455
1748:Core/Src/vl53l1_api.c **** 		VL53L1DevDataSet(Dev, PalState, VL53L1_STATE_RUNNING);
 4633              		.loc 1 1748 5 is_stmt 0 view .LVU1456
 4634 0024 10B9     		cbnz	r0, .L339
1749:Core/Src/vl53l1_api.c **** 
 4635              		.loc 1 1749 3 is_stmt 1 view .LVU1457
 4636 0026 0423     		movs	r3, #4
 4637 0028 84F87833 		strb	r3, [r4, #888]
 4638              	.L339:
1752:Core/Src/vl53l1_api.c **** 	return Status;
 4639              		.loc 1 1752 26 view .LVU1458
1753:Core/Src/vl53l1_api.c **** }
 4640              		.loc 1 1753 2 view .LVU1459
1754:Core/Src/vl53l1_api.c **** 
 4641              		.loc 1 1754 1 is_stmt 0 view .LVU1460
 4642 002c 03B0     		add	sp, sp, #12
 4643              	.LCFI74:
 4644              		.cfi_remember_state
 4645              		.cfi_def_cfa_offset 12
 4646              		@ sp needed
 4647 002e 30BD     		pop	{r4, r5, pc}
 4648              	.LVL488:
 4649              	.L346:
 4650              	.LCFI75:
 4651              		.cfi_restore_state
1706:Core/Src/vl53l1_api.c **** 	CurrPalState = VL53L1DevDataGet(Dev, PalState);
 4652              		.loc 1 1706 3 is_stmt 1 view .LVU1461
 4653 0030 FFF7FEFF 		bl	VL53L1_LoadPatch
 4654              	.LVL489:
1706:Core/Src/vl53l1_api.c **** 	CurrPalState = VL53L1DevDataGet(Dev, PalState);
 4655              		.loc 1 1706 3 is_stmt 0 view .LVU1462
 4656 0034 EAE7     		b	.L333
 4657              	.LVL490:
 4658              	.L347:
1708:Core/Src/vl53l1_api.c **** 	case VL53L1_STATE_IDLE:
 4659              		.loc 1 1708 2 view .LVU1463
ARM GAS  C:\Users\Lenovo\AppData\Local\Temp\ccE9MZbZ.s 			page 156


 4660 0036 022B     		cmp	r3, #2
 4661 0038 28D9     		bls	.L340
 4662 003a 6FF00200 		mvn	r0, #2
 4663 003e F0E7     		b	.L336
 4664              	.L348:
1719:Core/Src/vl53l1_api.c **** 		break;
 4665              		.loc 1 1719 10 view .LVU1464
 4666 0040 6FF00D00 		mvn	r0, #13
 4667 0044 EDE7     		b	.L336
 4668              	.L337:
1708:Core/Src/vl53l1_api.c **** 	case VL53L1_STATE_IDLE:
 4669              		.loc 1 1708 2 view .LVU1465
 4670 0046 623B     		subs	r3, r3, #98
 4671              	.LVL491:
1708:Core/Src/vl53l1_api.c **** 	case VL53L1_STATE_IDLE:
 4672              		.loc 1 1708 2 view .LVU1466
 4673 0048 DBB2     		uxtb	r3, r3
 4674              	.LVL492:
1708:Core/Src/vl53l1_api.c **** 	case VL53L1_STATE_IDLE:
 4675              		.loc 1 1708 2 view .LVU1467
 4676 004a 012B     		cmp	r3, #1
 4677 004c 02D8     		bhi	.L350
1719:Core/Src/vl53l1_api.c **** 		break;
 4678              		.loc 1 1719 10 view .LVU1468
 4679 004e 6FF00D00 		mvn	r0, #13
 4680 0052 E6E7     		b	.L336
 4681              	.L350:
1708:Core/Src/vl53l1_api.c **** 	case VL53L1_STATE_IDLE:
 4682              		.loc 1 1708 2 view .LVU1469
 4683 0054 6FF00200 		mvn	r0, #2
 4684 0058 E3E7     		b	.L336
 4685              	.LVL493:
 4686              	.L334:
1727:Core/Src/vl53l1_api.c **** 		(DeviceMeasurementMode == VL53L1_DEVICEMEASUREMENTMODE_TIMED)) {
 4687              		.loc 1 1727 2 is_stmt 1 view .LVU1470
1727:Core/Src/vl53l1_api.c **** 		(DeviceMeasurementMode == VL53L1_DEVICEMEASUREMENTMODE_TIMED)) {
 4688              		.loc 1 1727 36 is_stmt 0 view .LVU1471
 4689 005a 402D     		cmp	r5, #64
 4690 005c 01D0     		beq	.L351
1710:Core/Src/vl53l1_api.c **** 		break;
 4691              		.loc 1 1710 10 view .LVU1472
 4692 005e 0020     		movs	r0, #0
 4693 0060 DFE7     		b	.L336
 4694              	.L351:
1729:Core/Src/vl53l1_api.c **** 				&MTBus);
 4695              		.loc 1 1729 3 is_stmt 1 view .LVU1473
1729:Core/Src/vl53l1_api.c **** 				&MTBus);
 4696              		.loc 1 1729 13 is_stmt 0 view .LVU1474
 4697 0062 01A9     		add	r1, sp, #4
 4698 0064 2046     		mov	r0, r4
 4699 0066 FFF7FEFF 		bl	VL53L1_GetMeasurementTimingBudgetMicroSeconds
 4700              	.LVL494:
1732:Core/Src/vl53l1_api.c **** 		lStatus = VL53L1_GetInterMeasurementPeriodMilliSeconds(Dev,
 4701              		.loc 1 1732 3 is_stmt 1 view .LVU1475
1732:Core/Src/vl53l1_api.c **** 		lStatus = VL53L1_GetInterMeasurementPeriodMilliSeconds(Dev,
 4702              		.loc 1 1732 9 is_stmt 0 view .LVU1476
 4703 006a 019B     		ldr	r3, [sp, #4]
ARM GAS  C:\Users\Lenovo\AppData\Local\Temp\ccE9MZbZ.s 			page 157


 4704 006c 0D4A     		ldr	r2, .L352
 4705 006e A2FB0323 		umull	r2, r3, r2, r3
 4706 0072 9B09     		lsrs	r3, r3, #6
 4707 0074 0193     		str	r3, [sp, #4]
1733:Core/Src/vl53l1_api.c **** 				&IMPms);
 4708              		.loc 1 1733 3 is_stmt 1 view .LVU1477
1733:Core/Src/vl53l1_api.c **** 				&IMPms);
 4709              		.loc 1 1733 13 is_stmt 0 view .LVU1478
 4710 0076 6946     		mov	r1, sp
 4711 0078 2046     		mov	r0, r4
 4712 007a FFF7FEFF 		bl	VL53L1_GetInterMeasurementPeriodMilliSeconds
 4713              	.LVL495:
1736:Core/Src/vl53l1_api.c **** 		if (IMPms < MTBus + TIMED_MODE_TIMING_GUARD_MILLISECONDS)
 4714              		.loc 1 1736 3 is_stmt 1 view .LVU1479
1737:Core/Src/vl53l1_api.c **** 			Status = VL53L1_ERROR_INVALID_PARAMS;
 4715              		.loc 1 1737 3 view .LVU1480
1737:Core/Src/vl53l1_api.c **** 			Status = VL53L1_ERROR_INVALID_PARAMS;
 4716              		.loc 1 1737 21 is_stmt 0 view .LVU1481
 4717 007e 019B     		ldr	r3, [sp, #4]
 4718 0080 0433     		adds	r3, r3, #4
1737:Core/Src/vl53l1_api.c **** 			Status = VL53L1_ERROR_INVALID_PARAMS;
 4719              		.loc 1 1737 13 view .LVU1482
 4720 0082 009A     		ldr	r2, [sp]
1737:Core/Src/vl53l1_api.c **** 			Status = VL53L1_ERROR_INVALID_PARAMS;
 4721              		.loc 1 1737 6 view .LVU1483
 4722 0084 9342     		cmp	r3, r2
 4723 0086 0AD8     		bhi	.L344
1710:Core/Src/vl53l1_api.c **** 		break;
 4724              		.loc 1 1710 10 view .LVU1484
 4725 0088 0020     		movs	r0, #0
 4726 008a CAE7     		b	.L336
 4727              	.LVL496:
 4728              	.L340:
1719:Core/Src/vl53l1_api.c **** 		break;
 4729              		.loc 1 1719 10 view .LVU1485
 4730 008c 6FF00D00 		mvn	r0, #13
 4731 0090 C7E7     		b	.L336
 4732              	.LVL497:
 4733              	.L349:
1742:Core/Src/vl53l1_api.c **** 				Dev,
 4734              		.loc 1 1742 3 is_stmt 1 view .LVU1486
1742:Core/Src/vl53l1_api.c **** 				Dev,
 4735              		.loc 1 1742 12 is_stmt 0 view .LVU1487
 4736 0092 0622     		movs	r2, #6
 4737 0094 2946     		mov	r1, r5
 4738 0096 2046     		mov	r0, r4
 4739              	.LVL498:
1742:Core/Src/vl53l1_api.c **** 				Dev,
 4740              		.loc 1 1742 12 view .LVU1488
 4741 0098 FFF7FEFF 		bl	VL53L1_init_and_start_range
 4742              	.LVL499:
1742:Core/Src/vl53l1_api.c **** 				Dev,
 4743              		.loc 1 1742 12 view .LVU1489
 4744 009c C2E7     		b	.L338
 4745              	.LVL500:
 4746              	.L344:
1738:Core/Src/vl53l1_api.c **** 	}
ARM GAS  C:\Users\Lenovo\AppData\Local\Temp\ccE9MZbZ.s 			page 158


 4747              		.loc 1 1738 11 view .LVU1490
 4748 009e 6FF00300 		mvn	r0, #3
 4749 00a2 BFE7     		b	.L338
 4750              	.L353:
 4751              		.align	2
 4752              	.L352:
 4753 00a4 D34D6210 		.word	274877907
 4754              		.cfi_endproc
 4755              	.LFE50:
 4757              		.section	.text.VL53L1_StopMeasurement,"ax",%progbits
 4758              		.align	1
 4759              		.global	VL53L1_StopMeasurement
 4760              		.syntax unified
 4761              		.thumb
 4762              		.thumb_func
 4764              	VL53L1_StopMeasurement:
 4765              	.LVL501:
 4766              	.LFB51:
1757:Core/Src/vl53l1_api.c **** 	VL53L1_Error Status = VL53L1_ERROR_NONE;
 4767              		.loc 1 1757 1 is_stmt 1 view -0
 4768              		.cfi_startproc
 4769              		@ args = 0, pretend = 0, frame = 0
 4770              		@ frame_needed = 0, uses_anonymous_args = 0
1757:Core/Src/vl53l1_api.c **** 	VL53L1_Error Status = VL53L1_ERROR_NONE;
 4771              		.loc 1 1757 1 is_stmt 0 view .LVU1492
 4772 0000 38B5     		push	{r3, r4, r5, lr}
 4773              	.LCFI76:
 4774              		.cfi_def_cfa_offset 16
 4775              		.cfi_offset 3, -16
 4776              		.cfi_offset 4, -12
 4777              		.cfi_offset 5, -8
 4778              		.cfi_offset 14, -4
 4779 0002 0546     		mov	r5, r0
1758:Core/Src/vl53l1_api.c **** 	uint8_t DeviceMeasurementMode;
 4780              		.loc 1 1758 2 is_stmt 1 view .LVU1493
 4781              	.LVL502:
1759:Core/Src/vl53l1_api.c **** 
 4782              		.loc 1 1759 2 view .LVU1494
1761:Core/Src/vl53l1_api.c **** 
 4783              		.loc 1 1761 24 view .LVU1495
1763:Core/Src/vl53l1_api.c **** 	DeviceMeasurementMode = VL53L1DevDataGet(Dev, LLData.measurement_mode);
 4784              		.loc 1 1763 2 view .LVU1496
1763:Core/Src/vl53l1_api.c **** 	DeviceMeasurementMode = VL53L1DevDataGet(Dev, LLData.measurement_mode);
 4785              		.loc 1 1763 11 is_stmt 0 view .LVU1497
 4786 0004 FFF7FEFF 		bl	VL53L1_stop_range
 4787              	.LVL503:
1763:Core/Src/vl53l1_api.c **** 	DeviceMeasurementMode = VL53L1DevDataGet(Dev, LLData.measurement_mode);
 4788              		.loc 1 1763 11 view .LVU1498
 4789 0008 0446     		mov	r4, r0
 4790              	.LVL504:
1764:Core/Src/vl53l1_api.c **** 	if (DeviceMeasurementMode != VL53L1_DEVICEMEASUREMENTMODE_TIMED)
 4791              		.loc 1 1764 2 is_stmt 1 view .LVU1499
1764:Core/Src/vl53l1_api.c **** 	if (DeviceMeasurementMode != VL53L1_DEVICEMEASUREMENTMODE_TIMED)
 4792              		.loc 1 1764 24 is_stmt 0 view .LVU1500
 4793 000a AB78     		ldrb	r3, [r5, #2]	@ zero_extendqisi2
 4794              	.LVL505:
1765:Core/Src/vl53l1_api.c **** 		VL53L1_UnloadPatch(Dev);
ARM GAS  C:\Users\Lenovo\AppData\Local\Temp\ccE9MZbZ.s 			page 159


 4795              		.loc 1 1765 2 is_stmt 1 view .LVU1501
1765:Core/Src/vl53l1_api.c **** 		VL53L1_UnloadPatch(Dev);
 4796              		.loc 1 1765 5 is_stmt 0 view .LVU1502
 4797 000c 402B     		cmp	r3, #64
 4798 000e 05D1     		bne	.L358
 4799              	.LVL506:
 4800              	.L355:
1768:Core/Src/vl53l1_api.c **** 		VL53L1DevDataSet(Dev, PalState, VL53L1_STATE_IDLE);
 4801              		.loc 1 1768 2 is_stmt 1 view .LVU1503
1768:Core/Src/vl53l1_api.c **** 		VL53L1DevDataSet(Dev, PalState, VL53L1_STATE_IDLE);
 4802              		.loc 1 1768 5 is_stmt 0 view .LVU1504
 4803 0010 14B9     		cbnz	r4, .L356
1769:Core/Src/vl53l1_api.c **** 
 4804              		.loc 1 1769 3 is_stmt 1 view .LVU1505
 4805 0012 0323     		movs	r3, #3
 4806 0014 85F87833 		strb	r3, [r5, #888]
 4807              	.L356:
1771:Core/Src/vl53l1_api.c **** 	return Status;
 4808              		.loc 1 1771 26 view .LVU1506
1772:Core/Src/vl53l1_api.c **** }
 4809              		.loc 1 1772 2 view .LVU1507
1773:Core/Src/vl53l1_api.c **** 
 4810              		.loc 1 1773 1 is_stmt 0 view .LVU1508
 4811 0018 2046     		mov	r0, r4
 4812 001a 38BD     		pop	{r3, r4, r5, pc}
 4813              	.LVL507:
 4814              	.L358:
1766:Core/Src/vl53l1_api.c **** 	/* Set PAL State to Idle */
 4815              		.loc 1 1766 3 is_stmt 1 view .LVU1509
 4816 001c 2846     		mov	r0, r5
 4817 001e FFF7FEFF 		bl	VL53L1_UnloadPatch
 4818              	.LVL508:
1766:Core/Src/vl53l1_api.c **** 	/* Set PAL State to Idle */
 4819              		.loc 1 1766 3 is_stmt 0 view .LVU1510
 4820 0022 F5E7     		b	.L355
 4821              		.cfi_endproc
 4822              	.LFE51:
 4824              		.section	.text.VL53L1_ClearInterruptAndStartMeasurement,"ax",%progbits
 4825              		.align	1
 4826              		.global	VL53L1_ClearInterruptAndStartMeasurement
 4827              		.syntax unified
 4828              		.thumb
 4829              		.thumb_func
 4831              	VL53L1_ClearInterruptAndStartMeasurement:
 4832              	.LVL509:
 4833              	.LFB52:
1777:Core/Src/vl53l1_api.c **** 	VL53L1_Error Status = VL53L1_ERROR_NONE;
 4834              		.loc 1 1777 1 is_stmt 1 view -0
 4835              		.cfi_startproc
 4836              		@ args = 0, pretend = 0, frame = 0
 4837              		@ frame_needed = 0, uses_anonymous_args = 0
1777:Core/Src/vl53l1_api.c **** 	VL53L1_Error Status = VL53L1_ERROR_NONE;
 4838              		.loc 1 1777 1 is_stmt 0 view .LVU1512
 4839 0000 08B5     		push	{r3, lr}
 4840              	.LCFI77:
 4841              		.cfi_def_cfa_offset 8
 4842              		.cfi_offset 3, -8
ARM GAS  C:\Users\Lenovo\AppData\Local\Temp\ccE9MZbZ.s 			page 160


 4843              		.cfi_offset 14, -4
1778:Core/Src/vl53l1_api.c **** 	uint8_t DeviceMeasurementMode;
 4844              		.loc 1 1778 2 is_stmt 1 view .LVU1513
 4845              	.LVL510:
1779:Core/Src/vl53l1_api.c **** 
 4846              		.loc 1 1779 2 view .LVU1514
1781:Core/Src/vl53l1_api.c **** 
 4847              		.loc 1 1781 24 view .LVU1515
1783:Core/Src/vl53l1_api.c **** 
 4848              		.loc 1 1783 2 view .LVU1516
1785:Core/Src/vl53l1_api.c **** 			DeviceMeasurementMode);
 4849              		.loc 1 1785 2 view .LVU1517
1785:Core/Src/vl53l1_api.c **** 			DeviceMeasurementMode);
 4850              		.loc 1 1785 11 is_stmt 0 view .LVU1518
 4851 0002 8178     		ldrb	r1, [r0, #2]	@ zero_extendqisi2
 4852 0004 FFF7FEFF 		bl	VL53L1_clear_interrupt_and_enable_next_range
 4853              	.LVL511:
1788:Core/Src/vl53l1_api.c **** 	return Status;
 4854              		.loc 1 1788 26 is_stmt 1 view .LVU1519
1789:Core/Src/vl53l1_api.c **** }
 4855              		.loc 1 1789 2 view .LVU1520
1790:Core/Src/vl53l1_api.c **** 
 4856              		.loc 1 1790 1 is_stmt 0 view .LVU1521
 4857 0008 08BD     		pop	{r3, pc}
 4858              		.cfi_endproc
 4859              	.LFE52:
 4861              		.section	.text.VL53L1_GetMeasurementDataReady,"ax",%progbits
 4862              		.align	1
 4863              		.global	VL53L1_GetMeasurementDataReady
 4864              		.syntax unified
 4865              		.thumb
 4866              		.thumb_func
 4868              	VL53L1_GetMeasurementDataReady:
 4869              	.LVL512:
 4870              	.LFB53:
1795:Core/Src/vl53l1_api.c **** 	VL53L1_Error Status = VL53L1_ERROR_NONE;
 4871              		.loc 1 1795 1 is_stmt 1 view -0
 4872              		.cfi_startproc
 4873              		@ args = 0, pretend = 0, frame = 0
 4874              		@ frame_needed = 0, uses_anonymous_args = 0
1795:Core/Src/vl53l1_api.c **** 	VL53L1_Error Status = VL53L1_ERROR_NONE;
 4875              		.loc 1 1795 1 is_stmt 0 view .LVU1523
 4876 0000 08B5     		push	{r3, lr}
 4877              	.LCFI78:
 4878              		.cfi_def_cfa_offset 8
 4879              		.cfi_offset 3, -8
 4880              		.cfi_offset 14, -4
1796:Core/Src/vl53l1_api.c **** 
 4881              		.loc 1 1796 2 is_stmt 1 view .LVU1524
 4882              	.LVL513:
1798:Core/Src/vl53l1_api.c **** 
 4883              		.loc 1 1798 24 view .LVU1525
1800:Core/Src/vl53l1_api.c **** 
 4884              		.loc 1 1800 2 view .LVU1526
1800:Core/Src/vl53l1_api.c **** 
 4885              		.loc 1 1800 11 is_stmt 0 view .LVU1527
 4886 0002 FFF7FEFF 		bl	VL53L1_is_new_data_ready
ARM GAS  C:\Users\Lenovo\AppData\Local\Temp\ccE9MZbZ.s 			page 161


 4887              	.LVL514:
1802:Core/Src/vl53l1_api.c **** 	return Status;
 4888              		.loc 1 1802 26 is_stmt 1 view .LVU1528
1803:Core/Src/vl53l1_api.c **** }
 4889              		.loc 1 1803 2 view .LVU1529
1804:Core/Src/vl53l1_api.c **** 
 4890              		.loc 1 1804 1 is_stmt 0 view .LVU1530
 4891 0006 08BD     		pop	{r3, pc}
 4892              		.cfi_endproc
 4893              	.LFE53:
 4895              		.section	.text.VL53L1_WaitMeasurementDataReady,"ax",%progbits
 4896              		.align	1
 4897              		.global	VL53L1_WaitMeasurementDataReady
 4898              		.syntax unified
 4899              		.thumb
 4900              		.thumb_func
 4902              	VL53L1_WaitMeasurementDataReady:
 4903              	.LVL515:
 4904              	.LFB54:
1807:Core/Src/vl53l1_api.c **** 	VL53L1_Error Status = VL53L1_ERROR_NONE;
 4905              		.loc 1 1807 1 is_stmt 1 view -0
 4906              		.cfi_startproc
 4907              		@ args = 0, pretend = 0, frame = 0
 4908              		@ frame_needed = 0, uses_anonymous_args = 0
1807:Core/Src/vl53l1_api.c **** 	VL53L1_Error Status = VL53L1_ERROR_NONE;
 4909              		.loc 1 1807 1 is_stmt 0 view .LVU1532
 4910 0000 08B5     		push	{r3, lr}
 4911              	.LCFI79:
 4912              		.cfi_def_cfa_offset 8
 4913              		.cfi_offset 3, -8
 4914              		.cfi_offset 14, -4
1808:Core/Src/vl53l1_api.c **** 
 4915              		.loc 1 1808 2 is_stmt 1 view .LVU1533
 4916              	.LVL516:
1810:Core/Src/vl53l1_api.c **** 
 4917              		.loc 1 1810 24 view .LVU1534
1816:Core/Src/vl53l1_api.c **** 			VL53L1_RANGE_COMPLETION_POLLING_TIMEOUT_MS);
 4918              		.loc 1 1816 2 view .LVU1535
1816:Core/Src/vl53l1_api.c **** 			VL53L1_RANGE_COMPLETION_POLLING_TIMEOUT_MS);
 4919              		.loc 1 1816 11 is_stmt 0 view .LVU1536
 4920 0002 4FF4FA61 		mov	r1, #2000
 4921 0006 FFF7FEFF 		bl	VL53L1_poll_for_range_completion
 4922              	.LVL517:
1819:Core/Src/vl53l1_api.c **** 	return Status;
 4923              		.loc 1 1819 26 is_stmt 1 view .LVU1537
1820:Core/Src/vl53l1_api.c **** }
 4924              		.loc 1 1820 2 view .LVU1538
1821:Core/Src/vl53l1_api.c **** 
 4925              		.loc 1 1821 1 is_stmt 0 view .LVU1539
 4926 000a 08BD     		pop	{r3, pc}
 4927              		.cfi_endproc
 4928              	.LFE54:
 4930              		.section	.text.VL53L1_GetRangingMeasurementData,"ax",%progbits
 4931              		.align	1
 4932              		.global	VL53L1_GetRangingMeasurementData
 4933              		.syntax unified
 4934              		.thumb
ARM GAS  C:\Users\Lenovo\AppData\Local\Temp\ccE9MZbZ.s 			page 162


 4935              		.thumb_func
 4937              	VL53L1_GetRangingMeasurementData:
 4938              	.LVL518:
 4939              	.LFB58:
2044:Core/Src/vl53l1_api.c **** 	VL53L1_Error Status = VL53L1_ERROR_NONE;
 4940              		.loc 1 2044 1 is_stmt 1 view -0
 4941              		.cfi_startproc
 4942              		@ args = 0, pretend = 0, frame = 136
 4943              		@ frame_needed = 0, uses_anonymous_args = 0
2044:Core/Src/vl53l1_api.c **** 	VL53L1_Error Status = VL53L1_ERROR_NONE;
 4944              		.loc 1 2044 1 is_stmt 0 view .LVU1541
 4945 0000 30B5     		push	{r4, r5, lr}
 4946              	.LCFI80:
 4947              		.cfi_def_cfa_offset 12
 4948              		.cfi_offset 4, -12
 4949              		.cfi_offset 5, -8
 4950              		.cfi_offset 14, -4
 4951 0002 A5B0     		sub	sp, sp, #148
 4952              	.LCFI81:
 4953              		.cfi_def_cfa_offset 160
 4954 0004 0546     		mov	r5, r0
 4955 0006 0C46     		mov	r4, r1
2045:Core/Src/vl53l1_api.c **** 	VL53L1_range_results_t results;
 4956              		.loc 1 2045 2 is_stmt 1 view .LVU1542
 4957              	.LVL519:
2046:Core/Src/vl53l1_api.c **** 	VL53L1_range_results_t *presults = &results;
 4958              		.loc 1 2046 2 view .LVU1543
2047:Core/Src/vl53l1_api.c **** 	VL53L1_range_data_t *presults_data;
 4959              		.loc 1 2047 2 view .LVU1544
2048:Core/Src/vl53l1_api.c **** 
 4960              		.loc 1 2048 2 view .LVU1545
2050:Core/Src/vl53l1_api.c **** 
 4961              		.loc 1 2050 24 view .LVU1546
2054:Core/Src/vl53l1_api.c **** 		sizeof(VL53L1_RangingMeasurementData_t));
 4962              		.loc 1 2054 2 view .LVU1547
 4963 0008 4FF0FF33 		mov	r3, #-1
 4964 000c 0B60     		str	r3, [r1]	@ unaligned
 4965 000e 4B60     		str	r3, [r1, #4]	@ unaligned
 4966 0010 8B60     		str	r3, [r1, #8]	@ unaligned
 4967 0012 CB60     		str	r3, [r1, #12]	@ unaligned
 4968 0014 0B61     		str	r3, [r1, #16]	@ unaligned
 4969 0016 4B61     		str	r3, [r1, #20]	@ unaligned
 4970 0018 8B61     		str	r3, [r1, #24]	@ unaligned
2058:Core/Src/vl53l1_api.c **** 			Dev,
 4971              		.loc 1 2058 2 view .LVU1548
2058:Core/Src/vl53l1_api.c **** 			Dev,
 4972              		.loc 1 2058 11 is_stmt 0 view .LVU1549
 4973 001a 03AA     		add	r2, sp, #12
 4974              	.LVL520:
2058:Core/Src/vl53l1_api.c **** 			Dev,
 4975              		.loc 1 2058 11 view .LVU1550
 4976 001c 0221     		movs	r1, #2
 4977              	.LVL521:
2058:Core/Src/vl53l1_api.c **** 			Dev,
 4978              		.loc 1 2058 11 view .LVU1551
 4979 001e FFF7FEFF 		bl	VL53L1_get_device_results
 4980              	.LVL522:
ARM GAS  C:\Users\Lenovo\AppData\Local\Temp\ccE9MZbZ.s 			page 163


2063:Core/Src/vl53l1_api.c **** 		pRangingMeasurementData->StreamCount = presults->stream_count;
 4981              		.loc 1 2063 2 is_stmt 1 view .LVU1552
2063:Core/Src/vl53l1_api.c **** 		pRangingMeasurementData->StreamCount = presults->stream_count;
 4982              		.loc 1 2063 5 is_stmt 0 view .LVU1553
 4983 0022 08B1     		cbz	r0, .L368
 4984              	.LVL523:
 4985              	.L366:
2076:Core/Src/vl53l1_api.c **** 	return Status;
 4986              		.loc 1 2076 26 is_stmt 1 view .LVU1554
2077:Core/Src/vl53l1_api.c **** }
 4987              		.loc 1 2077 2 view .LVU1555
2078:Core/Src/vl53l1_api.c **** 
 4988              		.loc 1 2078 1 is_stmt 0 view .LVU1556
 4989 0024 25B0     		add	sp, sp, #148
 4990              	.LCFI82:
 4991              		.cfi_remember_state
 4992              		.cfi_def_cfa_offset 12
 4993              		@ sp needed
 4994 0026 30BD     		pop	{r4, r5, pc}
 4995              	.LVL524:
 4996              	.L368:
 4997              	.LCFI83:
 4998              		.cfi_restore_state
2064:Core/Src/vl53l1_api.c **** 
 4999              		.loc 1 2064 3 is_stmt 1 view .LVU1557
2064:Core/Src/vl53l1_api.c **** 
 5000              		.loc 1 2064 50 is_stmt 0 view .LVU1558
 5001 0028 9DF80E30 		ldrb	r3, [sp, #14]	@ zero_extendqisi2
2064:Core/Src/vl53l1_api.c **** 
 5002              		.loc 1 2064 40 view .LVU1559
 5003 002c 2371     		strb	r3, [r4, #4]
2069:Core/Src/vl53l1_api.c **** 		Status = SetSimpleData(Dev, 1,
 5004              		.loc 1 2069 3 is_stmt 1 view .LVU1560
 5005              	.LVL525:
2070:Core/Src/vl53l1_api.c **** 				presults->device_status,
 5006              		.loc 1 2070 3 view .LVU1561
2070:Core/Src/vl53l1_api.c **** 				presults->device_status,
 5007              		.loc 1 2070 12 is_stmt 0 view .LVU1562
 5008 002e 0094     		str	r4, [sp]
 5009 0030 04AB     		add	r3, sp, #16
 5010              	.LVL526:
2070:Core/Src/vl53l1_api.c **** 				presults->device_status,
 5011              		.loc 1 2070 12 view .LVU1563
 5012 0032 9DF80F20 		ldrb	r2, [sp, #15]	@ zero_extendqisi2
 5013 0036 0121     		movs	r1, #1
 5014 0038 2846     		mov	r0, r5
 5015 003a FFF7FEFF 		bl	SetSimpleData
 5016              	.LVL527:
2070:Core/Src/vl53l1_api.c **** 				presults->device_status,
 5017              		.loc 1 2070 12 view .LVU1564
 5018 003e F1E7     		b	.L366
 5019              		.cfi_endproc
 5020              	.LFE58:
 5022              		.section	.text.VL53L1_SetTuningParameter,"ax",%progbits
 5023              		.align	1
 5024              		.global	VL53L1_SetTuningParameter
 5025              		.syntax unified
ARM GAS  C:\Users\Lenovo\AppData\Local\Temp\ccE9MZbZ.s 			page 164


 5026              		.thumb
 5027              		.thumb_func
 5029              	VL53L1_SetTuningParameter:
 5030              	.LVL528:
 5031              	.LFB59:
2090:Core/Src/vl53l1_api.c **** 	VL53L1_Error Status = VL53L1_ERROR_NONE;
 5032              		.loc 1 2090 1 is_stmt 1 view -0
 5033              		.cfi_startproc
 5034              		@ args = 0, pretend = 0, frame = 0
 5035              		@ frame_needed = 0, uses_anonymous_args = 0
2090:Core/Src/vl53l1_api.c **** 	VL53L1_Error Status = VL53L1_ERROR_NONE;
 5036              		.loc 1 2090 1 is_stmt 0 view .LVU1566
 5037 0000 08B5     		push	{r3, lr}
 5038              	.LCFI84:
 5039              		.cfi_def_cfa_offset 8
 5040              		.cfi_offset 3, -8
 5041              		.cfi_offset 14, -4
2091:Core/Src/vl53l1_api.c **** 
 5042              		.loc 1 2091 2 is_stmt 1 view .LVU1567
 5043              	.LVL529:
2093:Core/Src/vl53l1_api.c **** 	if (TuningParameterId >= 32768)
 5044              		.loc 1 2093 24 view .LVU1568
2094:Core/Src/vl53l1_api.c **** 		Status = VL53L1_set_tuning_parm(Dev,
 5045              		.loc 1 2094 2 view .LVU1569
2094:Core/Src/vl53l1_api.c **** 		Status = VL53L1_set_tuning_parm(Dev,
 5046              		.loc 1 2094 5 is_stmt 0 view .LVU1570
 5047 0002 11F4004F 		tst	r1, #32768
 5048 0006 06D1     		bne	.L374
2099:Core/Src/vl53l1_api.c **** 			BDTable[TuningParameterId] = TuningParameterValue;
 5049              		.loc 1 2099 3 is_stmt 1 view .LVU1571
2099:Core/Src/vl53l1_api.c **** 			BDTable[TuningParameterId] = TuningParameterValue;
 5050              		.loc 1 2099 6 is_stmt 0 view .LVU1572
 5051 0008 0B29     		cmp	r1, #11
 5052 000a 07D8     		bhi	.L372
2100:Core/Src/vl53l1_api.c **** 		else
 5053              		.loc 1 2100 4 is_stmt 1 view .LVU1573
2100:Core/Src/vl53l1_api.c **** 		else
 5054              		.loc 1 2100 31 is_stmt 0 view .LVU1574
 5055 000c 054B     		ldr	r3, .L375
 5056 000e 43F82120 		str	r2, [r3, r1, lsl #2]
2091:Core/Src/vl53l1_api.c **** 
 5057              		.loc 1 2091 15 view .LVU1575
 5058 0012 0020     		movs	r0, #0
 5059              	.LVL530:
 5060              	.L371:
2105:Core/Src/vl53l1_api.c **** 	return Status;
 5061              		.loc 1 2105 26 is_stmt 1 view .LVU1576
2106:Core/Src/vl53l1_api.c **** }
 5062              		.loc 1 2106 2 view .LVU1577
2107:Core/Src/vl53l1_api.c **** 
 5063              		.loc 1 2107 1 is_stmt 0 view .LVU1578
 5064 0014 08BD     		pop	{r3, pc}
 5065              	.LVL531:
 5066              	.L374:
2095:Core/Src/vl53l1_api.c **** 			TuningParameterId,
 5067              		.loc 1 2095 3 is_stmt 1 view .LVU1579
2095:Core/Src/vl53l1_api.c **** 			TuningParameterId,
ARM GAS  C:\Users\Lenovo\AppData\Local\Temp\ccE9MZbZ.s 			page 165


 5068              		.loc 1 2095 12 is_stmt 0 view .LVU1580
 5069 0016 FFF7FEFF 		bl	VL53L1_set_tuning_parm
 5070              	.LVL532:
2095:Core/Src/vl53l1_api.c **** 			TuningParameterId,
 5071              		.loc 1 2095 12 view .LVU1581
 5072 001a FBE7     		b	.L371
 5073              	.LVL533:
 5074              	.L372:
2102:Core/Src/vl53l1_api.c **** 	}
 5075              		.loc 1 2102 11 view .LVU1582
 5076 001c 6FF00300 		mvn	r0, #3
 5077              	.LVL534:
2102:Core/Src/vl53l1_api.c **** 	}
 5078              		.loc 1 2102 11 view .LVU1583
 5079 0020 F8E7     		b	.L371
 5080              	.L376:
 5081 0022 00BF     		.align	2
 5082              	.L375:
 5083 0024 00000000 		.word	.LANCHOR0
 5084              		.cfi_endproc
 5085              	.LFE59:
 5087              		.section	.text.VL53L1_GetTuningParameter,"ax",%progbits
 5088              		.align	1
 5089              		.global	VL53L1_GetTuningParameter
 5090              		.syntax unified
 5091              		.thumb
 5092              		.thumb_func
 5094              	VL53L1_GetTuningParameter:
 5095              	.LVL535:
 5096              	.LFB60:
2111:Core/Src/vl53l1_api.c **** 	VL53L1_Error Status = VL53L1_ERROR_NONE;
 5097              		.loc 1 2111 1 is_stmt 1 view -0
 5098              		.cfi_startproc
 5099              		@ args = 0, pretend = 0, frame = 0
 5100              		@ frame_needed = 0, uses_anonymous_args = 0
2111:Core/Src/vl53l1_api.c **** 	VL53L1_Error Status = VL53L1_ERROR_NONE;
 5101              		.loc 1 2111 1 is_stmt 0 view .LVU1585
 5102 0000 08B5     		push	{r3, lr}
 5103              	.LCFI85:
 5104              		.cfi_def_cfa_offset 8
 5105              		.cfi_offset 3, -8
 5106              		.cfi_offset 14, -4
2112:Core/Src/vl53l1_api.c **** 
 5107              		.loc 1 2112 2 is_stmt 1 view .LVU1586
 5108              	.LVL536:
2114:Core/Src/vl53l1_api.c **** 
 5109              		.loc 1 2114 24 view .LVU1587
2116:Core/Src/vl53l1_api.c **** 		Status = VL53L1_get_tuning_parm(Dev,
 5110              		.loc 1 2116 2 view .LVU1588
2116:Core/Src/vl53l1_api.c **** 		Status = VL53L1_get_tuning_parm(Dev,
 5111              		.loc 1 2116 5 is_stmt 0 view .LVU1589
 5112 0002 11F4004F 		tst	r1, #32768
 5113 0006 07D1     		bne	.L382
2121:Core/Src/vl53l1_api.c **** 			*pTuningParameterValue = BDTable[TuningParameterId];
 5114              		.loc 1 2121 3 is_stmt 1 view .LVU1590
2121:Core/Src/vl53l1_api.c **** 			*pTuningParameterValue = BDTable[TuningParameterId];
 5115              		.loc 1 2121 6 is_stmt 0 view .LVU1591
ARM GAS  C:\Users\Lenovo\AppData\Local\Temp\ccE9MZbZ.s 			page 166


 5116 0008 0B29     		cmp	r1, #11
 5117 000a 08D8     		bhi	.L380
2122:Core/Src/vl53l1_api.c **** 		else
 5118              		.loc 1 2122 4 is_stmt 1 view .LVU1592
2122:Core/Src/vl53l1_api.c **** 		else
 5119              		.loc 1 2122 36 is_stmt 0 view .LVU1593
 5120 000c 054B     		ldr	r3, .L383
 5121 000e 53F82130 		ldr	r3, [r3, r1, lsl #2]
2122:Core/Src/vl53l1_api.c **** 		else
 5122              		.loc 1 2122 27 view .LVU1594
 5123 0012 1360     		str	r3, [r2]
2112:Core/Src/vl53l1_api.c **** 
 5124              		.loc 1 2112 15 view .LVU1595
 5125 0014 0020     		movs	r0, #0
 5126              	.LVL537:
 5127              	.L379:
2127:Core/Src/vl53l1_api.c **** 	return Status;
 5128              		.loc 1 2127 26 is_stmt 1 view .LVU1596
2128:Core/Src/vl53l1_api.c **** }
 5129              		.loc 1 2128 2 view .LVU1597
2129:Core/Src/vl53l1_api.c **** 
 5130              		.loc 1 2129 1 is_stmt 0 view .LVU1598
 5131 0016 08BD     		pop	{r3, pc}
 5132              	.LVL538:
 5133              	.L382:
2117:Core/Src/vl53l1_api.c **** 			TuningParameterId,
 5134              		.loc 1 2117 3 is_stmt 1 view .LVU1599
2117:Core/Src/vl53l1_api.c **** 			TuningParameterId,
 5135              		.loc 1 2117 12 is_stmt 0 view .LVU1600
 5136 0018 FFF7FEFF 		bl	VL53L1_get_tuning_parm
 5137              	.LVL539:
2117:Core/Src/vl53l1_api.c **** 			TuningParameterId,
 5138              		.loc 1 2117 12 view .LVU1601
 5139 001c FBE7     		b	.L379
 5140              	.LVL540:
 5141              	.L380:
2124:Core/Src/vl53l1_api.c **** 	}
 5142              		.loc 1 2124 11 view .LVU1602
 5143 001e 6FF00300 		mvn	r0, #3
 5144              	.LVL541:
2124:Core/Src/vl53l1_api.c **** 	}
 5145              		.loc 1 2124 11 view .LVU1603
 5146 0022 F8E7     		b	.L379
 5147              	.L384:
 5148              		.align	2
 5149              	.L383:
 5150 0024 00000000 		.word	.LANCHOR0
 5151              		.cfi_endproc
 5152              	.LFE60:
 5154              		.section	.text.VL53L1_PerformRefSpadManagement,"ax",%progbits
 5155              		.align	1
 5156              		.global	VL53L1_PerformRefSpadManagement
 5157              		.syntax unified
 5158              		.thumb
 5159              		.thumb_func
 5161              	VL53L1_PerformRefSpadManagement:
 5162              	.LVL542:
ARM GAS  C:\Users\Lenovo\AppData\Local\Temp\ccE9MZbZ.s 			page 167


 5163              	.LFB61:
2133:Core/Src/vl53l1_api.c **** #ifdef VL53L1_NOCALIB
 5164              		.loc 1 2133 1 is_stmt 1 view -0
 5165              		.cfi_startproc
 5166              		@ args = 0, pretend = 0, frame = 32
 5167              		@ frame_needed = 0, uses_anonymous_args = 0
2133:Core/Src/vl53l1_api.c **** #ifdef VL53L1_NOCALIB
 5168              		.loc 1 2133 1 is_stmt 0 view .LVU1605
 5169 0000 30B5     		push	{r4, r5, lr}
 5170              	.LCFI86:
 5171              		.cfi_def_cfa_offset 12
 5172              		.cfi_offset 4, -12
 5173              		.cfi_offset 5, -8
 5174              		.cfi_offset 14, -4
 5175 0002 89B0     		sub	sp, sp, #36
 5176              	.LCFI87:
 5177              		.cfi_def_cfa_offset 48
 5178 0004 0446     		mov	r4, r0
2141:Core/Src/vl53l1_api.c **** 	VL53L1_Error RawStatus;
 5179              		.loc 1 2141 2 is_stmt 1 view .LVU1606
 5180              	.LVL543:
2142:Core/Src/vl53l1_api.c **** 	uint8_t dcrbuffer[24];
 5181              		.loc 1 2142 2 view .LVU1607
2143:Core/Src/vl53l1_api.c **** 	uint8_t *commbuf;
 5182              		.loc 1 2143 2 view .LVU1608
2144:Core/Src/vl53l1_api.c **** 	uint8_t numloc[2] = {5, 3};
 5183              		.loc 1 2144 2 view .LVU1609
2145:Core/Src/vl53l1_api.c **** 	VL53L1_LLDriverData_t *pdev;
 5184              		.loc 1 2145 2 view .LVU1610
2145:Core/Src/vl53l1_api.c **** 	VL53L1_LLDriverData_t *pdev;
 5185              		.loc 1 2145 10 is_stmt 0 view .LVU1611
 5186 0006 40F20533 		movw	r3, #773
 5187 000a ADF80030 		strh	r3, [sp]	@ movhi
2146:Core/Src/vl53l1_api.c **** 	VL53L1_customer_nvm_managed_t *pc;
 5188              		.loc 1 2146 2 is_stmt 1 view .LVU1612
2147:Core/Src/vl53l1_api.c **** 	VL53L1_PresetModes PresetMode;
 5189              		.loc 1 2147 2 view .LVU1613
2148:Core/Src/vl53l1_api.c **** 
 5190              		.loc 1 2148 2 view .LVU1614
2150:Core/Src/vl53l1_api.c **** 
 5191              		.loc 1 2150 24 view .LVU1615
2152:Core/Src/vl53l1_api.c **** 	pc = &pdev->customer;
 5192              		.loc 1 2152 2 view .LVU1616
 5193              	.LVL544:
2153:Core/Src/vl53l1_api.c **** 
 5194              		.loc 1 2153 2 view .LVU1617
2155:Core/Src/vl53l1_api.c **** 		PresetMode = VL53L1DevDataGet(Dev,
 5195              		.loc 1 2155 2 view .LVU1618
2156:Core/Src/vl53l1_api.c **** 				CurrentParameters.PresetMode);
 5196              		.loc 1 2156 3 view .LVU1619
2156:Core/Src/vl53l1_api.c **** 				CurrentParameters.PresetMode);
 5197              		.loc 1 2156 14 is_stmt 0 view .LVU1620
 5198 000e 90F87C53 		ldrb	r5, [r0, #892]	@ zero_extendqisi2
 5199              	.LVL545:
2158:Core/Src/vl53l1_api.c **** 		/* We discovered RefSpad mngt badly breaks some preset mode
 5200              		.loc 1 2158 3 is_stmt 1 view .LVU1621
2158:Core/Src/vl53l1_api.c **** 		/* We discovered RefSpad mngt badly breaks some preset mode
ARM GAS  C:\Users\Lenovo\AppData\Local\Temp\ccE9MZbZ.s 			page 168


 5201              		.loc 1 2158 12 is_stmt 0 view .LVU1622
 5202 0012 0DF11F01 		add	r1, sp, #31
 5203 0016 FFF7FEFF 		bl	VL53L1_run_ref_spad_char
 5204              	.LVL546:
2162:Core/Src/vl53l1_api.c **** 			Status = VL53L1_SetPresetMode(Dev, PresetMode);
 5205              		.loc 1 2162 3 is_stmt 1 view .LVU1623
2162:Core/Src/vl53l1_api.c **** 			Status = VL53L1_SetPresetMode(Dev, PresetMode);
 5206              		.loc 1 2162 6 is_stmt 0 view .LVU1624
 5207 001a 0346     		mov	r3, r0
 5208 001c 28B1     		cbz	r0, .L392
 5209              	.LVL547:
 5210              	.L386:
2166:Core/Src/vl53l1_api.c **** 		/* Fix ticket  #466282 RefSpad management error/warning -29
 5211              		.loc 1 2166 2 is_stmt 1 view .LVU1625
2166:Core/Src/vl53l1_api.c **** 		/* Fix ticket  #466282 RefSpad management error/warning -29
 5212              		.loc 1 2166 5 is_stmt 0 view .LVU1626
 5213 001e 13F11D0F 		cmn	r3, #29
 5214 0022 08D0     		beq	.L393
 5215              	.L387:
2207:Core/Src/vl53l1_api.c **** 	return Status;
 5216              		.loc 1 2207 26 is_stmt 1 view .LVU1627
2208:Core/Src/vl53l1_api.c **** }
 5217              		.loc 1 2208 2 view .LVU1628
2209:Core/Src/vl53l1_api.c **** 
 5218              		.loc 1 2209 1 is_stmt 0 view .LVU1629
 5219 0024 1846     		mov	r0, r3
 5220 0026 09B0     		add	sp, sp, #36
 5221              	.LCFI88:
 5222              		.cfi_remember_state
 5223              		.cfi_def_cfa_offset 12
 5224              		@ sp needed
 5225 0028 30BD     		pop	{r4, r5, pc}
 5226              	.LVL548:
 5227              	.L392:
 5228              	.LCFI89:
 5229              		.cfi_restore_state
2163:Core/Src/vl53l1_api.c **** 	}
 5230              		.loc 1 2163 4 is_stmt 1 view .LVU1630
2163:Core/Src/vl53l1_api.c **** 	}
 5231              		.loc 1 2163 13 is_stmt 0 view .LVU1631
 5232 002a 2946     		mov	r1, r5
 5233 002c 2046     		mov	r0, r4
 5234              	.LVL549:
2163:Core/Src/vl53l1_api.c **** 	}
 5235              		.loc 1 2163 13 view .LVU1632
 5236 002e FFF7FEFF 		bl	VL53L1_SetPresetMode
 5237              	.LVL550:
 5238 0032 0346     		mov	r3, r0
 5239              	.LVL551:
2163:Core/Src/vl53l1_api.c **** 	}
 5240              		.loc 1 2163 13 view .LVU1633
 5241 0034 F3E7     		b	.L386
 5242              	.L393:
2170:Core/Src/vl53l1_api.c **** 				(uint8_t)(0xA0 >> 2),
 5243              		.loc 1 2170 3 is_stmt 1 view .LVU1634
2170:Core/Src/vl53l1_api.c **** 				(uint8_t)(0xA0 >> 2),
 5244              		.loc 1 2170 12 is_stmt 0 view .LVU1635
ARM GAS  C:\Users\Lenovo\AppData\Local\Temp\ccE9MZbZ.s 			page 169


 5245 0036 01AB     		add	r3, sp, #4
 5246              	.LVL552:
2170:Core/Src/vl53l1_api.c **** 				(uint8_t)(0xA0 >> 2),
 5247              		.loc 1 2170 12 view .LVU1636
 5248 0038 0622     		movs	r2, #6
 5249 003a 2821     		movs	r1, #40
 5250 003c 2046     		mov	r0, r4
 5251 003e FFF7FEFF 		bl	VL53L1_read_nvm_raw_data
 5252              	.LVL553:
2175:Core/Src/vl53l1_api.c **** 			Status = VL53L1_WriteMulti(Dev,
 5253              		.loc 1 2175 3 is_stmt 1 view .LVU1637
2175:Core/Src/vl53l1_api.c **** 			Status = VL53L1_WriteMulti(Dev,
 5254              		.loc 1 2175 6 is_stmt 0 view .LVU1638
 5255 0042 0346     		mov	r3, r0
 5256 0044 20B3     		cbz	r0, .L394
 5257              	.LVL554:
 5258              	.L388:
2180:Core/Src/vl53l1_api.c **** 			pc->ref_spad_man__num_requested_ref_spads = numloc[0];
 5259              		.loc 1 2180 3 is_stmt 1 view .LVU1639
2180:Core/Src/vl53l1_api.c **** 			pc->ref_spad_man__num_requested_ref_spads = numloc[0];
 5260              		.loc 1 2180 6 is_stmt 0 view .LVU1640
 5261 0046 3BB9     		cbnz	r3, .L389
2181:Core/Src/vl53l1_api.c **** 			pc->ref_spad_man__ref_location = numloc[1];
 5262              		.loc 1 2181 4 is_stmt 1 view .LVU1641
2181:Core/Src/vl53l1_api.c **** 			pc->ref_spad_man__ref_location = numloc[1];
 5263              		.loc 1 2181 54 is_stmt 0 view .LVU1642
 5264 0048 9DF80020 		ldrb	r2, [sp]	@ zero_extendqisi2
2181:Core/Src/vl53l1_api.c **** 			pc->ref_spad_man__ref_location = numloc[1];
 5265              		.loc 1 2181 46 view .LVU1643
 5266 004c 84F84920 		strb	r2, [r4, #73]
2182:Core/Src/vl53l1_api.c **** 		}
 5267              		.loc 1 2182 4 is_stmt 1 view .LVU1644
2182:Core/Src/vl53l1_api.c **** 		}
 5268              		.loc 1 2182 43 is_stmt 0 view .LVU1645
 5269 0050 9DF80120 		ldrb	r2, [sp, #1]	@ zero_extendqisi2
2182:Core/Src/vl53l1_api.c **** 		}
 5270              		.loc 1 2182 35 view .LVU1646
 5271 0054 84F84A20 		strb	r2, [r4, #74]
 5272              	.L389:
2185:Core/Src/vl53l1_api.c **** 		/*
 5273              		.loc 1 2185 3 is_stmt 1 view .LVU1647
 5274              	.LVL555:
2189:Core/Src/vl53l1_api.c **** 			Status = VL53L1_WriteMulti(Dev,
 5275              		.loc 1 2189 3 view .LVU1648
2189:Core/Src/vl53l1_api.c **** 			Status = VL53L1_WriteMulti(Dev,
 5276              		.loc 1 2189 6 is_stmt 0 view .LVU1649
 5277 0058 13B3     		cbz	r3, .L395
 5278              	.L390:
2194:Core/Src/vl53l1_api.c **** 			pc->global_config__spad_enables_ref_0 = commbuf[0];
 5279              		.loc 1 2194 3 is_stmt 1 view .LVU1650
2194:Core/Src/vl53l1_api.c **** 			pc->global_config__spad_enables_ref_0 = commbuf[0];
 5280              		.loc 1 2194 6 is_stmt 0 view .LVU1651
 5281 005a 002B     		cmp	r3, #0
 5282 005c E2D1     		bne	.L387
2195:Core/Src/vl53l1_api.c **** 			pc->global_config__spad_enables_ref_1 = commbuf[1];
 5283              		.loc 1 2195 4 is_stmt 1 view .LVU1652
2195:Core/Src/vl53l1_api.c **** 			pc->global_config__spad_enables_ref_1 = commbuf[1];
ARM GAS  C:\Users\Lenovo\AppData\Local\Temp\ccE9MZbZ.s 			page 170


 5284              		.loc 1 2195 51 is_stmt 0 view .LVU1653
 5285 005e 9DF81420 		ldrb	r2, [sp, #20]	@ zero_extendqisi2
2195:Core/Src/vl53l1_api.c **** 			pc->global_config__spad_enables_ref_1 = commbuf[1];
 5286              		.loc 1 2195 42 view .LVU1654
 5287 0062 84F84220 		strb	r2, [r4, #66]
2196:Core/Src/vl53l1_api.c **** 			pc->global_config__spad_enables_ref_2 = commbuf[2];
 5288              		.loc 1 2196 4 is_stmt 1 view .LVU1655
2196:Core/Src/vl53l1_api.c **** 			pc->global_config__spad_enables_ref_2 = commbuf[2];
 5289              		.loc 1 2196 42 is_stmt 0 view .LVU1656
 5290 0066 9DF81520 		ldrb	r2, [sp, #21]	@ zero_extendqisi2
 5291 006a 84F84320 		strb	r2, [r4, #67]
2197:Core/Src/vl53l1_api.c **** 			pc->global_config__spad_enables_ref_3 = commbuf[3];
 5292              		.loc 1 2197 4 is_stmt 1 view .LVU1657
2197:Core/Src/vl53l1_api.c **** 			pc->global_config__spad_enables_ref_3 = commbuf[3];
 5293              		.loc 1 2197 42 is_stmt 0 view .LVU1658
 5294 006e 9DF81620 		ldrb	r2, [sp, #22]	@ zero_extendqisi2
 5295 0072 84F84420 		strb	r2, [r4, #68]
2198:Core/Src/vl53l1_api.c **** 			pc->global_config__spad_enables_ref_4 = commbuf[4];
 5296              		.loc 1 2198 4 is_stmt 1 view .LVU1659
2198:Core/Src/vl53l1_api.c **** 			pc->global_config__spad_enables_ref_4 = commbuf[4];
 5297              		.loc 1 2198 42 is_stmt 0 view .LVU1660
 5298 0076 9DF81720 		ldrb	r2, [sp, #23]	@ zero_extendqisi2
 5299 007a 84F84520 		strb	r2, [r4, #69]
2199:Core/Src/vl53l1_api.c **** 			pc->global_config__spad_enables_ref_5 = commbuf[5];
 5300              		.loc 1 2199 4 is_stmt 1 view .LVU1661
2199:Core/Src/vl53l1_api.c **** 			pc->global_config__spad_enables_ref_5 = commbuf[5];
 5301              		.loc 1 2199 42 is_stmt 0 view .LVU1662
 5302 007e 9DF81820 		ldrb	r2, [sp, #24]	@ zero_extendqisi2
 5303 0082 84F84620 		strb	r2, [r4, #70]
2200:Core/Src/vl53l1_api.c **** 		}
 5304              		.loc 1 2200 4 is_stmt 1 view .LVU1663
2200:Core/Src/vl53l1_api.c **** 		}
 5305              		.loc 1 2200 42 is_stmt 0 view .LVU1664
 5306 0086 9DF81920 		ldrb	r2, [sp, #25]	@ zero_extendqisi2
 5307 008a 84F84720 		strb	r2, [r4, #71]
 5308 008e C9E7     		b	.L387
 5309              	.LVL556:
 5310              	.L394:
2176:Core/Src/vl53l1_api.c **** 				VL53L1_REF_SPAD_MAN__NUM_REQUESTED_REF_SPADS,
 5311              		.loc 1 2176 4 is_stmt 1 view .LVU1665
2176:Core/Src/vl53l1_api.c **** 				VL53L1_REF_SPAD_MAN__NUM_REQUESTED_REF_SPADS,
 5312              		.loc 1 2176 13 is_stmt 0 view .LVU1666
 5313 0090 0223     		movs	r3, #2
 5314 0092 6A46     		mov	r2, sp
 5315 0094 1421     		movs	r1, #20
 5316 0096 2046     		mov	r0, r4
 5317              	.LVL557:
2176:Core/Src/vl53l1_api.c **** 				VL53L1_REF_SPAD_MAN__NUM_REQUESTED_REF_SPADS,
 5318              		.loc 1 2176 13 view .LVU1667
 5319 0098 FFF7FEFF 		bl	VL53L1_WriteMulti
 5320              	.LVL558:
 5321 009c 0346     		mov	r3, r0
 5322              	.LVL559:
2176:Core/Src/vl53l1_api.c **** 				VL53L1_REF_SPAD_MAN__NUM_REQUESTED_REF_SPADS,
 5323              		.loc 1 2176 13 view .LVU1668
 5324 009e D2E7     		b	.L388
 5325              	.LVL560:
ARM GAS  C:\Users\Lenovo\AppData\Local\Temp\ccE9MZbZ.s 			page 171


 5326              	.L395:
2190:Core/Src/vl53l1_api.c **** 				VL53L1_GLOBAL_CONFIG__SPAD_ENABLES_REF_0,
 5327              		.loc 1 2190 4 is_stmt 1 view .LVU1669
2190:Core/Src/vl53l1_api.c **** 				VL53L1_GLOBAL_CONFIG__SPAD_ENABLES_REF_0,
 5328              		.loc 1 2190 13 is_stmt 0 view .LVU1670
 5329 00a0 0623     		movs	r3, #6
 5330              	.LVL561:
2190:Core/Src/vl53l1_api.c **** 				VL53L1_GLOBAL_CONFIG__SPAD_ENABLES_REF_0,
 5331              		.loc 1 2190 13 view .LVU1671
 5332 00a2 05AA     		add	r2, sp, #20
 5333              	.LVL562:
2190:Core/Src/vl53l1_api.c **** 				VL53L1_GLOBAL_CONFIG__SPAD_ENABLES_REF_0,
 5334              		.loc 1 2190 13 view .LVU1672
 5335 00a4 0D21     		movs	r1, #13
 5336 00a6 2046     		mov	r0, r4
 5337 00a8 FFF7FEFF 		bl	VL53L1_WriteMulti
 5338              	.LVL563:
2190:Core/Src/vl53l1_api.c **** 				VL53L1_GLOBAL_CONFIG__SPAD_ENABLES_REF_0,
 5339              		.loc 1 2190 13 view .LVU1673
 5340 00ac 0346     		mov	r3, r0
 5341              	.LVL564:
2190:Core/Src/vl53l1_api.c **** 				VL53L1_GLOBAL_CONFIG__SPAD_ENABLES_REF_0,
 5342              		.loc 1 2190 13 view .LVU1674
 5343 00ae D4E7     		b	.L390
 5344              		.cfi_endproc
 5345              	.LFE61:
 5347              		.section	.text.VL53L1_SetXTalkCompensationEnable,"ax",%progbits
 5348              		.align	1
 5349              		.global	VL53L1_SetXTalkCompensationEnable
 5350              		.syntax unified
 5351              		.thumb
 5352              		.thumb_func
 5354              	VL53L1_SetXTalkCompensationEnable:
 5355              	.LVL565:
 5356              	.LFB62:
2214:Core/Src/vl53l1_api.c **** 	VL53L1_Error Status = VL53L1_ERROR_NONE;
 5357              		.loc 1 2214 1 is_stmt 1 view -0
 5358              		.cfi_startproc
 5359              		@ args = 0, pretend = 0, frame = 0
 5360              		@ frame_needed = 0, uses_anonymous_args = 0
2214:Core/Src/vl53l1_api.c **** 	VL53L1_Error Status = VL53L1_ERROR_NONE;
 5361              		.loc 1 2214 1 is_stmt 0 view .LVU1676
 5362 0000 08B5     		push	{r3, lr}
 5363              	.LCFI90:
 5364              		.cfi_def_cfa_offset 8
 5365              		.cfi_offset 3, -8
 5366              		.cfi_offset 14, -4
2215:Core/Src/vl53l1_api.c **** 
 5367              		.loc 1 2215 2 is_stmt 1 view .LVU1677
 5368              	.LVL566:
2217:Core/Src/vl53l1_api.c **** 
 5369              		.loc 1 2217 24 view .LVU1678
2219:Core/Src/vl53l1_api.c **** 		Status = VL53L1_disable_xtalk_compensation(Dev);
 5370              		.loc 1 2219 2 view .LVU1679
2219:Core/Src/vl53l1_api.c **** 		Status = VL53L1_disable_xtalk_compensation(Dev);
 5371              		.loc 1 2219 5 is_stmt 0 view .LVU1680
 5372 0002 11B9     		cbnz	r1, .L397
ARM GAS  C:\Users\Lenovo\AppData\Local\Temp\ccE9MZbZ.s 			page 172


2220:Core/Src/vl53l1_api.c **** 	else
 5373              		.loc 1 2220 3 is_stmt 1 view .LVU1681
2220:Core/Src/vl53l1_api.c **** 	else
 5374              		.loc 1 2220 12 is_stmt 0 view .LVU1682
 5375 0004 FFF7FEFF 		bl	VL53L1_disable_xtalk_compensation
 5376              	.LVL567:
 5377              	.L398:
2224:Core/Src/vl53l1_api.c **** 	return Status;
 5378              		.loc 1 2224 26 is_stmt 1 view .LVU1683
2225:Core/Src/vl53l1_api.c **** }
 5379              		.loc 1 2225 2 view .LVU1684
2226:Core/Src/vl53l1_api.c **** 
 5380              		.loc 1 2226 1 is_stmt 0 view .LVU1685
 5381 0008 08BD     		pop	{r3, pc}
 5382              	.LVL568:
 5383              	.L397:
2222:Core/Src/vl53l1_api.c **** 
 5384              		.loc 1 2222 3 is_stmt 1 view .LVU1686
2222:Core/Src/vl53l1_api.c **** 
 5385              		.loc 1 2222 12 is_stmt 0 view .LVU1687
 5386 000a FFF7FEFF 		bl	VL53L1_enable_xtalk_compensation
 5387              	.LVL569:
2222:Core/Src/vl53l1_api.c **** 
 5388              		.loc 1 2222 12 view .LVU1688
 5389 000e FBE7     		b	.L398
 5390              		.cfi_endproc
 5391              	.LFE62:
 5393              		.section	.text.VL53L1_GetXTalkCompensationEnable,"ax",%progbits
 5394              		.align	1
 5395              		.global	VL53L1_GetXTalkCompensationEnable
 5396              		.syntax unified
 5397              		.thumb
 5398              		.thumb_func
 5400              	VL53L1_GetXTalkCompensationEnable:
 5401              	.LVL570:
 5402              	.LFB63:
2231:Core/Src/vl53l1_api.c **** 	VL53L1_Error Status = VL53L1_ERROR_NONE;
 5403              		.loc 1 2231 1 is_stmt 1 view -0
 5404              		.cfi_startproc
 5405              		@ args = 0, pretend = 0, frame = 0
 5406              		@ frame_needed = 0, uses_anonymous_args = 0
2231:Core/Src/vl53l1_api.c **** 	VL53L1_Error Status = VL53L1_ERROR_NONE;
 5407              		.loc 1 2231 1 is_stmt 0 view .LVU1690
 5408 0000 08B5     		push	{r3, lr}
 5409              	.LCFI91:
 5410              		.cfi_def_cfa_offset 8
 5411              		.cfi_offset 3, -8
 5412              		.cfi_offset 14, -4
2232:Core/Src/vl53l1_api.c **** 
 5413              		.loc 1 2232 2 is_stmt 1 view .LVU1691
 5414              	.LVL571:
2234:Core/Src/vl53l1_api.c **** 
 5415              		.loc 1 2234 24 view .LVU1692
2236:Core/Src/vl53l1_api.c **** 		Dev,
 5416              		.loc 1 2236 2 view .LVU1693
 5417 0002 FFF7FEFF 		bl	VL53L1_get_xtalk_compensation_enable
 5418              	.LVL572:
ARM GAS  C:\Users\Lenovo\AppData\Local\Temp\ccE9MZbZ.s 			page 173


2240:Core/Src/vl53l1_api.c **** 	return Status;
 5419              		.loc 1 2240 26 view .LVU1694
2241:Core/Src/vl53l1_api.c **** }
 5420              		.loc 1 2241 2 view .LVU1695
2242:Core/Src/vl53l1_api.c **** 
 5421              		.loc 1 2242 1 is_stmt 0 view .LVU1696
 5422 0006 0020     		movs	r0, #0
 5423 0008 08BD     		pop	{r3, pc}
 5424              		.cfi_endproc
 5425              	.LFE63:
 5427              		.section	.text.VL53L1_PerformOffsetSimpleCalibration,"ax",%progbits
 5428              		.align	1
 5429              		.global	VL53L1_PerformOffsetSimpleCalibration
 5430              		.syntax unified
 5431              		.thumb
 5432              		.thumb_func
 5434              	VL53L1_PerformOffsetSimpleCalibration:
 5435              	.LVL573:
 5436              	.LFB65:
2268:Core/Src/vl53l1_api.c **** 	VL53L1_Error Status = VL53L1_ERROR_NONE;
 5437              		.loc 1 2268 1 is_stmt 1 view -0
 5438              		.cfi_startproc
 5439              		@ args = 0, pretend = 0, frame = 48
 5440              		@ frame_needed = 0, uses_anonymous_args = 0
2268:Core/Src/vl53l1_api.c **** 	VL53L1_Error Status = VL53L1_ERROR_NONE;
 5441              		.loc 1 2268 1 is_stmt 0 view .LVU1698
 5442 0000 2DE9F04F 		push	{r4, r5, r6, r7, r8, r9, r10, fp, lr}
 5443              	.LCFI92:
 5444              		.cfi_def_cfa_offset 36
 5445              		.cfi_offset 4, -36
 5446              		.cfi_offset 5, -32
 5447              		.cfi_offset 6, -28
 5448              		.cfi_offset 7, -24
 5449              		.cfi_offset 8, -20
 5450              		.cfi_offset 9, -16
 5451              		.cfi_offset 10, -12
 5452              		.cfi_offset 11, -8
 5453              		.cfi_offset 14, -4
 5454 0004 8DB0     		sub	sp, sp, #52
 5455              	.LCFI93:
 5456              		.cfi_def_cfa_offset 88
 5457 0006 0646     		mov	r6, r0
 5458 0008 0391     		str	r1, [sp, #12]
2269:Core/Src/vl53l1_api.c **** 	int32_t sum_ranging;
 5459              		.loc 1 2269 2 is_stmt 1 view .LVU1699
 5460              	.LVL574:
2270:Core/Src/vl53l1_api.c **** 	uint8_t offset_meas;
 5461              		.loc 1 2270 2 view .LVU1700
2271:Core/Src/vl53l1_api.c **** 	int16_t Max, UnderMax, OverMax, Repeat;
 5462              		.loc 1 2271 2 view .LVU1701
2272:Core/Src/vl53l1_api.c **** 	int32_t total_count, inloopcount;
 5463              		.loc 1 2272 2 view .LVU1702
2273:Core/Src/vl53l1_api.c **** 	int32_t IncRounding;
 5464              		.loc 1 2273 2 view .LVU1703
2274:Core/Src/vl53l1_api.c **** 	int16_t meanDistance_mm;
 5465              		.loc 1 2274 2 view .LVU1704
2275:Core/Src/vl53l1_api.c **** 	int16_t offset;
ARM GAS  C:\Users\Lenovo\AppData\Local\Temp\ccE9MZbZ.s 			page 174


 5466              		.loc 1 2275 2 view .LVU1705
2276:Core/Src/vl53l1_api.c **** 	VL53L1_RangingMeasurementData_t RangingMeasurementData;
 5467              		.loc 1 2276 2 view .LVU1706
2277:Core/Src/vl53l1_api.c **** 	VL53L1_LLDriverData_t *pdev;
 5468              		.loc 1 2277 2 view .LVU1707
2278:Core/Src/vl53l1_api.c **** 	uint8_t goodmeas;
 5469              		.loc 1 2278 2 view .LVU1708
2279:Core/Src/vl53l1_api.c **** 
 5470              		.loc 1 2279 2 view .LVU1709
2281:Core/Src/vl53l1_api.c **** 
 5471              		.loc 1 2281 24 view .LVU1710
2283:Core/Src/vl53l1_api.c **** 	/* Disable any offsets */
 5472              		.loc 1 2283 2 view .LVU1711
2285:Core/Src/vl53l1_api.c **** 	pdev->customer.mm_config__inner_offset_mm = 0;
 5473              		.loc 1 2285 2 view .LVU1712
2285:Core/Src/vl53l1_api.c **** 	pdev->customer.mm_config__inner_offset_mm = 0;
 5474              		.loc 1 2285 52 is_stmt 0 view .LVU1713
 5475 000a 0025     		movs	r5, #0
 5476 000c A0F85450 		strh	r5, [r0, #84]	@ movhi
2286:Core/Src/vl53l1_api.c **** 	pdev->customer.mm_config__outer_offset_mm = 0;
 5477              		.loc 1 2286 2 is_stmt 1 view .LVU1714
2286:Core/Src/vl53l1_api.c **** 	pdev->customer.mm_config__outer_offset_mm = 0;
 5478              		.loc 1 2286 44 is_stmt 0 view .LVU1715
 5479 0010 A0F85650 		strh	r5, [r0, #86]	@ movhi
2287:Core/Src/vl53l1_api.c **** 	Repeat = BDTable[VL53L1_TUNING_SIMPLE_OFFSET_CALIBRATION_REPEAT];
 5480              		.loc 1 2287 2 is_stmt 1 view .LVU1716
2287:Core/Src/vl53l1_api.c **** 	Repeat = BDTable[VL53L1_TUNING_SIMPLE_OFFSET_CALIBRATION_REPEAT];
 5481              		.loc 1 2287 44 is_stmt 0 view .LVU1717
 5482 0014 A0F85850 		strh	r5, [r0, #88]	@ movhi
2288:Core/Src/vl53l1_api.c **** 	Max = BDTable[
 5483              		.loc 1 2288 2 is_stmt 1 view .LVU1718
2288:Core/Src/vl53l1_api.c **** 	Max = BDTable[
 5484              		.loc 1 2288 18 is_stmt 0 view .LVU1719
 5485 0018 444B     		ldr	r3, .L421
2288:Core/Src/vl53l1_api.c **** 	Max = BDTable[
 5486              		.loc 1 2288 9 view .LVU1720
 5487 001a B3F91CA0 		ldrsh	r10, [r3, #28]
 5488              	.LVL575:
2289:Core/Src/vl53l1_api.c **** 		VL53L1_TUNING_MAX_SIMPLE_OFFSET_CALIBRATION_SAMPLE_NUMBER];
 5489              		.loc 1 2289 2 is_stmt 1 view .LVU1721
2289:Core/Src/vl53l1_api.c **** 		VL53L1_TUNING_MAX_SIMPLE_OFFSET_CALIBRATION_SAMPLE_NUMBER];
 5490              		.loc 1 2289 15 is_stmt 0 view .LVU1722
 5491 001e 5A69     		ldr	r2, [r3, #20]
2289:Core/Src/vl53l1_api.c **** 		VL53L1_TUNING_MAX_SIMPLE_OFFSET_CALIBRATION_SAMPLE_NUMBER];
 5492              		.loc 1 2289 6 view .LVU1723
 5493 0020 0FFA82F9 		sxth	r9, r2
 5494              	.LVL576:
2291:Core/Src/vl53l1_api.c **** 	OverMax = Max + (Max / 2);
 5495              		.loc 1 2291 2 is_stmt 1 view .LVU1724
2291:Core/Src/vl53l1_api.c **** 	OverMax = Max + (Max / 2);
 5496              		.loc 1 2291 15 is_stmt 0 view .LVU1725
 5497 0024 C2F3C033 		ubfx	r3, r2, #15, #1
 5498 0028 4B44     		add	r3, r3, r9
 5499 002a C3F34F03 		ubfx	r3, r3, #1, #16
 5500 002e 591C     		adds	r1, r3, #1
 5501              	.LVL577:
2291:Core/Src/vl53l1_api.c **** 	OverMax = Max + (Max / 2);
ARM GAS  C:\Users\Lenovo\AppData\Local\Temp\ccE9MZbZ.s 			page 175


 5502              		.loc 1 2291 11 view .LVU1726
 5503 0030 09B2     		sxth	r1, r1
 5504 0032 0291     		str	r1, [sp, #8]
 5505              	.LVL578:
2292:Core/Src/vl53l1_api.c **** 	sum_ranging = 0;
 5506              		.loc 1 2292 2 is_stmt 1 view .LVU1727
2292:Core/Src/vl53l1_api.c **** 	sum_ranging = 0;
 5507              		.loc 1 2292 16 is_stmt 0 view .LVU1728
 5508 0034 1344     		add	r3, r3, r2
2292:Core/Src/vl53l1_api.c **** 	sum_ranging = 0;
 5509              		.loc 1 2292 10 view .LVU1729
 5510 0036 0FFA83F8 		sxth	r8, r3
 5511              	.LVL579:
2293:Core/Src/vl53l1_api.c **** 	total_count = 0;
 5512              		.loc 1 2293 2 is_stmt 1 view .LVU1730
2294:Core/Src/vl53l1_api.c **** 
 5513              		.loc 1 2294 2 view .LVU1731
2296:Core/Src/vl53l1_api.c **** 		Status = VL53L1_StartMeasurement(Dev);
 5514              		.loc 1 2296 2 view .LVU1732
2294:Core/Src/vl53l1_api.c **** 
 5515              		.loc 1 2294 14 is_stmt 0 view .LVU1733
 5516 003a 0195     		str	r5, [sp, #4]
2293:Core/Src/vl53l1_api.c **** 	total_count = 0;
 5517              		.loc 1 2293 14 view .LVU1734
 5518 003c AB46     		mov	fp, r5
2296:Core/Src/vl53l1_api.c **** 		Status = VL53L1_StartMeasurement(Dev);
 5519              		.loc 1 2296 8 view .LVU1735
 5520 003e 3BE0     		b	.L403
 5521              	.LVL580:
 5522              	.L419:
2300:Core/Src/vl53l1_api.c **** 			VL53L1_GetRangingMeasurementData(Dev,
 5523              		.loc 1 2300 4 is_stmt 1 view .LVU1736
 5524 0040 3046     		mov	r0, r6
 5525              	.LVL581:
2300:Core/Src/vl53l1_api.c **** 			VL53L1_GetRangingMeasurementData(Dev,
 5526              		.loc 1 2300 4 is_stmt 0 view .LVU1737
 5527 0042 FFF7FEFF 		bl	VL53L1_WaitMeasurementDataReady
 5528              	.LVL582:
2301:Core/Src/vl53l1_api.c **** 				&RangingMeasurementData);
 5529              		.loc 1 2301 4 is_stmt 1 view .LVU1738
 5530 0046 05A9     		add	r1, sp, #20
 5531 0048 3046     		mov	r0, r6
 5532 004a FFF7FEFF 		bl	VL53L1_GetRangingMeasurementData
 5533              	.LVL583:
2303:Core/Src/vl53l1_api.c **** 		}
 5534              		.loc 1 2303 4 view .LVU1739
 5535 004e 3046     		mov	r0, r6
 5536 0050 FFF7FEFF 		bl	VL53L1_ClearInterruptAndStartMeasurement
 5537              	.LVL584:
 5538 0054 3AE0     		b	.L404
 5539              	.LVL585:
 5540              	.L418:
2312:Core/Src/vl53l1_api.c **** 						&RangingMeasurementData);
 5541              		.loc 1 2312 5 view .LVU1740
2312:Core/Src/vl53l1_api.c **** 						&RangingMeasurementData);
 5542              		.loc 1 2312 14 is_stmt 0 view .LVU1741
 5543 0056 05A9     		add	r1, sp, #20
ARM GAS  C:\Users\Lenovo\AppData\Local\Temp\ccE9MZbZ.s 			page 176


 5544 0058 3046     		mov	r0, r6
 5545              	.LVL586:
2312:Core/Src/vl53l1_api.c **** 						&RangingMeasurementData);
 5546              		.loc 1 2312 14 view .LVU1742
 5547 005a FFF7FEFF 		bl	VL53L1_GetRangingMeasurementData
 5548              	.LVL587:
 5549 005e 0346     		mov	r3, r0
 5550              	.LVL588:
2312:Core/Src/vl53l1_api.c **** 						&RangingMeasurementData);
 5551              		.loc 1 2312 14 view .LVU1743
 5552 0060 10E0     		b	.L405
 5553              	.LVL589:
 5554              	.L406:
2321:Core/Src/vl53l1_api.c **** 			offset_meas++;
 5555              		.loc 1 2321 4 is_stmt 1 view .LVU1744
2321:Core/Src/vl53l1_api.c **** 			offset_meas++;
 5556              		.loc 1 2321 13 is_stmt 0 view .LVU1745
 5557 0062 3046     		mov	r0, r6
 5558 0064 FFF7FEFF 		bl	VL53L1_ClearInterruptAndStartMeasurement
 5559              	.LVL590:
2321:Core/Src/vl53l1_api.c **** 			offset_meas++;
 5560              		.loc 1 2321 13 view .LVU1746
 5561 0068 0546     		mov	r5, r0
 5562              	.LVL591:
2322:Core/Src/vl53l1_api.c **** 		}
 5563              		.loc 1 2322 4 is_stmt 1 view .LVU1747
2322:Core/Src/vl53l1_api.c **** 		}
 5564              		.loc 1 2322 15 is_stmt 0 view .LVU1748
 5565 006a 0134     		adds	r4, r4, #1
 5566              	.LVL592:
2322:Core/Src/vl53l1_api.c **** 		}
 5567              		.loc 1 2322 15 view .LVU1749
 5568 006c E4B2     		uxtb	r4, r4
 5569              	.LVL593:
 5570              	.L407:
2308:Core/Src/vl53l1_api.c **** 				(offset_meas < OverMax)) {
 5571              		.loc 1 2308 9 is_stmt 1 view .LVU1750
 5572 006e A5B9     		cbnz	r5, .L408
2308:Core/Src/vl53l1_api.c **** 				(offset_meas < OverMax)) {
 5573              		.loc 1 2308 40 is_stmt 0 discriminator 1 view .LVU1751
 5574 0070 B945     		cmp	r9, r7
 5575 0072 12DD     		ble	.L408
2308:Core/Src/vl53l1_api.c **** 				(offset_meas < OverMax)) {
 5576              		.loc 1 2308 63 discriminator 2 view .LVU1752
 5577 0074 4445     		cmp	r4, r8
 5578 0076 10DA     		bge	.L408
2310:Core/Src/vl53l1_api.c **** 			if (Status == VL53L1_ERROR_NONE)
 5579              		.loc 1 2310 4 is_stmt 1 view .LVU1753
2310:Core/Src/vl53l1_api.c **** 			if (Status == VL53L1_ERROR_NONE)
 5580              		.loc 1 2310 13 is_stmt 0 view .LVU1754
 5581 0078 3046     		mov	r0, r6
 5582 007a FFF7FEFF 		bl	VL53L1_WaitMeasurementDataReady
 5583              	.LVL594:
2311:Core/Src/vl53l1_api.c **** 				Status = VL53L1_GetRangingMeasurementData(Dev,
 5584              		.loc 1 2311 4 is_stmt 1 view .LVU1755
2311:Core/Src/vl53l1_api.c **** 				Status = VL53L1_GetRangingMeasurementData(Dev,
 5585              		.loc 1 2311 7 is_stmt 0 view .LVU1756
ARM GAS  C:\Users\Lenovo\AppData\Local\Temp\ccE9MZbZ.s 			page 177


 5586 007e 0346     		mov	r3, r0
 5587 0080 0028     		cmp	r0, #0
 5588 0082 E8D0     		beq	.L418
 5589              	.LVL595:
 5590              	.L405:
2314:Core/Src/vl53l1_api.c **** 					VL53L1_RANGESTATUS_RANGE_VALID);
 5591              		.loc 1 2314 4 is_stmt 1 view .LVU1757
2314:Core/Src/vl53l1_api.c **** 					VL53L1_RANGESTATUS_RANGE_VALID);
 5592              		.loc 1 2314 38 is_stmt 0 view .LVU1758
 5593 0084 9DF82F20 		ldrb	r2, [sp, #47]	@ zero_extendqisi2
 5594              	.LVL596:
2316:Core/Src/vl53l1_api.c **** 				sum_ranging = sum_ranging +
 5595              		.loc 1 2316 4 is_stmt 1 view .LVU1759
2316:Core/Src/vl53l1_api.c **** 				sum_ranging = sum_ranging +
 5596              		.loc 1 2316 7 is_stmt 0 view .LVU1760
 5597 0088 002B     		cmp	r3, #0
 5598 008a EAD1     		bne	.L406
2316:Core/Src/vl53l1_api.c **** 				sum_ranging = sum_ranging +
 5599              		.loc 1 2316 38 discriminator 1 view .LVU1761
 5600 008c 002A     		cmp	r2, #0
 5601 008e E8D1     		bne	.L406
2317:Core/Src/vl53l1_api.c **** 					RangingMeasurementData.RangeMilliMeter;
 5602              		.loc 1 2317 5 is_stmt 1 view .LVU1762
2318:Core/Src/vl53l1_api.c **** 				inloopcount++;
 5603              		.loc 1 2318 28 is_stmt 0 view .LVU1763
 5604 0090 BDF92C30 		ldrsh	r3, [sp, #44]
 5605              	.LVL597:
2317:Core/Src/vl53l1_api.c **** 					RangingMeasurementData.RangeMilliMeter;
 5606              		.loc 1 2317 17 view .LVU1764
 5607 0094 9B44     		add	fp, fp, r3
 5608              	.LVL598:
2319:Core/Src/vl53l1_api.c **** 			}
 5609              		.loc 1 2319 5 is_stmt 1 view .LVU1765
2319:Core/Src/vl53l1_api.c **** 			}
 5610              		.loc 1 2319 16 is_stmt 0 view .LVU1766
 5611 0096 0137     		adds	r7, r7, #1
 5612              	.LVL599:
2319:Core/Src/vl53l1_api.c **** 			}
 5613              		.loc 1 2319 16 view .LVU1767
 5614 0098 E3E7     		b	.L406
 5615              	.LVL600:
 5616              	.L408:
2324:Core/Src/vl53l1_api.c **** 
 5617              		.loc 1 2324 3 is_stmt 1 view .LVU1768
2324:Core/Src/vl53l1_api.c **** 
 5618              		.loc 1 2324 15 is_stmt 0 view .LVU1769
 5619 009a 019B     		ldr	r3, [sp, #4]
 5620 009c 3B44     		add	r3, r3, r7
 5621 009e 0193     		str	r3, [sp, #4]
 5622              	.LVL601:
2327:Core/Src/vl53l1_api.c **** 			Status = VL53L1_ERROR_OFFSET_CAL_NO_SAMPLE_FAIL;
 5623              		.loc 1 2327 3 is_stmt 1 view .LVU1770
2327:Core/Src/vl53l1_api.c **** 			Status = VL53L1_ERROR_OFFSET_CAL_NO_SAMPLE_FAIL;
 5624              		.loc 1 2327 6 is_stmt 0 view .LVU1771
 5625 00a0 029B     		ldr	r3, [sp, #8]
 5626              	.LVL602:
2327:Core/Src/vl53l1_api.c **** 			Status = VL53L1_ERROR_OFFSET_CAL_NO_SAMPLE_FAIL;
ARM GAS  C:\Users\Lenovo\AppData\Local\Temp\ccE9MZbZ.s 			page 178


 5627              		.loc 1 2327 6 view .LVU1772
 5628 00a2 BB42     		cmp	r3, r7
 5629 00a4 01DD     		ble	.L410
2328:Core/Src/vl53l1_api.c **** 
 5630              		.loc 1 2328 11 view .LVU1773
 5631 00a6 6FF01705 		mvn	r5, #23
 5632              	.LVL603:
 5633              	.L410:
2330:Core/Src/vl53l1_api.c **** 
 5634              		.loc 1 2330 3 is_stmt 1 view .LVU1774
 5635 00aa 3046     		mov	r0, r6
 5636 00ac FFF7FEFF 		bl	VL53L1_StopMeasurement
 5637              	.LVL604:
2332:Core/Src/vl53l1_api.c **** 
 5638              		.loc 1 2332 3 view .LVU1775
2332:Core/Src/vl53l1_api.c **** 
 5639              		.loc 1 2332 9 is_stmt 0 view .LVU1776
 5640 00b0 0AF1FF3A 		add	r10, r10, #-1
 5641              	.LVL605:
2332:Core/Src/vl53l1_api.c **** 
 5642              		.loc 1 2332 9 view .LVU1777
 5643 00b4 0FFA8AFA 		sxth	r10, r10
 5644              	.LVL606:
 5645              	.L403:
2296:Core/Src/vl53l1_api.c **** 		Status = VL53L1_StartMeasurement(Dev);
 5646              		.loc 1 2296 8 is_stmt 1 view .LVU1778
 5647 00b8 BAF1000F 		cmp	r10, #0
 5648 00bc 09DD     		ble	.L411
2296:Core/Src/vl53l1_api.c **** 		Status = VL53L1_StartMeasurement(Dev);
 5649              		.loc 1 2296 22 is_stmt 0 discriminator 1 view .LVU1779
 5650 00be 45B9     		cbnz	r5, .L411
2297:Core/Src/vl53l1_api.c **** 		/* Very first ranging completion interrupt must be ignored */
 5651              		.loc 1 2297 3 is_stmt 1 view .LVU1780
2297:Core/Src/vl53l1_api.c **** 		/* Very first ranging completion interrupt must be ignored */
 5652              		.loc 1 2297 12 is_stmt 0 view .LVU1781
 5653 00c0 3046     		mov	r0, r6
 5654 00c2 FFF7FEFF 		bl	VL53L1_StartMeasurement
 5655              	.LVL607:
2299:Core/Src/vl53l1_api.c **** 			VL53L1_WaitMeasurementDataReady(Dev);
 5656              		.loc 1 2299 3 is_stmt 1 view .LVU1782
2299:Core/Src/vl53l1_api.c **** 			VL53L1_WaitMeasurementDataReady(Dev);
 5657              		.loc 1 2299 6 is_stmt 0 view .LVU1783
 5658 00c6 0546     		mov	r5, r0
 5659 00c8 0028     		cmp	r0, #0
 5660 00ca B9D0     		beq	.L419
 5661              	.LVL608:
 5662              	.L404:
2268:Core/Src/vl53l1_api.c **** 	VL53L1_Error Status = VL53L1_ERROR_NONE;
 5663              		.loc 1 2268 1 view .LVU1784
 5664 00cc 0027     		movs	r7, #0
 5665 00ce 3C46     		mov	r4, r7
 5666 00d0 CDE7     		b	.L407
 5667              	.LVL609:
 5668              	.L411:
2336:Core/Src/vl53l1_api.c **** 		(sum_ranging > ((int32_t) total_count * 0xffff)))
 5669              		.loc 1 2336 2 is_stmt 1 view .LVU1785
2336:Core/Src/vl53l1_api.c **** 		(sum_ranging > ((int32_t) total_count * 0xffff)))
ARM GAS  C:\Users\Lenovo\AppData\Local\Temp\ccE9MZbZ.s 			page 179


 5670              		.loc 1 2336 5 is_stmt 0 view .LVU1786
 5671 00d2 BBF1000F 		cmp	fp, #0
 5672 00d6 23DB     		blt	.L415
2337:Core/Src/vl53l1_api.c **** 		Status = VL53L1_WARNING_OFFSET_CAL_SIGMA_TOO_HIGH;
 5673              		.loc 1 2337 41 discriminator 1 view .LVU1787
 5674 00d8 019A     		ldr	r2, [sp, #4]
 5675 00da C2EB0243 		rsb	r3, r2, r2, lsl #16
2336:Core/Src/vl53l1_api.c **** 		(sum_ranging > ((int32_t) total_count * 0xffff)))
 5676              		.loc 1 2336 24 discriminator 1 view .LVU1788
 5677 00de 5B45     		cmp	r3, fp
 5678 00e0 21DB     		blt	.L416
2340:Core/Src/vl53l1_api.c **** 		IncRounding = total_count / 2;
 5679              		.loc 1 2340 2 is_stmt 1 view .LVU1789
2340:Core/Src/vl53l1_api.c **** 		IncRounding = total_count / 2;
 5680              		.loc 1 2340 5 is_stmt 0 view .LVU1790
 5681 00e2 0DB9     		cbnz	r5, .L413
2340:Core/Src/vl53l1_api.c **** 		IncRounding = total_count / 2;
 5682              		.loc 1 2340 36 discriminator 1 view .LVU1791
 5683 00e4 002A     		cmp	r2, #0
 5684 00e6 03DC     		bgt	.L420
 5685              	.LVL610:
 5686              	.L413:
2353:Core/Src/vl53l1_api.c **** 	return Status;
 5687              		.loc 1 2353 26 is_stmt 1 view .LVU1792
2354:Core/Src/vl53l1_api.c **** }
 5688              		.loc 1 2354 2 view .LVU1793
2355:Core/Src/vl53l1_api.c **** 
 5689              		.loc 1 2355 1 is_stmt 0 view .LVU1794
 5690 00e8 2846     		mov	r0, r5
 5691 00ea 0DB0     		add	sp, sp, #52
 5692              	.LCFI94:
 5693              		.cfi_remember_state
 5694              		.cfi_def_cfa_offset 36
 5695              		@ sp needed
 5696 00ec BDE8F08F 		pop	{r4, r5, r6, r7, r8, r9, r10, fp, pc}
 5697              	.LVL611:
 5698              	.L420:
 5699              	.LCFI95:
 5700              		.cfi_restore_state
2341:Core/Src/vl53l1_api.c **** 		meanDistance_mm = (int16_t)((sum_ranging + IncRounding)
 5701              		.loc 1 2341 3 is_stmt 1 view .LVU1795
2341:Core/Src/vl53l1_api.c **** 		meanDistance_mm = (int16_t)((sum_ranging + IncRounding)
 5702              		.loc 1 2341 15 is_stmt 0 view .LVU1796
 5703 00f0 02EBD273 		add	r3, r2, r2, lsr #31
 5704              	.LVL612:
2342:Core/Src/vl53l1_api.c **** 				/ total_count);
 5705              		.loc 1 2342 3 is_stmt 1 view .LVU1797
2342:Core/Src/vl53l1_api.c **** 				/ total_count);
 5706              		.loc 1 2342 44 is_stmt 0 view .LVU1798
 5707 00f4 0BEB6303 		add	r3, fp, r3, asr #1
 5708              	.LVL613:
2343:Core/Src/vl53l1_api.c **** 		offset = (int16_t)CalDistanceMilliMeter - meanDistance_mm;
 5709              		.loc 1 2343 5 view .LVU1799
 5710 00f8 93FBF2F3 		sdiv	r3, r3, r2
 5711              	.LVL614:
2344:Core/Src/vl53l1_api.c **** 		pdev->customer.algo__part_to_part_range_offset_mm = 0;
 5712              		.loc 1 2344 3 is_stmt 1 view .LVU1800
ARM GAS  C:\Users\Lenovo\AppData\Local\Temp\ccE9MZbZ.s 			page 180


2344:Core/Src/vl53l1_api.c **** 		pdev->customer.algo__part_to_part_range_offset_mm = 0;
 5713              		.loc 1 2344 12 is_stmt 0 view .LVU1801
 5714 00fc BDF80C20 		ldrh	r2, [sp, #12]
 5715              	.LVL615:
2344:Core/Src/vl53l1_api.c **** 		pdev->customer.algo__part_to_part_range_offset_mm = 0;
 5716              		.loc 1 2344 43 view .LVU1802
 5717 0100 D31A     		subs	r3, r2, r3
 5718              	.LVL616:
2344:Core/Src/vl53l1_api.c **** 		pdev->customer.algo__part_to_part_range_offset_mm = 0;
 5719              		.loc 1 2344 10 view .LVU1803
 5720 0102 1BB2     		sxth	r3, r3
 5721              	.LVL617:
2345:Core/Src/vl53l1_api.c **** 		pdev->customer.mm_config__inner_offset_mm = offset;
 5722              		.loc 1 2345 3 is_stmt 1 view .LVU1804
2345:Core/Src/vl53l1_api.c **** 		pdev->customer.mm_config__inner_offset_mm = offset;
 5723              		.loc 1 2345 53 is_stmt 0 view .LVU1805
 5724 0104 0022     		movs	r2, #0
 5725 0106 A6F85420 		strh	r2, [r6, #84]	@ movhi
2346:Core/Src/vl53l1_api.c **** 		pdev->customer.mm_config__outer_offset_mm = offset;
 5726              		.loc 1 2346 3 is_stmt 1 view .LVU1806
2346:Core/Src/vl53l1_api.c **** 		pdev->customer.mm_config__outer_offset_mm = offset;
 5727              		.loc 1 2346 45 is_stmt 0 view .LVU1807
 5728 010a A6F85630 		strh	r3, [r6, #86]	@ movhi
2347:Core/Src/vl53l1_api.c **** 
 5729              		.loc 1 2347 3 is_stmt 1 view .LVU1808
2347:Core/Src/vl53l1_api.c **** 
 5730              		.loc 1 2347 45 is_stmt 0 view .LVU1809
 5731 010e A6F85830 		strh	r3, [r6, #88]	@ movhi
2349:Core/Src/vl53l1_api.c **** 				&(pdev->customer));
 5732              		.loc 1 2349 3 is_stmt 1 view .LVU1810
2349:Core/Src/vl53l1_api.c **** 				&(pdev->customer));
 5733              		.loc 1 2349 12 is_stmt 0 view .LVU1811
 5734 0112 06F14201 		add	r1, r6, #66
 5735 0116 3046     		mov	r0, r6
 5736 0118 FFF7FEFF 		bl	VL53L1_set_customer_nvm_managed
 5737              	.LVL618:
2349:Core/Src/vl53l1_api.c **** 				&(pdev->customer));
 5738              		.loc 1 2349 12 view .LVU1812
 5739 011c 0546     		mov	r5, r0
 5740              	.LVL619:
2349:Core/Src/vl53l1_api.c **** 				&(pdev->customer));
 5741              		.loc 1 2349 12 view .LVU1813
 5742 011e E3E7     		b	.L413
 5743              	.LVL620:
 5744              	.L415:
2338:Core/Src/vl53l1_api.c **** 
 5745              		.loc 1 2338 10 view .LVU1814
 5746 0120 6FF01F05 		mvn	r5, #31
 5747              	.LVL621:
2338:Core/Src/vl53l1_api.c **** 
 5748              		.loc 1 2338 10 view .LVU1815
 5749 0124 E0E7     		b	.L413
 5750              	.LVL622:
 5751              	.L416:
2338:Core/Src/vl53l1_api.c **** 
 5752              		.loc 1 2338 10 view .LVU1816
 5753 0126 6FF01F05 		mvn	r5, #31
ARM GAS  C:\Users\Lenovo\AppData\Local\Temp\ccE9MZbZ.s 			page 181


 5754              	.LVL623:
2338:Core/Src/vl53l1_api.c **** 
 5755              		.loc 1 2338 10 view .LVU1817
 5756 012a DDE7     		b	.L413
 5757              	.L422:
 5758              		.align	2
 5759              	.L421:
 5760 012c 00000000 		.word	.LANCHOR0
 5761              		.cfi_endproc
 5762              	.LFE65:
 5764              		.section	.text.VL53L1_PerformOffsetZeroDistanceCalibration,"ax",%progbits
 5765              		.align	1
 5766              		.global	VL53L1_PerformOffsetZeroDistanceCalibration
 5767              		.syntax unified
 5768              		.thumb
 5769              		.thumb_func
 5771              	VL53L1_PerformOffsetZeroDistanceCalibration:
 5772              	.LVL624:
 5773              	.LFB66:
2358:Core/Src/vl53l1_api.c **** 	#define START_OFFSET 50
 5774              		.loc 1 2358 1 is_stmt 1 view -0
 5775              		.cfi_startproc
 5776              		@ args = 0, pretend = 0, frame = 48
 5777              		@ frame_needed = 0, uses_anonymous_args = 0
2358:Core/Src/vl53l1_api.c **** 	#define START_OFFSET 50
 5778              		.loc 1 2358 1 is_stmt 0 view .LVU1819
 5779 0000 2DE9F04F 		push	{r4, r5, r6, r7, r8, r9, r10, fp, lr}
 5780              	.LCFI96:
 5781              		.cfi_def_cfa_offset 36
 5782              		.cfi_offset 4, -36
 5783              		.cfi_offset 5, -32
 5784              		.cfi_offset 6, -28
 5785              		.cfi_offset 7, -24
 5786              		.cfi_offset 8, -20
 5787              		.cfi_offset 9, -16
 5788              		.cfi_offset 10, -12
 5789              		.cfi_offset 11, -8
 5790              		.cfi_offset 14, -4
 5791 0004 8DB0     		sub	sp, sp, #52
 5792              	.LCFI97:
 5793              		.cfi_def_cfa_offset 88
 5794 0006 0646     		mov	r6, r0
2360:Core/Src/vl53l1_api.c **** 	int32_t sum_ranging;
 5795              		.loc 1 2360 2 is_stmt 1 view .LVU1820
 5796              	.LVL625:
2361:Core/Src/vl53l1_api.c **** 	uint8_t offset_meas;
 5797              		.loc 1 2361 2 view .LVU1821
2362:Core/Src/vl53l1_api.c **** 	int16_t Max, UnderMax, OverMax, Repeat;
 5798              		.loc 1 2362 2 view .LVU1822
2363:Core/Src/vl53l1_api.c **** 	int32_t total_count, inloopcount;
 5799              		.loc 1 2363 2 view .LVU1823
2364:Core/Src/vl53l1_api.c **** 	int32_t IncRounding;
 5800              		.loc 1 2364 2 view .LVU1824
2365:Core/Src/vl53l1_api.c **** 	int16_t meanDistance_mm;
 5801              		.loc 1 2365 2 view .LVU1825
2366:Core/Src/vl53l1_api.c **** 	int16_t offset, ZeroDistanceOffset;
 5802              		.loc 1 2366 2 view .LVU1826
ARM GAS  C:\Users\Lenovo\AppData\Local\Temp\ccE9MZbZ.s 			page 182


2367:Core/Src/vl53l1_api.c **** 	VL53L1_RangingMeasurementData_t RangingMeasurementData;
 5803              		.loc 1 2367 2 view .LVU1827
2368:Core/Src/vl53l1_api.c **** 	VL53L1_LLDriverData_t *pdev;
 5804              		.loc 1 2368 2 view .LVU1828
2369:Core/Src/vl53l1_api.c **** 	uint8_t goodmeas;
 5805              		.loc 1 2369 2 view .LVU1829
2370:Core/Src/vl53l1_api.c **** 
 5806              		.loc 1 2370 2 view .LVU1830
2372:Core/Src/vl53l1_api.c **** 
 5807              		.loc 1 2372 24 view .LVU1831
2374:Core/Src/vl53l1_api.c **** 	pdev->customer.algo__part_to_part_range_offset_mm = 0;
 5808              		.loc 1 2374 2 view .LVU1832
2375:Core/Src/vl53l1_api.c **** 	pdev->customer.mm_config__inner_offset_mm = START_OFFSET;
 5809              		.loc 1 2375 2 view .LVU1833
2375:Core/Src/vl53l1_api.c **** 	pdev->customer.mm_config__inner_offset_mm = START_OFFSET;
 5810              		.loc 1 2375 52 is_stmt 0 view .LVU1834
 5811 0008 0025     		movs	r5, #0
 5812 000a A0F85450 		strh	r5, [r0, #84]	@ movhi
2376:Core/Src/vl53l1_api.c **** 	pdev->customer.mm_config__outer_offset_mm = START_OFFSET;
 5813              		.loc 1 2376 2 is_stmt 1 view .LVU1835
2376:Core/Src/vl53l1_api.c **** 	pdev->customer.mm_config__outer_offset_mm = START_OFFSET;
 5814              		.loc 1 2376 44 is_stmt 0 view .LVU1836
 5815 000e 3223     		movs	r3, #50
 5816 0010 A0F85630 		strh	r3, [r0, #86]	@ movhi
2377:Core/Src/vl53l1_api.c **** 	ZeroDistanceOffset = BDTable[
 5817              		.loc 1 2377 2 is_stmt 1 view .LVU1837
2377:Core/Src/vl53l1_api.c **** 	ZeroDistanceOffset = BDTable[
 5818              		.loc 1 2377 44 is_stmt 0 view .LVU1838
 5819 0014 A0F85830 		strh	r3, [r0, #88]	@ movhi
2378:Core/Src/vl53l1_api.c **** 		VL53L1_TUNING_ZERO_DISTANCE_OFFSET_NON_LINEAR_FACTOR];
 5820              		.loc 1 2378 2 is_stmt 1 view .LVU1839
2378:Core/Src/vl53l1_api.c **** 		VL53L1_TUNING_ZERO_DISTANCE_OFFSET_NON_LINEAR_FACTOR];
 5821              		.loc 1 2378 30 is_stmt 0 view .LVU1840
 5822 0018 454B     		ldr	r3, .L442
 5823 001a 9A6A     		ldr	r2, [r3, #40]
 5824 001c 0392     		str	r2, [sp, #12]
 5825              	.LVL626:
2380:Core/Src/vl53l1_api.c **** 	Max = BDTable[
 5826              		.loc 1 2380 2 is_stmt 1 view .LVU1841
2380:Core/Src/vl53l1_api.c **** 	Max = BDTable[
 5827              		.loc 1 2380 9 is_stmt 0 view .LVU1842
 5828 001e B3F91CA0 		ldrsh	r10, [r3, #28]
 5829              	.LVL627:
2381:Core/Src/vl53l1_api.c **** 		VL53L1_TUNING_MAX_SIMPLE_OFFSET_CALIBRATION_SAMPLE_NUMBER];
 5830              		.loc 1 2381 2 is_stmt 1 view .LVU1843
2381:Core/Src/vl53l1_api.c **** 		VL53L1_TUNING_MAX_SIMPLE_OFFSET_CALIBRATION_SAMPLE_NUMBER];
 5831              		.loc 1 2381 15 is_stmt 0 view .LVU1844
 5832 0022 5A69     		ldr	r2, [r3, #20]
2381:Core/Src/vl53l1_api.c **** 		VL53L1_TUNING_MAX_SIMPLE_OFFSET_CALIBRATION_SAMPLE_NUMBER];
 5833              		.loc 1 2381 6 view .LVU1845
 5834 0024 0FFA82F9 		sxth	r9, r2
 5835              	.LVL628:
2383:Core/Src/vl53l1_api.c **** 	OverMax = Max + (Max / 2);
 5836              		.loc 1 2383 2 is_stmt 1 view .LVU1846
2383:Core/Src/vl53l1_api.c **** 	OverMax = Max + (Max / 2);
 5837              		.loc 1 2383 15 is_stmt 0 view .LVU1847
 5838 0028 C2F3C033 		ubfx	r3, r2, #15, #1
ARM GAS  C:\Users\Lenovo\AppData\Local\Temp\ccE9MZbZ.s 			page 183


 5839 002c 4B44     		add	r3, r3, r9
 5840 002e C3F34F03 		ubfx	r3, r3, #1, #16
 5841 0032 591C     		adds	r1, r3, #1
2383:Core/Src/vl53l1_api.c **** 	OverMax = Max + (Max / 2);
 5842              		.loc 1 2383 11 view .LVU1848
 5843 0034 09B2     		sxth	r1, r1
 5844 0036 0291     		str	r1, [sp, #8]
 5845              	.LVL629:
2384:Core/Src/vl53l1_api.c **** 	sum_ranging = 0;
 5846              		.loc 1 2384 2 is_stmt 1 view .LVU1849
2384:Core/Src/vl53l1_api.c **** 	sum_ranging = 0;
 5847              		.loc 1 2384 16 is_stmt 0 view .LVU1850
 5848 0038 1344     		add	r3, r3, r2
2384:Core/Src/vl53l1_api.c **** 	sum_ranging = 0;
 5849              		.loc 1 2384 10 view .LVU1851
 5850 003a 0FFA83F8 		sxth	r8, r3
 5851              	.LVL630:
2385:Core/Src/vl53l1_api.c **** 	total_count = 0;
 5852              		.loc 1 2385 2 is_stmt 1 view .LVU1852
2386:Core/Src/vl53l1_api.c **** 
 5853              		.loc 1 2386 2 view .LVU1853
2388:Core/Src/vl53l1_api.c **** 		Status = VL53L1_StartMeasurement(Dev);
 5854              		.loc 1 2388 2 view .LVU1854
2386:Core/Src/vl53l1_api.c **** 
 5855              		.loc 1 2386 14 is_stmt 0 view .LVU1855
 5856 003e 0195     		str	r5, [sp, #4]
2385:Core/Src/vl53l1_api.c **** 	total_count = 0;
 5857              		.loc 1 2385 14 view .LVU1856
 5858 0040 AB46     		mov	fp, r5
2388:Core/Src/vl53l1_api.c **** 		Status = VL53L1_StartMeasurement(Dev);
 5859              		.loc 1 2388 8 view .LVU1857
 5860 0042 3BE0     		b	.L424
 5861              	.LVL631:
 5862              	.L440:
2391:Core/Src/vl53l1_api.c **** 			VL53L1_GetRangingMeasurementData(Dev,
 5863              		.loc 1 2391 4 is_stmt 1 view .LVU1858
 5864 0044 3046     		mov	r0, r6
 5865              	.LVL632:
2391:Core/Src/vl53l1_api.c **** 			VL53L1_GetRangingMeasurementData(Dev,
 5866              		.loc 1 2391 4 is_stmt 0 view .LVU1859
 5867 0046 FFF7FEFF 		bl	VL53L1_WaitMeasurementDataReady
 5868              	.LVL633:
2392:Core/Src/vl53l1_api.c **** 				&RangingMeasurementData);
 5869              		.loc 1 2392 4 is_stmt 1 view .LVU1860
 5870 004a 05A9     		add	r1, sp, #20
 5871 004c 3046     		mov	r0, r6
 5872 004e FFF7FEFF 		bl	VL53L1_GetRangingMeasurementData
 5873              	.LVL634:
2394:Core/Src/vl53l1_api.c **** 		}
 5874              		.loc 1 2394 4 view .LVU1861
 5875 0052 3046     		mov	r0, r6
 5876 0054 FFF7FEFF 		bl	VL53L1_ClearInterruptAndStartMeasurement
 5877              	.LVL635:
 5878 0058 3AE0     		b	.L425
 5879              	.LVL636:
 5880              	.L439:
2402:Core/Src/vl53l1_api.c **** 					&RangingMeasurementData);
ARM GAS  C:\Users\Lenovo\AppData\Local\Temp\ccE9MZbZ.s 			page 184


 5881              		.loc 1 2402 5 view .LVU1862
2402:Core/Src/vl53l1_api.c **** 					&RangingMeasurementData);
 5882              		.loc 1 2402 14 is_stmt 0 view .LVU1863
 5883 005a 05A9     		add	r1, sp, #20
 5884 005c 3046     		mov	r0, r6
 5885              	.LVL637:
2402:Core/Src/vl53l1_api.c **** 					&RangingMeasurementData);
 5886              		.loc 1 2402 14 view .LVU1864
 5887 005e FFF7FEFF 		bl	VL53L1_GetRangingMeasurementData
 5888              	.LVL638:
 5889 0062 0346     		mov	r3, r0
 5890              	.LVL639:
2402:Core/Src/vl53l1_api.c **** 					&RangingMeasurementData);
 5891              		.loc 1 2402 14 view .LVU1865
 5892 0064 10E0     		b	.L426
 5893              	.LVL640:
 5894              	.L427:
2411:Core/Src/vl53l1_api.c **** 			offset_meas++;
 5895              		.loc 1 2411 4 is_stmt 1 view .LVU1866
2411:Core/Src/vl53l1_api.c **** 			offset_meas++;
 5896              		.loc 1 2411 13 is_stmt 0 view .LVU1867
 5897 0066 3046     		mov	r0, r6
 5898 0068 FFF7FEFF 		bl	VL53L1_ClearInterruptAndStartMeasurement
 5899              	.LVL641:
2411:Core/Src/vl53l1_api.c **** 			offset_meas++;
 5900              		.loc 1 2411 13 view .LVU1868
 5901 006c 0546     		mov	r5, r0
 5902              	.LVL642:
2412:Core/Src/vl53l1_api.c **** 		}
 5903              		.loc 1 2412 4 is_stmt 1 view .LVU1869
2412:Core/Src/vl53l1_api.c **** 		}
 5904              		.loc 1 2412 15 is_stmt 0 view .LVU1870
 5905 006e 0134     		adds	r4, r4, #1
 5906              	.LVL643:
2412:Core/Src/vl53l1_api.c **** 		}
 5907              		.loc 1 2412 15 view .LVU1871
 5908 0070 E4B2     		uxtb	r4, r4
 5909              	.LVL644:
 5910              	.L428:
2398:Core/Src/vl53l1_api.c **** 				(offset_meas < OverMax)) {
 5911              		.loc 1 2398 9 is_stmt 1 view .LVU1872
 5912 0072 A5B9     		cbnz	r5, .L429
2398:Core/Src/vl53l1_api.c **** 				(offset_meas < OverMax)) {
 5913              		.loc 1 2398 40 is_stmt 0 discriminator 1 view .LVU1873
 5914 0074 B945     		cmp	r9, r7
 5915 0076 12DD     		ble	.L429
2398:Core/Src/vl53l1_api.c **** 				(offset_meas < OverMax)) {
 5916              		.loc 1 2398 63 discriminator 2 view .LVU1874
 5917 0078 4445     		cmp	r4, r8
 5918 007a 10DA     		bge	.L429
2400:Core/Src/vl53l1_api.c **** 			if (Status == VL53L1_ERROR_NONE)
 5919              		.loc 1 2400 4 is_stmt 1 view .LVU1875
2400:Core/Src/vl53l1_api.c **** 			if (Status == VL53L1_ERROR_NONE)
 5920              		.loc 1 2400 13 is_stmt 0 view .LVU1876
 5921 007c 3046     		mov	r0, r6
 5922 007e FFF7FEFF 		bl	VL53L1_WaitMeasurementDataReady
 5923              	.LVL645:
ARM GAS  C:\Users\Lenovo\AppData\Local\Temp\ccE9MZbZ.s 			page 185


2401:Core/Src/vl53l1_api.c **** 				Status = VL53L1_GetRangingMeasurementData(Dev,
 5924              		.loc 1 2401 4 is_stmt 1 view .LVU1877
2401:Core/Src/vl53l1_api.c **** 				Status = VL53L1_GetRangingMeasurementData(Dev,
 5925              		.loc 1 2401 7 is_stmt 0 view .LVU1878
 5926 0082 0346     		mov	r3, r0
 5927 0084 0028     		cmp	r0, #0
 5928 0086 E8D0     		beq	.L439
 5929              	.LVL646:
 5930              	.L426:
2404:Core/Src/vl53l1_api.c **** 					VL53L1_RANGESTATUS_RANGE_VALID);
 5931              		.loc 1 2404 4 is_stmt 1 view .LVU1879
2404:Core/Src/vl53l1_api.c **** 					VL53L1_RANGESTATUS_RANGE_VALID);
 5932              		.loc 1 2404 38 is_stmt 0 view .LVU1880
 5933 0088 9DF82F20 		ldrb	r2, [sp, #47]	@ zero_extendqisi2
 5934              	.LVL647:
2406:Core/Src/vl53l1_api.c **** 				sum_ranging = sum_ranging +
 5935              		.loc 1 2406 4 is_stmt 1 view .LVU1881
2406:Core/Src/vl53l1_api.c **** 				sum_ranging = sum_ranging +
 5936              		.loc 1 2406 7 is_stmt 0 view .LVU1882
 5937 008c 002B     		cmp	r3, #0
 5938 008e EAD1     		bne	.L427
2406:Core/Src/vl53l1_api.c **** 				sum_ranging = sum_ranging +
 5939              		.loc 1 2406 38 discriminator 1 view .LVU1883
 5940 0090 002A     		cmp	r2, #0
 5941 0092 E8D1     		bne	.L427
2407:Core/Src/vl53l1_api.c **** 					RangingMeasurementData.RangeMilliMeter;
 5942              		.loc 1 2407 5 is_stmt 1 view .LVU1884
2408:Core/Src/vl53l1_api.c **** 				inloopcount++;
 5943              		.loc 1 2408 28 is_stmt 0 view .LVU1885
 5944 0094 BDF92C30 		ldrsh	r3, [sp, #44]
 5945              	.LVL648:
2407:Core/Src/vl53l1_api.c **** 					RangingMeasurementData.RangeMilliMeter;
 5946              		.loc 1 2407 17 view .LVU1886
 5947 0098 9B44     		add	fp, fp, r3
 5948              	.LVL649:
2409:Core/Src/vl53l1_api.c **** 			}
 5949              		.loc 1 2409 5 is_stmt 1 view .LVU1887
2409:Core/Src/vl53l1_api.c **** 			}
 5950              		.loc 1 2409 16 is_stmt 0 view .LVU1888
 5951 009a 0137     		adds	r7, r7, #1
 5952              	.LVL650:
2409:Core/Src/vl53l1_api.c **** 			}
 5953              		.loc 1 2409 16 view .LVU1889
 5954 009c E3E7     		b	.L427
 5955              	.LVL651:
 5956              	.L429:
2414:Core/Src/vl53l1_api.c **** 		if (inloopcount < UnderMax)
 5957              		.loc 1 2414 3 is_stmt 1 view .LVU1890
2414:Core/Src/vl53l1_api.c **** 		if (inloopcount < UnderMax)
 5958              		.loc 1 2414 15 is_stmt 0 view .LVU1891
 5959 009e 019B     		ldr	r3, [sp, #4]
 5960 00a0 3B44     		add	r3, r3, r7
 5961 00a2 0193     		str	r3, [sp, #4]
 5962              	.LVL652:
2415:Core/Src/vl53l1_api.c **** 			Status = VL53L1_ERROR_OFFSET_CAL_NO_SAMPLE_FAIL;
 5963              		.loc 1 2415 3 is_stmt 1 view .LVU1892
2415:Core/Src/vl53l1_api.c **** 			Status = VL53L1_ERROR_OFFSET_CAL_NO_SAMPLE_FAIL;
ARM GAS  C:\Users\Lenovo\AppData\Local\Temp\ccE9MZbZ.s 			page 186


 5964              		.loc 1 2415 6 is_stmt 0 view .LVU1893
 5965 00a4 029B     		ldr	r3, [sp, #8]
 5966              	.LVL653:
2415:Core/Src/vl53l1_api.c **** 			Status = VL53L1_ERROR_OFFSET_CAL_NO_SAMPLE_FAIL;
 5967              		.loc 1 2415 6 view .LVU1894
 5968 00a6 BB42     		cmp	r3, r7
 5969 00a8 01DD     		ble	.L431
2416:Core/Src/vl53l1_api.c **** 		VL53L1_StopMeasurement(Dev);
 5970              		.loc 1 2416 11 view .LVU1895
 5971 00aa 6FF01705 		mvn	r5, #23
 5972              	.LVL654:
 5973              	.L431:
2417:Core/Src/vl53l1_api.c **** 		Repeat--;
 5974              		.loc 1 2417 3 is_stmt 1 view .LVU1896
 5975 00ae 3046     		mov	r0, r6
 5976 00b0 FFF7FEFF 		bl	VL53L1_StopMeasurement
 5977              	.LVL655:
2418:Core/Src/vl53l1_api.c **** 	}
 5978              		.loc 1 2418 3 view .LVU1897
2418:Core/Src/vl53l1_api.c **** 	}
 5979              		.loc 1 2418 9 is_stmt 0 view .LVU1898
 5980 00b4 0AF1FF3A 		add	r10, r10, #-1
 5981              	.LVL656:
2418:Core/Src/vl53l1_api.c **** 	}
 5982              		.loc 1 2418 9 view .LVU1899
 5983 00b8 0FFA8AFA 		sxth	r10, r10
 5984              	.LVL657:
 5985              	.L424:
2388:Core/Src/vl53l1_api.c **** 		Status = VL53L1_StartMeasurement(Dev);
 5986              		.loc 1 2388 8 is_stmt 1 view .LVU1900
 5987 00bc BAF1000F 		cmp	r10, #0
 5988 00c0 09DD     		ble	.L432
2388:Core/Src/vl53l1_api.c **** 		Status = VL53L1_StartMeasurement(Dev);
 5989              		.loc 1 2388 22 is_stmt 0 discriminator 1 view .LVU1901
 5990 00c2 45B9     		cbnz	r5, .L432
2389:Core/Src/vl53l1_api.c **** 		if (Status == VL53L1_ERROR_NONE) {
 5991              		.loc 1 2389 3 is_stmt 1 view .LVU1902
2389:Core/Src/vl53l1_api.c **** 		if (Status == VL53L1_ERROR_NONE) {
 5992              		.loc 1 2389 12 is_stmt 0 view .LVU1903
 5993 00c4 3046     		mov	r0, r6
 5994 00c6 FFF7FEFF 		bl	VL53L1_StartMeasurement
 5995              	.LVL658:
2390:Core/Src/vl53l1_api.c **** 			VL53L1_WaitMeasurementDataReady(Dev);
 5996              		.loc 1 2390 3 is_stmt 1 view .LVU1904
2390:Core/Src/vl53l1_api.c **** 			VL53L1_WaitMeasurementDataReady(Dev);
 5997              		.loc 1 2390 6 is_stmt 0 view .LVU1905
 5998 00ca 0546     		mov	r5, r0
 5999 00cc 0028     		cmp	r0, #0
 6000 00ce B9D0     		beq	.L440
 6001              	.LVL659:
 6002              	.L425:
2358:Core/Src/vl53l1_api.c **** 	#define START_OFFSET 50
 6003              		.loc 1 2358 1 view .LVU1906
 6004 00d0 0027     		movs	r7, #0
 6005 00d2 3C46     		mov	r4, r7
 6006 00d4 CDE7     		b	.L428
 6007              	.LVL660:
ARM GAS  C:\Users\Lenovo\AppData\Local\Temp\ccE9MZbZ.s 			page 187


 6008              	.L432:
2420:Core/Src/vl53l1_api.c **** 		(sum_ranging > ((int32_t) total_count * 0xffff)))
 6009              		.loc 1 2420 2 is_stmt 1 view .LVU1907
2420:Core/Src/vl53l1_api.c **** 		(sum_ranging > ((int32_t) total_count * 0xffff)))
 6010              		.loc 1 2420 5 is_stmt 0 view .LVU1908
 6011 00d6 BBF1000F 		cmp	fp, #0
 6012 00da 23DB     		blt	.L436
2421:Core/Src/vl53l1_api.c **** 		Status = VL53L1_WARNING_OFFSET_CAL_SIGMA_TOO_HIGH;
 6013              		.loc 1 2421 41 discriminator 1 view .LVU1909
 6014 00dc 019A     		ldr	r2, [sp, #4]
 6015 00de C2EB0243 		rsb	r3, r2, r2, lsl #16
2420:Core/Src/vl53l1_api.c **** 		(sum_ranging > ((int32_t) total_count * 0xffff)))
 6016              		.loc 1 2420 24 discriminator 1 view .LVU1910
 6017 00e2 5B45     		cmp	r3, fp
 6018 00e4 21DB     		blt	.L437
2424:Core/Src/vl53l1_api.c **** 		IncRounding = total_count / 2;
 6019              		.loc 1 2424 2 is_stmt 1 view .LVU1911
2424:Core/Src/vl53l1_api.c **** 		IncRounding = total_count / 2;
 6020              		.loc 1 2424 5 is_stmt 0 view .LVU1912
 6021 00e6 0DB9     		cbnz	r5, .L434
2424:Core/Src/vl53l1_api.c **** 		IncRounding = total_count / 2;
 6022              		.loc 1 2424 36 discriminator 1 view .LVU1913
 6023 00e8 002A     		cmp	r2, #0
 6024 00ea 03DC     		bgt	.L441
 6025              	.LVL661:
 6026              	.L434:
2436:Core/Src/vl53l1_api.c **** 	return Status;
 6027              		.loc 1 2436 26 is_stmt 1 view .LVU1914
2437:Core/Src/vl53l1_api.c **** }
 6028              		.loc 1 2437 2 view .LVU1915
2438:Core/Src/vl53l1_api.c **** 
 6029              		.loc 1 2438 1 is_stmt 0 view .LVU1916
 6030 00ec 2846     		mov	r0, r5
 6031 00ee 0DB0     		add	sp, sp, #52
 6032              	.LCFI98:
 6033              		.cfi_remember_state
 6034              		.cfi_def_cfa_offset 36
 6035              		@ sp needed
 6036 00f0 BDE8F08F 		pop	{r4, r5, r6, r7, r8, r9, r10, fp, pc}
 6037              	.LVL662:
 6038              	.L441:
 6039              	.LCFI99:
 6040              		.cfi_restore_state
2425:Core/Src/vl53l1_api.c **** 		meanDistance_mm = (int16_t)
 6041              		.loc 1 2425 3 is_stmt 1 view .LVU1917
2425:Core/Src/vl53l1_api.c **** 		meanDistance_mm = (int16_t)
 6042              		.loc 1 2425 15 is_stmt 0 view .LVU1918
 6043 00f4 02EBD273 		add	r3, r2, r2, lsr #31
 6044              	.LVL663:
2426:Core/Src/vl53l1_api.c **** 			((sum_ranging + IncRounding) / total_count);
 6045              		.loc 1 2426 3 is_stmt 1 view .LVU1919
2427:Core/Src/vl53l1_api.c **** 		offset = START_OFFSET - meanDistance_mm + ZeroDistanceOffset;
 6046              		.loc 1 2427 18 is_stmt 0 view .LVU1920
 6047 00f8 0BEB6303 		add	r3, fp, r3, asr #1
 6048              	.LVL664:
2427:Core/Src/vl53l1_api.c **** 		offset = START_OFFSET - meanDistance_mm + ZeroDistanceOffset;
 6049              		.loc 1 2427 33 view .LVU1921
ARM GAS  C:\Users\Lenovo\AppData\Local\Temp\ccE9MZbZ.s 			page 188


 6050 00fc 93FBF2F3 		sdiv	r3, r3, r2
 6051              	.LVL665:
2428:Core/Src/vl53l1_api.c **** 		pdev->customer.algo__part_to_part_range_offset_mm = 0;
 6052              		.loc 1 2428 3 is_stmt 1 view .LVU1922
2428:Core/Src/vl53l1_api.c **** 		pdev->customer.algo__part_to_part_range_offset_mm = 0;
 6053              		.loc 1 2428 43 is_stmt 0 view .LVU1923
 6054 0100 039A     		ldr	r2, [sp, #12]
 6055              	.LVL666:
2428:Core/Src/vl53l1_api.c **** 		pdev->customer.algo__part_to_part_range_offset_mm = 0;
 6056              		.loc 1 2428 43 view .LVU1924
 6057 0102 D31A     		subs	r3, r2, r3
 6058              	.LVL667:
2428:Core/Src/vl53l1_api.c **** 		pdev->customer.algo__part_to_part_range_offset_mm = 0;
 6059              		.loc 1 2428 43 view .LVU1925
 6060 0104 3233     		adds	r3, r3, #50
2428:Core/Src/vl53l1_api.c **** 		pdev->customer.algo__part_to_part_range_offset_mm = 0;
 6061              		.loc 1 2428 10 view .LVU1926
 6062 0106 1BB2     		sxth	r3, r3
 6063              	.LVL668:
2429:Core/Src/vl53l1_api.c **** 		pdev->customer.mm_config__inner_offset_mm = offset;
 6064              		.loc 1 2429 3 is_stmt 1 view .LVU1927
2429:Core/Src/vl53l1_api.c **** 		pdev->customer.mm_config__inner_offset_mm = offset;
 6065              		.loc 1 2429 53 is_stmt 0 view .LVU1928
 6066 0108 0022     		movs	r2, #0
 6067 010a A6F85420 		strh	r2, [r6, #84]	@ movhi
2430:Core/Src/vl53l1_api.c **** 		pdev->customer.mm_config__outer_offset_mm = offset;
 6068              		.loc 1 2430 3 is_stmt 1 view .LVU1929
2430:Core/Src/vl53l1_api.c **** 		pdev->customer.mm_config__outer_offset_mm = offset;
 6069              		.loc 1 2430 45 is_stmt 0 view .LVU1930
 6070 010e A6F85630 		strh	r3, [r6, #86]	@ movhi
2431:Core/Src/vl53l1_api.c **** 		Status = VL53L1_set_customer_nvm_managed(Dev,
 6071              		.loc 1 2431 3 is_stmt 1 view .LVU1931
2431:Core/Src/vl53l1_api.c **** 		Status = VL53L1_set_customer_nvm_managed(Dev,
 6072              		.loc 1 2431 45 is_stmt 0 view .LVU1932
 6073 0112 A6F85830 		strh	r3, [r6, #88]	@ movhi
2432:Core/Src/vl53l1_api.c **** 			&(pdev->customer));
 6074              		.loc 1 2432 3 is_stmt 1 view .LVU1933
2432:Core/Src/vl53l1_api.c **** 			&(pdev->customer));
 6075              		.loc 1 2432 12 is_stmt 0 view .LVU1934
 6076 0116 06F14201 		add	r1, r6, #66
 6077 011a 3046     		mov	r0, r6
 6078 011c FFF7FEFF 		bl	VL53L1_set_customer_nvm_managed
 6079              	.LVL669:
2432:Core/Src/vl53l1_api.c **** 			&(pdev->customer));
 6080              		.loc 1 2432 12 view .LVU1935
 6081 0120 0546     		mov	r5, r0
 6082              	.LVL670:
2432:Core/Src/vl53l1_api.c **** 			&(pdev->customer));
 6083              		.loc 1 2432 12 view .LVU1936
 6084 0122 E3E7     		b	.L434
 6085              	.LVL671:
 6086              	.L436:
2422:Core/Src/vl53l1_api.c **** 
 6087              		.loc 1 2422 10 view .LVU1937
 6088 0124 6FF01F05 		mvn	r5, #31
 6089              	.LVL672:
2422:Core/Src/vl53l1_api.c **** 
ARM GAS  C:\Users\Lenovo\AppData\Local\Temp\ccE9MZbZ.s 			page 189


 6090              		.loc 1 2422 10 view .LVU1938
 6091 0128 E0E7     		b	.L434
 6092              	.LVL673:
 6093              	.L437:
2422:Core/Src/vl53l1_api.c **** 
 6094              		.loc 1 2422 10 view .LVU1939
 6095 012a 6FF01F05 		mvn	r5, #31
 6096              	.LVL674:
2422:Core/Src/vl53l1_api.c **** 
 6097              		.loc 1 2422 10 view .LVU1940
 6098 012e DDE7     		b	.L434
 6099              	.L443:
 6100              		.align	2
 6101              	.L442:
 6102 0130 00000000 		.word	.LANCHOR0
 6103              		.cfi_endproc
 6104              	.LFE66:
 6106              		.section	.text.VL53L1_SetCalibrationData,"ax",%progbits
 6107              		.align	1
 6108              		.global	VL53L1_SetCalibrationData
 6109              		.syntax unified
 6110              		.thumb
 6111              		.thumb_func
 6113              	VL53L1_SetCalibrationData:
 6114              	.LVL675:
 6115              	.LFB67:
2442:Core/Src/vl53l1_api.c **** 	VL53L1_Error Status = VL53L1_ERROR_NONE;
 6116              		.loc 1 2442 1 is_stmt 1 view -0
 6117              		.cfi_startproc
 6118              		@ args = 0, pretend = 0, frame = 104
 6119              		@ frame_needed = 0, uses_anonymous_args = 0
2442:Core/Src/vl53l1_api.c **** 	VL53L1_Error Status = VL53L1_ERROR_NONE;
 6120              		.loc 1 2442 1 is_stmt 0 view .LVU1942
 6121 0000 F0B5     		push	{r4, r5, r6, r7, lr}
 6122              	.LCFI100:
 6123              		.cfi_def_cfa_offset 20
 6124              		.cfi_offset 4, -20
 6125              		.cfi_offset 5, -16
 6126              		.cfi_offset 6, -12
 6127              		.cfi_offset 7, -8
 6128              		.cfi_offset 14, -4
 6129 0002 9BB0     		sub	sp, sp, #108
 6130              	.LCFI101:
 6131              		.cfi_def_cfa_offset 128
 6132 0004 0646     		mov	r6, r0
 6133 0006 8C46     		mov	ip, r1
2443:Core/Src/vl53l1_api.c **** 	VL53L1_CustomerNvmManaged_t          *pC;
 6134              		.loc 1 2443 2 is_stmt 1 view .LVU1943
 6135              	.LVL676:
2444:Core/Src/vl53l1_api.c **** 	VL53L1_calibration_data_t            cal_data;
 6136              		.loc 1 2444 2 view .LVU1944
2445:Core/Src/vl53l1_api.c **** 	uint32_t x, IncomeVersion, CurrentVersion;
 6137              		.loc 1 2445 2 view .LVU1945
2446:Core/Src/vl53l1_api.c **** 
 6138              		.loc 1 2446 2 view .LVU1946
2448:Core/Src/vl53l1_api.c **** 
 6139              		.loc 1 2448 24 view .LVU1947
ARM GAS  C:\Users\Lenovo\AppData\Local\Temp\ccE9MZbZ.s 			page 190


2450:Core/Src/vl53l1_api.c **** 			VL53L1_ADDITIONAL_CALIBRATION_DATA_STRUCT_VERSION;
 6140              		.loc 1 2450 2 view .LVU1948
2450:Core/Src/vl53l1_api.c **** 			VL53L1_ADDITIONAL_CALIBRATION_DATA_STRUCT_VERSION;
 6141              		.loc 1 2450 44 is_stmt 0 view .LVU1949
 6142 0008 0B68     		ldr	r3, [r1]
2450:Core/Src/vl53l1_api.c **** 			VL53L1_ADDITIONAL_CALIBRATION_DATA_STRUCT_VERSION;
 6143              		.loc 1 2450 61 view .LVU1950
 6144 000a A3F12002 		sub	r2, r3, #32
2450:Core/Src/vl53l1_api.c **** 			VL53L1_ADDITIONAL_CALIBRATION_DATA_STRUCT_VERSION;
 6145              		.loc 1 2450 26 view .LVU1951
 6146 000e 0192     		str	r2, [sp, #4]
2453:Core/Src/vl53l1_api.c **** 	CurrentVersion = VL53L1_LL_CALIBRATION_DATA_STRUCT_VERSION +
 6147              		.loc 1 2453 2 is_stmt 1 view .LVU1952
 6148              	.LVL677:
2454:Core/Src/vl53l1_api.c **** 		VL53L1_ADDITIONAL_CALIBRATION_DATA_STRUCT_VERSION;
 6149              		.loc 1 2454 2 view .LVU1953
2457:Core/Src/vl53l1_api.c **** 		((IncomeVersion & 0xFFFFFF0F) ==
 6150              		.loc 1 2457 2 view .LVU1954
2457:Core/Src/vl53l1_api.c **** 		((IncomeVersion & 0xFFFFFF0F) ==
 6151              		.loc 1 2457 5 is_stmt 0 view .LVU1955
 6152 0010 394A     		ldr	r2, .L448
 6153 0012 9342     		cmp	r3, r2
 6154 0014 06D8     		bhi	.L445
2458:Core/Src/vl53l1_api.c **** 		 (CurrentVersion & 0xFFFFFF0F))) {
 6155              		.loc 1 2458 33 discriminator 1 view .LVU1956
 6156 0016 0132     		adds	r2, r2, #1
 6157 0018 5A40     		eors	r2, r2, r3
2457:Core/Src/vl53l1_api.c **** 		((IncomeVersion & 0xFFFFFF0F) ==
 6158              		.loc 1 2457 39 discriminator 1 view .LVU1957
 6159 001a 32F0F003 		bics	r3, r2, #240
 6160              	.LVL678:
2457:Core/Src/vl53l1_api.c **** 		((IncomeVersion & 0xFFFFFF0F) ==
 6161              		.loc 1 2457 39 discriminator 1 view .LVU1958
 6162 001e 01D1     		bne	.L445
2460:Core/Src/vl53l1_api.c **** 			VL53L1_LL_CALIBRATION_DATA_STRUCT_VERSION;
 6163              		.loc 1 2460 3 is_stmt 1 view .LVU1959
2460:Core/Src/vl53l1_api.c **** 			VL53L1_LL_CALIBRATION_DATA_STRUCT_VERSION;
 6164              		.loc 1 2460 27 is_stmt 0 view .LVU1960
 6165 0020 364B     		ldr	r3, .L448+4
 6166 0022 0193     		str	r3, [sp, #4]
 6167              	.LVL679:
 6168              	.L445:
2466:Core/Src/vl53l1_api.c **** 		&(cal_data.add_off_cal_data),
 6169              		.loc 1 2466 2 is_stmt 1 view .LVU1961
 6170 0024 08AB     		add	r3, sp, #32
 6171 0026 DCF82000 		ldr	r0, [ip, #32]	@ unaligned
 6172              	.LVL680:
2466:Core/Src/vl53l1_api.c **** 		&(cal_data.add_off_cal_data),
 6173              		.loc 1 2466 2 is_stmt 0 view .LVU1962
 6174 002a DCF82410 		ldr	r1, [ip, #36]	@ unaligned
 6175              	.LVL681:
2466:Core/Src/vl53l1_api.c **** 		&(cal_data.add_off_cal_data),
 6176              		.loc 1 2466 2 view .LVU1963
 6177 002e 03C3     		stmia	r3!, {r0, r1}
2472:Core/Src/vl53l1_api.c **** 		&(cal_data.optical_centre),
 6178              		.loc 1 2472 2 is_stmt 1 view .LVU1964
 6179 0030 BCF82830 		ldrh	r3, [ip, #40]	@ unaligned
ARM GAS  C:\Users\Lenovo\AppData\Local\Temp\ccE9MZbZ.s 			page 191


 6180 0034 ADF82830 		strh	r3, [sp, #40]	@ movhi
2478:Core/Src/vl53l1_api.c **** 		&(cal_data.gain_cal),
 6181              		.loc 1 2478 2 view .LVU1965
 6182 0038 BCF82A30 		ldrh	r3, [ip, #42]	@ unaligned
 6183 003c ADF82A30 		strh	r3, [sp, #42]	@ movhi
2484:Core/Src/vl53l1_api.c **** 		&(cal_data.cal_peak_rate_map),
 6184              		.loc 1 2484 2 view .LVU1966
 6185 0040 0CF12C04 		add	r4, ip, #44
 6186 0044 0DF12C0E 		add	lr, sp, #44
 6187 0048 0CF15C07 		add	r7, ip, #92
 6188              	.L446:
 6189 004c 7546     		mov	r5, lr
 6190 004e 2068     		ldr	r0, [r4]	@ unaligned
 6191 0050 6168     		ldr	r1, [r4, #4]	@ unaligned
 6192 0052 A268     		ldr	r2, [r4, #8]	@ unaligned
 6193 0054 E368     		ldr	r3, [r4, #12]	@ unaligned
 6194 0056 0FC5     		stmia	r5!, {r0, r1, r2, r3}
 6195 0058 1034     		adds	r4, r4, #16
 6196 005a AE46     		mov	lr, r5
 6197 005c BC42     		cmp	r4, r7
 6198 005e F5D1     		bne	.L446
 6199 0060 2B46     		mov	r3, r5
 6200 0062 2068     		ldr	r0, [r4]	@ unaligned
 6201 0064 6168     		ldr	r1, [r4, #4]	@ unaligned
 6202 0066 03C3     		stmia	r3!, {r0, r1}
 6203 0068 2289     		ldrh	r2, [r4, #8]	@ unaligned
 6204 006a 1A80     		strh	r2, [r3]	@ unaligned
2490:Core/Src/vl53l1_api.c **** 	x = pC->algo__crosstalk_compensation_plane_offset_kcps;
 6205              		.loc 1 2490 2 view .LVU1967
 6206              	.LVL682:
2491:Core/Src/vl53l1_api.c **** 	cal_data.customer.algo__crosstalk_compensation_plane_offset_kcps =
 6207              		.loc 1 2491 2 view .LVU1968
2492:Core/Src/vl53l1_api.c **** 		(uint16_t)(x&0x0000FFFF);
 6208              		.loc 1 2492 2 view .LVU1969
2493:Core/Src/vl53l1_api.c **** 
 6209              		.loc 1 2493 3 is_stmt 0 view .LVU1970
 6210 006c BCF81030 		ldrh	r3, [ip, #16]
2492:Core/Src/vl53l1_api.c **** 		(uint16_t)(x&0x0000FFFF);
 6211              		.loc 1 2492 67 view .LVU1971
 6212 0070 ADF81230 		strh	r3, [sp, #18]	@ movhi
2495:Core/Src/vl53l1_api.c **** 		pC->global_config__spad_enables_ref_0;
 6213              		.loc 1 2495 2 is_stmt 1 view .LVU1972
2496:Core/Src/vl53l1_api.c **** 	cal_data.customer.global_config__spad_enables_ref_1 =
 6214              		.loc 1 2496 5 is_stmt 0 view .LVU1973
 6215 0074 9CF80430 		ldrb	r3, [ip, #4]	@ zero_extendqisi2
2495:Core/Src/vl53l1_api.c **** 		pC->global_config__spad_enables_ref_0;
 6216              		.loc 1 2495 54 view .LVU1974
 6217 0078 8DF80830 		strb	r3, [sp, #8]
2497:Core/Src/vl53l1_api.c **** 		pC->global_config__spad_enables_ref_1;
 6218              		.loc 1 2497 2 is_stmt 1 view .LVU1975
2498:Core/Src/vl53l1_api.c **** 	cal_data.customer.global_config__spad_enables_ref_2 =
 6219              		.loc 1 2498 5 is_stmt 0 view .LVU1976
 6220 007c 9CF80530 		ldrb	r3, [ip, #5]	@ zero_extendqisi2
2497:Core/Src/vl53l1_api.c **** 		pC->global_config__spad_enables_ref_1;
 6221              		.loc 1 2497 54 view .LVU1977
 6222 0080 8DF80930 		strb	r3, [sp, #9]
2499:Core/Src/vl53l1_api.c **** 		pC->global_config__spad_enables_ref_2;
ARM GAS  C:\Users\Lenovo\AppData\Local\Temp\ccE9MZbZ.s 			page 192


 6223              		.loc 1 2499 2 is_stmt 1 view .LVU1978
2500:Core/Src/vl53l1_api.c **** 	cal_data.customer.global_config__spad_enables_ref_3 =
 6224              		.loc 1 2500 5 is_stmt 0 view .LVU1979
 6225 0084 9CF80630 		ldrb	r3, [ip, #6]	@ zero_extendqisi2
2499:Core/Src/vl53l1_api.c **** 		pC->global_config__spad_enables_ref_2;
 6226              		.loc 1 2499 54 view .LVU1980
 6227 0088 8DF80A30 		strb	r3, [sp, #10]
2501:Core/Src/vl53l1_api.c **** 		pC->global_config__spad_enables_ref_3;
 6228              		.loc 1 2501 2 is_stmt 1 view .LVU1981
2502:Core/Src/vl53l1_api.c **** 	cal_data.customer.global_config__spad_enables_ref_4 =
 6229              		.loc 1 2502 5 is_stmt 0 view .LVU1982
 6230 008c 9CF80730 		ldrb	r3, [ip, #7]	@ zero_extendqisi2
2501:Core/Src/vl53l1_api.c **** 		pC->global_config__spad_enables_ref_3;
 6231              		.loc 1 2501 54 view .LVU1983
 6232 0090 8DF80B30 		strb	r3, [sp, #11]
2503:Core/Src/vl53l1_api.c **** 		pC->global_config__spad_enables_ref_4;
 6233              		.loc 1 2503 2 is_stmt 1 view .LVU1984
2504:Core/Src/vl53l1_api.c **** 	cal_data.customer.global_config__spad_enables_ref_5 =
 6234              		.loc 1 2504 5 is_stmt 0 view .LVU1985
 6235 0094 9CF80830 		ldrb	r3, [ip, #8]	@ zero_extendqisi2
2503:Core/Src/vl53l1_api.c **** 		pC->global_config__spad_enables_ref_4;
 6236              		.loc 1 2503 54 view .LVU1986
 6237 0098 8DF80C30 		strb	r3, [sp, #12]
2505:Core/Src/vl53l1_api.c **** 		pC->global_config__spad_enables_ref_5;
 6238              		.loc 1 2505 2 is_stmt 1 view .LVU1987
2506:Core/Src/vl53l1_api.c **** 	cal_data.customer.global_config__ref_en_start_select =
 6239              		.loc 1 2506 5 is_stmt 0 view .LVU1988
 6240 009c 9CF80930 		ldrb	r3, [ip, #9]	@ zero_extendqisi2
2505:Core/Src/vl53l1_api.c **** 		pC->global_config__spad_enables_ref_5;
 6241              		.loc 1 2505 54 view .LVU1989
 6242 00a0 8DF80D30 		strb	r3, [sp, #13]
2507:Core/Src/vl53l1_api.c **** 		pC->global_config__ref_en_start_select;
 6243              		.loc 1 2507 2 is_stmt 1 view .LVU1990
2508:Core/Src/vl53l1_api.c **** 	cal_data.customer.ref_spad_man__num_requested_ref_spads =
 6244              		.loc 1 2508 5 is_stmt 0 view .LVU1991
 6245 00a4 9CF80A30 		ldrb	r3, [ip, #10]	@ zero_extendqisi2
2507:Core/Src/vl53l1_api.c **** 		pC->global_config__ref_en_start_select;
 6246              		.loc 1 2507 55 view .LVU1992
 6247 00a8 8DF80E30 		strb	r3, [sp, #14]
2509:Core/Src/vl53l1_api.c **** 		pC->ref_spad_man__num_requested_ref_spads;
 6248              		.loc 1 2509 2 is_stmt 1 view .LVU1993
2510:Core/Src/vl53l1_api.c **** 	cal_data.customer.ref_spad_man__ref_location =
 6249              		.loc 1 2510 5 is_stmt 0 view .LVU1994
 6250 00ac 9CF80B30 		ldrb	r3, [ip, #11]	@ zero_extendqisi2
2509:Core/Src/vl53l1_api.c **** 		pC->ref_spad_man__num_requested_ref_spads;
 6251              		.loc 1 2509 58 view .LVU1995
 6252 00b0 8DF80F30 		strb	r3, [sp, #15]
2511:Core/Src/vl53l1_api.c **** 		pC->ref_spad_man__ref_location;
 6253              		.loc 1 2511 2 is_stmt 1 view .LVU1996
2512:Core/Src/vl53l1_api.c **** 	cal_data.customer.algo__crosstalk_compensation_x_plane_gradient_kcps =
 6254              		.loc 1 2512 5 is_stmt 0 view .LVU1997
 6255 00b4 9CF80C30 		ldrb	r3, [ip, #12]	@ zero_extendqisi2
2511:Core/Src/vl53l1_api.c **** 		pC->ref_spad_man__ref_location;
 6256              		.loc 1 2511 47 view .LVU1998
 6257 00b8 8DF81030 		strb	r3, [sp, #16]
2513:Core/Src/vl53l1_api.c **** 		pC->algo__crosstalk_compensation_x_plane_gradient_kcps;
 6258              		.loc 1 2513 2 is_stmt 1 view .LVU1999
ARM GAS  C:\Users\Lenovo\AppData\Local\Temp\ccE9MZbZ.s 			page 193


2514:Core/Src/vl53l1_api.c **** 	cal_data.customer.algo__crosstalk_compensation_y_plane_gradient_kcps =
 6259              		.loc 1 2514 5 is_stmt 0 view .LVU2000
 6260 00bc BCF91430 		ldrsh	r3, [ip, #20]
2513:Core/Src/vl53l1_api.c **** 		pC->algo__crosstalk_compensation_x_plane_gradient_kcps;
 6261              		.loc 1 2513 71 view .LVU2001
 6262 00c0 ADF81430 		strh	r3, [sp, #20]	@ movhi
 6263              	.LVL683:
2515:Core/Src/vl53l1_api.c **** 		pC->algo__crosstalk_compensation_y_plane_gradient_kcps;
 6264              		.loc 1 2515 2 is_stmt 1 view .LVU2002
2516:Core/Src/vl53l1_api.c **** 	cal_data.customer.ref_spad_char__total_rate_target_mcps =
 6265              		.loc 1 2516 5 is_stmt 0 view .LVU2003
 6266 00c4 BCF91630 		ldrsh	r3, [ip, #22]
2515:Core/Src/vl53l1_api.c **** 		pC->algo__crosstalk_compensation_y_plane_gradient_kcps;
 6267              		.loc 1 2515 71 view .LVU2004
 6268 00c8 ADF81630 		strh	r3, [sp, #22]	@ movhi
2517:Core/Src/vl53l1_api.c **** 		pC->ref_spad_char__total_rate_target_mcps;
 6269              		.loc 1 2517 2 is_stmt 1 view .LVU2005
2518:Core/Src/vl53l1_api.c **** 	cal_data.customer.algo__part_to_part_range_offset_mm =
 6270              		.loc 1 2518 5 is_stmt 0 view .LVU2006
 6271 00cc BCF81830 		ldrh	r3, [ip, #24]
2517:Core/Src/vl53l1_api.c **** 		pC->ref_spad_char__total_rate_target_mcps;
 6272              		.loc 1 2517 58 view .LVU2007
 6273 00d0 ADF81830 		strh	r3, [sp, #24]	@ movhi
2519:Core/Src/vl53l1_api.c **** 		pC->algo__part_to_part_range_offset_mm;
 6274              		.loc 1 2519 2 is_stmt 1 view .LVU2008
2520:Core/Src/vl53l1_api.c **** 	cal_data.customer.mm_config__inner_offset_mm =
 6275              		.loc 1 2520 5 is_stmt 0 view .LVU2009
 6276 00d4 BCF91A30 		ldrsh	r3, [ip, #26]
2519:Core/Src/vl53l1_api.c **** 		pC->algo__part_to_part_range_offset_mm;
 6277              		.loc 1 2519 55 view .LVU2010
 6278 00d8 ADF81A30 		strh	r3, [sp, #26]	@ movhi
2521:Core/Src/vl53l1_api.c **** 		pC->mm_config__inner_offset_mm;
 6279              		.loc 1 2521 2 is_stmt 1 view .LVU2011
2522:Core/Src/vl53l1_api.c **** 	cal_data.customer.mm_config__outer_offset_mm =
 6280              		.loc 1 2522 5 is_stmt 0 view .LVU2012
 6281 00dc BCF91C30 		ldrsh	r3, [ip, #28]
2521:Core/Src/vl53l1_api.c **** 		pC->mm_config__inner_offset_mm;
 6282              		.loc 1 2521 47 view .LVU2013
 6283 00e0 ADF81C30 		strh	r3, [sp, #28]	@ movhi
2523:Core/Src/vl53l1_api.c **** 		pC->mm_config__outer_offset_mm;
 6284              		.loc 1 2523 2 is_stmt 1 view .LVU2014
2524:Core/Src/vl53l1_api.c **** 
 6285              		.loc 1 2524 5 is_stmt 0 view .LVU2015
 6286 00e4 BCF91E30 		ldrsh	r3, [ip, #30]
2523:Core/Src/vl53l1_api.c **** 		pC->mm_config__outer_offset_mm;
 6287              		.loc 1 2523 47 view .LVU2016
 6288 00e8 ADF81E30 		strh	r3, [sp, #30]	@ movhi
2526:Core/Src/vl53l1_api.c **** 	LOG_FUNCTION_END(Status);
 6289              		.loc 1 2526 2 is_stmt 1 view .LVU2017
2526:Core/Src/vl53l1_api.c **** 	LOG_FUNCTION_END(Status);
 6290              		.loc 1 2526 11 is_stmt 0 view .LVU2018
 6291 00ec 01A9     		add	r1, sp, #4
 6292 00ee 3046     		mov	r0, r6
 6293 00f0 FFF7FEFF 		bl	VL53L1_set_part_to_part_data
 6294              	.LVL684:
2527:Core/Src/vl53l1_api.c **** 	return Status;
 6295              		.loc 1 2527 26 is_stmt 1 view .LVU2019
ARM GAS  C:\Users\Lenovo\AppData\Local\Temp\ccE9MZbZ.s 			page 194


2528:Core/Src/vl53l1_api.c **** 
 6296              		.loc 1 2528 2 view .LVU2020
2530:Core/Src/vl53l1_api.c **** 
 6297              		.loc 1 2530 1 is_stmt 0 view .LVU2021
 6298 00f4 1BB0     		add	sp, sp, #108
 6299              	.LCFI102:
 6300              		.cfi_def_cfa_offset 20
 6301              		@ sp needed
 6302 00f6 F0BD     		pop	{r4, r5, r6, r7, pc}
 6303              	.LVL685:
 6304              	.L449:
2530:Core/Src/vl53l1_api.c **** 
 6305              		.loc 1 2530 1 view .LVU2022
 6306              		.align	2
 6307              	.L448:
 6308 00f8 2101ABEC 		.word	-324337375
 6309 00fc 0201ABEC 		.word	-324337406
 6310              		.cfi_endproc
 6311              	.LFE67:
 6313              		.section	.text.VL53L1_GetCalibrationData,"ax",%progbits
 6314              		.align	1
 6315              		.global	VL53L1_GetCalibrationData
 6316              		.syntax unified
 6317              		.thumb
 6318              		.thumb_func
 6320              	VL53L1_GetCalibrationData:
 6321              	.LVL686:
 6322              	.LFB68:
2534:Core/Src/vl53l1_api.c **** 	VL53L1_Error Status = VL53L1_ERROR_NONE;
 6323              		.loc 1 2534 1 is_stmt 1 view -0
 6324              		.cfi_startproc
 6325              		@ args = 0, pretend = 0, frame = 104
 6326              		@ frame_needed = 0, uses_anonymous_args = 0
2534:Core/Src/vl53l1_api.c **** 	VL53L1_Error Status = VL53L1_ERROR_NONE;
 6327              		.loc 1 2534 1 is_stmt 0 view .LVU2024
 6328 0000 F0B5     		push	{r4, r5, r6, r7, lr}
 6329              	.LCFI103:
 6330              		.cfi_def_cfa_offset 20
 6331              		.cfi_offset 4, -20
 6332              		.cfi_offset 5, -16
 6333              		.cfi_offset 6, -12
 6334              		.cfi_offset 7, -8
 6335              		.cfi_offset 14, -4
 6336 0002 9BB0     		sub	sp, sp, #108
 6337              	.LCFI104:
 6338              		.cfi_def_cfa_offset 128
 6339 0004 0C46     		mov	r4, r1
2535:Core/Src/vl53l1_api.c **** 	VL53L1_calibration_data_t      cal_data;
 6340              		.loc 1 2535 2 is_stmt 1 view .LVU2025
 6341              	.LVL687:
2536:Core/Src/vl53l1_api.c **** 	VL53L1_CustomerNvmManaged_t         *pC;
 6342              		.loc 1 2536 2 view .LVU2026
2537:Core/Src/vl53l1_api.c **** 	VL53L1_customer_nvm_managed_t       *pC2;
 6343              		.loc 1 2537 2 view .LVU2027
2538:Core/Src/vl53l1_api.c **** 
 6344              		.loc 1 2538 2 view .LVU2028
2540:Core/Src/vl53l1_api.c **** 
ARM GAS  C:\Users\Lenovo\AppData\Local\Temp\ccE9MZbZ.s 			page 195


 6345              		.loc 1 2540 24 view .LVU2029
2543:Core/Src/vl53l1_api.c **** 
 6346              		.loc 1 2543 2 view .LVU2030
2543:Core/Src/vl53l1_api.c **** 
 6347              		.loc 1 2543 11 is_stmt 0 view .LVU2031
 6348 0006 01A9     		add	r1, sp, #4
 6349              	.LVL688:
2543:Core/Src/vl53l1_api.c **** 
 6350              		.loc 1 2543 11 view .LVU2032
 6351 0008 FFF7FEFF 		bl	VL53L1_get_part_to_part_data
 6352              	.LVL689:
2543:Core/Src/vl53l1_api.c **** 
 6353              		.loc 1 2543 11 view .LVU2033
 6354 000c 0646     		mov	r6, r0
 6355              	.LVL690:
2545:Core/Src/vl53l1_api.c **** 			VL53L1_ADDITIONAL_CALIBRATION_DATA_STRUCT_VERSION;
 6356              		.loc 1 2545 2 is_stmt 1 view .LVU2034
2545:Core/Src/vl53l1_api.c **** 			VL53L1_ADDITIONAL_CALIBRATION_DATA_STRUCT_VERSION;
 6357              		.loc 1 2545 45 is_stmt 0 view .LVU2035
 6358 000e 019B     		ldr	r3, [sp, #4]
2545:Core/Src/vl53l1_api.c **** 			VL53L1_ADDITIONAL_CALIBRATION_DATA_STRUCT_VERSION;
 6359              		.loc 1 2545 61 view .LVU2036
 6360 0010 2033     		adds	r3, r3, #32
2545:Core/Src/vl53l1_api.c **** 			VL53L1_ADDITIONAL_CALIBRATION_DATA_STRUCT_VERSION;
 6361              		.loc 1 2545 35 view .LVU2037
 6362 0012 2246     		mov	r2, r4
 6363 0014 42F8203B 		str	r3, [r2], #32
2550:Core/Src/vl53l1_api.c **** 		&(pCalibrationData->add_off_cal_data),
 6364              		.loc 1 2550 2 is_stmt 1 view .LVU2038
 6365 0018 08AB     		add	r3, sp, #32
 6366 001a 03CB     		ldmia	r3!, {r0, r1}
 6367 001c 2062     		str	r0, [r4, #32]	@ unaligned
 6368 001e 5160     		str	r1, [r2, #4]	@ unaligned
2556:Core/Src/vl53l1_api.c **** 		&(pCalibrationData->optical_centre),
 6369              		.loc 1 2556 2 view .LVU2039
 6370 0020 BDF82830 		ldrh	r3, [sp, #40]
 6371 0024 2385     		strh	r3, [r4, #40]	@ unaligned
2562:Core/Src/vl53l1_api.c **** 		&(pCalibrationData->gain_cal),
 6372              		.loc 1 2562 2 view .LVU2040
 6373 0026 BDF82A30 		ldrh	r3, [sp, #42]
 6374 002a 6385     		strh	r3, [r4, #42]	@ unaligned
2568:Core/Src/vl53l1_api.c **** 		&(pCalibrationData->cal_peak_rate_map),
 6375              		.loc 1 2568 2 view .LVU2041
 6376 002c 0DF12C0C 		add	ip, sp, #44
 6377 0030 04F12C0E 		add	lr, r4, #44
 6378 0034 17AF     		add	r7, sp, #92
 6379              	.L451:
 6380 0036 6546     		mov	r5, ip
 6381 0038 0FCD     		ldmia	r5!, {r0, r1, r2, r3}
 6382 003a CEF80000 		str	r0, [lr]	@ unaligned
 6383 003e CEF80410 		str	r1, [lr, #4]	@ unaligned
 6384 0042 CEF80820 		str	r2, [lr, #8]	@ unaligned
 6385 0046 CEF80C30 		str	r3, [lr, #12]	@ unaligned
 6386 004a AC46     		mov	ip, r5
 6387 004c 0EF1100E 		add	lr, lr, #16
 6388 0050 BD42     		cmp	r5, r7
 6389 0052 F0D1     		bne	.L451
ARM GAS  C:\Users\Lenovo\AppData\Local\Temp\ccE9MZbZ.s 			page 196


 6390 0054 BCE80300 		ldmia	ip!, {r0, r1}
 6391 0058 CEF80000 		str	r0, [lr]	@ unaligned
 6392 005c CEF80410 		str	r1, [lr, #4]	@ unaligned
 6393 0060 BCF80030 		ldrh	r3, [ip]	@ unaligned
 6394 0064 AEF80830 		strh	r3, [lr, #8]	@ unaligned
2574:Core/Src/vl53l1_api.c **** 	pC2 = &cal_data.customer;
 6395              		.loc 1 2574 2 view .LVU2042
 6396              	.LVL691:
2575:Core/Src/vl53l1_api.c **** 	pC->global_config__spad_enables_ref_0 =
 6397              		.loc 1 2575 2 view .LVU2043
2576:Core/Src/vl53l1_api.c **** 		pC2->global_config__spad_enables_ref_0;
 6398              		.loc 1 2576 2 view .LVU2044
2577:Core/Src/vl53l1_api.c **** 	pC->global_config__spad_enables_ref_1 =
 6399              		.loc 1 2577 6 is_stmt 0 view .LVU2045
 6400 0068 9DF80830 		ldrb	r3, [sp, #8]	@ zero_extendqisi2
2576:Core/Src/vl53l1_api.c **** 		pC2->global_config__spad_enables_ref_0;
 6401              		.loc 1 2576 40 view .LVU2046
 6402 006c 2371     		strb	r3, [r4, #4]
2578:Core/Src/vl53l1_api.c **** 		pC2->global_config__spad_enables_ref_1;
 6403              		.loc 1 2578 2 is_stmt 1 view .LVU2047
2579:Core/Src/vl53l1_api.c **** 	pC->global_config__spad_enables_ref_2 =
 6404              		.loc 1 2579 6 is_stmt 0 view .LVU2048
 6405 006e 9DF80930 		ldrb	r3, [sp, #9]	@ zero_extendqisi2
2578:Core/Src/vl53l1_api.c **** 		pC2->global_config__spad_enables_ref_1;
 6406              		.loc 1 2578 40 view .LVU2049
 6407 0072 6371     		strb	r3, [r4, #5]
2580:Core/Src/vl53l1_api.c **** 		pC2->global_config__spad_enables_ref_2;
 6408              		.loc 1 2580 2 is_stmt 1 view .LVU2050
2581:Core/Src/vl53l1_api.c **** 	pC->global_config__spad_enables_ref_3 =
 6409              		.loc 1 2581 6 is_stmt 0 view .LVU2051
 6410 0074 9DF80A30 		ldrb	r3, [sp, #10]	@ zero_extendqisi2
2580:Core/Src/vl53l1_api.c **** 		pC2->global_config__spad_enables_ref_2;
 6411              		.loc 1 2580 40 view .LVU2052
 6412 0078 A371     		strb	r3, [r4, #6]
2582:Core/Src/vl53l1_api.c **** 		pC2->global_config__spad_enables_ref_3;
 6413              		.loc 1 2582 2 is_stmt 1 view .LVU2053
2583:Core/Src/vl53l1_api.c **** 	pC->global_config__spad_enables_ref_4 =
 6414              		.loc 1 2583 6 is_stmt 0 view .LVU2054
 6415 007a 9DF80B30 		ldrb	r3, [sp, #11]	@ zero_extendqisi2
2582:Core/Src/vl53l1_api.c **** 		pC2->global_config__spad_enables_ref_3;
 6416              		.loc 1 2582 40 view .LVU2055
 6417 007e E371     		strb	r3, [r4, #7]
2584:Core/Src/vl53l1_api.c **** 		pC2->global_config__spad_enables_ref_4;
 6418              		.loc 1 2584 2 is_stmt 1 view .LVU2056
2585:Core/Src/vl53l1_api.c **** 	pC->global_config__spad_enables_ref_5 =
 6419              		.loc 1 2585 6 is_stmt 0 view .LVU2057
 6420 0080 9DF80C30 		ldrb	r3, [sp, #12]	@ zero_extendqisi2
2584:Core/Src/vl53l1_api.c **** 		pC2->global_config__spad_enables_ref_4;
 6421              		.loc 1 2584 40 view .LVU2058
 6422 0084 2372     		strb	r3, [r4, #8]
2586:Core/Src/vl53l1_api.c **** 		pC2->global_config__spad_enables_ref_5;
 6423              		.loc 1 2586 2 is_stmt 1 view .LVU2059
2587:Core/Src/vl53l1_api.c **** 	pC->global_config__ref_en_start_select =
 6424              		.loc 1 2587 6 is_stmt 0 view .LVU2060
 6425 0086 9DF80D30 		ldrb	r3, [sp, #13]	@ zero_extendqisi2
2586:Core/Src/vl53l1_api.c **** 		pC2->global_config__spad_enables_ref_5;
 6426              		.loc 1 2586 40 view .LVU2061
ARM GAS  C:\Users\Lenovo\AppData\Local\Temp\ccE9MZbZ.s 			page 197


 6427 008a 6372     		strb	r3, [r4, #9]
2588:Core/Src/vl53l1_api.c **** 		pC2->global_config__ref_en_start_select;
 6428              		.loc 1 2588 2 is_stmt 1 view .LVU2062
2589:Core/Src/vl53l1_api.c **** 	pC->ref_spad_man__num_requested_ref_spads =
 6429              		.loc 1 2589 6 is_stmt 0 view .LVU2063
 6430 008c 9DF80E30 		ldrb	r3, [sp, #14]	@ zero_extendqisi2
2588:Core/Src/vl53l1_api.c **** 		pC2->global_config__ref_en_start_select;
 6431              		.loc 1 2588 41 view .LVU2064
 6432 0090 A372     		strb	r3, [r4, #10]
2590:Core/Src/vl53l1_api.c **** 		pC2->ref_spad_man__num_requested_ref_spads;
 6433              		.loc 1 2590 2 is_stmt 1 view .LVU2065
2591:Core/Src/vl53l1_api.c **** 	pC->ref_spad_man__ref_location =
 6434              		.loc 1 2591 6 is_stmt 0 view .LVU2066
 6435 0092 9DF80F30 		ldrb	r3, [sp, #15]	@ zero_extendqisi2
2590:Core/Src/vl53l1_api.c **** 		pC2->ref_spad_man__num_requested_ref_spads;
 6436              		.loc 1 2590 44 view .LVU2067
 6437 0096 E372     		strb	r3, [r4, #11]
2592:Core/Src/vl53l1_api.c **** 		pC2->ref_spad_man__ref_location;
 6438              		.loc 1 2592 2 is_stmt 1 view .LVU2068
2593:Core/Src/vl53l1_api.c **** 	pC->algo__crosstalk_compensation_x_plane_gradient_kcps =
 6439              		.loc 1 2593 6 is_stmt 0 view .LVU2069
 6440 0098 9DF81030 		ldrb	r3, [sp, #16]	@ zero_extendqisi2
2592:Core/Src/vl53l1_api.c **** 		pC2->ref_spad_man__ref_location;
 6441              		.loc 1 2592 33 view .LVU2070
 6442 009c 2373     		strb	r3, [r4, #12]
2594:Core/Src/vl53l1_api.c **** 		pC2->algo__crosstalk_compensation_x_plane_gradient_kcps;
 6443              		.loc 1 2594 2 is_stmt 1 view .LVU2071
2595:Core/Src/vl53l1_api.c **** 	pC->algo__crosstalk_compensation_y_plane_gradient_kcps =
 6444              		.loc 1 2595 6 is_stmt 0 view .LVU2072
 6445 009e BDF91430 		ldrsh	r3, [sp, #20]
2594:Core/Src/vl53l1_api.c **** 		pC2->algo__crosstalk_compensation_x_plane_gradient_kcps;
 6446              		.loc 1 2594 57 view .LVU2073
 6447 00a2 A382     		strh	r3, [r4, #20]	@ movhi
2596:Core/Src/vl53l1_api.c **** 		pC2->algo__crosstalk_compensation_y_plane_gradient_kcps;
 6448              		.loc 1 2596 2 is_stmt 1 view .LVU2074
2597:Core/Src/vl53l1_api.c **** 	pC->ref_spad_char__total_rate_target_mcps =
 6449              		.loc 1 2597 6 is_stmt 0 view .LVU2075
 6450 00a4 BDF91630 		ldrsh	r3, [sp, #22]
2596:Core/Src/vl53l1_api.c **** 		pC2->algo__crosstalk_compensation_y_plane_gradient_kcps;
 6451              		.loc 1 2596 57 view .LVU2076
 6452 00a8 E382     		strh	r3, [r4, #22]	@ movhi
2598:Core/Src/vl53l1_api.c **** 		pC2->ref_spad_char__total_rate_target_mcps;
 6453              		.loc 1 2598 2 is_stmt 1 view .LVU2077
2599:Core/Src/vl53l1_api.c **** 	pC->algo__part_to_part_range_offset_mm =
 6454              		.loc 1 2599 6 is_stmt 0 view .LVU2078
 6455 00aa BDF81830 		ldrh	r3, [sp, #24]
2598:Core/Src/vl53l1_api.c **** 		pC2->ref_spad_char__total_rate_target_mcps;
 6456              		.loc 1 2598 44 view .LVU2079
 6457 00ae 2383     		strh	r3, [r4, #24]	@ movhi
2600:Core/Src/vl53l1_api.c **** 		pC2->algo__part_to_part_range_offset_mm;
 6458              		.loc 1 2600 2 is_stmt 1 view .LVU2080
2601:Core/Src/vl53l1_api.c **** 	pC->mm_config__inner_offset_mm =
 6459              		.loc 1 2601 6 is_stmt 0 view .LVU2081
 6460 00b0 BDF91A30 		ldrsh	r3, [sp, #26]
2600:Core/Src/vl53l1_api.c **** 		pC2->algo__part_to_part_range_offset_mm;
 6461              		.loc 1 2600 41 view .LVU2082
 6462 00b4 6383     		strh	r3, [r4, #26]	@ movhi
ARM GAS  C:\Users\Lenovo\AppData\Local\Temp\ccE9MZbZ.s 			page 198


2602:Core/Src/vl53l1_api.c **** 		pC2->mm_config__inner_offset_mm;
 6463              		.loc 1 2602 2 is_stmt 1 view .LVU2083
2603:Core/Src/vl53l1_api.c **** 	pC->mm_config__outer_offset_mm =
 6464              		.loc 1 2603 6 is_stmt 0 view .LVU2084
 6465 00b6 BDF91C30 		ldrsh	r3, [sp, #28]
2602:Core/Src/vl53l1_api.c **** 		pC2->mm_config__inner_offset_mm;
 6466              		.loc 1 2602 33 view .LVU2085
 6467 00ba A383     		strh	r3, [r4, #28]	@ movhi
2604:Core/Src/vl53l1_api.c **** 		pC2->mm_config__outer_offset_mm;
 6468              		.loc 1 2604 2 is_stmt 1 view .LVU2086
2605:Core/Src/vl53l1_api.c **** 
 6469              		.loc 1 2605 6 is_stmt 0 view .LVU2087
 6470 00bc BDF91E30 		ldrsh	r3, [sp, #30]
2604:Core/Src/vl53l1_api.c **** 		pC2->mm_config__outer_offset_mm;
 6471              		.loc 1 2604 33 view .LVU2088
 6472 00c0 E383     		strh	r3, [r4, #30]	@ movhi
2607:Core/Src/vl53l1_api.c **** 		(uint32_t)(
 6473              		.loc 1 2607 2 is_stmt 1 view .LVU2089
2609:Core/Src/vl53l1_api.c **** 	LOG_FUNCTION_END(Status);
 6474              		.loc 1 2609 7 is_stmt 0 view .LVU2090
 6475 00c2 BDF81230 		ldrh	r3, [sp, #18]
2607:Core/Src/vl53l1_api.c **** 		(uint32_t)(
 6476              		.loc 1 2607 53 view .LVU2091
 6477 00c6 2361     		str	r3, [r4, #16]
2610:Core/Src/vl53l1_api.c **** 	return Status;
 6478              		.loc 1 2610 26 is_stmt 1 view .LVU2092
2611:Core/Src/vl53l1_api.c **** }
 6479              		.loc 1 2611 2 view .LVU2093
2612:Core/Src/vl53l1_api.c **** 
 6480              		.loc 1 2612 1 is_stmt 0 view .LVU2094
 6481 00c8 3046     		mov	r0, r6
 6482 00ca 1BB0     		add	sp, sp, #108
 6483              	.LCFI105:
 6484              		.cfi_def_cfa_offset 20
 6485              		@ sp needed
 6486 00cc F0BD     		pop	{r4, r5, r6, r7, pc}
2612:Core/Src/vl53l1_api.c **** 
 6487              		.loc 1 2612 1 view .LVU2095
 6488              		.cfi_endproc
 6489              	.LFE68:
 6491              		.section	.text.SingleTargetXTalkCalibration,"ax",%progbits
 6492              		.align	1
 6493              		.syntax unified
 6494              		.thumb
 6495              		.thumb_func
 6497              	SingleTargetXTalkCalibration:
 6498              	.LVL692:
 6499              	.LFB7:
 322:Core/Src/vl53l1_api.c **** 	VL53L1_Error Status = VL53L1_ERROR_NONE;
 6500              		.loc 1 322 1 is_stmt 1 view -0
 6501              		.cfi_startproc
 6502              		@ args = 0, pretend = 0, frame = 136
 6503              		@ frame_needed = 0, uses_anonymous_args = 0
 322:Core/Src/vl53l1_api.c **** 	VL53L1_Error Status = VL53L1_ERROR_NONE;
 6504              		.loc 1 322 1 is_stmt 0 view .LVU2097
 6505 0000 2DE9F047 		push	{r4, r5, r6, r7, r8, r9, r10, lr}
 6506              	.LCFI106:
ARM GAS  C:\Users\Lenovo\AppData\Local\Temp\ccE9MZbZ.s 			page 199


 6507              		.cfi_def_cfa_offset 32
 6508              		.cfi_offset 4, -32
 6509              		.cfi_offset 5, -28
 6510              		.cfi_offset 6, -24
 6511              		.cfi_offset 7, -20
 6512              		.cfi_offset 8, -16
 6513              		.cfi_offset 9, -12
 6514              		.cfi_offset 10, -8
 6515              		.cfi_offset 14, -4
 6516 0004 A2B0     		sub	sp, sp, #136
 6517              	.LCFI107:
 6518              		.cfi_def_cfa_offset 168
 6519 0006 0446     		mov	r4, r0
 323:Core/Src/vl53l1_api.c **** 
 6520              		.loc 1 323 2 is_stmt 1 view .LVU2098
 6521              	.LVL693:
 325:Core/Src/vl53l1_api.c **** 	uint32_t sum_spads = 0;
 6522              		.loc 1 325 2 view .LVU2099
 326:Core/Src/vl53l1_api.c **** 	FixPoint1616_t sum_signalRate = 0;
 6523              		.loc 1 326 2 view .LVU2100
 327:Core/Src/vl53l1_api.c **** 	FixPoint1616_t total_count = 0;
 6524              		.loc 1 327 2 view .LVU2101
 328:Core/Src/vl53l1_api.c **** 	uint8_t xtalk_meas = 0;
 6525              		.loc 1 328 2 view .LVU2102
 329:Core/Src/vl53l1_api.c **** 	uint8_t xtalk_measmax =
 6526              		.loc 1 329 2 view .LVU2103
 330:Core/Src/vl53l1_api.c **** 		BDTable[VL53L1_TUNING_SINGLE_TARGET_XTALK_SAMPLE_NUMBER];
 6527              		.loc 1 330 2 view .LVU2104
 330:Core/Src/vl53l1_api.c **** 		BDTable[VL53L1_TUNING_SINGLE_TARGET_XTALK_SAMPLE_NUMBER];
 6528              		.loc 1 330 10 is_stmt 0 view .LVU2105
 6529 0008 474B     		ldr	r3, .L467
 6530 000a 93F80C80 		ldrb	r8, [r3, #12]	@ zero_extendqisi2
 6531              	.LVL694:
 332:Core/Src/vl53l1_api.c **** 	FixPoint1616_t xTalkStoredMeanSignalRate;
 6532              		.loc 1 332 2 is_stmt 1 view .LVU2106
 333:Core/Src/vl53l1_api.c **** 	FixPoint1616_t xTalkStoredMeanRange;
 6533              		.loc 1 333 2 view .LVU2107
 334:Core/Src/vl53l1_api.c **** 	FixPoint1616_t xTalkStoredMeanRtnSpads;
 6534              		.loc 1 334 2 view .LVU2108
 335:Core/Src/vl53l1_api.c **** 	uint32_t xTalkStoredMeanRtnSpadsAsInt;
 6535              		.loc 1 335 2 view .LVU2109
 336:Core/Src/vl53l1_api.c **** 	uint32_t xTalkCalDistanceAsInt;
 6536              		.loc 1 336 2 view .LVU2110
 337:Core/Src/vl53l1_api.c **** 	FixPoint1616_t XTalkCompensationRateMegaCps;
 6537              		.loc 1 337 2 view .LVU2111
 338:Core/Src/vl53l1_api.c **** 	uint32_t signalXTalkTotalPerSpad;
 6538              		.loc 1 338 2 view .LVU2112
 339:Core/Src/vl53l1_api.c **** 	VL53L1_PresetModes PresetMode;
 6539              		.loc 1 339 2 view .LVU2113
 340:Core/Src/vl53l1_api.c **** 	VL53L1_CalibrationData_t  CalibrationData;
 6540              		.loc 1 340 2 view .LVU2114
 341:Core/Src/vl53l1_api.c **** 	VL53L1_CustomerNvmManaged_t *pC;
 6541              		.loc 1 341 2 view .LVU2115
 342:Core/Src/vl53l1_api.c **** 
 6542              		.loc 1 342 2 view .LVU2116
 345:Core/Src/vl53l1_api.c **** 
 6543              		.loc 1 345 24 view .LVU2117
ARM GAS  C:\Users\Lenovo\AppData\Local\Temp\ccE9MZbZ.s 			page 200


 352:Core/Src/vl53l1_api.c **** 
 6544              		.loc 1 352 2 view .LVU2118
 352:Core/Src/vl53l1_api.c **** 
 6545              		.loc 1 352 13 is_stmt 0 view .LVU2119
 6546 000e 90F87C33 		ldrb	r3, [r0, #892]	@ zero_extendqisi2
 6547              	.LVL695:
 354:Core/Src/vl53l1_api.c **** 		(PresetMode != VL53L1_PRESETMODE_LOWPOWER_AUTONOMOUS) &&
 6548              		.loc 1 354 2 is_stmt 1 view .LVU2120
 354:Core/Src/vl53l1_api.c **** 		(PresetMode != VL53L1_PRESETMODE_LOWPOWER_AUTONOMOUS) &&
 6549              		.loc 1 354 5 is_stmt 0 view .LVU2121
 6550 0012 032B     		cmp	r3, #3
 6551 0014 03D0     		beq	.L454
 354:Core/Src/vl53l1_api.c **** 		(PresetMode != VL53L1_PRESETMODE_LOWPOWER_AUTONOMOUS) &&
 6552              		.loc 1 354 51 discriminator 1 view .LVU2122
 6553 0016 082B     		cmp	r3, #8
 6554 0018 01D0     		beq	.L454
 355:Core/Src/vl53l1_api.c **** 		(PresetMode != VL53L1_PRESETMODE_LITE_RANGING)) {
 6555              		.loc 1 355 57 view .LVU2123
 6556 001a 042B     		cmp	r3, #4
 6557 001c 7ED1     		bne	.L460
 6558              	.L454:
 362:Core/Src/vl53l1_api.c **** 
 6559              		.loc 1 362 2 is_stmt 1 view .LVU2124
 362:Core/Src/vl53l1_api.c **** 
 6560              		.loc 1 362 11 is_stmt 0 view .LVU2125
 6561 001e 2046     		mov	r0, r4
 6562              	.LVL696:
 362:Core/Src/vl53l1_api.c **** 
 6563              		.loc 1 362 11 view .LVU2126
 6564 0020 FFF7FEFF 		bl	VL53L1_disable_xtalk_compensation
 6565              	.LVL697:
 364:Core/Src/vl53l1_api.c **** 		goto ENDFUNC;
 6566              		.loc 1 364 2 is_stmt 1 view .LVU2127
 364:Core/Src/vl53l1_api.c **** 		goto ENDFUNC;
 6567              		.loc 1 364 5 is_stmt 0 view .LVU2128
 6568 0024 0346     		mov	r3, r0
 6569 0026 18B1     		cbz	r0, .L465
 6570              	.LVL698:
 6571              	.L455:
 472:Core/Src/vl53l1_api.c **** 	return Status;
 6572              		.loc 1 472 26 is_stmt 1 view .LVU2129
 473:Core/Src/vl53l1_api.c **** 
 6573              		.loc 1 473 2 view .LVU2130
 475:Core/Src/vl53l1_api.c **** 
 6574              		.loc 1 475 1 is_stmt 0 view .LVU2131
 6575 0028 1846     		mov	r0, r3
 6576 002a 22B0     		add	sp, sp, #136
 6577              	.LCFI108:
 6578              		.cfi_remember_state
 6579              		.cfi_def_cfa_offset 32
 6580              		@ sp needed
 6581 002c BDE8F087 		pop	{r4, r5, r6, r7, r8, r9, r10, pc}
 6582              	.LVL699:
 6583              	.L465:
 6584              	.LCFI109:
 6585              		.cfi_restore_state
 367:Core/Src/vl53l1_api.c **** 
ARM GAS  C:\Users\Lenovo\AppData\Local\Temp\ccE9MZbZ.s 			page 201


 6586              		.loc 1 367 2 is_stmt 1 view .LVU2132
 367:Core/Src/vl53l1_api.c **** 
 6587              		.loc 1 367 11 is_stmt 0 view .LVU2133
 6588 0030 2046     		mov	r0, r4
 6589              	.LVL700:
 367:Core/Src/vl53l1_api.c **** 
 6590              		.loc 1 367 11 view .LVU2134
 6591 0032 FFF7FEFF 		bl	VL53L1_StartMeasurement
 6592              	.LVL701:
 369:Core/Src/vl53l1_api.c **** 		goto ENDFUNC;
 6593              		.loc 1 369 2 is_stmt 1 view .LVU2135
 369:Core/Src/vl53l1_api.c **** 		goto ENDFUNC;
 6594              		.loc 1 369 5 is_stmt 0 view .LVU2136
 6595 0036 0346     		mov	r3, r0
 6596 0038 0028     		cmp	r0, #0
 6597 003a F5D1     		bne	.L455
 373:Core/Src/vl53l1_api.c **** 	VL53L1_GetRangingMeasurementData(Dev, &RMData);
 6598              		.loc 1 373 2 is_stmt 1 view .LVU2137
 6599 003c 2046     		mov	r0, r4
 6600              	.LVL702:
 373:Core/Src/vl53l1_api.c **** 	VL53L1_GetRangingMeasurementData(Dev, &RMData);
 6601              		.loc 1 373 2 is_stmt 0 view .LVU2138
 6602 003e FFF7FEFF 		bl	VL53L1_WaitMeasurementDataReady
 6603              	.LVL703:
 374:Core/Src/vl53l1_api.c **** 	VL53L1_ClearInterruptAndStartMeasurement(Dev);
 6604              		.loc 1 374 2 is_stmt 1 view .LVU2139
 6605 0042 1BA9     		add	r1, sp, #108
 6606 0044 2046     		mov	r0, r4
 6607 0046 FFF7FEFF 		bl	VL53L1_GetRangingMeasurementData
 6608              	.LVL704:
 375:Core/Src/vl53l1_api.c **** 
 6609              		.loc 1 375 2 view .LVU2140
 6610 004a 2046     		mov	r0, r4
 6611 004c FFF7FEFF 		bl	VL53L1_ClearInterruptAndStartMeasurement
 6612              	.LVL705:
 377:Core/Src/vl53l1_api.c **** 	sum_spads = 0;
 6613              		.loc 1 377 2 view .LVU2141
 378:Core/Src/vl53l1_api.c **** 	sum_signalRate = 0;
 6614              		.loc 1 378 2 view .LVU2142
 379:Core/Src/vl53l1_api.c **** 	total_count = 0;
 6615              		.loc 1 379 2 view .LVU2143
 380:Core/Src/vl53l1_api.c **** 	for (xtalk_meas = 0; xtalk_meas < xtalk_measmax; xtalk_meas++) {
 6616              		.loc 1 380 2 view .LVU2144
 381:Core/Src/vl53l1_api.c **** 		VL53L1_WaitMeasurementDataReady(Dev);
 6617              		.loc 1 381 2 view .LVU2145
 381:Core/Src/vl53l1_api.c **** 		VL53L1_WaitMeasurementDataReady(Dev);
 6618              		.loc 1 381 18 is_stmt 0 view .LVU2146
 6619 0050 0025     		movs	r5, #0
 380:Core/Src/vl53l1_api.c **** 	for (xtalk_meas = 0; xtalk_meas < xtalk_measmax; xtalk_meas++) {
 6620              		.loc 1 380 14 view .LVU2147
 6621 0052 A946     		mov	r9, r5
 379:Core/Src/vl53l1_api.c **** 	total_count = 0;
 6622              		.loc 1 379 17 view .LVU2148
 6623 0054 AA46     		mov	r10, r5
 378:Core/Src/vl53l1_api.c **** 	sum_signalRate = 0;
 6624              		.loc 1 378 12 view .LVU2149
 6625 0056 2E46     		mov	r6, r5
ARM GAS  C:\Users\Lenovo\AppData\Local\Temp\ccE9MZbZ.s 			page 202


 377:Core/Src/vl53l1_api.c **** 	sum_spads = 0;
 6626              		.loc 1 377 14 view .LVU2150
 6627 0058 2F46     		mov	r7, r5
 381:Core/Src/vl53l1_api.c **** 		VL53L1_WaitMeasurementDataReady(Dev);
 6628              		.loc 1 381 2 view .LVU2151
 6629 005a 01E0     		b	.L456
 6630              	.LVL706:
 6631              	.L457:
 381:Core/Src/vl53l1_api.c **** 		VL53L1_WaitMeasurementDataReady(Dev);
 6632              		.loc 1 381 51 is_stmt 1 discriminator 2 view .LVU2152
 381:Core/Src/vl53l1_api.c **** 		VL53L1_WaitMeasurementDataReady(Dev);
 6633              		.loc 1 381 61 is_stmt 0 discriminator 2 view .LVU2153
 6634 005c 0135     		adds	r5, r5, #1
 6635              	.LVL707:
 381:Core/Src/vl53l1_api.c **** 		VL53L1_WaitMeasurementDataReady(Dev);
 6636              		.loc 1 381 61 discriminator 2 view .LVU2154
 6637 005e EDB2     		uxtb	r5, r5
 6638              	.LVL708:
 6639              	.L456:
 381:Core/Src/vl53l1_api.c **** 		VL53L1_WaitMeasurementDataReady(Dev);
 6640              		.loc 1 381 23 is_stmt 1 discriminator 1 view .LVU2155
 381:Core/Src/vl53l1_api.c **** 		VL53L1_WaitMeasurementDataReady(Dev);
 6641              		.loc 1 381 2 is_stmt 0 discriminator 1 view .LVU2156
 6642 0060 4545     		cmp	r5, r8
 6643 0062 19D2     		bcs	.L466
 382:Core/Src/vl53l1_api.c **** 		VL53L1_GetRangingMeasurementData(Dev, &RMData);
 6644              		.loc 1 382 3 is_stmt 1 view .LVU2157
 6645 0064 2046     		mov	r0, r4
 6646 0066 FFF7FEFF 		bl	VL53L1_WaitMeasurementDataReady
 6647              	.LVL709:
 383:Core/Src/vl53l1_api.c **** 		VL53L1_ClearInterruptAndStartMeasurement(Dev);
 6648              		.loc 1 383 3 view .LVU2158
 6649 006a 1BA9     		add	r1, sp, #108
 6650 006c 2046     		mov	r0, r4
 6651 006e FFF7FEFF 		bl	VL53L1_GetRangingMeasurementData
 6652              	.LVL710:
 384:Core/Src/vl53l1_api.c **** 		if (RMData.RangeStatus == VL53L1_RANGESTATUS_RANGE_VALID) {
 6653              		.loc 1 384 3 view .LVU2159
 6654 0072 2046     		mov	r0, r4
 6655 0074 FFF7FEFF 		bl	VL53L1_ClearInterruptAndStartMeasurement
 6656              	.LVL711:
 385:Core/Src/vl53l1_api.c **** 			sum_ranging += RMData.RangeMilliMeter;
 6657              		.loc 1 385 3 view .LVU2160
 385:Core/Src/vl53l1_api.c **** 			sum_ranging += RMData.RangeMilliMeter;
 6658              		.loc 1 385 13 is_stmt 0 view .LVU2161
 6659 0078 9DF88730 		ldrb	r3, [sp, #135]	@ zero_extendqisi2
 385:Core/Src/vl53l1_api.c **** 			sum_ranging += RMData.RangeMilliMeter;
 6660              		.loc 1 385 6 view .LVU2162
 6661 007c 002B     		cmp	r3, #0
 6662 007e EDD1     		bne	.L457
 386:Core/Src/vl53l1_api.c **** 			sum_signalRate += RMData.SignalRateRtnMegaCps;
 6663              		.loc 1 386 4 is_stmt 1 view .LVU2163
 386:Core/Src/vl53l1_api.c **** 			sum_signalRate += RMData.SignalRateRtnMegaCps;
 6664              		.loc 1 386 25 is_stmt 0 view .LVU2164
 6665 0080 BDF98430 		ldrsh	r3, [sp, #132]
 386:Core/Src/vl53l1_api.c **** 			sum_signalRate += RMData.SignalRateRtnMegaCps;
 6666              		.loc 1 386 16 view .LVU2165
ARM GAS  C:\Users\Lenovo\AppData\Local\Temp\ccE9MZbZ.s 			page 203


 6667 0084 1F44     		add	r7, r7, r3
 6668              	.LVL712:
 387:Core/Src/vl53l1_api.c **** 			sum_spads += RMData.EffectiveSpadRtnCount / 256;
 6669              		.loc 1 387 4 is_stmt 1 view .LVU2166
 387:Core/Src/vl53l1_api.c **** 			sum_spads += RMData.EffectiveSpadRtnCount / 256;
 6670              		.loc 1 387 28 is_stmt 0 view .LVU2167
 6671 0086 1D9B     		ldr	r3, [sp, #116]
 387:Core/Src/vl53l1_api.c **** 			sum_spads += RMData.EffectiveSpadRtnCount / 256;
 6672              		.loc 1 387 19 view .LVU2168
 6673 0088 9A44     		add	r10, r10, r3
 6674              	.LVL713:
 388:Core/Src/vl53l1_api.c **** 			total_count++;
 6675              		.loc 1 388 4 is_stmt 1 view .LVU2169
 388:Core/Src/vl53l1_api.c **** 			total_count++;
 6676              		.loc 1 388 23 is_stmt 0 view .LVU2170
 6677 008a BDF87C30 		ldrh	r3, [sp, #124]
 388:Core/Src/vl53l1_api.c **** 			total_count++;
 6678              		.loc 1 388 14 view .LVU2171
 6679 008e 06EB1326 		add	r6, r6, r3, lsr #8
 6680              	.LVL714:
 389:Core/Src/vl53l1_api.c **** 		}
 6681              		.loc 1 389 4 is_stmt 1 view .LVU2172
 389:Core/Src/vl53l1_api.c **** 		}
 6682              		.loc 1 389 15 is_stmt 0 view .LVU2173
 6683 0092 09F10109 		add	r9, r9, #1
 6684              	.LVL715:
 389:Core/Src/vl53l1_api.c **** 		}
 6685              		.loc 1 389 15 view .LVU2174
 6686 0096 E1E7     		b	.L457
 6687              	.L466:
 392:Core/Src/vl53l1_api.c **** 
 6688              		.loc 1 392 2 is_stmt 1 view .LVU2175
 392:Core/Src/vl53l1_api.c **** 
 6689              		.loc 1 392 11 is_stmt 0 view .LVU2176
 6690 0098 2046     		mov	r0, r4
 6691 009a FFF7FEFF 		bl	VL53L1_StopMeasurement
 6692              	.LVL716:
 394:Core/Src/vl53l1_api.c **** 		/* FixPoint1616_t / uint16_t = FixPoint1616_t */
 6693              		.loc 1 394 2 is_stmt 1 view .LVU2177
 394:Core/Src/vl53l1_api.c **** 		/* FixPoint1616_t / uint16_t = FixPoint1616_t */
 6694              		.loc 1 394 5 is_stmt 0 view .LVU2178
 6695 009e B9F1000F 		cmp	r9, #0
 6696 00a2 3ED0     		beq	.L461
 396:Core/Src/vl53l1_api.c **** 		xTalkStoredMeanRange = (FixPoint1616_t)(sum_ranging << 16);
 6697              		.loc 1 396 3 is_stmt 1 view .LVU2179
 396:Core/Src/vl53l1_api.c **** 		xTalkStoredMeanRange = (FixPoint1616_t)(sum_ranging << 16);
 6698              		.loc 1 396 29 is_stmt 0 view .LVU2180
 6699 00a4 BAFBF9FA 		udiv	r10, r10, r9
 6700              	.LVL717:
 397:Core/Src/vl53l1_api.c **** 		xTalkStoredMeanRange /= total_count;
 6701              		.loc 1 397 3 is_stmt 1 view .LVU2181
 397:Core/Src/vl53l1_api.c **** 		xTalkStoredMeanRange /= total_count;
 6702              		.loc 1 397 24 is_stmt 0 view .LVU2182
 6703 00a8 3F04     		lsls	r7, r7, #16
 6704              	.LVL718:
 398:Core/Src/vl53l1_api.c **** 		xTalkStoredMeanRtnSpads = (FixPoint1616_t)(sum_spads << 16);
 6705              		.loc 1 398 3 is_stmt 1 view .LVU2183
ARM GAS  C:\Users\Lenovo\AppData\Local\Temp\ccE9MZbZ.s 			page 204


 398:Core/Src/vl53l1_api.c **** 		xTalkStoredMeanRtnSpads = (FixPoint1616_t)(sum_spads << 16);
 6706              		.loc 1 398 24 is_stmt 0 view .LVU2184
 6707 00aa B7FBF9F7 		udiv	r7, r7, r9
 6708              	.LVL719:
 399:Core/Src/vl53l1_api.c **** 		xTalkStoredMeanRtnSpads /= total_count;
 6709              		.loc 1 399 3 is_stmt 1 view .LVU2185
 399:Core/Src/vl53l1_api.c **** 		xTalkStoredMeanRtnSpads /= total_count;
 6710              		.loc 1 399 27 is_stmt 0 view .LVU2186
 6711 00ae 3304     		lsls	r3, r6, #16
 6712              	.LVL720:
 400:Core/Src/vl53l1_api.c **** 
 6713              		.loc 1 400 3 is_stmt 1 view .LVU2187
 400:Core/Src/vl53l1_api.c **** 
 6714              		.loc 1 400 27 is_stmt 0 view .LVU2188
 6715 00b0 B3FBF9F3 		udiv	r3, r3, r9
 6716              	.LVL721:
 413:Core/Src/vl53l1_api.c **** 			0x8000) >> 16;
 6717              		.loc 1 413 3 is_stmt 1 view .LVU2189
 413:Core/Src/vl53l1_api.c **** 			0x8000) >> 16;
 6718              		.loc 1 413 59 is_stmt 0 view .LVU2190
 6719 00b4 03F50043 		add	r3, r3, #32768
 6720              	.LVL722:
 420:Core/Src/vl53l1_api.c **** 			VL53L1_TUNING_SINGLE_TARGET_XTALK_TARGET_DISTANCE_MM]);
 6721              		.loc 1 420 4 is_stmt 1 view .LVU2191
 420:Core/Src/vl53l1_api.c **** 			VL53L1_TUNING_SINGLE_TARGET_XTALK_TARGET_DISTANCE_MM]);
 6722              		.loc 1 420 46 is_stmt 0 view .LVU2192
 6723 00b8 1B4A     		ldr	r2, .L467
 6724 00ba 9268     		ldr	r2, [r2, #8]
 6725              	.LVL723:
 422:Core/Src/vl53l1_api.c **** 		xTalkCalDistanceAsInt == 0 ||
 6726              		.loc 1 422 3 is_stmt 1 view .LVU2193
 422:Core/Src/vl53l1_api.c **** 		xTalkCalDistanceAsInt == 0 ||
 6727              		.loc 1 422 6 is_stmt 0 view .LVU2194
 6728 00bc 1D0C     		lsrs	r5, r3, #16
 6729              	.LVL724:
 422:Core/Src/vl53l1_api.c **** 		xTalkCalDistanceAsInt == 0 ||
 6730              		.loc 1 422 6 view .LVU2195
 6731 00be 10D0     		beq	.L459
 422:Core/Src/vl53l1_api.c **** 		xTalkCalDistanceAsInt == 0 ||
 6732              		.loc 1 422 41 discriminator 1 view .LVU2196
 6733 00c0 72B1     		cbz	r2, .L462
 423:Core/Src/vl53l1_api.c **** 		xTalkStoredMeanRange >= (xTalkCalDistanceAsInt << 16)) {
 6734              		.loc 1 423 30 view .LVU2197
 6735 00c2 B7EB024F 		cmp	r7, r2, lsl #16
 6736 00c6 27D2     		bcs	.L463
 432:Core/Src/vl53l1_api.c **** 				xTalkStoredMeanRtnSpadsAsInt;
 6737              		.loc 1 432 4 is_stmt 1 view .LVU2198
 432:Core/Src/vl53l1_api.c **** 				xTalkStoredMeanRtnSpadsAsInt;
 6738              		.loc 1 432 28 is_stmt 0 view .LVU2199
 6739 00c8 BAFBF5FA 		udiv	r10, r10, r5
 6740              	.LVL725:
 440:Core/Src/vl53l1_api.c **** 				(xTalkStoredMeanRange / xTalkCalDistanceAsInt));
 6741              		.loc 1 440 4 is_stmt 1 view .LVU2200
 441:Core/Src/vl53l1_api.c **** 
 6742              		.loc 1 441 27 is_stmt 0 view .LVU2201
 6743 00cc B7FBF2F3 		udiv	r3, r7, r2
 6744              	.LVL726:
ARM GAS  C:\Users\Lenovo\AppData\Local\Temp\ccE9MZbZ.s 			page 205


 440:Core/Src/vl53l1_api.c **** 				(xTalkStoredMeanRange / xTalkCalDistanceAsInt));
 6745              		.loc 1 440 52 view .LVU2202
 6746 00d0 C3F58033 		rsb	r3, r3, #65536
 440:Core/Src/vl53l1_api.c **** 				(xTalkStoredMeanRange / xTalkCalDistanceAsInt));
 6747              		.loc 1 440 28 view .LVU2203
 6748 00d4 0AFB03F3 		mul	r3, r10, r3
 6749              	.LVL727:
 444:Core/Src/vl53l1_api.c **** 				+ 0x8000) >> 16;
 6750              		.loc 1 444 4 is_stmt 1 view .LVU2204
 445:Core/Src/vl53l1_api.c **** 		}
 6751              		.loc 1 445 5 is_stmt 0 view .LVU2205
 6752 00d8 03F50043 		add	r3, r3, #32768
 6753              	.LVL728:
 444:Core/Src/vl53l1_api.c **** 				+ 0x8000) >> 16;
 6754              		.loc 1 444 33 view .LVU2206
 6755 00dc 1D0C     		lsrs	r5, r3, #16
 6756              	.LVL729:
 444:Core/Src/vl53l1_api.c **** 				+ 0x8000) >> 16;
 6757              		.loc 1 444 33 view .LVU2207
 6758 00de 00E0     		b	.L459
 6759              	.LVL730:
 6760              	.L462:
 425:Core/Src/vl53l1_api.c **** 		} else {
 6761              		.loc 1 425 33 view .LVU2208
 6762 00e0 1546     		mov	r5, r2
 6763              	.LVL731:
 6764              	.L459:
 449:Core/Src/vl53l1_api.c **** 
 6765              		.loc 1 449 3 is_stmt 1 view .LVU2209
 449:Core/Src/vl53l1_api.c **** 
 6766              		.loc 1 449 12 is_stmt 0 view .LVU2210
 6767 00e2 01A9     		add	r1, sp, #4
 6768 00e4 2046     		mov	r0, r4
 6769 00e6 FFF7FEFF 		bl	VL53L1_GetCalibrationData
 6770              	.LVL732:
 451:Core/Src/vl53l1_api.c **** 			goto ENDFUNC;
 6771              		.loc 1 451 3 is_stmt 1 view .LVU2211
 451:Core/Src/vl53l1_api.c **** 			goto ENDFUNC;
 6772              		.loc 1 451 6 is_stmt 0 view .LVU2212
 6773 00ea 0346     		mov	r3, r0
 6774 00ec 0028     		cmp	r0, #0
 6775 00ee 9BD1     		bne	.L455
 454:Core/Src/vl53l1_api.c **** 
 6776              		.loc 1 454 3 is_stmt 1 view .LVU2213
 6777              	.LVL733:
 456:Core/Src/vl53l1_api.c **** 			(uint32_t)(1000 * ((XTalkCompensationRateMegaCps  +
 6778              		.loc 1 456 3 view .LVU2214
 457:Core/Src/vl53l1_api.c **** 				((uint32_t)1<<6)) >> (16-9)));
 6779              		.loc 1 457 54 is_stmt 0 view .LVU2215
 6780 00f0 05F14003 		add	r3, r5, #64
 458:Core/Src/vl53l1_api.c **** 
 6781              		.loc 1 458 23 view .LVU2216
 6782 00f4 DB09     		lsrs	r3, r3, #7
 457:Core/Src/vl53l1_api.c **** 				((uint32_t)1<<6)) >> (16-9)));
 6783              		.loc 1 457 4 view .LVU2217
 6784 00f6 4FF47A72 		mov	r2, #1000
 6785 00fa 02FB03F3 		mul	r3, r2, r3
ARM GAS  C:\Users\Lenovo\AppData\Local\Temp\ccE9MZbZ.s 			page 206


 456:Core/Src/vl53l1_api.c **** 			(uint32_t)(1000 * ((XTalkCompensationRateMegaCps  +
 6786              		.loc 1 456 54 view .LVU2218
 6787 00fe 0593     		str	r3, [sp, #20]
 460:Core/Src/vl53l1_api.c **** 
 6788              		.loc 1 460 3 is_stmt 1 view .LVU2219
 460:Core/Src/vl53l1_api.c **** 
 6789              		.loc 1 460 12 is_stmt 0 view .LVU2220
 6790 0100 01A9     		add	r1, sp, #4
 6791 0102 2046     		mov	r0, r4
 6792              	.LVL734:
 460:Core/Src/vl53l1_api.c **** 
 6793              		.loc 1 460 12 view .LVU2221
 6794 0104 FFF7FEFF 		bl	VL53L1_SetCalibrationData
 6795              	.LVL735:
 462:Core/Src/vl53l1_api.c **** 			goto ENDFUNC;
 6796              		.loc 1 462 3 is_stmt 1 view .LVU2222
 462:Core/Src/vl53l1_api.c **** 			goto ENDFUNC;
 6797              		.loc 1 462 6 is_stmt 0 view .LVU2223
 6798 0108 0346     		mov	r3, r0
 6799 010a 0028     		cmp	r0, #0
 6800 010c 8CD1     		bne	.L455
 465:Core/Src/vl53l1_api.c **** 
 6801              		.loc 1 465 3 is_stmt 1 view .LVU2224
 465:Core/Src/vl53l1_api.c **** 
 6802              		.loc 1 465 12 is_stmt 0 view .LVU2225
 6803 010e 2046     		mov	r0, r4
 6804              	.LVL736:
 465:Core/Src/vl53l1_api.c **** 
 6805              		.loc 1 465 12 view .LVU2226
 6806 0110 FFF7FEFF 		bl	VL53L1_enable_xtalk_compensation
 6807              	.LVL737:
 6808 0114 0346     		mov	r3, r0
 6809              	.LVL738:
 465:Core/Src/vl53l1_api.c **** 
 6810              		.loc 1 465 12 view .LVU2227
 6811 0116 87E7     		b	.L455
 6812              	.LVL739:
 6813              	.L463:
 425:Core/Src/vl53l1_api.c **** 		} else {
 6814              		.loc 1 425 33 view .LVU2228
 6815 0118 0025     		movs	r5, #0
 6816              	.LVL740:
 425:Core/Src/vl53l1_api.c **** 		} else {
 6817              		.loc 1 425 33 view .LVU2229
 6818 011a E2E7     		b	.L459
 6819              	.LVL741:
 6820              	.L460:
 357:Core/Src/vl53l1_api.c **** 		goto ENDFUNC;
 6821              		.loc 1 357 10 view .LVU2230
 6822 011c 6FF00703 		mvn	r3, #7
 6823              	.LVL742:
 357:Core/Src/vl53l1_api.c **** 		goto ENDFUNC;
 6824              		.loc 1 357 10 view .LVU2231
 6825 0120 82E7     		b	.L455
 6826              	.LVL743:
 6827              	.L461:
 469:Core/Src/vl53l1_api.c **** 
ARM GAS  C:\Users\Lenovo\AppData\Local\Temp\ccE9MZbZ.s 			page 207


 6828              		.loc 1 469 10 view .LVU2232
 6829 0122 6FF01503 		mvn	r3, #21
 6830 0126 7FE7     		b	.L455
 6831              	.L468:
 6832              		.align	2
 6833              	.L467:
 6834 0128 00000000 		.word	.LANCHOR0
 6835              		.cfi_endproc
 6836              	.LFE7:
 6838              		.section	.text.VL53L1_PerformSingleTargetXTalkCalibration,"ax",%progbits
 6839              		.align	1
 6840              		.global	VL53L1_PerformSingleTargetXTalkCalibration
 6841              		.syntax unified
 6842              		.thumb
 6843              		.thumb_func
 6845              	VL53L1_PerformSingleTargetXTalkCalibration:
 6846              	.LVL744:
 6847              	.LFB64:
2246:Core/Src/vl53l1_api.c **** 	VL53L1_Error Status = VL53L1_ERROR_NONE;
 6848              		.loc 1 2246 1 is_stmt 1 view -0
 6849              		.cfi_startproc
 6850              		@ args = 0, pretend = 0, frame = 0
 6851              		@ frame_needed = 0, uses_anonymous_args = 0
2247:Core/Src/vl53l1_api.c **** 
 6852              		.loc 1 2247 2 view .LVU2234
2249:Core/Src/vl53l1_api.c **** 
 6853              		.loc 1 2249 24 view .LVU2235
2251:Core/Src/vl53l1_api.c **** 		BDTable[VL53L1_TUNING_SINGLE_TARGET_XTALK_TARGET_DISTANCE_MM] =
 6854              		.loc 1 2251 2 view .LVU2236
2251:Core/Src/vl53l1_api.c **** 		BDTable[VL53L1_TUNING_SINGLE_TARGET_XTALK_TARGET_DISTANCE_MM] =
 6855              		.loc 1 2251 5 is_stmt 0 view .LVU2237
 6856 0000 0029     		cmp	r1, #0
2251:Core/Src/vl53l1_api.c **** 		BDTable[VL53L1_TUNING_SINGLE_TARGET_XTALK_TARGET_DISTANCE_MM] =
 6857              		.loc 1 2251 5 view .LVU2238
 6858 0002 05DD     		ble	.L471
2246:Core/Src/vl53l1_api.c **** 	VL53L1_Error Status = VL53L1_ERROR_NONE;
 6859              		.loc 1 2246 1 view .LVU2239
 6860 0004 08B5     		push	{r3, lr}
 6861              	.LCFI110:
 6862              		.cfi_def_cfa_offset 8
 6863              		.cfi_offset 3, -8
 6864              		.cfi_offset 14, -4
2252:Core/Src/vl53l1_api.c **** 				CalDistanceMilliMeter;
 6865              		.loc 1 2252 3 is_stmt 1 view .LVU2240
2252:Core/Src/vl53l1_api.c **** 				CalDistanceMilliMeter;
 6866              		.loc 1 2252 65 is_stmt 0 view .LVU2241
 6867 0006 044B     		ldr	r3, .L476
 6868 0008 9960     		str	r1, [r3, #8]
2254:Core/Src/vl53l1_api.c **** 	} else
 6869              		.loc 1 2254 3 is_stmt 1 view .LVU2242
2254:Core/Src/vl53l1_api.c **** 	} else
 6870              		.loc 1 2254 12 is_stmt 0 view .LVU2243
 6871 000a FFF7FEFF 		bl	SingleTargetXTalkCalibration
 6872              	.LVL745:
2258:Core/Src/vl53l1_api.c **** 	return Status;
 6873              		.loc 1 2258 26 is_stmt 1 view .LVU2244
2259:Core/Src/vl53l1_api.c **** }
ARM GAS  C:\Users\Lenovo\AppData\Local\Temp\ccE9MZbZ.s 			page 208


 6874              		.loc 1 2259 2 view .LVU2245
2260:Core/Src/vl53l1_api.c **** 
 6875              		.loc 1 2260 1 is_stmt 0 view .LVU2246
 6876 000e 08BD     		pop	{r3, pc}
 6877              	.LVL746:
 6878              	.L471:
 6879              	.LCFI111:
 6880              		.cfi_def_cfa_offset 0
 6881              		.cfi_restore 3
 6882              		.cfi_restore 14
2256:Core/Src/vl53l1_api.c **** 
 6883              		.loc 1 2256 10 view .LVU2247
 6884 0010 6FF00300 		mvn	r0, #3
 6885              	.LVL747:
2258:Core/Src/vl53l1_api.c **** 	return Status;
 6886              		.loc 1 2258 26 is_stmt 1 view .LVU2248
2259:Core/Src/vl53l1_api.c **** }
 6887              		.loc 1 2259 2 view .LVU2249
2260:Core/Src/vl53l1_api.c **** 
 6888              		.loc 1 2260 1 is_stmt 0 view .LVU2250
 6889 0014 7047     		bx	lr
 6890              	.L477:
 6891 0016 00BF     		.align	2
 6892              	.L476:
 6893 0018 00000000 		.word	.LANCHOR0
 6894              		.cfi_endproc
 6895              	.LFE64:
 6897              		.section	.text.VL53L1_GetOpticalCenter,"ax",%progbits
 6898              		.align	1
 6899              		.global	VL53L1_GetOpticalCenter
 6900              		.syntax unified
 6901              		.thumb
 6902              		.thumb_func
 6904              	VL53L1_GetOpticalCenter:
 6905              	.LVL748:
 6906              	.LFB69:
2619:Core/Src/vl53l1_api.c **** 	VL53L1_Error Status = VL53L1_ERROR_NONE;
 6907              		.loc 1 2619 1 is_stmt 1 view -0
 6908              		.cfi_startproc
 6909              		@ args = 0, pretend = 0, frame = 104
 6910              		@ frame_needed = 0, uses_anonymous_args = 0
2619:Core/Src/vl53l1_api.c **** 	VL53L1_Error Status = VL53L1_ERROR_NONE;
 6911              		.loc 1 2619 1 is_stmt 0 view .LVU2252
 6912 0000 30B5     		push	{r4, r5, lr}
 6913              	.LCFI112:
 6914              		.cfi_def_cfa_offset 12
 6915              		.cfi_offset 4, -12
 6916              		.cfi_offset 5, -8
 6917              		.cfi_offset 14, -4
 6918 0002 9BB0     		sub	sp, sp, #108
 6919              	.LCFI113:
 6920              		.cfi_def_cfa_offset 120
 6921 0004 0D46     		mov	r5, r1
 6922 0006 1446     		mov	r4, r2
2620:Core/Src/vl53l1_api.c **** 	VL53L1_calibration_data_t  CalibrationData;
 6923              		.loc 1 2620 2 is_stmt 1 view .LVU2253
 6924              	.LVL749:
ARM GAS  C:\Users\Lenovo\AppData\Local\Temp\ccE9MZbZ.s 			page 209


2621:Core/Src/vl53l1_api.c **** 
 6925              		.loc 1 2621 2 view .LVU2254
2623:Core/Src/vl53l1_api.c **** 
 6926              		.loc 1 2623 24 view .LVU2255
2625:Core/Src/vl53l1_api.c **** 	*pOpticalCenterY = 0;
 6927              		.loc 1 2625 2 view .LVU2256
2625:Core/Src/vl53l1_api.c **** 	*pOpticalCenterY = 0;
 6928              		.loc 1 2625 19 is_stmt 0 view .LVU2257
 6929 0008 0023     		movs	r3, #0
 6930 000a 0B60     		str	r3, [r1]
2626:Core/Src/vl53l1_api.c **** 	Status = VL53L1_get_part_to_part_data(Dev, &CalibrationData);
 6931              		.loc 1 2626 2 is_stmt 1 view .LVU2258
2626:Core/Src/vl53l1_api.c **** 	Status = VL53L1_get_part_to_part_data(Dev, &CalibrationData);
 6932              		.loc 1 2626 19 is_stmt 0 view .LVU2259
 6933 000c 1360     		str	r3, [r2]
2627:Core/Src/vl53l1_api.c **** 	if (Status == VL53L1_ERROR_NONE) {
 6934              		.loc 1 2627 2 is_stmt 1 view .LVU2260
2627:Core/Src/vl53l1_api.c **** 	if (Status == VL53L1_ERROR_NONE) {
 6935              		.loc 1 2627 11 is_stmt 0 view .LVU2261
 6936 000e 01A9     		add	r1, sp, #4
 6937              	.LVL750:
2627:Core/Src/vl53l1_api.c **** 	if (Status == VL53L1_ERROR_NONE) {
 6938              		.loc 1 2627 11 view .LVU2262
 6939 0010 FFF7FEFF 		bl	VL53L1_get_part_to_part_data
 6940              	.LVL751:
2628:Core/Src/vl53l1_api.c **** 		*pOpticalCenterX = VL53L1_FIXPOINT44TOFIXPOINT1616(
 6941              		.loc 1 2628 2 is_stmt 1 view .LVU2263
2628:Core/Src/vl53l1_api.c **** 		*pOpticalCenterX = VL53L1_FIXPOINT44TOFIXPOINT1616(
 6942              		.loc 1 2628 5 is_stmt 0 view .LVU2264
 6943 0014 38B9     		cbnz	r0, .L479
2629:Core/Src/vl53l1_api.c **** 				CalibrationData.optical_centre.x_centre);
 6944              		.loc 1 2629 3 is_stmt 1 view .LVU2265
2629:Core/Src/vl53l1_api.c **** 				CalibrationData.optical_centre.x_centre);
 6945              		.loc 1 2629 22 is_stmt 0 view .LVU2266
 6946 0016 9DF82830 		ldrb	r3, [sp, #40]	@ zero_extendqisi2
 6947 001a 1B03     		lsls	r3, r3, #12
2629:Core/Src/vl53l1_api.c **** 				CalibrationData.optical_centre.x_centre);
 6948              		.loc 1 2629 20 view .LVU2267
 6949 001c 2B60     		str	r3, [r5]
2631:Core/Src/vl53l1_api.c **** 				CalibrationData.optical_centre.y_centre);
 6950              		.loc 1 2631 3 is_stmt 1 view .LVU2268
2631:Core/Src/vl53l1_api.c **** 				CalibrationData.optical_centre.y_centre);
 6951              		.loc 1 2631 22 is_stmt 0 view .LVU2269
 6952 001e 9DF82930 		ldrb	r3, [sp, #41]	@ zero_extendqisi2
 6953 0022 1B03     		lsls	r3, r3, #12
2631:Core/Src/vl53l1_api.c **** 				CalibrationData.optical_centre.y_centre);
 6954              		.loc 1 2631 20 view .LVU2270
 6955 0024 2360     		str	r3, [r4]
 6956              	.L479:
2635:Core/Src/vl53l1_api.c **** 	return Status;
 6957              		.loc 1 2635 26 is_stmt 1 view .LVU2271
2636:Core/Src/vl53l1_api.c **** }
 6958              		.loc 1 2636 2 view .LVU2272
2637:Core/Src/vl53l1_api.c **** 
 6959              		.loc 1 2637 1 is_stmt 0 view .LVU2273
 6960 0026 1BB0     		add	sp, sp, #108
 6961              	.LCFI114:
ARM GAS  C:\Users\Lenovo\AppData\Local\Temp\ccE9MZbZ.s 			page 210


 6962              		.cfi_def_cfa_offset 12
 6963              		@ sp needed
 6964 0028 30BD     		pop	{r4, r5, pc}
2637:Core/Src/vl53l1_api.c **** 
 6965              		.loc 1 2637 1 view .LVU2274
 6966              		.cfi_endproc
 6967              	.LFE69:
 6969              		.section	.text.VL53L1_SetThresholdConfig,"ax",%progbits
 6970              		.align	1
 6971              		.global	VL53L1_SetThresholdConfig
 6972              		.syntax unified
 6973              		.thumb
 6974              		.thumb_func
 6976              	VL53L1_SetThresholdConfig:
 6977              	.LVL752:
 6978              	.LFB70:
2646:Core/Src/vl53l1_api.c **** #define BADTHRESBOUNDS(T) \
 6979              		.loc 1 2646 1 is_stmt 1 view -0
 6980              		.cfi_startproc
 6981              		@ args = 0, pretend = 0, frame = 16
 6982              		@ frame_needed = 0, uses_anonymous_args = 0
2646:Core/Src/vl53l1_api.c **** #define BADTHRESBOUNDS(T) \
 6983              		.loc 1 2646 1 is_stmt 0 view .LVU2276
 6984 0000 30B5     		push	{r4, r5, lr}
 6985              	.LCFI115:
 6986              		.cfi_def_cfa_offset 12
 6987              		.cfi_offset 4, -12
 6988              		.cfi_offset 5, -8
 6989              		.cfi_offset 14, -4
 6990 0002 87B0     		sub	sp, sp, #28
 6991              	.LCFI116:
 6992              		.cfi_def_cfa_offset 40
 6993 0004 0546     		mov	r5, r0
 6994 0006 0C46     		mov	r4, r1
2651:Core/Src/vl53l1_api.c **** 	VL53L1_GPIO_interrupt_config_t Cfg;
 6995              		.loc 1 2651 2 is_stmt 1 view .LVU2277
2651:Core/Src/vl53l1_api.c **** 	VL53L1_GPIO_interrupt_config_t Cfg;
 6996              		.loc 1 2651 15 is_stmt 0 view .LVU2278
 6997 0008 0023     		movs	r3, #0
 6998 000a 8DF81730 		strb	r3, [sp, #23]
2652:Core/Src/vl53l1_api.c **** 	uint16_t g;
 6999              		.loc 1 2652 2 is_stmt 1 view .LVU2279
2653:Core/Src/vl53l1_api.c **** 	FixPoint1616_t gain, high1616, low1616;
 7000              		.loc 1 2653 2 view .LVU2280
2654:Core/Src/vl53l1_api.c **** 	VL53L1_LLDriverData_t *pdev;
 7001              		.loc 1 2654 2 view .LVU2281
2655:Core/Src/vl53l1_api.c **** 
 7002              		.loc 1 2655 2 view .LVU2282
2657:Core/Src/vl53l1_api.c **** 
 7003              		.loc 1 2657 24 view .LVU2283
2659:Core/Src/vl53l1_api.c **** 
 7004              		.loc 1 2659 2 view .LVU2284
 7005              	.LVL753:
2661:Core/Src/vl53l1_api.c **** 	if (Status != VL53L1_ERROR_NONE)
 7006              		.loc 1 2661 2 view .LVU2285
2661:Core/Src/vl53l1_api.c **** 	if (Status != VL53L1_ERROR_NONE)
 7007              		.loc 1 2661 11 is_stmt 0 view .LVU2286
ARM GAS  C:\Users\Lenovo\AppData\Local\Temp\ccE9MZbZ.s 			page 211


 7008 000e 02A9     		add	r1, sp, #8
 7009              	.LVL754:
2661:Core/Src/vl53l1_api.c **** 	if (Status != VL53L1_ERROR_NONE)
 7010              		.loc 1 2661 11 view .LVU2287
 7011 0010 FFF7FEFF 		bl	VL53L1_get_GPIO_interrupt_config
 7012              	.LVL755:
2661:Core/Src/vl53l1_api.c **** 	if (Status != VL53L1_ERROR_NONE)
 7013              		.loc 1 2661 9 view .LVU2288
 7014 0014 8DF81700 		strb	r0, [sp, #23]
2662:Core/Src/vl53l1_api.c **** 		return Status;
 7015              		.loc 1 2662 2 is_stmt 1 view .LVU2289
2662:Core/Src/vl53l1_api.c **** 		return Status;
 7016              		.loc 1 2662 5 is_stmt 0 view .LVU2290
 7017 0018 0028     		cmp	r0, #0
 7018 001a 7FD1     		bne	.L482
2665:Core/Src/vl53l1_api.c **** 		Cfg.intr_new_measure_ready = 1;
 7019              		.loc 1 2665 2 is_stmt 1 view .LVU2291
2665:Core/Src/vl53l1_api.c **** 		Cfg.intr_new_measure_ready = 1;
 7020              		.loc 1 2665 13 is_stmt 0 view .LVU2292
 7021 001c 2378     		ldrb	r3, [r4]	@ zero_extendqisi2
2665:Core/Src/vl53l1_api.c **** 		Cfg.intr_new_measure_ready = 1;
 7022              		.loc 1 2665 5 view .LVU2293
 7023 001e 002B     		cmp	r3, #0
 7024 0020 4BD0     		beq	.L496
2670:Core/Src/vl53l1_api.c **** 			Status = VL53L1_ERROR_INVALID_PARAMS;
 7025              		.loc 1 2670 3 is_stmt 1 view .LVU2294
2670:Core/Src/vl53l1_api.c **** 			Status = VL53L1_ERROR_INVALID_PARAMS;
 7026              		.loc 1 2670 7 is_stmt 0 view .LVU2295
 7027 0022 A378     		ldrb	r3, [r4, #2]	@ zero_extendqisi2
 7028 0024 023B     		subs	r3, r3, #2
 7029 0026 DBB2     		uxtb	r3, r3
2670:Core/Src/vl53l1_api.c **** 			Status = VL53L1_ERROR_INVALID_PARAMS;
 7030              		.loc 1 2670 6 view .LVU2296
 7031 0028 012B     		cmp	r3, #1
 7032 002a 55D9     		bls	.L497
 7033              	.L485:
2672:Core/Src/vl53l1_api.c **** 				(BADTHRESBOUNDS(pConfig->Rate)))
 7034              		.loc 1 2672 3 is_stmt 1 view .LVU2297
2672:Core/Src/vl53l1_api.c **** 				(BADTHRESBOUNDS(pConfig->Rate)))
 7035              		.loc 1 2672 15 is_stmt 0 view .LVU2298
 7036 002c 9DF91730 		ldrsb	r3, [sp, #23]
2672:Core/Src/vl53l1_api.c **** 				(BADTHRESBOUNDS(pConfig->Rate)))
 7037              		.loc 1 2672 6 view .LVU2299
 7038 0030 23B9     		cbnz	r3, .L486
2673:Core/Src/vl53l1_api.c **** 			Status = VL53L1_ERROR_INVALID_PARAMS;
 7039              		.loc 1 2673 6 discriminator 1 view .LVU2300
 7040 0032 237A     		ldrb	r3, [r4, #8]	@ zero_extendqisi2
 7041 0034 023B     		subs	r3, r3, #2
 7042 0036 DBB2     		uxtb	r3, r3
2672:Core/Src/vl53l1_api.c **** 				(BADTHRESBOUNDS(pConfig->Rate)))
 7043              		.loc 1 2672 37 discriminator 1 view .LVU2301
 7044 0038 012B     		cmp	r3, #1
 7045 003a 55D9     		bls	.L498
 7046              	.L486:
2675:Core/Src/vl53l1_api.c **** 			Cfg.intr_new_measure_ready = 0;
 7047              		.loc 1 2675 3 is_stmt 1 view .LVU2302
2675:Core/Src/vl53l1_api.c **** 			Cfg.intr_new_measure_ready = 0;
ARM GAS  C:\Users\Lenovo\AppData\Local\Temp\ccE9MZbZ.s 			page 212


 7048              		.loc 1 2675 14 is_stmt 0 view .LVU2303
 7049 003c 9DF91730 		ldrsb	r3, [sp, #23]
2675:Core/Src/vl53l1_api.c **** 			Cfg.intr_new_measure_ready = 0;
 7050              		.loc 1 2675 6 view .LVU2304
 7051 0040 63BB     		cbnz	r3, .L487
2676:Core/Src/vl53l1_api.c **** 			Cfg.intr_no_target = pConfig->IntrNoTarget;
 7052              		.loc 1 2676 4 is_stmt 1 view .LVU2305
2676:Core/Src/vl53l1_api.c **** 			Cfg.intr_no_target = pConfig->IntrNoTarget;
 7053              		.loc 1 2676 31 is_stmt 0 view .LVU2306
 7054 0042 8DF80A30 		strb	r3, [sp, #10]
2677:Core/Src/vl53l1_api.c **** 			/* fix ticket 466238 Apply invert distance gain to thresholds */
 7055              		.loc 1 2677 4 is_stmt 1 view .LVU2307
2677:Core/Src/vl53l1_api.c **** 			/* fix ticket 466238 Apply invert distance gain to thresholds */
 7056              		.loc 1 2677 32 is_stmt 0 view .LVU2308
 7057 0046 6378     		ldrb	r3, [r4, #1]	@ zero_extendqisi2
2677:Core/Src/vl53l1_api.c **** 			/* fix ticket 466238 Apply invert distance gain to thresholds */
 7058              		.loc 1 2677 23 view .LVU2309
 7059 0048 8DF80B30 		strb	r3, [sp, #11]
2679:Core/Src/vl53l1_api.c **** 			if (g != 0) {
 7060              		.loc 1 2679 4 is_stmt 1 view .LVU2310
2679:Core/Src/vl53l1_api.c **** 			if (g != 0) {
 7061              		.loc 1 2679 6 is_stmt 0 view .LVU2311
 7062 004c B5F89C30 		ldrh	r3, [r5, #156]
 7063              	.LVL756:
2680:Core/Src/vl53l1_api.c **** 				/* gain is ufix 5.11, convert to 16.16 */
 7064              		.loc 1 2680 4 is_stmt 1 view .LVU2312
2680:Core/Src/vl53l1_api.c **** 				/* gain is ufix 5.11, convert to 16.16 */
 7065              		.loc 1 2680 7 is_stmt 0 view .LVU2313
 7066 0050 83B1     		cbz	r3, .L488
2682:Core/Src/vl53l1_api.c **** 				high1616 = (FixPoint1616_t) ((uint32_t)
 7067              		.loc 1 2682 5 is_stmt 1 view .LVU2314
2682:Core/Src/vl53l1_api.c **** 				high1616 = (FixPoint1616_t) ((uint32_t)
 7068              		.loc 1 2682 10 is_stmt 0 view .LVU2315
 7069 0052 5B01     		lsls	r3, r3, #5
 7070              	.LVL757:
2683:Core/Src/vl53l1_api.c **** 						pConfig->Distance.High << 16);
 7071              		.loc 1 2683 5 is_stmt 1 view .LVU2316
2684:Core/Src/vl53l1_api.c **** 				low1616 = (FixPoint1616_t) ((uint32_t)
 7072              		.loc 1 2684 24 is_stmt 0 view .LVU2317
 7073 0054 A188     		ldrh	r1, [r4, #4]
2683:Core/Src/vl53l1_api.c **** 						pConfig->Distance.High << 16);
 7074              		.loc 1 2683 14 view .LVU2318
 7075 0056 0904     		lsls	r1, r1, #16
 7076              	.LVL758:
2685:Core/Src/vl53l1_api.c **** 						pConfig->Distance.Low << 16);
 7077              		.loc 1 2685 5 is_stmt 1 view .LVU2319
2686:Core/Src/vl53l1_api.c **** 				/* +32768 to round the results*/
 7078              		.loc 1 2686 24 is_stmt 0 view .LVU2320
 7079 0058 E288     		ldrh	r2, [r4, #6]
2685:Core/Src/vl53l1_api.c **** 						pConfig->Distance.Low << 16);
 7080              		.loc 1 2685 13 view .LVU2321
 7081 005a 1204     		lsls	r2, r2, #16
 7082              	.LVL759:
2688:Core/Src/vl53l1_api.c **** 				low1616 = (low1616 + 32768) / gain;
 7083              		.loc 1 2688 5 is_stmt 1 view .LVU2322
2688:Core/Src/vl53l1_api.c **** 				low1616 = (low1616 + 32768) / gain;
 7084              		.loc 1 2688 26 is_stmt 0 view .LVU2323
ARM GAS  C:\Users\Lenovo\AppData\Local\Temp\ccE9MZbZ.s 			page 213


 7085 005c 01F50041 		add	r1, r1, #32768
 7086              	.LVL760:
2688:Core/Src/vl53l1_api.c **** 				low1616 = (low1616 + 32768) / gain;
 7087              		.loc 1 2688 14 view .LVU2324
 7088 0060 B1FBF3F1 		udiv	r1, r1, r3
 7089              	.LVL761:
2689:Core/Src/vl53l1_api.c **** 				Cfg.threshold_distance_high = (uint16_t)
 7090              		.loc 1 2689 5 is_stmt 1 view .LVU2325
2689:Core/Src/vl53l1_api.c **** 				Cfg.threshold_distance_high = (uint16_t)
 7091              		.loc 1 2689 24 is_stmt 0 view .LVU2326
 7092 0064 02F50042 		add	r2, r2, #32768
 7093              	.LVL762:
2689:Core/Src/vl53l1_api.c **** 				Cfg.threshold_distance_high = (uint16_t)
 7094              		.loc 1 2689 13 view .LVU2327
 7095 0068 B2FBF3F3 		udiv	r3, r2, r3
 7096              	.LVL763:
2690:Core/Src/vl53l1_api.c **** 						(high1616 & 0xFFFF);
 7097              		.loc 1 2690 5 is_stmt 1 view .LVU2328
2690:Core/Src/vl53l1_api.c **** 						(high1616 & 0xFFFF);
 7098              		.loc 1 2690 33 is_stmt 0 view .LVU2329
 7099 006c ADF80E10 		strh	r1, [sp, #14]	@ movhi
2692:Core/Src/vl53l1_api.c **** 						(low1616 & 0xFFFF);
 7100              		.loc 1 2692 5 is_stmt 1 view .LVU2330
2692:Core/Src/vl53l1_api.c **** 						(low1616 & 0xFFFF);
 7101              		.loc 1 2692 32 is_stmt 0 view .LVU2331
 7102 0070 ADF81030 		strh	r3, [sp, #16]	@ movhi
 7103              	.LVL764:
 7104              	.L488:
2695:Core/Src/vl53l1_api.c **** 				VL53L1_FIXPOINT1616TOFIXPOINT97(
 7105              		.loc 1 2695 4 is_stmt 1 view .LVU2332
2696:Core/Src/vl53l1_api.c **** 						pConfig->Rate.High);
 7106              		.loc 1 2696 5 is_stmt 0 view .LVU2333
 7107 0074 E368     		ldr	r3, [r4, #12]
 7108 0076 C3F34F23 		ubfx	r3, r3, #9, #16
2695:Core/Src/vl53l1_api.c **** 				VL53L1_FIXPOINT1616TOFIXPOINT97(
 7109              		.loc 1 2695 28 view .LVU2334
 7110 007a ADF81230 		strh	r3, [sp, #18]	@ movhi
2698:Core/Src/vl53l1_api.c **** 				VL53L1_FIXPOINT1616TOFIXPOINT97(
 7111              		.loc 1 2698 4 is_stmt 1 view .LVU2335
2699:Core/Src/vl53l1_api.c **** 						pConfig->Rate.Low);
 7112              		.loc 1 2699 5 is_stmt 0 view .LVU2336
 7113 007e 2369     		ldr	r3, [r4, #16]
 7114 0080 C3F34F23 		ubfx	r3, r3, #9, #16
2698:Core/Src/vl53l1_api.c **** 				VL53L1_FIXPOINT1616TOFIXPOINT97(
 7115              		.loc 1 2698 27 view .LVU2337
 7116 0084 ADF81430 		strh	r3, [sp, #20]	@ movhi
2702:Core/Src/vl53l1_api.c **** 					&Status,
 7117              		.loc 1 2702 4 is_stmt 1 view .LVU2338
2702:Core/Src/vl53l1_api.c **** 					&Status,
 7118              		.loc 1 2702 29 is_stmt 0 view .LVU2339
 7119 0088 A178     		ldrb	r1, [r4, #2]	@ zero_extendqisi2
 7120 008a 0DF11700 		add	r0, sp, #23
 7121 008e FFF7FEFF 		bl	ConvertModeToLLD
 7122              	.LVL765:
2702:Core/Src/vl53l1_api.c **** 					&Status,
 7123              		.loc 1 2702 27 view .LVU2340
 7124 0092 8DF80800 		strb	r0, [sp, #8]
ARM GAS  C:\Users\Lenovo\AppData\Local\Temp\ccE9MZbZ.s 			page 214


2705:Core/Src/vl53l1_api.c **** 				Cfg.intr_mode_rate = ConvertModeToLLD(
 7125              		.loc 1 2705 4 is_stmt 1 view .LVU2341
2705:Core/Src/vl53l1_api.c **** 				Cfg.intr_mode_rate = ConvertModeToLLD(
 7126              		.loc 1 2705 15 is_stmt 0 view .LVU2342
 7127 0096 9DF91730 		ldrsb	r3, [sp, #23]
2705:Core/Src/vl53l1_api.c **** 				Cfg.intr_mode_rate = ConvertModeToLLD(
 7128              		.loc 1 2705 7 view .LVU2343
 7129 009a 6BB3     		cbz	r3, .L499
 7130              	.L487:
2712:Core/Src/vl53l1_api.c **** 			Cfg.intr_combined_mode = 1;
 7131              		.loc 1 2712 3 is_stmt 1 view .LVU2344
2712:Core/Src/vl53l1_api.c **** 			Cfg.intr_combined_mode = 1;
 7132              		.loc 1 2712 14 is_stmt 0 view .LVU2345
 7133 009c 9DF91730 		ldrsb	r3, [sp, #23]
2712:Core/Src/vl53l1_api.c **** 			Cfg.intr_combined_mode = 1;
 7134              		.loc 1 2712 6 view .LVU2346
 7135 00a0 002B     		cmp	r3, #0
 7136 00a2 36D1     		bne	.L489
2713:Core/Src/vl53l1_api.c **** 			switch (pConfig->DetectionMode) {
 7137              		.loc 1 2713 4 is_stmt 1 view .LVU2347
2713:Core/Src/vl53l1_api.c **** 			switch (pConfig->DetectionMode) {
 7138              		.loc 1 2713 27 is_stmt 0 view .LVU2348
 7139 00a4 0123     		movs	r3, #1
 7140 00a6 8DF80C30 		strb	r3, [sp, #12]
2714:Core/Src/vl53l1_api.c **** 			case VL53L1_DETECTION_DISTANCE_ONLY:
 7141              		.loc 1 2714 4 is_stmt 1 view .LVU2349
2714:Core/Src/vl53l1_api.c **** 			case VL53L1_DETECTION_DISTANCE_ONLY:
 7142              		.loc 1 2714 19 is_stmt 0 view .LVU2350
 7143 00aa 2378     		ldrb	r3, [r4]	@ zero_extendqisi2
2714:Core/Src/vl53l1_api.c **** 			case VL53L1_DETECTION_DISTANCE_ONLY:
 7144              		.loc 1 2714 4 view .LVU2351
 7145 00ac 013B     		subs	r3, r3, #1
 7146 00ae 032B     		cmp	r3, #3
 7147 00b0 40D8     		bhi	.L490
 7148 00b2 DFE803F0 		tbb	[pc, r3]
 7149              	.L491:
 7150 00b6 29       		.byte	(.L494-.L491)/2
 7151 00b7 35       		.byte	(.L493-.L491)/2
 7152 00b8 3B       		.byte	(.L492-.L491)/2
 7153 00b9 2E       		.byte	(.L489-.L491)/2
 7154              		.p2align 1
 7155              	.L496:
2666:Core/Src/vl53l1_api.c **** 		Status = VL53L1_set_GPIO_interrupt_config_struct(Dev,
 7156              		.loc 1 2666 3 is_stmt 1 view .LVU2352
2666:Core/Src/vl53l1_api.c **** 		Status = VL53L1_set_GPIO_interrupt_config_struct(Dev,
 7157              		.loc 1 2666 30 is_stmt 0 view .LVU2353
 7158 00ba 0123     		movs	r3, #1
 7159 00bc 8DF80A30 		strb	r3, [sp, #10]
2667:Core/Src/vl53l1_api.c **** 				Cfg);
 7160              		.loc 1 2667 3 is_stmt 1 view .LVU2354
2667:Core/Src/vl53l1_api.c **** 				Cfg);
 7161              		.loc 1 2667 12 is_stmt 0 view .LVU2355
 7162 00c0 BDF81430 		ldrh	r3, [sp, #20]
 7163 00c4 ADF80030 		strh	r3, [sp]	@ movhi
 7164 00c8 02AB     		add	r3, sp, #8
 7165 00ca 0ECB     		ldm	r3, {r1, r2, r3}
 7166 00cc 2846     		mov	r0, r5
ARM GAS  C:\Users\Lenovo\AppData\Local\Temp\ccE9MZbZ.s 			page 215


 7167 00ce FFF7FEFF 		bl	VL53L1_set_GPIO_interrupt_config_struct
 7168              	.LVL766:
2667:Core/Src/vl53l1_api.c **** 				Cfg);
 7169              		.loc 1 2667 10 view .LVU2356
 7170 00d2 8DF81700 		strb	r0, [sp, #23]
 7171 00d6 1FE0     		b	.L484
 7172              	.L497:
2670:Core/Src/vl53l1_api.c **** 			Status = VL53L1_ERROR_INVALID_PARAMS;
 7173              		.loc 1 2670 7 discriminator 1 view .LVU2357
 7174 00d8 E288     		ldrh	r2, [r4, #6]
 7175 00da A388     		ldrh	r3, [r4, #4]
 7176 00dc 9A42     		cmp	r2, r3
 7177 00de A5D9     		bls	.L485
2671:Core/Src/vl53l1_api.c **** 		if ((Status == VL53L1_ERROR_NONE) &&
 7178              		.loc 1 2671 4 is_stmt 1 view .LVU2358
2671:Core/Src/vl53l1_api.c **** 		if ((Status == VL53L1_ERROR_NONE) &&
 7179              		.loc 1 2671 11 is_stmt 0 view .LVU2359
 7180 00e0 FC23     		movs	r3, #252
 7181 00e2 8DF81730 		strb	r3, [sp, #23]
 7182 00e6 A1E7     		b	.L485
 7183              	.L498:
2673:Core/Src/vl53l1_api.c **** 			Status = VL53L1_ERROR_INVALID_PARAMS;
 7184              		.loc 1 2673 6 view .LVU2360
 7185 00e8 2269     		ldr	r2, [r4, #16]
 7186 00ea E368     		ldr	r3, [r4, #12]
 7187 00ec 9A42     		cmp	r2, r3
 7188 00ee A5D9     		bls	.L486
2674:Core/Src/vl53l1_api.c **** 		if (Status == VL53L1_ERROR_NONE) {
 7189              		.loc 1 2674 4 is_stmt 1 view .LVU2361
2674:Core/Src/vl53l1_api.c **** 		if (Status == VL53L1_ERROR_NONE) {
 7190              		.loc 1 2674 11 is_stmt 0 view .LVU2362
 7191 00f0 FC23     		movs	r3, #252
 7192 00f2 8DF81730 		strb	r3, [sp, #23]
 7193 00f6 A1E7     		b	.L486
 7194              	.L499:
2706:Core/Src/vl53l1_api.c **** 					&Status,
 7195              		.loc 1 2706 5 is_stmt 1 view .LVU2363
2706:Core/Src/vl53l1_api.c **** 					&Status,
 7196              		.loc 1 2706 26 is_stmt 0 view .LVU2364
 7197 00f8 217A     		ldrb	r1, [r4, #8]	@ zero_extendqisi2
 7198 00fa 0DF11700 		add	r0, sp, #23
 7199 00fe FFF7FEFF 		bl	ConvertModeToLLD
 7200              	.LVL767:
2706:Core/Src/vl53l1_api.c **** 					&Status,
 7201              		.loc 1 2706 24 view .LVU2365
 7202 0102 8DF80900 		strb	r0, [sp, #9]
 7203 0106 C9E7     		b	.L487
 7204              	.L494:
2716:Core/Src/vl53l1_api.c **** 				Cfg.threshold_rate_low = 0;
 7205              		.loc 1 2716 5 is_stmt 1 view .LVU2366
2716:Core/Src/vl53l1_api.c **** 				Cfg.threshold_rate_low = 0;
 7206              		.loc 1 2716 29 is_stmt 0 view .LVU2367
 7207 0108 0023     		movs	r3, #0
 7208 010a ADF81230 		strh	r3, [sp, #18]	@ movhi
2717:Core/Src/vl53l1_api.c **** 				break;
 7209              		.loc 1 2717 5 is_stmt 1 view .LVU2368
2717:Core/Src/vl53l1_api.c **** 				break;
ARM GAS  C:\Users\Lenovo\AppData\Local\Temp\ccE9MZbZ.s 			page 216


 7210              		.loc 1 2717 28 is_stmt 0 view .LVU2369
 7211 010e ADF81430 		strh	r3, [sp, #20]	@ movhi
2718:Core/Src/vl53l1_api.c **** 			case VL53L1_DETECTION_RATE_ONLY:
 7212              		.loc 1 2718 5 is_stmt 1 view .LVU2370
 7213              	.L489:
2734:Core/Src/vl53l1_api.c **** 			Status =
 7214              		.loc 1 2734 3 view .LVU2371
2734:Core/Src/vl53l1_api.c **** 			Status =
 7215              		.loc 1 2734 14 is_stmt 0 view .LVU2372
 7216 0112 9DF91730 		ldrsb	r3, [sp, #23]
2734:Core/Src/vl53l1_api.c **** 			Status =
 7217              		.loc 1 2734 6 view .LVU2373
 7218 0116 8BB1     		cbz	r3, .L500
 7219              	.L484:
2740:Core/Src/vl53l1_api.c **** 	return Status;
 7220              		.loc 1 2740 26 is_stmt 1 view .LVU2374
2741:Core/Src/vl53l1_api.c **** }
 7221              		.loc 1 2741 2 view .LVU2375
2741:Core/Src/vl53l1_api.c **** }
 7222              		.loc 1 2741 9 is_stmt 0 view .LVU2376
 7223 0118 9DF91700 		ldrsb	r0, [sp, #23]
 7224              	.L482:
2742:Core/Src/vl53l1_api.c **** 
 7225              		.loc 1 2742 1 view .LVU2377
 7226 011c 07B0     		add	sp, sp, #28
 7227              	.LCFI117:
 7228              		.cfi_remember_state
 7229              		.cfi_def_cfa_offset 12
 7230              		@ sp needed
 7231 011e 30BD     		pop	{r4, r5, pc}
 7232              	.LVL768:
 7233              	.L493:
 7234              	.LCFI118:
 7235              		.cfi_restore_state
2720:Core/Src/vl53l1_api.c **** 				Cfg.threshold_distance_low = 0;
 7236              		.loc 1 2720 5 is_stmt 1 view .LVU2378
2720:Core/Src/vl53l1_api.c **** 				Cfg.threshold_distance_low = 0;
 7237              		.loc 1 2720 33 is_stmt 0 view .LVU2379
 7238 0120 0023     		movs	r3, #0
 7239 0122 ADF80E30 		strh	r3, [sp, #14]	@ movhi
2721:Core/Src/vl53l1_api.c **** 				break;
 7240              		.loc 1 2721 5 is_stmt 1 view .LVU2380
2721:Core/Src/vl53l1_api.c **** 				break;
 7241              		.loc 1 2721 32 is_stmt 0 view .LVU2381
 7242 0126 ADF81030 		strh	r3, [sp, #16]	@ movhi
2722:Core/Src/vl53l1_api.c **** 			case VL53L1_DETECTION_DISTANCE_OR_RATE:
 7243              		.loc 1 2722 5 is_stmt 1 view .LVU2382
 7244 012a F2E7     		b	.L489
 7245              	.L492:
2727:Core/Src/vl53l1_api.c **** 				break;
 7246              		.loc 1 2727 5 view .LVU2383
2727:Core/Src/vl53l1_api.c **** 				break;
 7247              		.loc 1 2727 28 is_stmt 0 view .LVU2384
 7248 012c 0023     		movs	r3, #0
 7249 012e 8DF80C30 		strb	r3, [sp, #12]
2728:Core/Src/vl53l1_api.c **** 			default:
 7250              		.loc 1 2728 5 is_stmt 1 view .LVU2385
ARM GAS  C:\Users\Lenovo\AppData\Local\Temp\ccE9MZbZ.s 			page 217


 7251 0132 EEE7     		b	.L489
 7252              	.L490:
2730:Core/Src/vl53l1_api.c **** 			}
 7253              		.loc 1 2730 5 view .LVU2386
2730:Core/Src/vl53l1_api.c **** 			}
 7254              		.loc 1 2730 12 is_stmt 0 view .LVU2387
 7255 0134 FC23     		movs	r3, #252
 7256 0136 8DF81730 		strb	r3, [sp, #23]
 7257 013a EAE7     		b	.L489
 7258              	.L500:
2735:Core/Src/vl53l1_api.c **** 			VL53L1_set_GPIO_interrupt_config_struct(Dev, Cfg);
 7259              		.loc 1 2735 4 is_stmt 1 view .LVU2388
2736:Core/Src/vl53l1_api.c **** 
 7260              		.loc 1 2736 4 is_stmt 0 view .LVU2389
 7261 013c BDF81430 		ldrh	r3, [sp, #20]
 7262 0140 ADF80030 		strh	r3, [sp]	@ movhi
 7263 0144 02AB     		add	r3, sp, #8
 7264 0146 0ECB     		ldm	r3, {r1, r2, r3}
 7265 0148 2846     		mov	r0, r5
 7266 014a FFF7FEFF 		bl	VL53L1_set_GPIO_interrupt_config_struct
 7267              	.LVL769:
2735:Core/Src/vl53l1_api.c **** 			VL53L1_set_GPIO_interrupt_config_struct(Dev, Cfg);
 7268              		.loc 1 2735 11 view .LVU2390
 7269 014e 8DF81700 		strb	r0, [sp, #23]
 7270 0152 E1E7     		b	.L484
 7271              		.cfi_endproc
 7272              	.LFE70:
 7274              		.section	.text.VL53L1_GetThresholdConfig,"ax",%progbits
 7275              		.align	1
 7276              		.global	VL53L1_GetThresholdConfig
 7277              		.syntax unified
 7278              		.thumb
 7279              		.thumb_func
 7281              	VL53L1_GetThresholdConfig:
 7282              	.LVL770:
 7283              	.LFB71:
2747:Core/Src/vl53l1_api.c **** 	VL53L1_Error Status = VL53L1_ERROR_NONE;
 7284              		.loc 1 2747 1 is_stmt 1 view -0
 7285              		.cfi_startproc
 7286              		@ args = 0, pretend = 0, frame = 16
 7287              		@ frame_needed = 0, uses_anonymous_args = 0
2747:Core/Src/vl53l1_api.c **** 	VL53L1_Error Status = VL53L1_ERROR_NONE;
 7288              		.loc 1 2747 1 is_stmt 0 view .LVU2392
 7289 0000 10B5     		push	{r4, lr}
 7290              	.LCFI119:
 7291              		.cfi_def_cfa_offset 8
 7292              		.cfi_offset 4, -8
 7293              		.cfi_offset 14, -4
 7294 0002 84B0     		sub	sp, sp, #16
 7295              	.LCFI120:
 7296              		.cfi_def_cfa_offset 24
 7297 0004 0C46     		mov	r4, r1
2748:Core/Src/vl53l1_api.c **** 	VL53L1_GPIO_interrupt_config_t Cfg;
 7298              		.loc 1 2748 2 is_stmt 1 view .LVU2393
2748:Core/Src/vl53l1_api.c **** 	VL53L1_GPIO_interrupt_config_t Cfg;
 7299              		.loc 1 2748 15 is_stmt 0 view .LVU2394
 7300 0006 0023     		movs	r3, #0
ARM GAS  C:\Users\Lenovo\AppData\Local\Temp\ccE9MZbZ.s 			page 218


 7301 0008 8DF80F30 		strb	r3, [sp, #15]
2749:Core/Src/vl53l1_api.c **** 
 7302              		.loc 1 2749 2 is_stmt 1 view .LVU2395
2751:Core/Src/vl53l1_api.c **** 
 7303              		.loc 1 2751 24 view .LVU2396
2753:Core/Src/vl53l1_api.c **** 
 7304              		.loc 1 2753 2 view .LVU2397
2753:Core/Src/vl53l1_api.c **** 
 7305              		.loc 1 2753 11 is_stmt 0 view .LVU2398
 7306 000c 6946     		mov	r1, sp
 7307              	.LVL771:
2753:Core/Src/vl53l1_api.c **** 
 7308              		.loc 1 2753 11 view .LVU2399
 7309 000e FFF7FEFF 		bl	VL53L1_get_GPIO_interrupt_config
 7310              	.LVL772:
2753:Core/Src/vl53l1_api.c **** 
 7311              		.loc 1 2753 9 view .LVU2400
 7312 0012 8DF80F00 		strb	r0, [sp, #15]
2755:Core/Src/vl53l1_api.c **** 		LOG_FUNCTION_END(Status);
 7313              		.loc 1 2755 2 is_stmt 1 view .LVU2401
2755:Core/Src/vl53l1_api.c **** 		LOG_FUNCTION_END(Status);
 7314              		.loc 1 2755 5 is_stmt 0 view .LVU2402
 7315 0016 08B1     		cbz	r0, .L510
 7316              	.L502:
2800:Core/Src/vl53l1_api.c **** 
 7317              		.loc 1 2800 1 view .LVU2403
 7318 0018 04B0     		add	sp, sp, #16
 7319              	.LCFI121:
 7320              		.cfi_remember_state
 7321              		.cfi_def_cfa_offset 8
 7322              		@ sp needed
 7323 001a 10BD     		pop	{r4, pc}
 7324              	.LVL773:
 7325              	.L510:
 7326              	.LCFI122:
 7327              		.cfi_restore_state
2760:Core/Src/vl53l1_api.c **** 	pConfig->Distance.High = Cfg.threshold_distance_high;
 7328              		.loc 1 2760 2 is_stmt 1 view .LVU2404
2760:Core/Src/vl53l1_api.c **** 	pConfig->Distance.High = Cfg.threshold_distance_high;
 7329              		.loc 1 2760 29 is_stmt 0 view .LVU2405
 7330 001c 9DF80330 		ldrb	r3, [sp, #3]	@ zero_extendqisi2
2760:Core/Src/vl53l1_api.c **** 	pConfig->Distance.High = Cfg.threshold_distance_high;
 7331              		.loc 1 2760 24 view .LVU2406
 7332 0020 6370     		strb	r3, [r4, #1]
2761:Core/Src/vl53l1_api.c **** 	pConfig->Distance.Low = Cfg.threshold_distance_low;
 7333              		.loc 1 2761 2 is_stmt 1 view .LVU2407
2761:Core/Src/vl53l1_api.c **** 	pConfig->Distance.Low = Cfg.threshold_distance_low;
 7334              		.loc 1 2761 30 is_stmt 0 view .LVU2408
 7335 0022 BDF80630 		ldrh	r3, [sp, #6]
2761:Core/Src/vl53l1_api.c **** 	pConfig->Distance.Low = Cfg.threshold_distance_low;
 7336              		.loc 1 2761 25 view .LVU2409
 7337 0026 A380     		strh	r3, [r4, #4]	@ movhi
2762:Core/Src/vl53l1_api.c **** 	pConfig->Rate.High =
 7338              		.loc 1 2762 2 is_stmt 1 view .LVU2410
2762:Core/Src/vl53l1_api.c **** 	pConfig->Rate.High =
 7339              		.loc 1 2762 29 is_stmt 0 view .LVU2411
 7340 0028 BDF80830 		ldrh	r3, [sp, #8]
ARM GAS  C:\Users\Lenovo\AppData\Local\Temp\ccE9MZbZ.s 			page 219


2762:Core/Src/vl53l1_api.c **** 	pConfig->Rate.High =
 7341              		.loc 1 2762 24 view .LVU2412
 7342 002c E380     		strh	r3, [r4, #6]	@ movhi
2763:Core/Src/vl53l1_api.c **** 		VL53L1_FIXPOINT97TOFIXPOINT1616(
 7343              		.loc 1 2763 2 is_stmt 1 view .LVU2413
2764:Core/Src/vl53l1_api.c **** 				Cfg.threshold_rate_high);
 7344              		.loc 1 2764 3 is_stmt 0 view .LVU2414
 7345 002e BDF80A30 		ldrh	r3, [sp, #10]
 7346 0032 5B02     		lsls	r3, r3, #9
2763:Core/Src/vl53l1_api.c **** 		VL53L1_FIXPOINT97TOFIXPOINT1616(
 7347              		.loc 1 2763 21 view .LVU2415
 7348 0034 E360     		str	r3, [r4, #12]
2766:Core/Src/vl53l1_api.c **** 		VL53L1_FIXPOINT97TOFIXPOINT1616(Cfg.threshold_rate_low);
 7349              		.loc 1 2766 2 is_stmt 1 view .LVU2416
2767:Core/Src/vl53l1_api.c **** 	pConfig->Distance.CrossMode =
 7350              		.loc 1 2767 3 is_stmt 0 view .LVU2417
 7351 0036 BDF80C30 		ldrh	r3, [sp, #12]
 7352 003a 5B02     		lsls	r3, r3, #9
2766:Core/Src/vl53l1_api.c **** 		VL53L1_FIXPOINT97TOFIXPOINT1616(Cfg.threshold_rate_low);
 7353              		.loc 1 2766 20 view .LVU2418
 7354 003c 2361     		str	r3, [r4, #16]
2768:Core/Src/vl53l1_api.c **** 		ConvertModeFromLLD(&Status, Cfg.intr_mode_distance);
 7355              		.loc 1 2768 2 is_stmt 1 view .LVU2419
2769:Core/Src/vl53l1_api.c **** 	if (Status == VL53L1_ERROR_NONE)
 7356              		.loc 1 2769 3 is_stmt 0 view .LVU2420
 7357 003e 9DF80010 		ldrb	r1, [sp]	@ zero_extendqisi2
 7358 0042 0DF10F00 		add	r0, sp, #15
 7359 0046 FFF7FEFF 		bl	ConvertModeFromLLD
 7360              	.LVL774:
2768:Core/Src/vl53l1_api.c **** 		ConvertModeFromLLD(&Status, Cfg.intr_mode_distance);
 7361              		.loc 1 2768 30 view .LVU2421
 7362 004a A070     		strb	r0, [r4, #2]
2770:Core/Src/vl53l1_api.c **** 		pConfig->Rate.CrossMode =
 7363              		.loc 1 2770 2 is_stmt 1 view .LVU2422
2770:Core/Src/vl53l1_api.c **** 		pConfig->Rate.CrossMode =
 7364              		.loc 1 2770 13 is_stmt 0 view .LVU2423
 7365 004c 9DF90F30 		ldrsb	r3, [sp, #15]
2770:Core/Src/vl53l1_api.c **** 		pConfig->Rate.CrossMode =
 7366              		.loc 1 2770 5 view .LVU2424
 7367 0050 63B1     		cbz	r3, .L511
 7368              	.L503:
2774:Core/Src/vl53l1_api.c **** 		pConfig->DetectionMode = VL53L1_DETECTION_NORMAL_RUN;
 7369              		.loc 1 2774 2 is_stmt 1 view .LVU2425
2774:Core/Src/vl53l1_api.c **** 		pConfig->DetectionMode = VL53L1_DETECTION_NORMAL_RUN;
 7370              		.loc 1 2774 9 is_stmt 0 view .LVU2426
 7371 0052 9DF80230 		ldrb	r3, [sp, #2]	@ zero_extendqisi2
2774:Core/Src/vl53l1_api.c **** 		pConfig->DetectionMode = VL53L1_DETECTION_NORMAL_RUN;
 7372              		.loc 1 2774 5 view .LVU2427
 7373 0056 012B     		cmp	r3, #1
 7374 0058 10D0     		beq	.L512
2778:Core/Src/vl53l1_api.c **** 			if (Cfg.intr_combined_mode == 0)
 7375              		.loc 1 2778 3 is_stmt 1 view .LVU2428
2778:Core/Src/vl53l1_api.c **** 			if (Cfg.intr_combined_mode == 0)
 7376              		.loc 1 2778 14 is_stmt 0 view .LVU2429
 7377 005a 9DF90F30 		ldrsb	r3, [sp, #15]
2778:Core/Src/vl53l1_api.c **** 			if (Cfg.intr_combined_mode == 0)
 7378              		.loc 1 2778 6 view .LVU2430
ARM GAS  C:\Users\Lenovo\AppData\Local\Temp\ccE9MZbZ.s 			page 220


 7379 005e 7BB9     		cbnz	r3, .L505
2779:Core/Src/vl53l1_api.c **** 				pConfig->DetectionMode =
 7380              		.loc 1 2779 4 is_stmt 1 view .LVU2431
2779:Core/Src/vl53l1_api.c **** 				pConfig->DetectionMode =
 7381              		.loc 1 2779 11 is_stmt 0 view .LVU2432
 7382 0060 9DF80430 		ldrb	r3, [sp, #4]	@ zero_extendqisi2
2779:Core/Src/vl53l1_api.c **** 				pConfig->DetectionMode =
 7383              		.loc 1 2779 7 view .LVU2433
 7384 0064 7BB9     		cbnz	r3, .L506
2780:Core/Src/vl53l1_api.c **** 				VL53L1_DETECTION_DISTANCE_AND_RATE;
 7385              		.loc 1 2780 5 is_stmt 1 view .LVU2434
2780:Core/Src/vl53l1_api.c **** 				VL53L1_DETECTION_DISTANCE_AND_RATE;
 7386              		.loc 1 2780 28 is_stmt 0 view .LVU2435
 7387 0066 0323     		movs	r3, #3
 7388 0068 2370     		strb	r3, [r4]
 7389 006a 09E0     		b	.L505
 7390              	.L511:
2771:Core/Src/vl53l1_api.c **** 			ConvertModeFromLLD(&Status, Cfg.intr_mode_rate);
 7391              		.loc 1 2771 3 is_stmt 1 view .LVU2436
2772:Core/Src/vl53l1_api.c **** 
 7392              		.loc 1 2772 4 is_stmt 0 view .LVU2437
 7393 006c 9DF80110 		ldrb	r1, [sp, #1]	@ zero_extendqisi2
 7394 0070 0DF10F00 		add	r0, sp, #15
 7395 0074 FFF7FEFF 		bl	ConvertModeFromLLD
 7396              	.LVL775:
2771:Core/Src/vl53l1_api.c **** 			ConvertModeFromLLD(&Status, Cfg.intr_mode_rate);
 7397              		.loc 1 2771 27 view .LVU2438
 7398 0078 2072     		strb	r0, [r4, #8]
 7399 007a EAE7     		b	.L503
 7400              	.L512:
2775:Core/Src/vl53l1_api.c **** 	} else {
 7401              		.loc 1 2775 3 is_stmt 1 view .LVU2439
2775:Core/Src/vl53l1_api.c **** 	} else {
 7402              		.loc 1 2775 26 is_stmt 0 view .LVU2440
 7403 007c 0023     		movs	r3, #0
 7404 007e 2370     		strb	r3, [r4]
 7405              	.L505:
2798:Core/Src/vl53l1_api.c **** 	return Status;
 7406              		.loc 1 2798 26 is_stmt 1 view .LVU2441
2799:Core/Src/vl53l1_api.c **** }
 7407              		.loc 1 2799 2 view .LVU2442
2799:Core/Src/vl53l1_api.c **** }
 7408              		.loc 1 2799 9 is_stmt 0 view .LVU2443
 7409 0080 9DF90F00 		ldrsb	r0, [sp, #15]
 7410 0084 C8E7     		b	.L502
 7411              	.L506:
2783:Core/Src/vl53l1_api.c **** 					(Cfg.threshold_distance_low == 0))
 7412              		.loc 1 2783 5 is_stmt 1 view .LVU2444
2783:Core/Src/vl53l1_api.c **** 					(Cfg.threshold_distance_low == 0))
 7413              		.loc 1 2783 13 is_stmt 0 view .LVU2445
 7414 0086 BDF80630 		ldrh	r3, [sp, #6]
2783:Core/Src/vl53l1_api.c **** 					(Cfg.threshold_distance_low == 0))
 7415              		.loc 1 2783 8 view .LVU2446
 7416 008a 2BB9     		cbnz	r3, .L507
2784:Core/Src/vl53l1_api.c **** 					pConfig->DetectionMode =
 7417              		.loc 1 2784 10 discriminator 1 view .LVU2447
 7418 008c BDF80830 		ldrh	r3, [sp, #8]
ARM GAS  C:\Users\Lenovo\AppData\Local\Temp\ccE9MZbZ.s 			page 221


2783:Core/Src/vl53l1_api.c **** 					(Cfg.threshold_distance_low == 0))
 7419              		.loc 1 2783 44 discriminator 1 view .LVU2448
 7420 0090 13B9     		cbnz	r3, .L507
2785:Core/Src/vl53l1_api.c **** 					VL53L1_DETECTION_RATE_ONLY;
 7421              		.loc 1 2785 6 is_stmt 1 view .LVU2449
2785:Core/Src/vl53l1_api.c **** 					VL53L1_DETECTION_RATE_ONLY;
 7422              		.loc 1 2785 29 is_stmt 0 view .LVU2450
 7423 0092 0223     		movs	r3, #2
 7424 0094 2370     		strb	r3, [r4]
 7425 0096 F3E7     		b	.L505
 7426              	.L507:
2787:Core/Src/vl53l1_api.c **** 					(Cfg.threshold_rate_low == 0))
 7427              		.loc 1 2787 10 is_stmt 1 view .LVU2451
2787:Core/Src/vl53l1_api.c **** 					(Cfg.threshold_rate_low == 0))
 7428              		.loc 1 2787 18 is_stmt 0 view .LVU2452
 7429 0098 BDF80A30 		ldrh	r3, [sp, #10]
2787:Core/Src/vl53l1_api.c **** 					(Cfg.threshold_rate_low == 0))
 7430              		.loc 1 2787 13 view .LVU2453
 7431 009c 2BB9     		cbnz	r3, .L508
2788:Core/Src/vl53l1_api.c **** 					pConfig->DetectionMode =
 7432              		.loc 1 2788 10 discriminator 1 view .LVU2454
 7433 009e BDF80C30 		ldrh	r3, [sp, #12]
2787:Core/Src/vl53l1_api.c **** 					(Cfg.threshold_rate_low == 0))
 7434              		.loc 1 2787 45 discriminator 1 view .LVU2455
 7435 00a2 13B9     		cbnz	r3, .L508
2789:Core/Src/vl53l1_api.c **** 					VL53L1_DETECTION_DISTANCE_ONLY;
 7436              		.loc 1 2789 6 is_stmt 1 view .LVU2456
2789:Core/Src/vl53l1_api.c **** 					VL53L1_DETECTION_DISTANCE_ONLY;
 7437              		.loc 1 2789 29 is_stmt 0 view .LVU2457
 7438 00a4 0123     		movs	r3, #1
 7439 00a6 2370     		strb	r3, [r4]
 7440 00a8 EAE7     		b	.L505
 7441              	.L508:
2792:Core/Src/vl53l1_api.c **** 					VL53L1_DETECTION_DISTANCE_OR_RATE;
 7442              		.loc 1 2792 6 is_stmt 1 view .LVU2458
2792:Core/Src/vl53l1_api.c **** 					VL53L1_DETECTION_DISTANCE_OR_RATE;
 7443              		.loc 1 2792 29 is_stmt 0 view .LVU2459
 7444 00aa 0423     		movs	r3, #4
 7445 00ac 2370     		strb	r3, [r4]
 7446 00ae E7E7     		b	.L505
 7447              		.cfi_endproc
 7448              	.LFE71:
 7450              		.section	.data.BDTable,"aw"
 7451              		.align	2
 7452              		.set	.LANCHOR0,. + 0
 7455              	BDTable:
 7456 0000 07000000 		.word	7
 7457 0004 E2FFFFFF 		.word	-30
 7458 0008 58020000 		.word	600
 7459 000c 32000000 		.word	50
 7460 0010 08000000 		.word	8
 7461 0014 32000000 		.word	50
 7462 0018 58020000 		.word	600
 7463 001c 01000000 		.word	1
 7464 0020 18000000 		.word	24
 7465 0024 32000000 		.word	50
 7466 0028 09000000 		.word	9
ARM GAS  C:\Users\Lenovo\AppData\Local\Temp\ccE9MZbZ.s 			page 222


 7467 002c 00000000 		.word	0
 7468              		.text
 7469              	.Letext0:
 7470              		.file 2 "c:\\program files (x86)\\gnu arm embedded toolchain\\10 2021.10\\arm-none-eabi\\include\\
 7471              		.file 3 "c:\\program files (x86)\\gnu arm embedded toolchain\\10 2021.10\\arm-none-eabi\\include\\
 7472              		.file 4 "Core/Inc/vl53l1_types.h"
 7473              		.file 5 "Core/Inc/vl53l1_ll_device.h"
 7474              		.file 6 "Core/Inc/vl53l1_error_codes.h"
 7475              		.file 7 "Core/Inc/vl53l1_register_structs.h"
 7476              		.file 8 "Core/Inc/vl53l1_ll_def.h"
 7477              		.file 9 "Core/Inc/vl53l1_def.h"
 7478              		.file 10 "Core/Inc/vl53l1_platform_user_data.h"
 7479              		.file 11 "Core/Inc/vl53l1_platform.h"
 7480              		.file 12 "Core/Inc/vl53l1_core.h"
 7481              		.file 13 "Core/Inc/vl53l1_api_core.h"
 7482              		.file 14 "Core/Inc/vl53l1_register_funcs.h"
 7483              		.file 15 "Core/Inc/vl53l1_api_calibration.h"
 7484              		.file 16 "Core/Inc/vl53l1_wait.h"
 7485              		.file 17 "Core/Inc/vl53l1_api_strings.h"
 7486              		.file 18 "c:\\program files (x86)\\gnu arm embedded toolchain\\10 2021.10\\arm-none-eabi\\include\
 7487              		.file 19 "Core/Inc/vl53l1_preset_setup.h"
ARM GAS  C:\Users\Lenovo\AppData\Local\Temp\ccE9MZbZ.s 			page 223


DEFINED SYMBOLS
                            *ABS*:00000000 vl53l1_api.c
C:\Users\Lenovo\AppData\Local\Temp\ccE9MZbZ.s:20     .text.CheckValidRectRoi:00000000 $t
C:\Users\Lenovo\AppData\Local\Temp\ccE9MZbZ.s:25     .text.CheckValidRectRoi:00000000 CheckValidRectRoi
C:\Users\Lenovo\AppData\Local\Temp\ccE9MZbZ.s:124    .text.ConvertModeToLLD:00000000 $t
C:\Users\Lenovo\AppData\Local\Temp\ccE9MZbZ.s:129    .text.ConvertModeToLLD:00000000 ConvertModeToLLD
C:\Users\Lenovo\AppData\Local\Temp\ccE9MZbZ.s:147    .text.ConvertModeToLLD:0000000c $d
C:\Users\Lenovo\AppData\Local\Temp\ccE9MZbZ.s:151    .text.ConvertModeToLLD:00000010 $t
C:\Users\Lenovo\AppData\Local\Temp\ccE9MZbZ.s:170    .text.ConvertModeFromLLD:00000000 $t
C:\Users\Lenovo\AppData\Local\Temp\ccE9MZbZ.s:175    .text.ConvertModeFromLLD:00000000 ConvertModeFromLLD
C:\Users\Lenovo\AppData\Local\Temp\ccE9MZbZ.s:193    .text.ConvertModeFromLLD:0000000c $d
C:\Users\Lenovo\AppData\Local\Temp\ccE9MZbZ.s:197    .text.ConvertModeFromLLD:00000010 $t
C:\Users\Lenovo\AppData\Local\Temp\ccE9MZbZ.s:216    .rodata.ComputeDevicePresetMode.str1.4:00000000 $d
C:\Users\Lenovo\AppData\Local\Temp\ccE9MZbZ.s:226    .text.ComputeDevicePresetMode:00000000 $t
C:\Users\Lenovo\AppData\Local\Temp\ccE9MZbZ.s:231    .text.ComputeDevicePresetMode:00000000 ComputeDevicePresetMode
C:\Users\Lenovo\AppData\Local\Temp\ccE9MZbZ.s:361    .text.ComputeDevicePresetMode:00000080 $d
C:\Users\Lenovo\AppData\Local\Temp\ccE9MZbZ.s:368    .text.ComputeRQL:00000000 $t
C:\Users\Lenovo\AppData\Local\Temp\ccE9MZbZ.s:373    .text.ComputeRQL:00000000 ComputeRQL
C:\Users\Lenovo\AppData\Local\Temp\ccE9MZbZ.s:498    .text.ComputeRQL:00000060 $d
C:\Users\Lenovo\AppData\Local\Temp\ccE9MZbZ.s:504    .text.ConvertStatusLite:00000000 $t
C:\Users\Lenovo\AppData\Local\Temp\ccE9MZbZ.s:509    .text.ConvertStatusLite:00000000 ConvertStatusLite
C:\Users\Lenovo\AppData\Local\Temp\ccE9MZbZ.s:524    .text.ConvertStatusLite:0000000a $d
C:\Users\Lenovo\AppData\Local\Temp\ccE9MZbZ.s:540    .text.ConvertStatusLite:0000001a $t
C:\Users\Lenovo\AppData\Local\Temp\ccE9MZbZ.s:621    .text.VL53L1_nvm_enable:00000000 $t
C:\Users\Lenovo\AppData\Local\Temp\ccE9MZbZ.s:626    .text.VL53L1_nvm_enable:00000000 VL53L1_nvm_enable
C:\Users\Lenovo\AppData\Local\Temp\ccE9MZbZ.s:768    .text.VL53L1_nvm_read:00000000 $t
C:\Users\Lenovo\AppData\Local\Temp\ccE9MZbZ.s:773    .text.VL53L1_nvm_read:00000000 VL53L1_nvm_read
C:\Users\Lenovo\AppData\Local\Temp\ccE9MZbZ.s:922    .text.VL53L1_UnloadPatch:00000000 $t
C:\Users\Lenovo\AppData\Local\Temp\ccE9MZbZ.s:927    .text.VL53L1_UnloadPatch:00000000 VL53L1_UnloadPatch
C:\Users\Lenovo\AppData\Local\Temp\ccE9MZbZ.s:1009   .text.VL53L1_nvm_disable:00000000 $t
C:\Users\Lenovo\AppData\Local\Temp\ccE9MZbZ.s:1014   .text.VL53L1_nvm_disable:00000000 VL53L1_nvm_disable
C:\Users\Lenovo\AppData\Local\Temp\ccE9MZbZ.s:1090   .text.VL53L1_read_nvm_raw_data:00000000 $t
C:\Users\Lenovo\AppData\Local\Temp\ccE9MZbZ.s:1095   .text.VL53L1_read_nvm_raw_data:00000000 VL53L1_read_nvm_raw_data
C:\Users\Lenovo\AppData\Local\Temp\ccE9MZbZ.s:1169   .text.SetPresetMode:00000000 $t
C:\Users\Lenovo\AppData\Local\Temp\ccE9MZbZ.s:1174   .text.SetPresetMode:00000000 SetPresetMode
C:\Users\Lenovo\AppData\Local\Temp\ccE9MZbZ.s:1317   .text.SetLimitValue:00000000 $t
C:\Users\Lenovo\AppData\Local\Temp\ccE9MZbZ.s:1322   .text.SetLimitValue:00000000 SetLimitValue
C:\Users\Lenovo\AppData\Local\Temp\ccE9MZbZ.s:1382   .text.VL53L1_LoadPatch:00000000 $t
C:\Users\Lenovo\AppData\Local\Temp\ccE9MZbZ.s:1387   .text.VL53L1_LoadPatch:00000000 VL53L1_LoadPatch
C:\Users\Lenovo\AppData\Local\Temp\ccE9MZbZ.s:1655   .text.VL53L1_LoadPatch:00000114 $d
C:\Users\Lenovo\AppData\Local\Temp\ccE9MZbZ.s:1660   .text.VL53L1_GetVersion:00000000 $t
C:\Users\Lenovo\AppData\Local\Temp\ccE9MZbZ.s:1666   .text.VL53L1_GetVersion:00000000 VL53L1_GetVersion
C:\Users\Lenovo\AppData\Local\Temp\ccE9MZbZ.s:1703   .text.VL53L1_GetProductRevision:00000000 $t
C:\Users\Lenovo\AppData\Local\Temp\ccE9MZbZ.s:1709   .text.VL53L1_GetProductRevision:00000000 VL53L1_GetProductRevision
C:\Users\Lenovo\AppData\Local\Temp\ccE9MZbZ.s:1747   .rodata.VL53L1_GetDeviceInfo.str1.4:00000000 $d
C:\Users\Lenovo\AppData\Local\Temp\ccE9MZbZ.s:1760   .text.VL53L1_GetDeviceInfo:00000000 $t
C:\Users\Lenovo\AppData\Local\Temp\ccE9MZbZ.s:1766   .text.VL53L1_GetDeviceInfo:00000000 VL53L1_GetDeviceInfo
C:\Users\Lenovo\AppData\Local\Temp\ccE9MZbZ.s:1865   .text.VL53L1_GetDeviceInfo:00000060 $d
C:\Users\Lenovo\AppData\Local\Temp\ccE9MZbZ.s:1873   .text.VL53L1_GetUID:00000000 $t
C:\Users\Lenovo\AppData\Local\Temp\ccE9MZbZ.s:1879   .text.VL53L1_GetUID:00000000 VL53L1_GetUID
C:\Users\Lenovo\AppData\Local\Temp\ccE9MZbZ.s:1931   .text.VL53L1_GetRangeStatusString:00000000 $t
C:\Users\Lenovo\AppData\Local\Temp\ccE9MZbZ.s:1937   .text.VL53L1_GetRangeStatusString:00000000 VL53L1_GetRangeStatusString
C:\Users\Lenovo\AppData\Local\Temp\ccE9MZbZ.s:1965   .text.VL53L1_GetPalErrorString:00000000 $t
C:\Users\Lenovo\AppData\Local\Temp\ccE9MZbZ.s:1971   .text.VL53L1_GetPalErrorString:00000000 VL53L1_GetPalErrorString
C:\Users\Lenovo\AppData\Local\Temp\ccE9MZbZ.s:1999   .text.VL53L1_GetPalStateString:00000000 $t
C:\Users\Lenovo\AppData\Local\Temp\ccE9MZbZ.s:2005   .text.VL53L1_GetPalStateString:00000000 VL53L1_GetPalStateString
C:\Users\Lenovo\AppData\Local\Temp\ccE9MZbZ.s:2033   .text.VL53L1_GetPalState:00000000 $t
ARM GAS  C:\Users\Lenovo\AppData\Local\Temp\ccE9MZbZ.s 			page 224


C:\Users\Lenovo\AppData\Local\Temp\ccE9MZbZ.s:2039   .text.VL53L1_GetPalState:00000000 VL53L1_GetPalState
C:\Users\Lenovo\AppData\Local\Temp\ccE9MZbZ.s:2065   .text.VL53L1_SetDeviceAddress:00000000 $t
C:\Users\Lenovo\AppData\Local\Temp\ccE9MZbZ.s:2071   .text.VL53L1_SetDeviceAddress:00000000 VL53L1_SetDeviceAddress
C:\Users\Lenovo\AppData\Local\Temp\ccE9MZbZ.s:2113   .text.VL53L1_WaitDeviceBooted:00000000 $t
C:\Users\Lenovo\AppData\Local\Temp\ccE9MZbZ.s:2119   .text.VL53L1_WaitDeviceBooted:00000000 VL53L1_WaitDeviceBooted
C:\Users\Lenovo\AppData\Local\Temp\ccE9MZbZ.s:2148   .text.VL53L1_SetInterruptPolarity:00000000 $t
C:\Users\Lenovo\AppData\Local\Temp\ccE9MZbZ.s:2154   .text.VL53L1_SetInterruptPolarity:00000000 VL53L1_SetInterruptPolarity
C:\Users\Lenovo\AppData\Local\Temp\ccE9MZbZ.s:2182   .text.VL53L1_GetInterruptPolarity:00000000 $t
C:\Users\Lenovo\AppData\Local\Temp\ccE9MZbZ.s:2188   .text.VL53L1_GetInterruptPolarity:00000000 VL53L1_GetInterruptPolarity
C:\Users\Lenovo\AppData\Local\Temp\ccE9MZbZ.s:2216   .text.VL53L1_GetPresetMode:00000000 $t
C:\Users\Lenovo\AppData\Local\Temp\ccE9MZbZ.s:2222   .text.VL53L1_GetPresetMode:00000000 VL53L1_GetPresetMode
C:\Users\Lenovo\AppData\Local\Temp\ccE9MZbZ.s:2248   .text.VL53L1_SetDistanceMode:00000000 $t
C:\Users\Lenovo\AppData\Local\Temp\ccE9MZbZ.s:2254   .text.VL53L1_SetDistanceMode:00000000 VL53L1_SetDistanceMode
C:\Users\Lenovo\AppData\Local\Temp\ccE9MZbZ.s:2423   .text.VL53L1_GetDistanceMode:00000000 $t
C:\Users\Lenovo\AppData\Local\Temp\ccE9MZbZ.s:2429   .text.VL53L1_GetDistanceMode:00000000 VL53L1_GetDistanceMode
C:\Users\Lenovo\AppData\Local\Temp\ccE9MZbZ.s:2455   .text.VL53L1_SetInterMeasurementPeriodMilliSeconds:00000000 $t
C:\Users\Lenovo\AppData\Local\Temp\ccE9MZbZ.s:2461   .text.VL53L1_SetInterMeasurementPeriodMilliSeconds:00000000 VL53L1_SetInterMeasurementPeriodMilliSeconds
C:\Users\Lenovo\AppData\Local\Temp\ccE9MZbZ.s:2500   .text.VL53L1_SetInterMeasurementPeriodMilliSeconds:00000014 $d
C:\Users\Lenovo\AppData\Local\Temp\ccE9MZbZ.s:2505   .text.VL53L1_GetInterMeasurementPeriodMilliSeconds:00000000 $t
C:\Users\Lenovo\AppData\Local\Temp\ccE9MZbZ.s:2511   .text.VL53L1_GetInterMeasurementPeriodMilliSeconds:00000000 VL53L1_GetInterMeasurementPeriodMilliSeconds
C:\Users\Lenovo\AppData\Local\Temp\ccE9MZbZ.s:2566   .text.VL53L1_GetInterMeasurementPeriodMilliSeconds:00000024 $d
C:\Users\Lenovo\AppData\Local\Temp\ccE9MZbZ.s:2571   .text.VL53L1_GetNumberOfLimitCheck:00000000 $t
C:\Users\Lenovo\AppData\Local\Temp\ccE9MZbZ.s:2577   .text.VL53L1_GetNumberOfLimitCheck:00000000 VL53L1_GetNumberOfLimitCheck
C:\Users\Lenovo\AppData\Local\Temp\ccE9MZbZ.s:2602   .text.VL53L1_GetLimitCheckInfo:00000000 $t
C:\Users\Lenovo\AppData\Local\Temp\ccE9MZbZ.s:2608   .text.VL53L1_GetLimitCheckInfo:00000000 VL53L1_GetLimitCheckInfo
C:\Users\Lenovo\AppData\Local\Temp\ccE9MZbZ.s:2636   .text.VL53L1_GetLimitCheckStatus:00000000 $t
C:\Users\Lenovo\AppData\Local\Temp\ccE9MZbZ.s:2642   .text.VL53L1_GetLimitCheckStatus:00000000 VL53L1_GetLimitCheckStatus
C:\Users\Lenovo\AppData\Local\Temp\ccE9MZbZ.s:2682   .text.VL53L1_SetLimitCheckEnable:00000000 $t
C:\Users\Lenovo\AppData\Local\Temp\ccE9MZbZ.s:2688   .text.VL53L1_SetLimitCheckEnable:00000000 VL53L1_SetLimitCheckEnable
C:\Users\Lenovo\AppData\Local\Temp\ccE9MZbZ.s:2773   .text.VL53L1_DataInit:00000000 $t
C:\Users\Lenovo\AppData\Local\Temp\ccE9MZbZ.s:2779   .text.VL53L1_DataInit:00000000 VL53L1_DataInit
C:\Users\Lenovo\AppData\Local\Temp\ccE9MZbZ.s:2857   .text.VL53L1_GetLimitCheckEnable:00000000 $t
C:\Users\Lenovo\AppData\Local\Temp\ccE9MZbZ.s:2863   .text.VL53L1_GetLimitCheckEnable:00000000 VL53L1_GetLimitCheckEnable
C:\Users\Lenovo\AppData\Local\Temp\ccE9MZbZ.s:2910   .text.VL53L1_SetLimitCheckValue:00000000 $t
C:\Users\Lenovo\AppData\Local\Temp\ccE9MZbZ.s:2916   .text.VL53L1_SetLimitCheckValue:00000000 VL53L1_SetLimitCheckValue
C:\Users\Lenovo\AppData\Local\Temp\ccE9MZbZ.s:2996   .text.VL53L1_GetLimitCheckValue:00000000 $t
C:\Users\Lenovo\AppData\Local\Temp\ccE9MZbZ.s:3002   .text.VL53L1_GetLimitCheckValue:00000000 VL53L1_GetLimitCheckValue
C:\Users\Lenovo\AppData\Local\Temp\ccE9MZbZ.s:3132   .text.SetSimpleData:00000000 $t
C:\Users\Lenovo\AppData\Local\Temp\ccE9MZbZ.s:3137   .text.SetSimpleData:00000000 SetSimpleData
C:\Users\Lenovo\AppData\Local\Temp\ccE9MZbZ.s:3432   .text.SetSimpleData:00000110 $d
C:\Users\Lenovo\AppData\Local\Temp\ccE9MZbZ.s:3437   .text.VL53L1_GetLimitCheckCurrent:00000000 $t
C:\Users\Lenovo\AppData\Local\Temp\ccE9MZbZ.s:3443   .text.VL53L1_GetLimitCheckCurrent:00000000 VL53L1_GetLimitCheckCurrent
C:\Users\Lenovo\AppData\Local\Temp\ccE9MZbZ.s:3486   .text.VL53L1_SetUserROI:00000000 $t
C:\Users\Lenovo\AppData\Local\Temp\ccE9MZbZ.s:3492   .text.VL53L1_SetUserROI:00000000 VL53L1_SetUserROI
C:\Users\Lenovo\AppData\Local\Temp\ccE9MZbZ.s:3602   .text.VL53L1_GetUserROI:00000000 $t
C:\Users\Lenovo\AppData\Local\Temp\ccE9MZbZ.s:3608   .text.VL53L1_GetUserROI:00000000 VL53L1_GetUserROI
C:\Users\Lenovo\AppData\Local\Temp\ccE9MZbZ.s:3684   .text.VL53L1_GetNumberOfSequenceSteps:00000000 $t
C:\Users\Lenovo\AppData\Local\Temp\ccE9MZbZ.s:3690   .text.VL53L1_GetNumberOfSequenceSteps:00000000 VL53L1_GetNumberOfSequenceSteps
C:\Users\Lenovo\AppData\Local\Temp\ccE9MZbZ.s:3716   .text.VL53L1_GetSequenceStepsInfo:00000000 $t
C:\Users\Lenovo\AppData\Local\Temp\ccE9MZbZ.s:3722   .text.VL53L1_GetSequenceStepsInfo:00000000 VL53L1_GetSequenceStepsInfo
C:\Users\Lenovo\AppData\Local\Temp\ccE9MZbZ.s:3750   .text.VL53L1_GetSequenceStepEnable:00000000 $t
C:\Users\Lenovo\AppData\Local\Temp\ccE9MZbZ.s:3756   .text.VL53L1_GetSequenceStepEnable:00000000 VL53L1_GetSequenceStepEnable
C:\Users\Lenovo\AppData\Local\Temp\ccE9MZbZ.s:3784   .text.VL53L1_SetMeasurementTimingBudgetMicroSeconds:00000000 $t
C:\Users\Lenovo\AppData\Local\Temp\ccE9MZbZ.s:3790   .text.VL53L1_SetMeasurementTimingBudgetMicroSeconds:00000000 VL53L1_SetMeasurementTimingBudgetMicroSeconds
C:\Users\Lenovo\AppData\Local\Temp\ccE9MZbZ.s:4110   .text.VL53L1_SetMeasurementTimingBudgetMicroSeconds:00000130 $d
C:\Users\Lenovo\AppData\Local\Temp\ccE9MZbZ.s:4117   .text.VL53L1_SetPresetMode:00000000 $t
C:\Users\Lenovo\AppData\Local\Temp\ccE9MZbZ.s:4123   .text.VL53L1_SetPresetMode:00000000 VL53L1_SetPresetMode
ARM GAS  C:\Users\Lenovo\AppData\Local\Temp\ccE9MZbZ.s 			page 225


C:\Users\Lenovo\AppData\Local\Temp\ccE9MZbZ.s:4210   .text.VL53L1_StaticInit:00000000 $t
C:\Users\Lenovo\AppData\Local\Temp\ccE9MZbZ.s:4216   .text.VL53L1_StaticInit:00000000 VL53L1_StaticInit
C:\Users\Lenovo\AppData\Local\Temp\ccE9MZbZ.s:4259   .text.VL53L1_SetSequenceStepEnable:00000000 $t
C:\Users\Lenovo\AppData\Local\Temp\ccE9MZbZ.s:4265   .text.VL53L1_SetSequenceStepEnable:00000000 VL53L1_SetSequenceStepEnable
C:\Users\Lenovo\AppData\Local\Temp\ccE9MZbZ.s:4316   .text.VL53L1_GetMeasurementTimingBudgetMicroSeconds:00000000 $t
C:\Users\Lenovo\AppData\Local\Temp\ccE9MZbZ.s:4322   .text.VL53L1_GetMeasurementTimingBudgetMicroSeconds:00000000 VL53L1_GetMeasurementTimingBudgetMicroSeconds
C:\Users\Lenovo\AppData\Local\Temp\ccE9MZbZ.s:4571   .text.VL53L1_StartMeasurement:00000000 $t
C:\Users\Lenovo\AppData\Local\Temp\ccE9MZbZ.s:4577   .text.VL53L1_StartMeasurement:00000000 VL53L1_StartMeasurement
C:\Users\Lenovo\AppData\Local\Temp\ccE9MZbZ.s:4753   .text.VL53L1_StartMeasurement:000000a4 $d
C:\Users\Lenovo\AppData\Local\Temp\ccE9MZbZ.s:4758   .text.VL53L1_StopMeasurement:00000000 $t
C:\Users\Lenovo\AppData\Local\Temp\ccE9MZbZ.s:4764   .text.VL53L1_StopMeasurement:00000000 VL53L1_StopMeasurement
C:\Users\Lenovo\AppData\Local\Temp\ccE9MZbZ.s:4825   .text.VL53L1_ClearInterruptAndStartMeasurement:00000000 $t
C:\Users\Lenovo\AppData\Local\Temp\ccE9MZbZ.s:4831   .text.VL53L1_ClearInterruptAndStartMeasurement:00000000 VL53L1_ClearInterruptAndStartMeasurement
C:\Users\Lenovo\AppData\Local\Temp\ccE9MZbZ.s:4862   .text.VL53L1_GetMeasurementDataReady:00000000 $t
C:\Users\Lenovo\AppData\Local\Temp\ccE9MZbZ.s:4868   .text.VL53L1_GetMeasurementDataReady:00000000 VL53L1_GetMeasurementDataReady
C:\Users\Lenovo\AppData\Local\Temp\ccE9MZbZ.s:4896   .text.VL53L1_WaitMeasurementDataReady:00000000 $t
C:\Users\Lenovo\AppData\Local\Temp\ccE9MZbZ.s:4902   .text.VL53L1_WaitMeasurementDataReady:00000000 VL53L1_WaitMeasurementDataReady
C:\Users\Lenovo\AppData\Local\Temp\ccE9MZbZ.s:4931   .text.VL53L1_GetRangingMeasurementData:00000000 $t
C:\Users\Lenovo\AppData\Local\Temp\ccE9MZbZ.s:4937   .text.VL53L1_GetRangingMeasurementData:00000000 VL53L1_GetRangingMeasurementData
C:\Users\Lenovo\AppData\Local\Temp\ccE9MZbZ.s:5023   .text.VL53L1_SetTuningParameter:00000000 $t
C:\Users\Lenovo\AppData\Local\Temp\ccE9MZbZ.s:5029   .text.VL53L1_SetTuningParameter:00000000 VL53L1_SetTuningParameter
C:\Users\Lenovo\AppData\Local\Temp\ccE9MZbZ.s:5083   .text.VL53L1_SetTuningParameter:00000024 $d
C:\Users\Lenovo\AppData\Local\Temp\ccE9MZbZ.s:5088   .text.VL53L1_GetTuningParameter:00000000 $t
C:\Users\Lenovo\AppData\Local\Temp\ccE9MZbZ.s:5094   .text.VL53L1_GetTuningParameter:00000000 VL53L1_GetTuningParameter
C:\Users\Lenovo\AppData\Local\Temp\ccE9MZbZ.s:5150   .text.VL53L1_GetTuningParameter:00000024 $d
C:\Users\Lenovo\AppData\Local\Temp\ccE9MZbZ.s:5155   .text.VL53L1_PerformRefSpadManagement:00000000 $t
C:\Users\Lenovo\AppData\Local\Temp\ccE9MZbZ.s:5161   .text.VL53L1_PerformRefSpadManagement:00000000 VL53L1_PerformRefSpadManagement
C:\Users\Lenovo\AppData\Local\Temp\ccE9MZbZ.s:5348   .text.VL53L1_SetXTalkCompensationEnable:00000000 $t
C:\Users\Lenovo\AppData\Local\Temp\ccE9MZbZ.s:5354   .text.VL53L1_SetXTalkCompensationEnable:00000000 VL53L1_SetXTalkCompensationEnable
C:\Users\Lenovo\AppData\Local\Temp\ccE9MZbZ.s:5394   .text.VL53L1_GetXTalkCompensationEnable:00000000 $t
C:\Users\Lenovo\AppData\Local\Temp\ccE9MZbZ.s:5400   .text.VL53L1_GetXTalkCompensationEnable:00000000 VL53L1_GetXTalkCompensationEnable
C:\Users\Lenovo\AppData\Local\Temp\ccE9MZbZ.s:5428   .text.VL53L1_PerformOffsetSimpleCalibration:00000000 $t
C:\Users\Lenovo\AppData\Local\Temp\ccE9MZbZ.s:5434   .text.VL53L1_PerformOffsetSimpleCalibration:00000000 VL53L1_PerformOffsetSimpleCalibration
C:\Users\Lenovo\AppData\Local\Temp\ccE9MZbZ.s:5760   .text.VL53L1_PerformOffsetSimpleCalibration:0000012c $d
C:\Users\Lenovo\AppData\Local\Temp\ccE9MZbZ.s:5765   .text.VL53L1_PerformOffsetZeroDistanceCalibration:00000000 $t
C:\Users\Lenovo\AppData\Local\Temp\ccE9MZbZ.s:5771   .text.VL53L1_PerformOffsetZeroDistanceCalibration:00000000 VL53L1_PerformOffsetZeroDistanceCalibration
C:\Users\Lenovo\AppData\Local\Temp\ccE9MZbZ.s:6102   .text.VL53L1_PerformOffsetZeroDistanceCalibration:00000130 $d
C:\Users\Lenovo\AppData\Local\Temp\ccE9MZbZ.s:6107   .text.VL53L1_SetCalibrationData:00000000 $t
C:\Users\Lenovo\AppData\Local\Temp\ccE9MZbZ.s:6113   .text.VL53L1_SetCalibrationData:00000000 VL53L1_SetCalibrationData
C:\Users\Lenovo\AppData\Local\Temp\ccE9MZbZ.s:6308   .text.VL53L1_SetCalibrationData:000000f8 $d
C:\Users\Lenovo\AppData\Local\Temp\ccE9MZbZ.s:6314   .text.VL53L1_GetCalibrationData:00000000 $t
C:\Users\Lenovo\AppData\Local\Temp\ccE9MZbZ.s:6320   .text.VL53L1_GetCalibrationData:00000000 VL53L1_GetCalibrationData
C:\Users\Lenovo\AppData\Local\Temp\ccE9MZbZ.s:6492   .text.SingleTargetXTalkCalibration:00000000 $t
C:\Users\Lenovo\AppData\Local\Temp\ccE9MZbZ.s:6497   .text.SingleTargetXTalkCalibration:00000000 SingleTargetXTalkCalibration
C:\Users\Lenovo\AppData\Local\Temp\ccE9MZbZ.s:6834   .text.SingleTargetXTalkCalibration:00000128 $d
C:\Users\Lenovo\AppData\Local\Temp\ccE9MZbZ.s:6839   .text.VL53L1_PerformSingleTargetXTalkCalibration:00000000 $t
C:\Users\Lenovo\AppData\Local\Temp\ccE9MZbZ.s:6845   .text.VL53L1_PerformSingleTargetXTalkCalibration:00000000 VL53L1_PerformSingleTargetXTalkCalibration
C:\Users\Lenovo\AppData\Local\Temp\ccE9MZbZ.s:6893   .text.VL53L1_PerformSingleTargetXTalkCalibration:00000018 $d
C:\Users\Lenovo\AppData\Local\Temp\ccE9MZbZ.s:6898   .text.VL53L1_GetOpticalCenter:00000000 $t
C:\Users\Lenovo\AppData\Local\Temp\ccE9MZbZ.s:6904   .text.VL53L1_GetOpticalCenter:00000000 VL53L1_GetOpticalCenter
C:\Users\Lenovo\AppData\Local\Temp\ccE9MZbZ.s:6970   .text.VL53L1_SetThresholdConfig:00000000 $t
C:\Users\Lenovo\AppData\Local\Temp\ccE9MZbZ.s:6976   .text.VL53L1_SetThresholdConfig:00000000 VL53L1_SetThresholdConfig
C:\Users\Lenovo\AppData\Local\Temp\ccE9MZbZ.s:7150   .text.VL53L1_SetThresholdConfig:000000b6 $d
C:\Users\Lenovo\AppData\Local\Temp\ccE9MZbZ.s:7154   .text.VL53L1_SetThresholdConfig:000000ba $t
C:\Users\Lenovo\AppData\Local\Temp\ccE9MZbZ.s:7275   .text.VL53L1_GetThresholdConfig:00000000 $t
C:\Users\Lenovo\AppData\Local\Temp\ccE9MZbZ.s:7281   .text.VL53L1_GetThresholdConfig:00000000 VL53L1_GetThresholdConfig
C:\Users\Lenovo\AppData\Local\Temp\ccE9MZbZ.s:7451   .data.BDTable:00000000 $d
ARM GAS  C:\Users\Lenovo\AppData\Local\Temp\ccE9MZbZ.s 			page 226


C:\Users\Lenovo\AppData\Local\Temp\ccE9MZbZ.s:7455   .data.BDTable:00000000 BDTable

UNDEFINED SYMBOLS
VL53L1_disable_firmware
VL53L1_enable_powerforce
VL53L1_WaitUs
VL53L1_WrByte
VL53L1_WrWord
VL53L1_ReadMulti
VL53L1_disable_powerforce
VL53L1_enable_firmware
VL53L1_get_preset_mode_timing_cfg
VL53L1_set_preset_mode
VL53L1_set_lite_sigma_threshold
VL53L1_set_lite_min_count_rate
VL53L1_WriteMulti
strncpy
VL53L1_get_range_status_string
VL53L1_get_pal_error_string
VL53L1_get_pal_state_string
VL53L1_poll_for_boot_completion
VL53L1_set_interrupt_polarity
VL53L1_get_interrupt_polarity
VL53L1_get_user_zone
VL53L1_get_timeouts_us
VL53L1_set_timeouts_us
VL53L1_set_user_zone
VL53L1_set_inter_measurement_period_ms
VL53L1_get_inter_measurement_period_ms
VL53L1_get_limit_check_info
VL53L1_data_init
VL53L1_get_lite_sigma_threshold
VL53L1_get_lite_min_count_rate
VL53L1_get_sequence_steps_info
VL53L1_get_sequence_config_bit
VL53L1_get_tuning_parm
VL53L1_low_power_auto_data_init
VL53L1_set_sequence_config_bit
VL53L1_init_and_start_range
VL53L1_stop_range
VL53L1_clear_interrupt_and_enable_next_range
VL53L1_is_new_data_ready
VL53L1_poll_for_range_completion
VL53L1_get_device_results
VL53L1_set_tuning_parm
VL53L1_run_ref_spad_char
VL53L1_disable_xtalk_compensation
VL53L1_enable_xtalk_compensation
VL53L1_get_xtalk_compensation_enable
VL53L1_set_customer_nvm_managed
VL53L1_set_part_to_part_data
VL53L1_get_part_to_part_data
VL53L1_get_GPIO_interrupt_config
VL53L1_set_GPIO_interrupt_config_struct
