ARM GAS  C:\Users\Lenovo\AppData\Local\Temp\ccSAMYhL.s 			page 1


   1              		.cpu cortex-m4
   2              		.arch armv7e-m
   3              		.fpu fpv4-sp-d16
   4              		.eabi_attribute 27, 1
   5              		.eabi_attribute 28, 1
   6              		.eabi_attribute 20, 1
   7              		.eabi_attribute 21, 1
   8              		.eabi_attribute 23, 3
   9              		.eabi_attribute 24, 1
  10              		.eabi_attribute 25, 1
  11              		.eabi_attribute 26, 1
  12              		.eabi_attribute 30, 1
  13              		.eabi_attribute 34, 1
  14              		.eabi_attribute 18, 4
  15              		.file	"vl53l1_register_funcs.c"
  16              		.text
  17              	.Ltext0:
  18              		.cfi_sections	.debug_frame
  19              		.section	.text.VL53L1_i2c_encode_static_nvm_managed,"ax",%progbits
  20              		.align	1
  21              		.global	VL53L1_i2c_encode_static_nvm_managed
  22              		.syntax unified
  23              		.thumb
  24              		.thumb_func
  26              	VL53L1_i2c_encode_static_nvm_managed:
  27              	.LVL0:
  28              	.LFB3:
  29              		.file 1 "Core/Src/vl53l1_register_funcs.c"
   1:Core/Src/vl53l1_register_funcs.c **** /*
   2:Core/Src/vl53l1_register_funcs.c **** * Copyright (c) 2017, STMicroelectronics - All Rights Reserved
   3:Core/Src/vl53l1_register_funcs.c **** *
   4:Core/Src/vl53l1_register_funcs.c **** * This file is part of VL53L1 Core and is dual licensed,
   5:Core/Src/vl53l1_register_funcs.c **** * either 'STMicroelectronics
   6:Core/Src/vl53l1_register_funcs.c **** * Proprietary license'
   7:Core/Src/vl53l1_register_funcs.c **** * or 'BSD 3-clause "New" or "Revised" License' , at your option.
   8:Core/Src/vl53l1_register_funcs.c **** *
   9:Core/Src/vl53l1_register_funcs.c **** ********************************************************************************
  10:Core/Src/vl53l1_register_funcs.c **** *
  11:Core/Src/vl53l1_register_funcs.c **** * 'STMicroelectronics Proprietary license'
  12:Core/Src/vl53l1_register_funcs.c **** *
  13:Core/Src/vl53l1_register_funcs.c **** ********************************************************************************
  14:Core/Src/vl53l1_register_funcs.c **** *
  15:Core/Src/vl53l1_register_funcs.c **** * License terms: STMicroelectronics Proprietary in accordance with licensing
  16:Core/Src/vl53l1_register_funcs.c **** * terms at www.st.com/sla0081
  17:Core/Src/vl53l1_register_funcs.c **** *
  18:Core/Src/vl53l1_register_funcs.c **** * STMicroelectronics confidential
  19:Core/Src/vl53l1_register_funcs.c **** * Reproduction and Communication of this document is strictly prohibited unless
  20:Core/Src/vl53l1_register_funcs.c **** * specifically authorized in writing by STMicroelectronics.
  21:Core/Src/vl53l1_register_funcs.c **** *
  22:Core/Src/vl53l1_register_funcs.c **** *
  23:Core/Src/vl53l1_register_funcs.c **** ********************************************************************************
  24:Core/Src/vl53l1_register_funcs.c **** *
  25:Core/Src/vl53l1_register_funcs.c **** * Alternatively, VL53L1 Core may be distributed under the terms of
  26:Core/Src/vl53l1_register_funcs.c **** * 'BSD 3-clause "New" or "Revised" License', in which case the following
  27:Core/Src/vl53l1_register_funcs.c **** * provisions apply instead of the ones mentioned above :
  28:Core/Src/vl53l1_register_funcs.c **** *
  29:Core/Src/vl53l1_register_funcs.c **** ********************************************************************************
ARM GAS  C:\Users\Lenovo\AppData\Local\Temp\ccSAMYhL.s 			page 2


  30:Core/Src/vl53l1_register_funcs.c **** *
  31:Core/Src/vl53l1_register_funcs.c **** * License terms: BSD 3-clause "New" or "Revised" License.
  32:Core/Src/vl53l1_register_funcs.c **** *
  33:Core/Src/vl53l1_register_funcs.c **** * Redistribution and use in source and binary forms, with or without
  34:Core/Src/vl53l1_register_funcs.c **** * modification, are permitted provided that the following conditions are met:
  35:Core/Src/vl53l1_register_funcs.c **** *
  36:Core/Src/vl53l1_register_funcs.c **** * 1. Redistributions of source code must retain the above copyright notice, this
  37:Core/Src/vl53l1_register_funcs.c **** * list of conditions and the following disclaimer.
  38:Core/Src/vl53l1_register_funcs.c **** *
  39:Core/Src/vl53l1_register_funcs.c **** * 2. Redistributions in binary form must reproduce the above copyright notice,
  40:Core/Src/vl53l1_register_funcs.c **** * this list of conditions and the following disclaimer in the documentation
  41:Core/Src/vl53l1_register_funcs.c **** * and/or other materials provided with the distribution.
  42:Core/Src/vl53l1_register_funcs.c **** *
  43:Core/Src/vl53l1_register_funcs.c **** * 3. Neither the name of the copyright holder nor the names of its contributors
  44:Core/Src/vl53l1_register_funcs.c **** * may be used to endorse or promote products derived from this software
  45:Core/Src/vl53l1_register_funcs.c **** * without specific prior written permission.
  46:Core/Src/vl53l1_register_funcs.c **** *
  47:Core/Src/vl53l1_register_funcs.c **** * THIS SOFTWARE IS PROVIDED BY THE COPYRIGHT HOLDERS AND CONTRIBUTORS "AS IS"
  48:Core/Src/vl53l1_register_funcs.c **** * AND ANY EXPRESS OR IMPLIED WARRANTIES, INCLUDING, BUT NOT LIMITED TO, THE
  49:Core/Src/vl53l1_register_funcs.c **** * IMPLIED WARRANTIES OF MERCHANTABILITY AND FITNESS FOR A PARTICULAR PURPOSE ARE
  50:Core/Src/vl53l1_register_funcs.c **** * DISCLAIMED. IN NO EVENT SHALL THE COPYRIGHT HOLDER OR CONTRIBUTORS BE LIABLE
  51:Core/Src/vl53l1_register_funcs.c **** * FOR ANY DIRECT, INDIRECT, INCIDENTAL, SPECIAL, EXEMPLARY, OR CONSEQUENTIAL
  52:Core/Src/vl53l1_register_funcs.c **** * DAMAGES (INCLUDING, BUT NOT LIMITED TO, PROCUREMENT OF SUBSTITUTE GOODS OR
  53:Core/Src/vl53l1_register_funcs.c **** * SERVICES; LOSS OF USE, DATA, OR PROFITS; OR BUSINESS INTERRUPTION) HOWEVER
  54:Core/Src/vl53l1_register_funcs.c **** * CAUSED AND ON ANY THEORY OF LIABILITY, WHETHER IN CONTRACT, STRICT LIABILITY,
  55:Core/Src/vl53l1_register_funcs.c **** * OR TORT (INCLUDING NEGLIGENCE OR OTHERWISE) ARISING IN ANY WAY OUT OF THE USE
  56:Core/Src/vl53l1_register_funcs.c **** * OF THIS SOFTWARE, EVEN IF ADVISED OF THE POSSIBILITY OF SUCH DAMAGE.
  57:Core/Src/vl53l1_register_funcs.c **** *
  58:Core/Src/vl53l1_register_funcs.c **** *
  59:Core/Src/vl53l1_register_funcs.c **** ********************************************************************************
  60:Core/Src/vl53l1_register_funcs.c **** *
  61:Core/Src/vl53l1_register_funcs.c **** */
  62:Core/Src/vl53l1_register_funcs.c **** 
  63:Core/Src/vl53l1_register_funcs.c **** /**
  64:Core/Src/vl53l1_register_funcs.c ****  * @file   vl53l1_register_funcs.c
  65:Core/Src/vl53l1_register_funcs.c ****  * @brief  VL53L1 Register Function definitions
  66:Core/Src/vl53l1_register_funcs.c ****  */
  67:Core/Src/vl53l1_register_funcs.c **** 
  68:Core/Src/vl53l1_register_funcs.c **** #include "vl53l1_ll_def.h"
  69:Core/Src/vl53l1_register_funcs.c **** #include "vl53l1_platform.h"
  70:Core/Src/vl53l1_register_funcs.c **** #include "vl53l1_platform_log.h"
  71:Core/Src/vl53l1_register_funcs.c **** #include "vl53l1_core.h"
  72:Core/Src/vl53l1_register_funcs.c **** #include "vl53l1_register_map.h"
  73:Core/Src/vl53l1_register_funcs.c **** #include "vl53l1_register_structs.h"
  74:Core/Src/vl53l1_register_funcs.c **** #include "vl53l1_register_funcs.h"
  75:Core/Src/vl53l1_register_funcs.c **** 
  76:Core/Src/vl53l1_register_funcs.c **** #define LOG_FUNCTION_START(fmt, ...) \
  77:Core/Src/vl53l1_register_funcs.c **** 	_LOG_FUNCTION_START(VL53L1_TRACE_MODULE_REGISTERS, fmt, ##__VA_ARGS__)
  78:Core/Src/vl53l1_register_funcs.c **** #define LOG_FUNCTION_END(status, ...) \
  79:Core/Src/vl53l1_register_funcs.c **** 	_LOG_FUNCTION_END(VL53L1_TRACE_MODULE_REGISTERS, status, ##__VA_ARGS__)
  80:Core/Src/vl53l1_register_funcs.c **** #define LOG_FUNCTION_END_FMT(status, fmt, ...) \
  81:Core/Src/vl53l1_register_funcs.c **** 	_LOG_FUNCTION_END_FMT(VL53L1_TRACE_MODULE_REGISTERS, status, fmt, ##__VA_ARGS__)
  82:Core/Src/vl53l1_register_funcs.c **** 
  83:Core/Src/vl53l1_register_funcs.c **** 
  84:Core/Src/vl53l1_register_funcs.c **** VL53L1_Error VL53L1_i2c_encode_static_nvm_managed(
  85:Core/Src/vl53l1_register_funcs.c **** 	VL53L1_static_nvm_managed_t *pdata,
  86:Core/Src/vl53l1_register_funcs.c **** 	uint16_t                  buf_size,
ARM GAS  C:\Users\Lenovo\AppData\Local\Temp\ccSAMYhL.s 			page 3


  87:Core/Src/vl53l1_register_funcs.c **** 	uint8_t                  *pbuffer)
  88:Core/Src/vl53l1_register_funcs.c **** {
  30              		.loc 1 88 1 view -0
  31              		.cfi_startproc
  32              		@ args = 0, pretend = 0, frame = 0
  33              		@ frame_needed = 0, uses_anonymous_args = 0
  89:Core/Src/vl53l1_register_funcs.c **** 	/**
  90:Core/Src/vl53l1_register_funcs.c **** 	 * Encodes data structure VL53L1_static_nvm_managed_t into a I2C write buffer
  91:Core/Src/vl53l1_register_funcs.c **** 	 * Buffer must be at least 11 bytes
  92:Core/Src/vl53l1_register_funcs.c **** 	*/
  93:Core/Src/vl53l1_register_funcs.c **** 
  94:Core/Src/vl53l1_register_funcs.c **** 	VL53L1_Error status = VL53L1_ERROR_NONE;
  34              		.loc 1 94 2 view .LVU1
  95:Core/Src/vl53l1_register_funcs.c **** 
  96:Core/Src/vl53l1_register_funcs.c **** 	LOG_FUNCTION_START("");
  35              		.loc 1 96 24 view .LVU2
  97:Core/Src/vl53l1_register_funcs.c **** 
  98:Core/Src/vl53l1_register_funcs.c **** 	if (VL53L1_STATIC_NVM_MANAGED_I2C_SIZE_BYTES > buf_size)
  36              		.loc 1 98 2 view .LVU3
  37              		.loc 1 98 5 is_stmt 0 view .LVU4
  38 0000 0A29     		cmp	r1, #10
  39 0002 27D9     		bls	.L3
  88:Core/Src/vl53l1_register_funcs.c **** 	/**
  40              		.loc 1 88 1 view .LVU5
  41 0004 38B5     		push	{r3, r4, r5, lr}
  42              	.LCFI0:
  43              		.cfi_def_cfa_offset 16
  44              		.cfi_offset 3, -16
  45              		.cfi_offset 4, -12
  46              		.cfi_offset 5, -8
  47              		.cfi_offset 14, -4
  48 0006 0546     		mov	r5, r0
  49 0008 1446     		mov	r4, r2
  99:Core/Src/vl53l1_register_funcs.c **** 		return VL53L1_ERROR_COMMS_BUFFER_TOO_SMALL;
 100:Core/Src/vl53l1_register_funcs.c **** 
 101:Core/Src/vl53l1_register_funcs.c **** 	*(pbuffer +   0) =
  50              		.loc 1 101 2 is_stmt 1 view .LVU6
 102:Core/Src/vl53l1_register_funcs.c **** 		pdata->i2c_slave__device_address & 0x7F;
  51              		.loc 1 102 8 is_stmt 0 view .LVU7
  52 000a 0378     		ldrb	r3, [r0]	@ zero_extendqisi2
  53              		.loc 1 102 36 view .LVU8
  54 000c 03F07F03 		and	r3, r3, #127
 101:Core/Src/vl53l1_register_funcs.c **** 		pdata->i2c_slave__device_address & 0x7F;
  55              		.loc 1 101 19 view .LVU9
  56 0010 1370     		strb	r3, [r2]
 103:Core/Src/vl53l1_register_funcs.c **** 	*(pbuffer +   1) =
  57              		.loc 1 103 2 is_stmt 1 view .LVU10
 104:Core/Src/vl53l1_register_funcs.c **** 		pdata->ana_config__vhv_ref_sel_vddpix & 0xF;
  58              		.loc 1 104 8 is_stmt 0 view .LVU11
  59 0012 4378     		ldrb	r3, [r0, #1]	@ zero_extendqisi2
  60              		.loc 1 104 41 view .LVU12
  61 0014 03F00F03 		and	r3, r3, #15
 103:Core/Src/vl53l1_register_funcs.c **** 	*(pbuffer +   1) =
  62              		.loc 1 103 19 view .LVU13
  63 0018 5370     		strb	r3, [r2, #1]
 105:Core/Src/vl53l1_register_funcs.c **** 	*(pbuffer +   2) =
  64              		.loc 1 105 2 is_stmt 1 view .LVU14
ARM GAS  C:\Users\Lenovo\AppData\Local\Temp\ccSAMYhL.s 			page 4


 106:Core/Src/vl53l1_register_funcs.c **** 		pdata->ana_config__vhv_ref_sel_vquench & 0x7F;
  65              		.loc 1 106 8 is_stmt 0 view .LVU15
  66 001a 8378     		ldrb	r3, [r0, #2]	@ zero_extendqisi2
  67              		.loc 1 106 42 view .LVU16
  68 001c 03F07F03 		and	r3, r3, #127
 105:Core/Src/vl53l1_register_funcs.c **** 	*(pbuffer +   2) =
  69              		.loc 1 105 19 view .LVU17
  70 0020 9370     		strb	r3, [r2, #2]
 107:Core/Src/vl53l1_register_funcs.c **** 	*(pbuffer +   3) =
  71              		.loc 1 107 2 is_stmt 1 view .LVU18
 108:Core/Src/vl53l1_register_funcs.c **** 		pdata->ana_config__reg_avdd1v2_sel & 0x3;
  72              		.loc 1 108 8 is_stmt 0 view .LVU19
  73 0022 C378     		ldrb	r3, [r0, #3]	@ zero_extendqisi2
  74              		.loc 1 108 38 view .LVU20
  75 0024 03F00303 		and	r3, r3, #3
 107:Core/Src/vl53l1_register_funcs.c **** 	*(pbuffer +   3) =
  76              		.loc 1 107 19 view .LVU21
  77 0028 D370     		strb	r3, [r2, #3]
 109:Core/Src/vl53l1_register_funcs.c **** 	*(pbuffer +   4) =
  78              		.loc 1 109 2 is_stmt 1 view .LVU22
 110:Core/Src/vl53l1_register_funcs.c **** 		pdata->ana_config__fast_osc__trim & 0x7F;
  79              		.loc 1 110 8 is_stmt 0 view .LVU23
  80 002a 0379     		ldrb	r3, [r0, #4]	@ zero_extendqisi2
  81              		.loc 1 110 37 view .LVU24
  82 002c 03F07F03 		and	r3, r3, #127
 109:Core/Src/vl53l1_register_funcs.c **** 	*(pbuffer +   4) =
  83              		.loc 1 109 19 view .LVU25
  84 0030 1371     		strb	r3, [r2, #4]
 111:Core/Src/vl53l1_register_funcs.c **** 	VL53L1_i2c_encode_uint16_t(
  85              		.loc 1 111 2 is_stmt 1 view .LVU26
  86 0032 0532     		adds	r2, r2, #5
  87              	.LVL1:
  88              		.loc 1 111 2 is_stmt 0 view .LVU27
  89 0034 0221     		movs	r1, #2
  90              	.LVL2:
  91              		.loc 1 111 2 view .LVU28
  92 0036 C088     		ldrh	r0, [r0, #6]
  93              	.LVL3:
  94              		.loc 1 111 2 view .LVU29
  95 0038 FFF7FEFF 		bl	VL53L1_i2c_encode_uint16_t
  96              	.LVL4:
 112:Core/Src/vl53l1_register_funcs.c **** 		pdata->osc_measured__fast_osc__frequency,
 113:Core/Src/vl53l1_register_funcs.c **** 		2,
 114:Core/Src/vl53l1_register_funcs.c **** 		pbuffer +   5);
 115:Core/Src/vl53l1_register_funcs.c **** 	*(pbuffer +   7) =
  97              		.loc 1 115 2 is_stmt 1 view .LVU30
 116:Core/Src/vl53l1_register_funcs.c **** 		pdata->vhv_config__timeout_macrop_loop_bound;
  98              		.loc 1 116 8 is_stmt 0 view .LVU31
  99 003c 2B7A     		ldrb	r3, [r5, #8]	@ zero_extendqisi2
 115:Core/Src/vl53l1_register_funcs.c **** 		pdata->vhv_config__timeout_macrop_loop_bound;
 100              		.loc 1 115 19 view .LVU32
 101 003e E371     		strb	r3, [r4, #7]
 117:Core/Src/vl53l1_register_funcs.c **** 	*(pbuffer +   8) =
 102              		.loc 1 117 2 is_stmt 1 view .LVU33
 118:Core/Src/vl53l1_register_funcs.c **** 		pdata->vhv_config__count_thresh;
 103              		.loc 1 118 8 is_stmt 0 view .LVU34
 104 0040 6B7A     		ldrb	r3, [r5, #9]	@ zero_extendqisi2
ARM GAS  C:\Users\Lenovo\AppData\Local\Temp\ccSAMYhL.s 			page 5


 117:Core/Src/vl53l1_register_funcs.c **** 	*(pbuffer +   8) =
 105              		.loc 1 117 19 view .LVU35
 106 0042 2372     		strb	r3, [r4, #8]
 119:Core/Src/vl53l1_register_funcs.c **** 	*(pbuffer +   9) =
 107              		.loc 1 119 2 is_stmt 1 view .LVU36
 120:Core/Src/vl53l1_register_funcs.c **** 		pdata->vhv_config__offset & 0x3F;
 108              		.loc 1 120 8 is_stmt 0 view .LVU37
 109 0044 AB7A     		ldrb	r3, [r5, #10]	@ zero_extendqisi2
 110              		.loc 1 120 29 view .LVU38
 111 0046 03F03F03 		and	r3, r3, #63
 119:Core/Src/vl53l1_register_funcs.c **** 	*(pbuffer +   9) =
 112              		.loc 1 119 19 view .LVU39
 113 004a 6372     		strb	r3, [r4, #9]
 121:Core/Src/vl53l1_register_funcs.c **** 	*(pbuffer +  10) =
 114              		.loc 1 121 2 is_stmt 1 view .LVU40
 122:Core/Src/vl53l1_register_funcs.c **** 		pdata->vhv_config__init;
 115              		.loc 1 122 8 is_stmt 0 view .LVU41
 116 004c EB7A     		ldrb	r3, [r5, #11]	@ zero_extendqisi2
 121:Core/Src/vl53l1_register_funcs.c **** 	*(pbuffer +  10) =
 117              		.loc 1 121 19 view .LVU42
 118 004e A372     		strb	r3, [r4, #10]
 123:Core/Src/vl53l1_register_funcs.c **** 	LOG_FUNCTION_END(status);
 119              		.loc 1 123 26 is_stmt 1 view .LVU43
 124:Core/Src/vl53l1_register_funcs.c **** 
 125:Core/Src/vl53l1_register_funcs.c **** 
 126:Core/Src/vl53l1_register_funcs.c **** 	return status;
 120              		.loc 1 126 2 view .LVU44
 121              		.loc 1 126 9 is_stmt 0 view .LVU45
 122 0050 0020     		movs	r0, #0
 127:Core/Src/vl53l1_register_funcs.c **** }
 123              		.loc 1 127 1 view .LVU46
 124 0052 38BD     		pop	{r3, r4, r5, pc}
 125              	.LVL5:
 126              	.L3:
 127              	.LCFI1:
 128              		.cfi_def_cfa_offset 0
 129              		.cfi_restore 3
 130              		.cfi_restore 4
 131              		.cfi_restore 5
 132              		.cfi_restore 14
  99:Core/Src/vl53l1_register_funcs.c **** 
 133              		.loc 1 99 10 view .LVU47
 134 0054 6FF00900 		mvn	r0, #9
 135              	.LVL6:
 136              		.loc 1 127 1 view .LVU48
 137 0058 7047     		bx	lr
 138              		.cfi_endproc
 139              	.LFE3:
 141              		.section	.text.VL53L1_i2c_decode_static_nvm_managed,"ax",%progbits
 142              		.align	1
 143              		.global	VL53L1_i2c_decode_static_nvm_managed
 144              		.syntax unified
 145              		.thumb
 146              		.thumb_func
 148              	VL53L1_i2c_decode_static_nvm_managed:
 149              	.LVL7:
 150              	.LFB4:
ARM GAS  C:\Users\Lenovo\AppData\Local\Temp\ccSAMYhL.s 			page 6


 128:Core/Src/vl53l1_register_funcs.c **** 
 129:Core/Src/vl53l1_register_funcs.c **** 
 130:Core/Src/vl53l1_register_funcs.c **** VL53L1_Error VL53L1_i2c_decode_static_nvm_managed(
 131:Core/Src/vl53l1_register_funcs.c **** 	uint16_t                   buf_size,
 132:Core/Src/vl53l1_register_funcs.c **** 	uint8_t                   *pbuffer,
 133:Core/Src/vl53l1_register_funcs.c **** 	VL53L1_static_nvm_managed_t  *pdata)
 134:Core/Src/vl53l1_register_funcs.c **** {
 151              		.loc 1 134 1 is_stmt 1 view -0
 152              		.cfi_startproc
 153              		@ args = 0, pretend = 0, frame = 0
 154              		@ frame_needed = 0, uses_anonymous_args = 0
 135:Core/Src/vl53l1_register_funcs.c **** 	/**
 136:Core/Src/vl53l1_register_funcs.c **** 	 * Decodes data structure VL53L1_static_nvm_managed_t from the input I2C read buffer
 137:Core/Src/vl53l1_register_funcs.c **** 	 * Buffer must be at least 11 bytes
 138:Core/Src/vl53l1_register_funcs.c **** 	*/
 139:Core/Src/vl53l1_register_funcs.c **** 
 140:Core/Src/vl53l1_register_funcs.c **** 	VL53L1_Error status = VL53L1_ERROR_NONE;
 155              		.loc 1 140 2 view .LVU50
 141:Core/Src/vl53l1_register_funcs.c **** 
 142:Core/Src/vl53l1_register_funcs.c **** 	LOG_FUNCTION_START("");
 156              		.loc 1 142 24 view .LVU51
 143:Core/Src/vl53l1_register_funcs.c **** 
 144:Core/Src/vl53l1_register_funcs.c **** 	if (VL53L1_STATIC_NVM_MANAGED_I2C_SIZE_BYTES > buf_size)
 157              		.loc 1 144 2 view .LVU52
 158              		.loc 1 144 5 is_stmt 0 view .LVU53
 159 0000 0A28     		cmp	r0, #10
 160 0002 27D9     		bls	.L10
 134:Core/Src/vl53l1_register_funcs.c **** 	/**
 161              		.loc 1 134 1 view .LVU54
 162 0004 38B5     		push	{r3, r4, r5, lr}
 163              	.LCFI2:
 164              		.cfi_def_cfa_offset 16
 165              		.cfi_offset 3, -16
 166              		.cfi_offset 4, -12
 167              		.cfi_offset 5, -8
 168              		.cfi_offset 14, -4
 169 0006 0D46     		mov	r5, r1
 170 0008 1446     		mov	r4, r2
 145:Core/Src/vl53l1_register_funcs.c **** 		return VL53L1_ERROR_COMMS_BUFFER_TOO_SMALL;
 146:Core/Src/vl53l1_register_funcs.c **** 
 147:Core/Src/vl53l1_register_funcs.c **** 	pdata->i2c_slave__device_address =
 171              		.loc 1 147 2 is_stmt 1 view .LVU55
 148:Core/Src/vl53l1_register_funcs.c **** 		(*(pbuffer +   0)) & 0x7F;
 172              		.loc 1 148 4 is_stmt 0 view .LVU56
 173 000a 0B78     		ldrb	r3, [r1]	@ zero_extendqisi2
 174              		.loc 1 148 22 view .LVU57
 175 000c 03F07F03 		and	r3, r3, #127
 147:Core/Src/vl53l1_register_funcs.c **** 		(*(pbuffer +   0)) & 0x7F;
 176              		.loc 1 147 35 view .LVU58
 177 0010 1370     		strb	r3, [r2]
 149:Core/Src/vl53l1_register_funcs.c **** 	pdata->ana_config__vhv_ref_sel_vddpix =
 178              		.loc 1 149 2 is_stmt 1 view .LVU59
 150:Core/Src/vl53l1_register_funcs.c **** 		(*(pbuffer +   1)) & 0xF;
 179              		.loc 1 150 4 is_stmt 0 view .LVU60
 180 0012 4B78     		ldrb	r3, [r1, #1]	@ zero_extendqisi2
 181              		.loc 1 150 22 view .LVU61
 182 0014 03F00F03 		and	r3, r3, #15
ARM GAS  C:\Users\Lenovo\AppData\Local\Temp\ccSAMYhL.s 			page 7


 149:Core/Src/vl53l1_register_funcs.c **** 	pdata->ana_config__vhv_ref_sel_vddpix =
 183              		.loc 1 149 40 view .LVU62
 184 0018 5370     		strb	r3, [r2, #1]
 151:Core/Src/vl53l1_register_funcs.c **** 	pdata->ana_config__vhv_ref_sel_vquench =
 185              		.loc 1 151 2 is_stmt 1 view .LVU63
 152:Core/Src/vl53l1_register_funcs.c **** 		(*(pbuffer +   2)) & 0x7F;
 186              		.loc 1 152 4 is_stmt 0 view .LVU64
 187 001a 8B78     		ldrb	r3, [r1, #2]	@ zero_extendqisi2
 188              		.loc 1 152 22 view .LVU65
 189 001c 03F07F03 		and	r3, r3, #127
 151:Core/Src/vl53l1_register_funcs.c **** 	pdata->ana_config__vhv_ref_sel_vquench =
 190              		.loc 1 151 41 view .LVU66
 191 0020 9370     		strb	r3, [r2, #2]
 153:Core/Src/vl53l1_register_funcs.c **** 	pdata->ana_config__reg_avdd1v2_sel =
 192              		.loc 1 153 2 is_stmt 1 view .LVU67
 154:Core/Src/vl53l1_register_funcs.c **** 		(*(pbuffer +   3)) & 0x3;
 193              		.loc 1 154 4 is_stmt 0 view .LVU68
 194 0022 CB78     		ldrb	r3, [r1, #3]	@ zero_extendqisi2
 195              		.loc 1 154 22 view .LVU69
 196 0024 03F00303 		and	r3, r3, #3
 153:Core/Src/vl53l1_register_funcs.c **** 	pdata->ana_config__reg_avdd1v2_sel =
 197              		.loc 1 153 37 view .LVU70
 198 0028 D370     		strb	r3, [r2, #3]
 155:Core/Src/vl53l1_register_funcs.c **** 	pdata->ana_config__fast_osc__trim =
 199              		.loc 1 155 2 is_stmt 1 view .LVU71
 156:Core/Src/vl53l1_register_funcs.c **** 		(*(pbuffer +   4)) & 0x7F;
 200              		.loc 1 156 4 is_stmt 0 view .LVU72
 201 002a 0B79     		ldrb	r3, [r1, #4]	@ zero_extendqisi2
 202              		.loc 1 156 22 view .LVU73
 203 002c 03F07F03 		and	r3, r3, #127
 155:Core/Src/vl53l1_register_funcs.c **** 	pdata->ana_config__fast_osc__trim =
 204              		.loc 1 155 36 view .LVU74
 205 0030 1371     		strb	r3, [r2, #4]
 157:Core/Src/vl53l1_register_funcs.c **** 	pdata->osc_measured__fast_osc__frequency =
 206              		.loc 1 157 2 is_stmt 1 view .LVU75
 158:Core/Src/vl53l1_register_funcs.c **** 		(VL53L1_i2c_decode_uint16_t(2, pbuffer +   5));
 207              		.loc 1 158 4 is_stmt 0 view .LVU76
 208 0032 0531     		adds	r1, r1, #5
 209              	.LVL8:
 210              		.loc 1 158 4 view .LVU77
 211 0034 0220     		movs	r0, #2
 212              	.LVL9:
 213              		.loc 1 158 4 view .LVU78
 214 0036 FFF7FEFF 		bl	VL53L1_i2c_decode_uint16_t
 215              	.LVL10:
 157:Core/Src/vl53l1_register_funcs.c **** 	pdata->osc_measured__fast_osc__frequency =
 216              		.loc 1 157 43 view .LVU79
 217 003a E080     		strh	r0, [r4, #6]	@ movhi
 159:Core/Src/vl53l1_register_funcs.c **** 	pdata->vhv_config__timeout_macrop_loop_bound =
 218              		.loc 1 159 2 is_stmt 1 view .LVU80
 219              		.loc 1 159 47 is_stmt 0 view .LVU81
 220 003c EB79     		ldrb	r3, [r5, #7]	@ zero_extendqisi2
 221 003e 2372     		strb	r3, [r4, #8]
 160:Core/Src/vl53l1_register_funcs.c **** 		(*(pbuffer +   7));
 161:Core/Src/vl53l1_register_funcs.c **** 	pdata->vhv_config__count_thresh =
 222              		.loc 1 161 2 is_stmt 1 view .LVU82
 223              		.loc 1 161 34 is_stmt 0 view .LVU83
ARM GAS  C:\Users\Lenovo\AppData\Local\Temp\ccSAMYhL.s 			page 8


 224 0040 2B7A     		ldrb	r3, [r5, #8]	@ zero_extendqisi2
 225 0042 6372     		strb	r3, [r4, #9]
 162:Core/Src/vl53l1_register_funcs.c **** 		(*(pbuffer +   8));
 163:Core/Src/vl53l1_register_funcs.c **** 	pdata->vhv_config__offset =
 226              		.loc 1 163 2 is_stmt 1 view .LVU84
 164:Core/Src/vl53l1_register_funcs.c **** 		(*(pbuffer +   9)) & 0x3F;
 227              		.loc 1 164 4 is_stmt 0 view .LVU85
 228 0044 6B7A     		ldrb	r3, [r5, #9]	@ zero_extendqisi2
 229              		.loc 1 164 22 view .LVU86
 230 0046 03F03F03 		and	r3, r3, #63
 163:Core/Src/vl53l1_register_funcs.c **** 		(*(pbuffer +   9)) & 0x3F;
 231              		.loc 1 163 28 view .LVU87
 232 004a A372     		strb	r3, [r4, #10]
 165:Core/Src/vl53l1_register_funcs.c **** 	pdata->vhv_config__init =
 233              		.loc 1 165 2 is_stmt 1 view .LVU88
 234              		.loc 1 165 26 is_stmt 0 view .LVU89
 235 004c AB7A     		ldrb	r3, [r5, #10]	@ zero_extendqisi2
 236 004e E372     		strb	r3, [r4, #11]
 166:Core/Src/vl53l1_register_funcs.c **** 		(*(pbuffer +  10));
 167:Core/Src/vl53l1_register_funcs.c **** 
 168:Core/Src/vl53l1_register_funcs.c **** 	LOG_FUNCTION_END(status);
 237              		.loc 1 168 26 is_stmt 1 view .LVU90
 169:Core/Src/vl53l1_register_funcs.c **** 
 170:Core/Src/vl53l1_register_funcs.c **** 	return status;
 238              		.loc 1 170 2 view .LVU91
 239              		.loc 1 170 9 is_stmt 0 view .LVU92
 240 0050 0020     		movs	r0, #0
 171:Core/Src/vl53l1_register_funcs.c **** }
 241              		.loc 1 171 1 view .LVU93
 242 0052 38BD     		pop	{r3, r4, r5, pc}
 243              	.LVL11:
 244              	.L10:
 245              	.LCFI3:
 246              		.cfi_def_cfa_offset 0
 247              		.cfi_restore 3
 248              		.cfi_restore 4
 249              		.cfi_restore 5
 250              		.cfi_restore 14
 145:Core/Src/vl53l1_register_funcs.c **** 
 251              		.loc 1 145 10 view .LVU94
 252 0054 6FF00900 		mvn	r0, #9
 253              	.LVL12:
 254              		.loc 1 171 1 view .LVU95
 255 0058 7047     		bx	lr
 256              		.cfi_endproc
 257              	.LFE4:
 259              		.section	.text.VL53L1_set_static_nvm_managed,"ax",%progbits
 260              		.align	1
 261              		.global	VL53L1_set_static_nvm_managed
 262              		.syntax unified
 263              		.thumb
 264              		.thumb_func
 266              	VL53L1_set_static_nvm_managed:
 267              	.LVL13:
 268              	.LFB5:
 172:Core/Src/vl53l1_register_funcs.c **** 
 173:Core/Src/vl53l1_register_funcs.c **** 
ARM GAS  C:\Users\Lenovo\AppData\Local\Temp\ccSAMYhL.s 			page 9


 174:Core/Src/vl53l1_register_funcs.c **** VL53L1_Error VL53L1_set_static_nvm_managed(
 175:Core/Src/vl53l1_register_funcs.c **** 	VL53L1_DEV                 Dev,
 176:Core/Src/vl53l1_register_funcs.c **** 	VL53L1_static_nvm_managed_t  *pdata)
 177:Core/Src/vl53l1_register_funcs.c **** {
 269              		.loc 1 177 1 is_stmt 1 view -0
 270              		.cfi_startproc
 271              		@ args = 0, pretend = 0, frame = 16
 272              		@ frame_needed = 0, uses_anonymous_args = 0
 273              		.loc 1 177 1 is_stmt 0 view .LVU97
 274 0000 10B5     		push	{r4, lr}
 275              	.LCFI4:
 276              		.cfi_def_cfa_offset 8
 277              		.cfi_offset 4, -8
 278              		.cfi_offset 14, -4
 279 0002 84B0     		sub	sp, sp, #16
 280              	.LCFI5:
 281              		.cfi_def_cfa_offset 24
 282 0004 0446     		mov	r4, r0
 283 0006 0846     		mov	r0, r1
 284              	.LVL14:
 178:Core/Src/vl53l1_register_funcs.c **** 	/**
 179:Core/Src/vl53l1_register_funcs.c **** 	 * Serialises and sends the contents of VL53L1_static_nvm_managed_t
 180:Core/Src/vl53l1_register_funcs.c **** 	 * data structure to the device
 181:Core/Src/vl53l1_register_funcs.c **** 	 */
 182:Core/Src/vl53l1_register_funcs.c **** 
 183:Core/Src/vl53l1_register_funcs.c **** 	VL53L1_Error status = VL53L1_ERROR_NONE;
 285              		.loc 1 183 2 is_stmt 1 view .LVU98
 184:Core/Src/vl53l1_register_funcs.c **** 	uint8_t comms_buffer[VL53L1_STATIC_NVM_MANAGED_I2C_SIZE_BYTES];
 286              		.loc 1 184 2 view .LVU99
 185:Core/Src/vl53l1_register_funcs.c **** 
 186:Core/Src/vl53l1_register_funcs.c **** 	LOG_FUNCTION_START("");
 287              		.loc 1 186 24 view .LVU100
 187:Core/Src/vl53l1_register_funcs.c **** 
 188:Core/Src/vl53l1_register_funcs.c **** 	if (status == VL53L1_ERROR_NONE) /*lint !e774 always true*/
 288              		.loc 1 188 2 view .LVU101
 189:Core/Src/vl53l1_register_funcs.c **** 		status = VL53L1_i2c_encode_static_nvm_managed(
 289              		.loc 1 189 3 view .LVU102
 290              		.loc 1 189 12 is_stmt 0 view .LVU103
 291 0008 01AA     		add	r2, sp, #4
 292 000a 0B21     		movs	r1, #11
 293              	.LVL15:
 294              		.loc 1 189 12 view .LVU104
 295 000c FFF7FEFF 		bl	VL53L1_i2c_encode_static_nvm_managed
 296              	.LVL16:
 190:Core/Src/vl53l1_register_funcs.c **** 			pdata,
 191:Core/Src/vl53l1_register_funcs.c **** 			VL53L1_STATIC_NVM_MANAGED_I2C_SIZE_BYTES,
 192:Core/Src/vl53l1_register_funcs.c **** 			comms_buffer);
 193:Core/Src/vl53l1_register_funcs.c **** 
 194:Core/Src/vl53l1_register_funcs.c **** 	if (status == VL53L1_ERROR_NONE)
 297              		.loc 1 194 2 is_stmt 1 view .LVU105
 298              		.loc 1 194 5 is_stmt 0 view .LVU106
 299 0010 08B1     		cbz	r0, .L18
 300              	.L16:
 301              	.LVL17:
 195:Core/Src/vl53l1_register_funcs.c **** 		status = VL53L1_WriteMulti(
 196:Core/Src/vl53l1_register_funcs.c **** 			Dev,
 197:Core/Src/vl53l1_register_funcs.c **** 			VL53L1_I2C_SLAVE__DEVICE_ADDRESS,
ARM GAS  C:\Users\Lenovo\AppData\Local\Temp\ccSAMYhL.s 			page 10


 198:Core/Src/vl53l1_register_funcs.c **** 			comms_buffer,
 199:Core/Src/vl53l1_register_funcs.c **** 			VL53L1_STATIC_NVM_MANAGED_I2C_SIZE_BYTES);
 200:Core/Src/vl53l1_register_funcs.c **** 
 201:Core/Src/vl53l1_register_funcs.c **** 	LOG_FUNCTION_END(status);
 302              		.loc 1 201 26 is_stmt 1 view .LVU107
 202:Core/Src/vl53l1_register_funcs.c **** 
 203:Core/Src/vl53l1_register_funcs.c **** 	return status;
 303              		.loc 1 203 2 view .LVU108
 204:Core/Src/vl53l1_register_funcs.c **** }
 304              		.loc 1 204 1 is_stmt 0 view .LVU109
 305 0012 04B0     		add	sp, sp, #16
 306              	.LCFI6:
 307              		.cfi_remember_state
 308              		.cfi_def_cfa_offset 8
 309              		@ sp needed
 310 0014 10BD     		pop	{r4, pc}
 311              	.LVL18:
 312              	.L18:
 313              	.LCFI7:
 314              		.cfi_restore_state
 195:Core/Src/vl53l1_register_funcs.c **** 		status = VL53L1_WriteMulti(
 315              		.loc 1 195 3 is_stmt 1 view .LVU110
 195:Core/Src/vl53l1_register_funcs.c **** 		status = VL53L1_WriteMulti(
 316              		.loc 1 195 12 is_stmt 0 view .LVU111
 317 0016 0B23     		movs	r3, #11
 318 0018 01AA     		add	r2, sp, #4
 319 001a 0121     		movs	r1, #1
 320 001c 2046     		mov	r0, r4
 321 001e FFF7FEFF 		bl	VL53L1_WriteMulti
 322              	.LVL19:
 195:Core/Src/vl53l1_register_funcs.c **** 		status = VL53L1_WriteMulti(
 323              		.loc 1 195 12 view .LVU112
 324 0022 F6E7     		b	.L16
 325              		.cfi_endproc
 326              	.LFE5:
 328              		.section	.text.VL53L1_get_static_nvm_managed,"ax",%progbits
 329              		.align	1
 330              		.global	VL53L1_get_static_nvm_managed
 331              		.syntax unified
 332              		.thumb
 333              		.thumb_func
 335              	VL53L1_get_static_nvm_managed:
 336              	.LVL20:
 337              	.LFB6:
 205:Core/Src/vl53l1_register_funcs.c **** 
 206:Core/Src/vl53l1_register_funcs.c **** 
 207:Core/Src/vl53l1_register_funcs.c **** VL53L1_Error VL53L1_get_static_nvm_managed(
 208:Core/Src/vl53l1_register_funcs.c **** 	VL53L1_DEV                 Dev,
 209:Core/Src/vl53l1_register_funcs.c **** 	VL53L1_static_nvm_managed_t  *pdata)
 210:Core/Src/vl53l1_register_funcs.c **** {
 338              		.loc 1 210 1 is_stmt 1 view -0
 339              		.cfi_startproc
 340              		@ args = 0, pretend = 0, frame = 16
 341              		@ frame_needed = 0, uses_anonymous_args = 0
 342              		.loc 1 210 1 is_stmt 0 view .LVU114
 343 0000 10B5     		push	{r4, lr}
 344              	.LCFI8:
ARM GAS  C:\Users\Lenovo\AppData\Local\Temp\ccSAMYhL.s 			page 11


 345              		.cfi_def_cfa_offset 8
 346              		.cfi_offset 4, -8
 347              		.cfi_offset 14, -4
 348 0002 84B0     		sub	sp, sp, #16
 349              	.LCFI9:
 350              		.cfi_def_cfa_offset 24
 351 0004 0C46     		mov	r4, r1
 211:Core/Src/vl53l1_register_funcs.c **** 	/**
 212:Core/Src/vl53l1_register_funcs.c **** 	 * Reads and de-serialises the contents of VL53L1_static_nvm_managed_t
 213:Core/Src/vl53l1_register_funcs.c **** 	 * data structure from the device
 214:Core/Src/vl53l1_register_funcs.c **** 	 */
 215:Core/Src/vl53l1_register_funcs.c **** 
 216:Core/Src/vl53l1_register_funcs.c **** 	VL53L1_Error status = VL53L1_ERROR_NONE;
 352              		.loc 1 216 2 is_stmt 1 view .LVU115
 353              	.LVL21:
 217:Core/Src/vl53l1_register_funcs.c **** 	uint8_t comms_buffer[VL53L1_STATIC_NVM_MANAGED_I2C_SIZE_BYTES];
 354              		.loc 1 217 2 view .LVU116
 218:Core/Src/vl53l1_register_funcs.c **** 
 219:Core/Src/vl53l1_register_funcs.c **** 	LOG_FUNCTION_START("");
 355              		.loc 1 219 24 view .LVU117
 220:Core/Src/vl53l1_register_funcs.c **** 
 221:Core/Src/vl53l1_register_funcs.c **** 	if (status == VL53L1_ERROR_NONE) /*lint !e774 always true*/
 356              		.loc 1 221 2 view .LVU118
 222:Core/Src/vl53l1_register_funcs.c **** 		status = VL53L1_ReadMulti(
 357              		.loc 1 222 3 view .LVU119
 358              		.loc 1 222 12 is_stmt 0 view .LVU120
 359 0006 0B23     		movs	r3, #11
 360 0008 01AA     		add	r2, sp, #4
 361 000a 0121     		movs	r1, #1
 362              	.LVL22:
 363              		.loc 1 222 12 view .LVU121
 364 000c FFF7FEFF 		bl	VL53L1_ReadMulti
 365              	.LVL23:
 223:Core/Src/vl53l1_register_funcs.c **** 			Dev,
 224:Core/Src/vl53l1_register_funcs.c **** 			VL53L1_I2C_SLAVE__DEVICE_ADDRESS,
 225:Core/Src/vl53l1_register_funcs.c **** 			comms_buffer,
 226:Core/Src/vl53l1_register_funcs.c **** 			VL53L1_STATIC_NVM_MANAGED_I2C_SIZE_BYTES);
 227:Core/Src/vl53l1_register_funcs.c **** 
 228:Core/Src/vl53l1_register_funcs.c **** 	if (status == VL53L1_ERROR_NONE)
 366              		.loc 1 228 2 is_stmt 1 view .LVU122
 367              		.loc 1 228 5 is_stmt 0 view .LVU123
 368 0010 08B1     		cbz	r0, .L22
 369              	.LVL24:
 370              	.L20:
 229:Core/Src/vl53l1_register_funcs.c **** 		status = VL53L1_i2c_decode_static_nvm_managed(
 230:Core/Src/vl53l1_register_funcs.c **** 			VL53L1_STATIC_NVM_MANAGED_I2C_SIZE_BYTES,
 231:Core/Src/vl53l1_register_funcs.c **** 			comms_buffer,
 232:Core/Src/vl53l1_register_funcs.c **** 			pdata);
 233:Core/Src/vl53l1_register_funcs.c **** 
 234:Core/Src/vl53l1_register_funcs.c **** 	LOG_FUNCTION_END(status);
 371              		.loc 1 234 26 is_stmt 1 view .LVU124
 235:Core/Src/vl53l1_register_funcs.c **** 
 236:Core/Src/vl53l1_register_funcs.c **** 	return status;
 372              		.loc 1 236 2 view .LVU125
 237:Core/Src/vl53l1_register_funcs.c **** }
 373              		.loc 1 237 1 is_stmt 0 view .LVU126
 374 0012 04B0     		add	sp, sp, #16
ARM GAS  C:\Users\Lenovo\AppData\Local\Temp\ccSAMYhL.s 			page 12


 375              	.LCFI10:
 376              		.cfi_remember_state
 377              		.cfi_def_cfa_offset 8
 378              		@ sp needed
 379 0014 10BD     		pop	{r4, pc}
 380              	.LVL25:
 381              	.L22:
 382              	.LCFI11:
 383              		.cfi_restore_state
 229:Core/Src/vl53l1_register_funcs.c **** 		status = VL53L1_i2c_decode_static_nvm_managed(
 384              		.loc 1 229 3 is_stmt 1 view .LVU127
 229:Core/Src/vl53l1_register_funcs.c **** 		status = VL53L1_i2c_decode_static_nvm_managed(
 385              		.loc 1 229 12 is_stmt 0 view .LVU128
 386 0016 2246     		mov	r2, r4
 387 0018 01A9     		add	r1, sp, #4
 388 001a 0B20     		movs	r0, #11
 389              	.LVL26:
 229:Core/Src/vl53l1_register_funcs.c **** 		status = VL53L1_i2c_decode_static_nvm_managed(
 390              		.loc 1 229 12 view .LVU129
 391 001c FFF7FEFF 		bl	VL53L1_i2c_decode_static_nvm_managed
 392              	.LVL27:
 229:Core/Src/vl53l1_register_funcs.c **** 		status = VL53L1_i2c_decode_static_nvm_managed(
 393              		.loc 1 229 12 view .LVU130
 394 0020 F7E7     		b	.L20
 395              		.cfi_endproc
 396              	.LFE6:
 398              		.section	.text.VL53L1_i2c_encode_customer_nvm_managed,"ax",%progbits
 399              		.align	1
 400              		.global	VL53L1_i2c_encode_customer_nvm_managed
 401              		.syntax unified
 402              		.thumb
 403              		.thumb_func
 405              	VL53L1_i2c_encode_customer_nvm_managed:
 406              	.LVL28:
 407              	.LFB7:
 238:Core/Src/vl53l1_register_funcs.c **** 
 239:Core/Src/vl53l1_register_funcs.c **** 
 240:Core/Src/vl53l1_register_funcs.c **** VL53L1_Error VL53L1_i2c_encode_customer_nvm_managed(
 241:Core/Src/vl53l1_register_funcs.c **** 	VL53L1_customer_nvm_managed_t *pdata,
 242:Core/Src/vl53l1_register_funcs.c **** 	uint16_t                  buf_size,
 243:Core/Src/vl53l1_register_funcs.c **** 	uint8_t                  *pbuffer)
 244:Core/Src/vl53l1_register_funcs.c **** {
 408              		.loc 1 244 1 is_stmt 1 view -0
 409              		.cfi_startproc
 410              		@ args = 0, pretend = 0, frame = 0
 411              		@ frame_needed = 0, uses_anonymous_args = 0
 245:Core/Src/vl53l1_register_funcs.c **** 	/**
 246:Core/Src/vl53l1_register_funcs.c **** 	 * Encodes data structure VL53L1_customer_nvm_managed_t into a I2C write buffer
 247:Core/Src/vl53l1_register_funcs.c **** 	 * Buffer must be at least 23 bytes
 248:Core/Src/vl53l1_register_funcs.c **** 	*/
 249:Core/Src/vl53l1_register_funcs.c **** 
 250:Core/Src/vl53l1_register_funcs.c **** 	VL53L1_Error status = VL53L1_ERROR_NONE;
 412              		.loc 1 250 2 view .LVU132
 251:Core/Src/vl53l1_register_funcs.c **** 
 252:Core/Src/vl53l1_register_funcs.c **** 	LOG_FUNCTION_START("");
 413              		.loc 1 252 24 view .LVU133
 253:Core/Src/vl53l1_register_funcs.c **** 
ARM GAS  C:\Users\Lenovo\AppData\Local\Temp\ccSAMYhL.s 			page 13


 254:Core/Src/vl53l1_register_funcs.c **** 	if (VL53L1_CUSTOMER_NVM_MANAGED_I2C_SIZE_BYTES > buf_size)
 414              		.loc 1 254 2 view .LVU134
 415              		.loc 1 254 5 is_stmt 0 view .LVU135
 416 0000 1629     		cmp	r1, #22
 417 0002 4CD9     		bls	.L25
 244:Core/Src/vl53l1_register_funcs.c **** 	/**
 418              		.loc 1 244 1 view .LVU136
 419 0004 38B5     		push	{r3, r4, r5, lr}
 420              	.LCFI12:
 421              		.cfi_def_cfa_offset 16
 422              		.cfi_offset 3, -16
 423              		.cfi_offset 4, -12
 424              		.cfi_offset 5, -8
 425              		.cfi_offset 14, -4
 426 0006 0446     		mov	r4, r0
 427 0008 1546     		mov	r5, r2
 255:Core/Src/vl53l1_register_funcs.c **** 		return VL53L1_ERROR_COMMS_BUFFER_TOO_SMALL;
 256:Core/Src/vl53l1_register_funcs.c **** 
 257:Core/Src/vl53l1_register_funcs.c **** 	*(pbuffer +   0) =
 428              		.loc 1 257 2 is_stmt 1 view .LVU137
 258:Core/Src/vl53l1_register_funcs.c **** 		pdata->global_config__spad_enables_ref_0;
 429              		.loc 1 258 8 is_stmt 0 view .LVU138
 430 000a 0378     		ldrb	r3, [r0]	@ zero_extendqisi2
 257:Core/Src/vl53l1_register_funcs.c **** 		pdata->global_config__spad_enables_ref_0;
 431              		.loc 1 257 19 view .LVU139
 432 000c 1370     		strb	r3, [r2]
 259:Core/Src/vl53l1_register_funcs.c **** 	*(pbuffer +   1) =
 433              		.loc 1 259 2 is_stmt 1 view .LVU140
 260:Core/Src/vl53l1_register_funcs.c **** 		pdata->global_config__spad_enables_ref_1;
 434              		.loc 1 260 8 is_stmt 0 view .LVU141
 435 000e 4378     		ldrb	r3, [r0, #1]	@ zero_extendqisi2
 259:Core/Src/vl53l1_register_funcs.c **** 	*(pbuffer +   1) =
 436              		.loc 1 259 19 view .LVU142
 437 0010 5370     		strb	r3, [r2, #1]
 261:Core/Src/vl53l1_register_funcs.c **** 	*(pbuffer +   2) =
 438              		.loc 1 261 2 is_stmt 1 view .LVU143
 262:Core/Src/vl53l1_register_funcs.c **** 		pdata->global_config__spad_enables_ref_2;
 439              		.loc 1 262 8 is_stmt 0 view .LVU144
 440 0012 8378     		ldrb	r3, [r0, #2]	@ zero_extendqisi2
 261:Core/Src/vl53l1_register_funcs.c **** 	*(pbuffer +   2) =
 441              		.loc 1 261 19 view .LVU145
 442 0014 9370     		strb	r3, [r2, #2]
 263:Core/Src/vl53l1_register_funcs.c **** 	*(pbuffer +   3) =
 443              		.loc 1 263 2 is_stmt 1 view .LVU146
 264:Core/Src/vl53l1_register_funcs.c **** 		pdata->global_config__spad_enables_ref_3;
 444              		.loc 1 264 8 is_stmt 0 view .LVU147
 445 0016 C378     		ldrb	r3, [r0, #3]	@ zero_extendqisi2
 263:Core/Src/vl53l1_register_funcs.c **** 	*(pbuffer +   3) =
 446              		.loc 1 263 19 view .LVU148
 447 0018 D370     		strb	r3, [r2, #3]
 265:Core/Src/vl53l1_register_funcs.c **** 	*(pbuffer +   4) =
 448              		.loc 1 265 2 is_stmt 1 view .LVU149
 266:Core/Src/vl53l1_register_funcs.c **** 		pdata->global_config__spad_enables_ref_4;
 449              		.loc 1 266 8 is_stmt 0 view .LVU150
 450 001a 0379     		ldrb	r3, [r0, #4]	@ zero_extendqisi2
 265:Core/Src/vl53l1_register_funcs.c **** 	*(pbuffer +   4) =
 451              		.loc 1 265 19 view .LVU151
ARM GAS  C:\Users\Lenovo\AppData\Local\Temp\ccSAMYhL.s 			page 14


 452 001c 1371     		strb	r3, [r2, #4]
 267:Core/Src/vl53l1_register_funcs.c **** 	*(pbuffer +   5) =
 453              		.loc 1 267 2 is_stmt 1 view .LVU152
 268:Core/Src/vl53l1_register_funcs.c **** 		pdata->global_config__spad_enables_ref_5 & 0xF;
 454              		.loc 1 268 8 is_stmt 0 view .LVU153
 455 001e 4379     		ldrb	r3, [r0, #5]	@ zero_extendqisi2
 456              		.loc 1 268 44 view .LVU154
 457 0020 03F00F03 		and	r3, r3, #15
 267:Core/Src/vl53l1_register_funcs.c **** 	*(pbuffer +   5) =
 458              		.loc 1 267 19 view .LVU155
 459 0024 5371     		strb	r3, [r2, #5]
 269:Core/Src/vl53l1_register_funcs.c **** 	*(pbuffer +   6) =
 460              		.loc 1 269 2 is_stmt 1 view .LVU156
 270:Core/Src/vl53l1_register_funcs.c **** 		pdata->global_config__ref_en_start_select;
 461              		.loc 1 270 8 is_stmt 0 view .LVU157
 462 0026 8379     		ldrb	r3, [r0, #6]	@ zero_extendqisi2
 269:Core/Src/vl53l1_register_funcs.c **** 	*(pbuffer +   6) =
 463              		.loc 1 269 19 view .LVU158
 464 0028 9371     		strb	r3, [r2, #6]
 271:Core/Src/vl53l1_register_funcs.c **** 	*(pbuffer +   7) =
 465              		.loc 1 271 2 is_stmt 1 view .LVU159
 272:Core/Src/vl53l1_register_funcs.c **** 		pdata->ref_spad_man__num_requested_ref_spads & 0x3F;
 466              		.loc 1 272 8 is_stmt 0 view .LVU160
 467 002a C379     		ldrb	r3, [r0, #7]	@ zero_extendqisi2
 468              		.loc 1 272 48 view .LVU161
 469 002c 03F03F03 		and	r3, r3, #63
 271:Core/Src/vl53l1_register_funcs.c **** 	*(pbuffer +   7) =
 470              		.loc 1 271 19 view .LVU162
 471 0030 D371     		strb	r3, [r2, #7]
 273:Core/Src/vl53l1_register_funcs.c **** 	*(pbuffer +   8) =
 472              		.loc 1 273 2 is_stmt 1 view .LVU163
 274:Core/Src/vl53l1_register_funcs.c **** 		pdata->ref_spad_man__ref_location & 0x3;
 473              		.loc 1 274 8 is_stmt 0 view .LVU164
 474 0032 037A     		ldrb	r3, [r0, #8]	@ zero_extendqisi2
 475              		.loc 1 274 37 view .LVU165
 476 0034 03F00303 		and	r3, r3, #3
 273:Core/Src/vl53l1_register_funcs.c **** 	*(pbuffer +   8) =
 477              		.loc 1 273 19 view .LVU166
 478 0038 1372     		strb	r3, [r2, #8]
 275:Core/Src/vl53l1_register_funcs.c **** 	VL53L1_i2c_encode_uint16_t(
 479              		.loc 1 275 2 is_stmt 1 view .LVU167
 480 003a 0932     		adds	r2, r2, #9
 481              	.LVL29:
 482              		.loc 1 275 2 is_stmt 0 view .LVU168
 483 003c 0221     		movs	r1, #2
 484              	.LVL30:
 485              		.loc 1 275 2 view .LVU169
 486 003e 4089     		ldrh	r0, [r0, #10]
 487              	.LVL31:
 488              		.loc 1 275 2 view .LVU170
 489 0040 FFF7FEFF 		bl	VL53L1_i2c_encode_uint16_t
 490              	.LVL32:
 276:Core/Src/vl53l1_register_funcs.c **** 		pdata->algo__crosstalk_compensation_plane_offset_kcps,
 277:Core/Src/vl53l1_register_funcs.c **** 		2,
 278:Core/Src/vl53l1_register_funcs.c **** 		pbuffer +   9);
 279:Core/Src/vl53l1_register_funcs.c **** 	VL53L1_i2c_encode_int16_t(
 491              		.loc 1 279 2 is_stmt 1 view .LVU171
ARM GAS  C:\Users\Lenovo\AppData\Local\Temp\ccSAMYhL.s 			page 15


 492 0044 05F10B02 		add	r2, r5, #11
 493 0048 0221     		movs	r1, #2
 494 004a B4F90C00 		ldrsh	r0, [r4, #12]
 495 004e FFF7FEFF 		bl	VL53L1_i2c_encode_int16_t
 496              	.LVL33:
 280:Core/Src/vl53l1_register_funcs.c **** 		pdata->algo__crosstalk_compensation_x_plane_gradient_kcps,
 281:Core/Src/vl53l1_register_funcs.c **** 		2,
 282:Core/Src/vl53l1_register_funcs.c **** 		pbuffer +  11);
 283:Core/Src/vl53l1_register_funcs.c **** 	VL53L1_i2c_encode_int16_t(
 497              		.loc 1 283 2 view .LVU172
 498 0052 05F10D02 		add	r2, r5, #13
 499 0056 0221     		movs	r1, #2
 500 0058 B4F90E00 		ldrsh	r0, [r4, #14]
 501 005c FFF7FEFF 		bl	VL53L1_i2c_encode_int16_t
 502              	.LVL34:
 284:Core/Src/vl53l1_register_funcs.c **** 		pdata->algo__crosstalk_compensation_y_plane_gradient_kcps,
 285:Core/Src/vl53l1_register_funcs.c **** 		2,
 286:Core/Src/vl53l1_register_funcs.c **** 		pbuffer +  13);
 287:Core/Src/vl53l1_register_funcs.c **** 	VL53L1_i2c_encode_uint16_t(
 503              		.loc 1 287 2 view .LVU173
 504 0060 05F10F02 		add	r2, r5, #15
 505 0064 0221     		movs	r1, #2
 506 0066 208A     		ldrh	r0, [r4, #16]
 507 0068 FFF7FEFF 		bl	VL53L1_i2c_encode_uint16_t
 508              	.LVL35:
 288:Core/Src/vl53l1_register_funcs.c **** 		pdata->ref_spad_char__total_rate_target_mcps,
 289:Core/Src/vl53l1_register_funcs.c **** 		2,
 290:Core/Src/vl53l1_register_funcs.c **** 		pbuffer +  15);
 291:Core/Src/vl53l1_register_funcs.c **** 	VL53L1_i2c_encode_int16_t(
 509              		.loc 1 291 2 view .LVU174
 292:Core/Src/vl53l1_register_funcs.c **** 		pdata->algo__part_to_part_range_offset_mm & 0x1FFF,
 510              		.loc 1 292 8 is_stmt 0 view .LVU175
 511 006c B4F91200 		ldrsh	r0, [r4, #18]
 291:Core/Src/vl53l1_register_funcs.c **** 		pdata->algo__part_to_part_range_offset_mm & 0x1FFF,
 512              		.loc 1 291 2 view .LVU176
 513 0070 05F11102 		add	r2, r5, #17
 514 0074 0221     		movs	r1, #2
 515 0076 C0F30C00 		ubfx	r0, r0, #0, #13
 516 007a FFF7FEFF 		bl	VL53L1_i2c_encode_int16_t
 517              	.LVL36:
 293:Core/Src/vl53l1_register_funcs.c **** 		2,
 294:Core/Src/vl53l1_register_funcs.c **** 		pbuffer +  17);
 295:Core/Src/vl53l1_register_funcs.c **** 	VL53L1_i2c_encode_int16_t(
 518              		.loc 1 295 2 is_stmt 1 view .LVU177
 519 007e 05F11302 		add	r2, r5, #19
 520 0082 0221     		movs	r1, #2
 521 0084 B4F91400 		ldrsh	r0, [r4, #20]
 522 0088 FFF7FEFF 		bl	VL53L1_i2c_encode_int16_t
 523              	.LVL37:
 296:Core/Src/vl53l1_register_funcs.c **** 		pdata->mm_config__inner_offset_mm,
 297:Core/Src/vl53l1_register_funcs.c **** 		2,
 298:Core/Src/vl53l1_register_funcs.c **** 		pbuffer +  19);
 299:Core/Src/vl53l1_register_funcs.c **** 	VL53L1_i2c_encode_int16_t(
 524              		.loc 1 299 2 view .LVU178
 525 008c 05F11502 		add	r2, r5, #21
 526 0090 0221     		movs	r1, #2
 527 0092 B4F91600 		ldrsh	r0, [r4, #22]
ARM GAS  C:\Users\Lenovo\AppData\Local\Temp\ccSAMYhL.s 			page 16


 528 0096 FFF7FEFF 		bl	VL53L1_i2c_encode_int16_t
 529              	.LVL38:
 300:Core/Src/vl53l1_register_funcs.c **** 		pdata->mm_config__outer_offset_mm,
 301:Core/Src/vl53l1_register_funcs.c **** 		2,
 302:Core/Src/vl53l1_register_funcs.c **** 		pbuffer +  21);
 303:Core/Src/vl53l1_register_funcs.c **** 	LOG_FUNCTION_END(status);
 530              		.loc 1 303 26 view .LVU179
 304:Core/Src/vl53l1_register_funcs.c **** 
 305:Core/Src/vl53l1_register_funcs.c **** 
 306:Core/Src/vl53l1_register_funcs.c **** 	return status;
 531              		.loc 1 306 2 view .LVU180
 532              		.loc 1 306 9 is_stmt 0 view .LVU181
 533 009a 0020     		movs	r0, #0
 307:Core/Src/vl53l1_register_funcs.c **** }
 534              		.loc 1 307 1 view .LVU182
 535 009c 38BD     		pop	{r3, r4, r5, pc}
 536              	.LVL39:
 537              	.L25:
 538              	.LCFI13:
 539              		.cfi_def_cfa_offset 0
 540              		.cfi_restore 3
 541              		.cfi_restore 4
 542              		.cfi_restore 5
 543              		.cfi_restore 14
 255:Core/Src/vl53l1_register_funcs.c **** 
 544              		.loc 1 255 10 view .LVU183
 545 009e 6FF00900 		mvn	r0, #9
 546              	.LVL40:
 547              		.loc 1 307 1 view .LVU184
 548 00a2 7047     		bx	lr
 549              		.cfi_endproc
 550              	.LFE7:
 552              		.section	.text.VL53L1_i2c_decode_customer_nvm_managed,"ax",%progbits
 553              		.align	1
 554              		.global	VL53L1_i2c_decode_customer_nvm_managed
 555              		.syntax unified
 556              		.thumb
 557              		.thumb_func
 559              	VL53L1_i2c_decode_customer_nvm_managed:
 560              	.LVL41:
 561              	.LFB8:
 308:Core/Src/vl53l1_register_funcs.c **** 
 309:Core/Src/vl53l1_register_funcs.c **** 
 310:Core/Src/vl53l1_register_funcs.c **** VL53L1_Error VL53L1_i2c_decode_customer_nvm_managed(
 311:Core/Src/vl53l1_register_funcs.c **** 	uint16_t                   buf_size,
 312:Core/Src/vl53l1_register_funcs.c **** 	uint8_t                   *pbuffer,
 313:Core/Src/vl53l1_register_funcs.c **** 	VL53L1_customer_nvm_managed_t  *pdata)
 314:Core/Src/vl53l1_register_funcs.c **** {
 562              		.loc 1 314 1 is_stmt 1 view -0
 563              		.cfi_startproc
 564              		@ args = 0, pretend = 0, frame = 0
 565              		@ frame_needed = 0, uses_anonymous_args = 0
 315:Core/Src/vl53l1_register_funcs.c **** 	/**
 316:Core/Src/vl53l1_register_funcs.c **** 	 * Decodes data structure VL53L1_customer_nvm_managed_t from the input I2C read buffer
 317:Core/Src/vl53l1_register_funcs.c **** 	 * Buffer must be at least 23 bytes
 318:Core/Src/vl53l1_register_funcs.c **** 	*/
 319:Core/Src/vl53l1_register_funcs.c **** 
ARM GAS  C:\Users\Lenovo\AppData\Local\Temp\ccSAMYhL.s 			page 17


 320:Core/Src/vl53l1_register_funcs.c **** 	VL53L1_Error status = VL53L1_ERROR_NONE;
 566              		.loc 1 320 2 view .LVU186
 321:Core/Src/vl53l1_register_funcs.c **** 
 322:Core/Src/vl53l1_register_funcs.c **** 	LOG_FUNCTION_START("");
 567              		.loc 1 322 24 view .LVU187
 323:Core/Src/vl53l1_register_funcs.c **** 
 324:Core/Src/vl53l1_register_funcs.c **** 	if (VL53L1_CUSTOMER_NVM_MANAGED_I2C_SIZE_BYTES > buf_size)
 568              		.loc 1 324 2 view .LVU188
 569              		.loc 1 324 5 is_stmt 0 view .LVU189
 570 0000 1628     		cmp	r0, #22
 571 0002 47D9     		bls	.L32
 314:Core/Src/vl53l1_register_funcs.c **** 	/**
 572              		.loc 1 314 1 view .LVU190
 573 0004 38B5     		push	{r3, r4, r5, lr}
 574              	.LCFI14:
 575              		.cfi_def_cfa_offset 16
 576              		.cfi_offset 3, -16
 577              		.cfi_offset 4, -12
 578              		.cfi_offset 5, -8
 579              		.cfi_offset 14, -4
 580 0006 0D46     		mov	r5, r1
 581 0008 1446     		mov	r4, r2
 325:Core/Src/vl53l1_register_funcs.c **** 		return VL53L1_ERROR_COMMS_BUFFER_TOO_SMALL;
 326:Core/Src/vl53l1_register_funcs.c **** 
 327:Core/Src/vl53l1_register_funcs.c **** 	pdata->global_config__spad_enables_ref_0 =
 582              		.loc 1 327 2 is_stmt 1 view .LVU191
 328:Core/Src/vl53l1_register_funcs.c **** 		(*(pbuffer +   0));
 583              		.loc 1 328 4 is_stmt 0 view .LVU192
 584 000a 0B78     		ldrb	r3, [r1]	@ zero_extendqisi2
 327:Core/Src/vl53l1_register_funcs.c **** 		(*(pbuffer +   0));
 585              		.loc 1 327 43 view .LVU193
 586 000c 1370     		strb	r3, [r2]
 329:Core/Src/vl53l1_register_funcs.c **** 	pdata->global_config__spad_enables_ref_1 =
 587              		.loc 1 329 2 is_stmt 1 view .LVU194
 588              		.loc 1 329 43 is_stmt 0 view .LVU195
 589 000e 4B78     		ldrb	r3, [r1, #1]	@ zero_extendqisi2
 590 0010 5370     		strb	r3, [r2, #1]
 330:Core/Src/vl53l1_register_funcs.c **** 		(*(pbuffer +   1));
 331:Core/Src/vl53l1_register_funcs.c **** 	pdata->global_config__spad_enables_ref_2 =
 591              		.loc 1 331 2 is_stmt 1 view .LVU196
 592              		.loc 1 331 43 is_stmt 0 view .LVU197
 593 0012 8B78     		ldrb	r3, [r1, #2]	@ zero_extendqisi2
 594 0014 9370     		strb	r3, [r2, #2]
 332:Core/Src/vl53l1_register_funcs.c **** 		(*(pbuffer +   2));
 333:Core/Src/vl53l1_register_funcs.c **** 	pdata->global_config__spad_enables_ref_3 =
 595              		.loc 1 333 2 is_stmt 1 view .LVU198
 596              		.loc 1 333 43 is_stmt 0 view .LVU199
 597 0016 CB78     		ldrb	r3, [r1, #3]	@ zero_extendqisi2
 598 0018 D370     		strb	r3, [r2, #3]
 334:Core/Src/vl53l1_register_funcs.c **** 		(*(pbuffer +   3));
 335:Core/Src/vl53l1_register_funcs.c **** 	pdata->global_config__spad_enables_ref_4 =
 599              		.loc 1 335 2 is_stmt 1 view .LVU200
 600              		.loc 1 335 43 is_stmt 0 view .LVU201
 601 001a 0B79     		ldrb	r3, [r1, #4]	@ zero_extendqisi2
 602 001c 1371     		strb	r3, [r2, #4]
 336:Core/Src/vl53l1_register_funcs.c **** 		(*(pbuffer +   4));
 337:Core/Src/vl53l1_register_funcs.c **** 	pdata->global_config__spad_enables_ref_5 =
ARM GAS  C:\Users\Lenovo\AppData\Local\Temp\ccSAMYhL.s 			page 18


 603              		.loc 1 337 2 is_stmt 1 view .LVU202
 338:Core/Src/vl53l1_register_funcs.c **** 		(*(pbuffer +   5)) & 0xF;
 604              		.loc 1 338 4 is_stmt 0 view .LVU203
 605 001e 4B79     		ldrb	r3, [r1, #5]	@ zero_extendqisi2
 606              		.loc 1 338 22 view .LVU204
 607 0020 03F00F03 		and	r3, r3, #15
 337:Core/Src/vl53l1_register_funcs.c **** 		(*(pbuffer +   5)) & 0xF;
 608              		.loc 1 337 43 view .LVU205
 609 0024 5371     		strb	r3, [r2, #5]
 339:Core/Src/vl53l1_register_funcs.c **** 	pdata->global_config__ref_en_start_select =
 610              		.loc 1 339 2 is_stmt 1 view .LVU206
 611              		.loc 1 339 44 is_stmt 0 view .LVU207
 612 0026 8B79     		ldrb	r3, [r1, #6]	@ zero_extendqisi2
 613 0028 9371     		strb	r3, [r2, #6]
 340:Core/Src/vl53l1_register_funcs.c **** 		(*(pbuffer +   6));
 341:Core/Src/vl53l1_register_funcs.c **** 	pdata->ref_spad_man__num_requested_ref_spads =
 614              		.loc 1 341 2 is_stmt 1 view .LVU208
 342:Core/Src/vl53l1_register_funcs.c **** 		(*(pbuffer +   7)) & 0x3F;
 615              		.loc 1 342 4 is_stmt 0 view .LVU209
 616 002a CB79     		ldrb	r3, [r1, #7]	@ zero_extendqisi2
 617              		.loc 1 342 22 view .LVU210
 618 002c 03F03F03 		and	r3, r3, #63
 341:Core/Src/vl53l1_register_funcs.c **** 		(*(pbuffer +   7)) & 0x3F;
 619              		.loc 1 341 47 view .LVU211
 620 0030 D371     		strb	r3, [r2, #7]
 343:Core/Src/vl53l1_register_funcs.c **** 	pdata->ref_spad_man__ref_location =
 621              		.loc 1 343 2 is_stmt 1 view .LVU212
 344:Core/Src/vl53l1_register_funcs.c **** 		(*(pbuffer +   8)) & 0x3;
 622              		.loc 1 344 4 is_stmt 0 view .LVU213
 623 0032 0B7A     		ldrb	r3, [r1, #8]	@ zero_extendqisi2
 624              		.loc 1 344 22 view .LVU214
 625 0034 03F00303 		and	r3, r3, #3
 343:Core/Src/vl53l1_register_funcs.c **** 	pdata->ref_spad_man__ref_location =
 626              		.loc 1 343 36 view .LVU215
 627 0038 1372     		strb	r3, [r2, #8]
 345:Core/Src/vl53l1_register_funcs.c **** 	pdata->algo__crosstalk_compensation_plane_offset_kcps =
 628              		.loc 1 345 2 is_stmt 1 view .LVU216
 346:Core/Src/vl53l1_register_funcs.c **** 		(VL53L1_i2c_decode_uint16_t(2, pbuffer +   9));
 629              		.loc 1 346 4 is_stmt 0 view .LVU217
 630 003a 0931     		adds	r1, r1, #9
 631              	.LVL42:
 632              		.loc 1 346 4 view .LVU218
 633 003c 0220     		movs	r0, #2
 634              	.LVL43:
 635              		.loc 1 346 4 view .LVU219
 636 003e FFF7FEFF 		bl	VL53L1_i2c_decode_uint16_t
 637              	.LVL44:
 345:Core/Src/vl53l1_register_funcs.c **** 	pdata->algo__crosstalk_compensation_plane_offset_kcps =
 638              		.loc 1 345 56 view .LVU220
 639 0042 6081     		strh	r0, [r4, #10]	@ movhi
 347:Core/Src/vl53l1_register_funcs.c **** 	pdata->algo__crosstalk_compensation_x_plane_gradient_kcps =
 640              		.loc 1 347 2 is_stmt 1 view .LVU221
 348:Core/Src/vl53l1_register_funcs.c **** 		(VL53L1_i2c_decode_int16_t(2, pbuffer +  11));
 641              		.loc 1 348 4 is_stmt 0 view .LVU222
 642 0044 05F10B01 		add	r1, r5, #11
 643 0048 0220     		movs	r0, #2
 644 004a FFF7FEFF 		bl	VL53L1_i2c_decode_int16_t
ARM GAS  C:\Users\Lenovo\AppData\Local\Temp\ccSAMYhL.s 			page 19


 645              	.LVL45:
 347:Core/Src/vl53l1_register_funcs.c **** 	pdata->algo__crosstalk_compensation_x_plane_gradient_kcps =
 646              		.loc 1 347 60 view .LVU223
 647 004e A081     		strh	r0, [r4, #12]	@ movhi
 349:Core/Src/vl53l1_register_funcs.c **** 	pdata->algo__crosstalk_compensation_y_plane_gradient_kcps =
 648              		.loc 1 349 2 is_stmt 1 view .LVU224
 350:Core/Src/vl53l1_register_funcs.c **** 		(VL53L1_i2c_decode_int16_t(2, pbuffer +  13));
 649              		.loc 1 350 4 is_stmt 0 view .LVU225
 650 0050 05F10D01 		add	r1, r5, #13
 651 0054 0220     		movs	r0, #2
 652 0056 FFF7FEFF 		bl	VL53L1_i2c_decode_int16_t
 653              	.LVL46:
 349:Core/Src/vl53l1_register_funcs.c **** 	pdata->algo__crosstalk_compensation_y_plane_gradient_kcps =
 654              		.loc 1 349 60 view .LVU226
 655 005a E081     		strh	r0, [r4, #14]	@ movhi
 351:Core/Src/vl53l1_register_funcs.c **** 	pdata->ref_spad_char__total_rate_target_mcps =
 656              		.loc 1 351 2 is_stmt 1 view .LVU227
 352:Core/Src/vl53l1_register_funcs.c **** 		(VL53L1_i2c_decode_uint16_t(2, pbuffer +  15));
 657              		.loc 1 352 4 is_stmt 0 view .LVU228
 658 005c 05F10F01 		add	r1, r5, #15
 659 0060 0220     		movs	r0, #2
 660 0062 FFF7FEFF 		bl	VL53L1_i2c_decode_uint16_t
 661              	.LVL47:
 351:Core/Src/vl53l1_register_funcs.c **** 	pdata->ref_spad_char__total_rate_target_mcps =
 662              		.loc 1 351 47 view .LVU229
 663 0066 2082     		strh	r0, [r4, #16]	@ movhi
 353:Core/Src/vl53l1_register_funcs.c **** 	pdata->algo__part_to_part_range_offset_mm =
 664              		.loc 1 353 2 is_stmt 1 view .LVU230
 354:Core/Src/vl53l1_register_funcs.c **** 		(VL53L1_i2c_decode_int16_t(2, pbuffer +  17)) & 0x1FFF;
 665              		.loc 1 354 4 is_stmt 0 view .LVU231
 666 0068 05F11101 		add	r1, r5, #17
 667 006c 0220     		movs	r0, #2
 668 006e FFF7FEFF 		bl	VL53L1_i2c_decode_int16_t
 669              	.LVL48:
 670              		.loc 1 354 49 view .LVU232
 671 0072 C0F30C00 		ubfx	r0, r0, #0, #13
 353:Core/Src/vl53l1_register_funcs.c **** 	pdata->algo__part_to_part_range_offset_mm =
 672              		.loc 1 353 44 view .LVU233
 673 0076 6082     		strh	r0, [r4, #18]	@ movhi
 355:Core/Src/vl53l1_register_funcs.c **** 	pdata->mm_config__inner_offset_mm =
 674              		.loc 1 355 2 is_stmt 1 view .LVU234
 356:Core/Src/vl53l1_register_funcs.c **** 		(VL53L1_i2c_decode_int16_t(2, pbuffer +  19));
 675              		.loc 1 356 4 is_stmt 0 view .LVU235
 676 0078 05F11301 		add	r1, r5, #19
 677 007c 0220     		movs	r0, #2
 678 007e FFF7FEFF 		bl	VL53L1_i2c_decode_int16_t
 679              	.LVL49:
 355:Core/Src/vl53l1_register_funcs.c **** 	pdata->mm_config__inner_offset_mm =
 680              		.loc 1 355 36 view .LVU236
 681 0082 A082     		strh	r0, [r4, #20]	@ movhi
 357:Core/Src/vl53l1_register_funcs.c **** 	pdata->mm_config__outer_offset_mm =
 682              		.loc 1 357 2 is_stmt 1 view .LVU237
 358:Core/Src/vl53l1_register_funcs.c **** 		(VL53L1_i2c_decode_int16_t(2, pbuffer +  21));
 683              		.loc 1 358 4 is_stmt 0 view .LVU238
 684 0084 05F11501 		add	r1, r5, #21
 685 0088 0220     		movs	r0, #2
 686 008a FFF7FEFF 		bl	VL53L1_i2c_decode_int16_t
ARM GAS  C:\Users\Lenovo\AppData\Local\Temp\ccSAMYhL.s 			page 20


 687              	.LVL50:
 357:Core/Src/vl53l1_register_funcs.c **** 	pdata->mm_config__outer_offset_mm =
 688              		.loc 1 357 36 view .LVU239
 689 008e E082     		strh	r0, [r4, #22]	@ movhi
 359:Core/Src/vl53l1_register_funcs.c **** 
 360:Core/Src/vl53l1_register_funcs.c **** 	LOG_FUNCTION_END(status);
 690              		.loc 1 360 26 is_stmt 1 view .LVU240
 361:Core/Src/vl53l1_register_funcs.c **** 
 362:Core/Src/vl53l1_register_funcs.c **** 	return status;
 691              		.loc 1 362 2 view .LVU241
 692              		.loc 1 362 9 is_stmt 0 view .LVU242
 693 0090 0020     		movs	r0, #0
 363:Core/Src/vl53l1_register_funcs.c **** }
 694              		.loc 1 363 1 view .LVU243
 695 0092 38BD     		pop	{r3, r4, r5, pc}
 696              	.LVL51:
 697              	.L32:
 698              	.LCFI15:
 699              		.cfi_def_cfa_offset 0
 700              		.cfi_restore 3
 701              		.cfi_restore 4
 702              		.cfi_restore 5
 703              		.cfi_restore 14
 325:Core/Src/vl53l1_register_funcs.c **** 
 704              		.loc 1 325 10 view .LVU244
 705 0094 6FF00900 		mvn	r0, #9
 706              	.LVL52:
 707              		.loc 1 363 1 view .LVU245
 708 0098 7047     		bx	lr
 709              		.cfi_endproc
 710              	.LFE8:
 712              		.section	.text.VL53L1_set_customer_nvm_managed,"ax",%progbits
 713              		.align	1
 714              		.global	VL53L1_set_customer_nvm_managed
 715              		.syntax unified
 716              		.thumb
 717              		.thumb_func
 719              	VL53L1_set_customer_nvm_managed:
 720              	.LVL53:
 721              	.LFB9:
 364:Core/Src/vl53l1_register_funcs.c **** 
 365:Core/Src/vl53l1_register_funcs.c **** 
 366:Core/Src/vl53l1_register_funcs.c **** VL53L1_Error VL53L1_set_customer_nvm_managed(
 367:Core/Src/vl53l1_register_funcs.c **** 	VL53L1_DEV                 Dev,
 368:Core/Src/vl53l1_register_funcs.c **** 	VL53L1_customer_nvm_managed_t  *pdata)
 369:Core/Src/vl53l1_register_funcs.c **** {
 722              		.loc 1 369 1 is_stmt 1 view -0
 723              		.cfi_startproc
 724              		@ args = 0, pretend = 0, frame = 24
 725              		@ frame_needed = 0, uses_anonymous_args = 0
 726              		.loc 1 369 1 is_stmt 0 view .LVU247
 727 0000 10B5     		push	{r4, lr}
 728              	.LCFI16:
 729              		.cfi_def_cfa_offset 8
 730              		.cfi_offset 4, -8
 731              		.cfi_offset 14, -4
 732 0002 86B0     		sub	sp, sp, #24
ARM GAS  C:\Users\Lenovo\AppData\Local\Temp\ccSAMYhL.s 			page 21


 733              	.LCFI17:
 734              		.cfi_def_cfa_offset 32
 735 0004 0446     		mov	r4, r0
 736 0006 0846     		mov	r0, r1
 737              	.LVL54:
 370:Core/Src/vl53l1_register_funcs.c **** 	/**
 371:Core/Src/vl53l1_register_funcs.c **** 	 * Serialises and sends the contents of VL53L1_customer_nvm_managed_t
 372:Core/Src/vl53l1_register_funcs.c **** 	 * data structure to the device
 373:Core/Src/vl53l1_register_funcs.c **** 	 */
 374:Core/Src/vl53l1_register_funcs.c **** 
 375:Core/Src/vl53l1_register_funcs.c **** 	VL53L1_Error status = VL53L1_ERROR_NONE;
 738              		.loc 1 375 2 is_stmt 1 view .LVU248
 376:Core/Src/vl53l1_register_funcs.c **** 	uint8_t comms_buffer[VL53L1_CUSTOMER_NVM_MANAGED_I2C_SIZE_BYTES];
 739              		.loc 1 376 2 view .LVU249
 377:Core/Src/vl53l1_register_funcs.c **** 
 378:Core/Src/vl53l1_register_funcs.c **** 	LOG_FUNCTION_START("");
 740              		.loc 1 378 24 view .LVU250
 379:Core/Src/vl53l1_register_funcs.c **** 
 380:Core/Src/vl53l1_register_funcs.c **** 	if (status == VL53L1_ERROR_NONE) /*lint !e774 always true*/
 741              		.loc 1 380 2 view .LVU251
 381:Core/Src/vl53l1_register_funcs.c **** 		status = VL53L1_i2c_encode_customer_nvm_managed(
 742              		.loc 1 381 3 view .LVU252
 743              		.loc 1 381 12 is_stmt 0 view .LVU253
 744 0008 6A46     		mov	r2, sp
 745 000a 1721     		movs	r1, #23
 746              	.LVL55:
 747              		.loc 1 381 12 view .LVU254
 748 000c FFF7FEFF 		bl	VL53L1_i2c_encode_customer_nvm_managed
 749              	.LVL56:
 382:Core/Src/vl53l1_register_funcs.c **** 			pdata,
 383:Core/Src/vl53l1_register_funcs.c **** 			VL53L1_CUSTOMER_NVM_MANAGED_I2C_SIZE_BYTES,
 384:Core/Src/vl53l1_register_funcs.c **** 			comms_buffer);
 385:Core/Src/vl53l1_register_funcs.c **** 
 386:Core/Src/vl53l1_register_funcs.c **** 	if (status == VL53L1_ERROR_NONE)
 750              		.loc 1 386 2 is_stmt 1 view .LVU255
 751              		.loc 1 386 5 is_stmt 0 view .LVU256
 752 0010 08B1     		cbz	r0, .L40
 753              	.L38:
 754              	.LVL57:
 387:Core/Src/vl53l1_register_funcs.c **** 		status = VL53L1_WriteMulti(
 388:Core/Src/vl53l1_register_funcs.c **** 			Dev,
 389:Core/Src/vl53l1_register_funcs.c **** 			VL53L1_GLOBAL_CONFIG__SPAD_ENABLES_REF_0,
 390:Core/Src/vl53l1_register_funcs.c **** 			comms_buffer,
 391:Core/Src/vl53l1_register_funcs.c **** 			VL53L1_CUSTOMER_NVM_MANAGED_I2C_SIZE_BYTES);
 392:Core/Src/vl53l1_register_funcs.c **** 
 393:Core/Src/vl53l1_register_funcs.c **** 	LOG_FUNCTION_END(status);
 755              		.loc 1 393 26 is_stmt 1 view .LVU257
 394:Core/Src/vl53l1_register_funcs.c **** 
 395:Core/Src/vl53l1_register_funcs.c **** 	return status;
 756              		.loc 1 395 2 view .LVU258
 396:Core/Src/vl53l1_register_funcs.c **** }
 757              		.loc 1 396 1 is_stmt 0 view .LVU259
 758 0012 06B0     		add	sp, sp, #24
 759              	.LCFI18:
 760              		.cfi_remember_state
 761              		.cfi_def_cfa_offset 8
 762              		@ sp needed
ARM GAS  C:\Users\Lenovo\AppData\Local\Temp\ccSAMYhL.s 			page 22


 763 0014 10BD     		pop	{r4, pc}
 764              	.LVL58:
 765              	.L40:
 766              	.LCFI19:
 767              		.cfi_restore_state
 387:Core/Src/vl53l1_register_funcs.c **** 		status = VL53L1_WriteMulti(
 768              		.loc 1 387 3 is_stmt 1 view .LVU260
 387:Core/Src/vl53l1_register_funcs.c **** 		status = VL53L1_WriteMulti(
 769              		.loc 1 387 12 is_stmt 0 view .LVU261
 770 0016 1723     		movs	r3, #23
 771 0018 6A46     		mov	r2, sp
 772 001a 0D21     		movs	r1, #13
 773 001c 2046     		mov	r0, r4
 774 001e FFF7FEFF 		bl	VL53L1_WriteMulti
 775              	.LVL59:
 387:Core/Src/vl53l1_register_funcs.c **** 		status = VL53L1_WriteMulti(
 776              		.loc 1 387 12 view .LVU262
 777 0022 F6E7     		b	.L38
 778              		.cfi_endproc
 779              	.LFE9:
 781              		.section	.text.VL53L1_get_customer_nvm_managed,"ax",%progbits
 782              		.align	1
 783              		.global	VL53L1_get_customer_nvm_managed
 784              		.syntax unified
 785              		.thumb
 786              		.thumb_func
 788              	VL53L1_get_customer_nvm_managed:
 789              	.LVL60:
 790              	.LFB10:
 397:Core/Src/vl53l1_register_funcs.c **** 
 398:Core/Src/vl53l1_register_funcs.c **** 
 399:Core/Src/vl53l1_register_funcs.c **** VL53L1_Error VL53L1_get_customer_nvm_managed(
 400:Core/Src/vl53l1_register_funcs.c **** 	VL53L1_DEV                 Dev,
 401:Core/Src/vl53l1_register_funcs.c **** 	VL53L1_customer_nvm_managed_t  *pdata)
 402:Core/Src/vl53l1_register_funcs.c **** {
 791              		.loc 1 402 1 is_stmt 1 view -0
 792              		.cfi_startproc
 793              		@ args = 0, pretend = 0, frame = 24
 794              		@ frame_needed = 0, uses_anonymous_args = 0
 795              		.loc 1 402 1 is_stmt 0 view .LVU264
 796 0000 10B5     		push	{r4, lr}
 797              	.LCFI20:
 798              		.cfi_def_cfa_offset 8
 799              		.cfi_offset 4, -8
 800              		.cfi_offset 14, -4
 801 0002 86B0     		sub	sp, sp, #24
 802              	.LCFI21:
 803              		.cfi_def_cfa_offset 32
 804 0004 0C46     		mov	r4, r1
 403:Core/Src/vl53l1_register_funcs.c **** 	/**
 404:Core/Src/vl53l1_register_funcs.c **** 	 * Reads and de-serialises the contents of VL53L1_customer_nvm_managed_t
 405:Core/Src/vl53l1_register_funcs.c **** 	 * data structure from the device
 406:Core/Src/vl53l1_register_funcs.c **** 	 */
 407:Core/Src/vl53l1_register_funcs.c **** 
 408:Core/Src/vl53l1_register_funcs.c **** 	VL53L1_Error status = VL53L1_ERROR_NONE;
 805              		.loc 1 408 2 is_stmt 1 view .LVU265
 806              	.LVL61:
ARM GAS  C:\Users\Lenovo\AppData\Local\Temp\ccSAMYhL.s 			page 23


 409:Core/Src/vl53l1_register_funcs.c **** 	uint8_t comms_buffer[VL53L1_CUSTOMER_NVM_MANAGED_I2C_SIZE_BYTES];
 807              		.loc 1 409 2 view .LVU266
 410:Core/Src/vl53l1_register_funcs.c **** 
 411:Core/Src/vl53l1_register_funcs.c **** 	LOG_FUNCTION_START("");
 808              		.loc 1 411 24 view .LVU267
 412:Core/Src/vl53l1_register_funcs.c **** 
 413:Core/Src/vl53l1_register_funcs.c **** 	if (status == VL53L1_ERROR_NONE) /*lint !e774 always true*/
 809              		.loc 1 413 2 view .LVU268
 414:Core/Src/vl53l1_register_funcs.c **** 		status = VL53L1_ReadMulti(
 810              		.loc 1 414 3 view .LVU269
 811              		.loc 1 414 12 is_stmt 0 view .LVU270
 812 0006 1723     		movs	r3, #23
 813 0008 6A46     		mov	r2, sp
 814 000a 0D21     		movs	r1, #13
 815              	.LVL62:
 816              		.loc 1 414 12 view .LVU271
 817 000c FFF7FEFF 		bl	VL53L1_ReadMulti
 818              	.LVL63:
 415:Core/Src/vl53l1_register_funcs.c **** 			Dev,
 416:Core/Src/vl53l1_register_funcs.c **** 			VL53L1_GLOBAL_CONFIG__SPAD_ENABLES_REF_0,
 417:Core/Src/vl53l1_register_funcs.c **** 			comms_buffer,
 418:Core/Src/vl53l1_register_funcs.c **** 			VL53L1_CUSTOMER_NVM_MANAGED_I2C_SIZE_BYTES);
 419:Core/Src/vl53l1_register_funcs.c **** 
 420:Core/Src/vl53l1_register_funcs.c **** 	if (status == VL53L1_ERROR_NONE)
 819              		.loc 1 420 2 is_stmt 1 view .LVU272
 820              		.loc 1 420 5 is_stmt 0 view .LVU273
 821 0010 08B1     		cbz	r0, .L44
 822              	.LVL64:
 823              	.L42:
 421:Core/Src/vl53l1_register_funcs.c **** 		status = VL53L1_i2c_decode_customer_nvm_managed(
 422:Core/Src/vl53l1_register_funcs.c **** 			VL53L1_CUSTOMER_NVM_MANAGED_I2C_SIZE_BYTES,
 423:Core/Src/vl53l1_register_funcs.c **** 			comms_buffer,
 424:Core/Src/vl53l1_register_funcs.c **** 			pdata);
 425:Core/Src/vl53l1_register_funcs.c **** 
 426:Core/Src/vl53l1_register_funcs.c **** 	LOG_FUNCTION_END(status);
 824              		.loc 1 426 26 is_stmt 1 view .LVU274
 427:Core/Src/vl53l1_register_funcs.c **** 
 428:Core/Src/vl53l1_register_funcs.c **** 	return status;
 825              		.loc 1 428 2 view .LVU275
 429:Core/Src/vl53l1_register_funcs.c **** }
 826              		.loc 1 429 1 is_stmt 0 view .LVU276
 827 0012 06B0     		add	sp, sp, #24
 828              	.LCFI22:
 829              		.cfi_remember_state
 830              		.cfi_def_cfa_offset 8
 831              		@ sp needed
 832 0014 10BD     		pop	{r4, pc}
 833              	.LVL65:
 834              	.L44:
 835              	.LCFI23:
 836              		.cfi_restore_state
 421:Core/Src/vl53l1_register_funcs.c **** 		status = VL53L1_i2c_decode_customer_nvm_managed(
 837              		.loc 1 421 3 is_stmt 1 view .LVU277
 421:Core/Src/vl53l1_register_funcs.c **** 		status = VL53L1_i2c_decode_customer_nvm_managed(
 838              		.loc 1 421 12 is_stmt 0 view .LVU278
 839 0016 2246     		mov	r2, r4
 840 0018 6946     		mov	r1, sp
ARM GAS  C:\Users\Lenovo\AppData\Local\Temp\ccSAMYhL.s 			page 24


 841 001a 1720     		movs	r0, #23
 842              	.LVL66:
 421:Core/Src/vl53l1_register_funcs.c **** 		status = VL53L1_i2c_decode_customer_nvm_managed(
 843              		.loc 1 421 12 view .LVU279
 844 001c FFF7FEFF 		bl	VL53L1_i2c_decode_customer_nvm_managed
 845              	.LVL67:
 421:Core/Src/vl53l1_register_funcs.c **** 		status = VL53L1_i2c_decode_customer_nvm_managed(
 846              		.loc 1 421 12 view .LVU280
 847 0020 F7E7     		b	.L42
 848              		.cfi_endproc
 849              	.LFE10:
 851              		.section	.text.VL53L1_i2c_encode_static_config,"ax",%progbits
 852              		.align	1
 853              		.global	VL53L1_i2c_encode_static_config
 854              		.syntax unified
 855              		.thumb
 856              		.thumb_func
 858              	VL53L1_i2c_encode_static_config:
 859              	.LVL68:
 860              	.LFB11:
 430:Core/Src/vl53l1_register_funcs.c **** 
 431:Core/Src/vl53l1_register_funcs.c **** 
 432:Core/Src/vl53l1_register_funcs.c **** VL53L1_Error VL53L1_i2c_encode_static_config(
 433:Core/Src/vl53l1_register_funcs.c **** 	VL53L1_static_config_t   *pdata,
 434:Core/Src/vl53l1_register_funcs.c **** 	uint16_t                  buf_size,
 435:Core/Src/vl53l1_register_funcs.c **** 	uint8_t                  *pbuffer)
 436:Core/Src/vl53l1_register_funcs.c **** {
 861              		.loc 1 436 1 is_stmt 1 view -0
 862              		.cfi_startproc
 863              		@ args = 0, pretend = 0, frame = 0
 864              		@ frame_needed = 0, uses_anonymous_args = 0
 437:Core/Src/vl53l1_register_funcs.c **** 	/**
 438:Core/Src/vl53l1_register_funcs.c **** 	 * Encodes data structure VL53L1_static_config_t into a I2C write buffer
 439:Core/Src/vl53l1_register_funcs.c **** 	 * Buffer must be at least 32 bytes
 440:Core/Src/vl53l1_register_funcs.c **** 	*/
 441:Core/Src/vl53l1_register_funcs.c **** 
 442:Core/Src/vl53l1_register_funcs.c **** 	VL53L1_Error status = VL53L1_ERROR_NONE;
 865              		.loc 1 442 2 view .LVU282
 443:Core/Src/vl53l1_register_funcs.c **** 
 444:Core/Src/vl53l1_register_funcs.c **** 	LOG_FUNCTION_START("");
 866              		.loc 1 444 24 view .LVU283
 445:Core/Src/vl53l1_register_funcs.c **** 
 446:Core/Src/vl53l1_register_funcs.c **** 	if (VL53L1_STATIC_CONFIG_I2C_SIZE_BYTES > buf_size)
 867              		.loc 1 446 2 view .LVU284
 868              		.loc 1 446 5 is_stmt 0 view .LVU285
 869 0000 1F29     		cmp	r1, #31
 870 0002 68D9     		bls	.L47
 436:Core/Src/vl53l1_register_funcs.c **** 	/**
 871              		.loc 1 436 1 view .LVU286
 872 0004 38B5     		push	{r3, r4, r5, lr}
 873              	.LCFI24:
 874              		.cfi_def_cfa_offset 16
 875              		.cfi_offset 3, -16
 876              		.cfi_offset 4, -12
 877              		.cfi_offset 5, -8
 878              		.cfi_offset 14, -4
 879 0006 0546     		mov	r5, r0
ARM GAS  C:\Users\Lenovo\AppData\Local\Temp\ccSAMYhL.s 			page 25


 880 0008 1446     		mov	r4, r2
 447:Core/Src/vl53l1_register_funcs.c **** 		return VL53L1_ERROR_COMMS_BUFFER_TOO_SMALL;
 448:Core/Src/vl53l1_register_funcs.c **** 
 449:Core/Src/vl53l1_register_funcs.c **** 	VL53L1_i2c_encode_uint16_t(
 881              		.loc 1 449 2 is_stmt 1 view .LVU287
 882 000a 0221     		movs	r1, #2
 883              	.LVL69:
 884              		.loc 1 449 2 is_stmt 0 view .LVU288
 885 000c 0088     		ldrh	r0, [r0]
 886              	.LVL70:
 887              		.loc 1 449 2 view .LVU289
 888 000e FFF7FEFF 		bl	VL53L1_i2c_encode_uint16_t
 889              	.LVL71:
 450:Core/Src/vl53l1_register_funcs.c **** 		pdata->dss_config__target_total_rate_mcps,
 451:Core/Src/vl53l1_register_funcs.c **** 		2,
 452:Core/Src/vl53l1_register_funcs.c **** 		pbuffer +   0);
 453:Core/Src/vl53l1_register_funcs.c **** 	*(pbuffer +   2) =
 890              		.loc 1 453 2 is_stmt 1 view .LVU290
 454:Core/Src/vl53l1_register_funcs.c **** 		pdata->debug__ctrl & 0x1;
 891              		.loc 1 454 8 is_stmt 0 view .LVU291
 892 0012 AB78     		ldrb	r3, [r5, #2]	@ zero_extendqisi2
 893              		.loc 1 454 22 view .LVU292
 894 0014 03F00103 		and	r3, r3, #1
 453:Core/Src/vl53l1_register_funcs.c **** 		pdata->debug__ctrl & 0x1;
 895              		.loc 1 453 19 view .LVU293
 896 0018 A370     		strb	r3, [r4, #2]
 455:Core/Src/vl53l1_register_funcs.c **** 	*(pbuffer +   3) =
 897              		.loc 1 455 2 is_stmt 1 view .LVU294
 456:Core/Src/vl53l1_register_funcs.c **** 		pdata->test_mode__ctrl & 0xF;
 898              		.loc 1 456 8 is_stmt 0 view .LVU295
 899 001a EB78     		ldrb	r3, [r5, #3]	@ zero_extendqisi2
 900              		.loc 1 456 26 view .LVU296
 901 001c 03F00F03 		and	r3, r3, #15
 455:Core/Src/vl53l1_register_funcs.c **** 	*(pbuffer +   3) =
 902              		.loc 1 455 19 view .LVU297
 903 0020 E370     		strb	r3, [r4, #3]
 457:Core/Src/vl53l1_register_funcs.c **** 	*(pbuffer +   4) =
 904              		.loc 1 457 2 is_stmt 1 view .LVU298
 458:Core/Src/vl53l1_register_funcs.c **** 		pdata->clk_gating__ctrl & 0xF;
 905              		.loc 1 458 8 is_stmt 0 view .LVU299
 906 0022 2B79     		ldrb	r3, [r5, #4]	@ zero_extendqisi2
 907              		.loc 1 458 27 view .LVU300
 908 0024 03F00F03 		and	r3, r3, #15
 457:Core/Src/vl53l1_register_funcs.c **** 	*(pbuffer +   4) =
 909              		.loc 1 457 19 view .LVU301
 910 0028 2371     		strb	r3, [r4, #4]
 459:Core/Src/vl53l1_register_funcs.c **** 	*(pbuffer +   5) =
 911              		.loc 1 459 2 is_stmt 1 view .LVU302
 460:Core/Src/vl53l1_register_funcs.c **** 		pdata->nvm_bist__ctrl & 0x1F;
 912              		.loc 1 460 8 is_stmt 0 view .LVU303
 913 002a 6B79     		ldrb	r3, [r5, #5]	@ zero_extendqisi2
 914              		.loc 1 460 25 view .LVU304
 915 002c 03F01F03 		and	r3, r3, #31
 459:Core/Src/vl53l1_register_funcs.c **** 	*(pbuffer +   5) =
 916              		.loc 1 459 19 view .LVU305
 917 0030 6371     		strb	r3, [r4, #5]
 461:Core/Src/vl53l1_register_funcs.c **** 	*(pbuffer +   6) =
ARM GAS  C:\Users\Lenovo\AppData\Local\Temp\ccSAMYhL.s 			page 26


 918              		.loc 1 461 2 is_stmt 1 view .LVU306
 462:Core/Src/vl53l1_register_funcs.c **** 		pdata->nvm_bist__num_nvm_words & 0x7F;
 919              		.loc 1 462 8 is_stmt 0 view .LVU307
 920 0032 AB79     		ldrb	r3, [r5, #6]	@ zero_extendqisi2
 921              		.loc 1 462 34 view .LVU308
 922 0034 03F07F03 		and	r3, r3, #127
 461:Core/Src/vl53l1_register_funcs.c **** 	*(pbuffer +   6) =
 923              		.loc 1 461 19 view .LVU309
 924 0038 A371     		strb	r3, [r4, #6]
 463:Core/Src/vl53l1_register_funcs.c **** 	*(pbuffer +   7) =
 925              		.loc 1 463 2 is_stmt 1 view .LVU310
 464:Core/Src/vl53l1_register_funcs.c **** 		pdata->nvm_bist__start_address & 0x7F;
 926              		.loc 1 464 8 is_stmt 0 view .LVU311
 927 003a EB79     		ldrb	r3, [r5, #7]	@ zero_extendqisi2
 928              		.loc 1 464 34 view .LVU312
 929 003c 03F07F03 		and	r3, r3, #127
 463:Core/Src/vl53l1_register_funcs.c **** 	*(pbuffer +   7) =
 930              		.loc 1 463 19 view .LVU313
 931 0040 E371     		strb	r3, [r4, #7]
 465:Core/Src/vl53l1_register_funcs.c **** 	*(pbuffer +   8) =
 932              		.loc 1 465 2 is_stmt 1 view .LVU314
 466:Core/Src/vl53l1_register_funcs.c **** 		pdata->host_if__status & 0x1;
 933              		.loc 1 466 8 is_stmt 0 view .LVU315
 934 0042 2B7A     		ldrb	r3, [r5, #8]	@ zero_extendqisi2
 935              		.loc 1 466 26 view .LVU316
 936 0044 03F00103 		and	r3, r3, #1
 465:Core/Src/vl53l1_register_funcs.c **** 	*(pbuffer +   8) =
 937              		.loc 1 465 19 view .LVU317
 938 0048 2372     		strb	r3, [r4, #8]
 467:Core/Src/vl53l1_register_funcs.c **** 	*(pbuffer +   9) =
 939              		.loc 1 467 2 is_stmt 1 view .LVU318
 468:Core/Src/vl53l1_register_funcs.c **** 		pdata->pad_i2c_hv__config;
 940              		.loc 1 468 8 is_stmt 0 view .LVU319
 941 004a 6B7A     		ldrb	r3, [r5, #9]	@ zero_extendqisi2
 467:Core/Src/vl53l1_register_funcs.c **** 	*(pbuffer +   9) =
 942              		.loc 1 467 19 view .LVU320
 943 004c 6372     		strb	r3, [r4, #9]
 469:Core/Src/vl53l1_register_funcs.c **** 	*(pbuffer +  10) =
 944              		.loc 1 469 2 is_stmt 1 view .LVU321
 470:Core/Src/vl53l1_register_funcs.c **** 		pdata->pad_i2c_hv__extsup_config & 0x1;
 945              		.loc 1 470 8 is_stmt 0 view .LVU322
 946 004e AB7A     		ldrb	r3, [r5, #10]	@ zero_extendqisi2
 947              		.loc 1 470 36 view .LVU323
 948 0050 03F00103 		and	r3, r3, #1
 469:Core/Src/vl53l1_register_funcs.c **** 	*(pbuffer +  10) =
 949              		.loc 1 469 19 view .LVU324
 950 0054 A372     		strb	r3, [r4, #10]
 471:Core/Src/vl53l1_register_funcs.c **** 	*(pbuffer +  11) =
 951              		.loc 1 471 2 is_stmt 1 view .LVU325
 472:Core/Src/vl53l1_register_funcs.c **** 		pdata->gpio_hv_pad__ctrl & 0x3;
 952              		.loc 1 472 8 is_stmt 0 view .LVU326
 953 0056 EB7A     		ldrb	r3, [r5, #11]	@ zero_extendqisi2
 954              		.loc 1 472 28 view .LVU327
 955 0058 03F00303 		and	r3, r3, #3
 471:Core/Src/vl53l1_register_funcs.c **** 	*(pbuffer +  11) =
 956              		.loc 1 471 19 view .LVU328
 957 005c E372     		strb	r3, [r4, #11]
ARM GAS  C:\Users\Lenovo\AppData\Local\Temp\ccSAMYhL.s 			page 27


 473:Core/Src/vl53l1_register_funcs.c **** 	*(pbuffer +  12) =
 958              		.loc 1 473 2 is_stmt 1 view .LVU329
 474:Core/Src/vl53l1_register_funcs.c **** 		pdata->gpio_hv_mux__ctrl & 0x1F;
 959              		.loc 1 474 8 is_stmt 0 view .LVU330
 960 005e 2B7B     		ldrb	r3, [r5, #12]	@ zero_extendqisi2
 961              		.loc 1 474 28 view .LVU331
 962 0060 03F01F03 		and	r3, r3, #31
 473:Core/Src/vl53l1_register_funcs.c **** 	*(pbuffer +  12) =
 963              		.loc 1 473 19 view .LVU332
 964 0064 2373     		strb	r3, [r4, #12]
 475:Core/Src/vl53l1_register_funcs.c **** 	*(pbuffer +  13) =
 965              		.loc 1 475 2 is_stmt 1 view .LVU333
 476:Core/Src/vl53l1_register_funcs.c **** 		pdata->gpio__tio_hv_status & 0x3;
 966              		.loc 1 476 8 is_stmt 0 view .LVU334
 967 0066 6B7B     		ldrb	r3, [r5, #13]	@ zero_extendqisi2
 968              		.loc 1 476 30 view .LVU335
 969 0068 03F00303 		and	r3, r3, #3
 475:Core/Src/vl53l1_register_funcs.c **** 	*(pbuffer +  13) =
 970              		.loc 1 475 19 view .LVU336
 971 006c 6373     		strb	r3, [r4, #13]
 477:Core/Src/vl53l1_register_funcs.c **** 	*(pbuffer +  14) =
 972              		.loc 1 477 2 is_stmt 1 view .LVU337
 478:Core/Src/vl53l1_register_funcs.c **** 		pdata->gpio__fio_hv_status & 0x3;
 973              		.loc 1 478 8 is_stmt 0 view .LVU338
 974 006e AB7B     		ldrb	r3, [r5, #14]	@ zero_extendqisi2
 975              		.loc 1 478 30 view .LVU339
 976 0070 03F00303 		and	r3, r3, #3
 477:Core/Src/vl53l1_register_funcs.c **** 	*(pbuffer +  14) =
 977              		.loc 1 477 19 view .LVU340
 978 0074 A373     		strb	r3, [r4, #14]
 479:Core/Src/vl53l1_register_funcs.c **** 	*(pbuffer +  15) =
 979              		.loc 1 479 2 is_stmt 1 view .LVU341
 480:Core/Src/vl53l1_register_funcs.c **** 		pdata->ana_config__spad_sel_pswidth & 0x7;
 980              		.loc 1 480 8 is_stmt 0 view .LVU342
 981 0076 EB7B     		ldrb	r3, [r5, #15]	@ zero_extendqisi2
 982              		.loc 1 480 39 view .LVU343
 983 0078 03F00703 		and	r3, r3, #7
 479:Core/Src/vl53l1_register_funcs.c **** 	*(pbuffer +  15) =
 984              		.loc 1 479 19 view .LVU344
 985 007c E373     		strb	r3, [r4, #15]
 481:Core/Src/vl53l1_register_funcs.c **** 	*(pbuffer +  16) =
 986              		.loc 1 481 2 is_stmt 1 view .LVU345
 482:Core/Src/vl53l1_register_funcs.c **** 		pdata->ana_config__vcsel_pulse_width_offset & 0x1F;
 987              		.loc 1 482 8 is_stmt 0 view .LVU346
 988 007e 2B7C     		ldrb	r3, [r5, #16]	@ zero_extendqisi2
 989              		.loc 1 482 47 view .LVU347
 990 0080 03F01F03 		and	r3, r3, #31
 481:Core/Src/vl53l1_register_funcs.c **** 	*(pbuffer +  16) =
 991              		.loc 1 481 19 view .LVU348
 992 0084 2374     		strb	r3, [r4, #16]
 483:Core/Src/vl53l1_register_funcs.c **** 	*(pbuffer +  17) =
 993              		.loc 1 483 2 is_stmt 1 view .LVU349
 484:Core/Src/vl53l1_register_funcs.c **** 		pdata->ana_config__fast_osc__config_ctrl & 0x1;
 994              		.loc 1 484 8 is_stmt 0 view .LVU350
 995 0086 6B7C     		ldrb	r3, [r5, #17]	@ zero_extendqisi2
 996              		.loc 1 484 44 view .LVU351
 997 0088 03F00103 		and	r3, r3, #1
ARM GAS  C:\Users\Lenovo\AppData\Local\Temp\ccSAMYhL.s 			page 28


 483:Core/Src/vl53l1_register_funcs.c **** 	*(pbuffer +  17) =
 998              		.loc 1 483 19 view .LVU352
 999 008c 6374     		strb	r3, [r4, #17]
 485:Core/Src/vl53l1_register_funcs.c **** 	*(pbuffer +  18) =
 1000              		.loc 1 485 2 is_stmt 1 view .LVU353
 486:Core/Src/vl53l1_register_funcs.c **** 		pdata->sigma_estimator__effective_pulse_width_ns;
 1001              		.loc 1 486 8 is_stmt 0 view .LVU354
 1002 008e AB7C     		ldrb	r3, [r5, #18]	@ zero_extendqisi2
 485:Core/Src/vl53l1_register_funcs.c **** 	*(pbuffer +  18) =
 1003              		.loc 1 485 19 view .LVU355
 1004 0090 A374     		strb	r3, [r4, #18]
 487:Core/Src/vl53l1_register_funcs.c **** 	*(pbuffer +  19) =
 1005              		.loc 1 487 2 is_stmt 1 view .LVU356
 488:Core/Src/vl53l1_register_funcs.c **** 		pdata->sigma_estimator__effective_ambient_width_ns;
 1006              		.loc 1 488 8 is_stmt 0 view .LVU357
 1007 0092 EB7C     		ldrb	r3, [r5, #19]	@ zero_extendqisi2
 487:Core/Src/vl53l1_register_funcs.c **** 	*(pbuffer +  19) =
 1008              		.loc 1 487 19 view .LVU358
 1009 0094 E374     		strb	r3, [r4, #19]
 489:Core/Src/vl53l1_register_funcs.c **** 	*(pbuffer +  20) =
 1010              		.loc 1 489 2 is_stmt 1 view .LVU359
 490:Core/Src/vl53l1_register_funcs.c **** 		pdata->sigma_estimator__sigma_ref_mm;
 1011              		.loc 1 490 8 is_stmt 0 view .LVU360
 1012 0096 2B7D     		ldrb	r3, [r5, #20]	@ zero_extendqisi2
 489:Core/Src/vl53l1_register_funcs.c **** 	*(pbuffer +  20) =
 1013              		.loc 1 489 19 view .LVU361
 1014 0098 2375     		strb	r3, [r4, #20]
 491:Core/Src/vl53l1_register_funcs.c **** 	*(pbuffer +  21) =
 1015              		.loc 1 491 2 is_stmt 1 view .LVU362
 492:Core/Src/vl53l1_register_funcs.c **** 		pdata->algo__crosstalk_compensation_valid_height_mm;
 1016              		.loc 1 492 8 is_stmt 0 view .LVU363
 1017 009a 6B7D     		ldrb	r3, [r5, #21]	@ zero_extendqisi2
 491:Core/Src/vl53l1_register_funcs.c **** 	*(pbuffer +  21) =
 1018              		.loc 1 491 19 view .LVU364
 1019 009c 6375     		strb	r3, [r4, #21]
 493:Core/Src/vl53l1_register_funcs.c **** 	*(pbuffer +  22) =
 1020              		.loc 1 493 2 is_stmt 1 view .LVU365
 494:Core/Src/vl53l1_register_funcs.c **** 		pdata->spare_host_config__static_config_spare_0;
 1021              		.loc 1 494 8 is_stmt 0 view .LVU366
 1022 009e AB7D     		ldrb	r3, [r5, #22]	@ zero_extendqisi2
 493:Core/Src/vl53l1_register_funcs.c **** 	*(pbuffer +  22) =
 1023              		.loc 1 493 19 view .LVU367
 1024 00a0 A375     		strb	r3, [r4, #22]
 495:Core/Src/vl53l1_register_funcs.c **** 	*(pbuffer +  23) =
 1025              		.loc 1 495 2 is_stmt 1 view .LVU368
 496:Core/Src/vl53l1_register_funcs.c **** 		pdata->spare_host_config__static_config_spare_1;
 1026              		.loc 1 496 8 is_stmt 0 view .LVU369
 1027 00a2 EB7D     		ldrb	r3, [r5, #23]	@ zero_extendqisi2
 495:Core/Src/vl53l1_register_funcs.c **** 	*(pbuffer +  23) =
 1028              		.loc 1 495 19 view .LVU370
 1029 00a4 E375     		strb	r3, [r4, #23]
 497:Core/Src/vl53l1_register_funcs.c **** 	VL53L1_i2c_encode_uint16_t(
 1030              		.loc 1 497 2 is_stmt 1 view .LVU371
 1031 00a6 04F11802 		add	r2, r4, #24
 1032 00aa 0221     		movs	r1, #2
 1033 00ac 288B     		ldrh	r0, [r5, #24]
 1034 00ae FFF7FEFF 		bl	VL53L1_i2c_encode_uint16_t
ARM GAS  C:\Users\Lenovo\AppData\Local\Temp\ccSAMYhL.s 			page 29


 1035              	.LVL72:
 498:Core/Src/vl53l1_register_funcs.c **** 		pdata->algo__range_ignore_threshold_mcps,
 499:Core/Src/vl53l1_register_funcs.c **** 		2,
 500:Core/Src/vl53l1_register_funcs.c **** 		pbuffer +  24);
 501:Core/Src/vl53l1_register_funcs.c **** 	*(pbuffer +  26) =
 1036              		.loc 1 501 2 view .LVU372
 502:Core/Src/vl53l1_register_funcs.c **** 		pdata->algo__range_ignore_valid_height_mm;
 1037              		.loc 1 502 8 is_stmt 0 view .LVU373
 1038 00b2 AB7E     		ldrb	r3, [r5, #26]	@ zero_extendqisi2
 501:Core/Src/vl53l1_register_funcs.c **** 		pdata->algo__range_ignore_valid_height_mm;
 1039              		.loc 1 501 19 view .LVU374
 1040 00b4 A376     		strb	r3, [r4, #26]
 503:Core/Src/vl53l1_register_funcs.c **** 	*(pbuffer +  27) =
 1041              		.loc 1 503 2 is_stmt 1 view .LVU375
 504:Core/Src/vl53l1_register_funcs.c **** 		pdata->algo__range_min_clip;
 1042              		.loc 1 504 8 is_stmt 0 view .LVU376
 1043 00b6 EB7E     		ldrb	r3, [r5, #27]	@ zero_extendqisi2
 503:Core/Src/vl53l1_register_funcs.c **** 	*(pbuffer +  27) =
 1044              		.loc 1 503 19 view .LVU377
 1045 00b8 E376     		strb	r3, [r4, #27]
 505:Core/Src/vl53l1_register_funcs.c **** 	*(pbuffer +  28) =
 1046              		.loc 1 505 2 is_stmt 1 view .LVU378
 506:Core/Src/vl53l1_register_funcs.c **** 		pdata->algo__consistency_check__tolerance & 0xF;
 1047              		.loc 1 506 8 is_stmt 0 view .LVU379
 1048 00ba 2B7F     		ldrb	r3, [r5, #28]	@ zero_extendqisi2
 1049              		.loc 1 506 45 view .LVU380
 1050 00bc 03F00F03 		and	r3, r3, #15
 505:Core/Src/vl53l1_register_funcs.c **** 	*(pbuffer +  28) =
 1051              		.loc 1 505 19 view .LVU381
 1052 00c0 2377     		strb	r3, [r4, #28]
 507:Core/Src/vl53l1_register_funcs.c **** 	*(pbuffer +  29) =
 1053              		.loc 1 507 2 is_stmt 1 view .LVU382
 508:Core/Src/vl53l1_register_funcs.c **** 		pdata->spare_host_config__static_config_spare_2;
 1054              		.loc 1 508 8 is_stmt 0 view .LVU383
 1055 00c2 6B7F     		ldrb	r3, [r5, #29]	@ zero_extendqisi2
 507:Core/Src/vl53l1_register_funcs.c **** 	*(pbuffer +  29) =
 1056              		.loc 1 507 19 view .LVU384
 1057 00c4 6377     		strb	r3, [r4, #29]
 509:Core/Src/vl53l1_register_funcs.c **** 	*(pbuffer +  30) =
 1058              		.loc 1 509 2 is_stmt 1 view .LVU385
 510:Core/Src/vl53l1_register_funcs.c **** 		pdata->sd_config__reset_stages_msb & 0xF;
 1059              		.loc 1 510 8 is_stmt 0 view .LVU386
 1060 00c6 AB7F     		ldrb	r3, [r5, #30]	@ zero_extendqisi2
 1061              		.loc 1 510 38 view .LVU387
 1062 00c8 03F00F03 		and	r3, r3, #15
 509:Core/Src/vl53l1_register_funcs.c **** 	*(pbuffer +  30) =
 1063              		.loc 1 509 19 view .LVU388
 1064 00cc A377     		strb	r3, [r4, #30]
 511:Core/Src/vl53l1_register_funcs.c **** 	*(pbuffer +  31) =
 1065              		.loc 1 511 2 is_stmt 1 view .LVU389
 512:Core/Src/vl53l1_register_funcs.c **** 		pdata->sd_config__reset_stages_lsb;
 1066              		.loc 1 512 8 is_stmt 0 view .LVU390
 1067 00ce EB7F     		ldrb	r3, [r5, #31]	@ zero_extendqisi2
 511:Core/Src/vl53l1_register_funcs.c **** 	*(pbuffer +  31) =
 1068              		.loc 1 511 19 view .LVU391
 1069 00d0 E377     		strb	r3, [r4, #31]
 513:Core/Src/vl53l1_register_funcs.c **** 	LOG_FUNCTION_END(status);
ARM GAS  C:\Users\Lenovo\AppData\Local\Temp\ccSAMYhL.s 			page 30


 1070              		.loc 1 513 26 is_stmt 1 view .LVU392
 514:Core/Src/vl53l1_register_funcs.c **** 
 515:Core/Src/vl53l1_register_funcs.c **** 
 516:Core/Src/vl53l1_register_funcs.c **** 	return status;
 1071              		.loc 1 516 2 view .LVU393
 1072              		.loc 1 516 9 is_stmt 0 view .LVU394
 1073 00d2 0020     		movs	r0, #0
 517:Core/Src/vl53l1_register_funcs.c **** }
 1074              		.loc 1 517 1 view .LVU395
 1075 00d4 38BD     		pop	{r3, r4, r5, pc}
 1076              	.LVL73:
 1077              	.L47:
 1078              	.LCFI25:
 1079              		.cfi_def_cfa_offset 0
 1080              		.cfi_restore 3
 1081              		.cfi_restore 4
 1082              		.cfi_restore 5
 1083              		.cfi_restore 14
 447:Core/Src/vl53l1_register_funcs.c **** 
 1084              		.loc 1 447 10 view .LVU396
 1085 00d6 6FF00900 		mvn	r0, #9
 1086              	.LVL74:
 1087              		.loc 1 517 1 view .LVU397
 1088 00da 7047     		bx	lr
 1089              		.cfi_endproc
 1090              	.LFE11:
 1092              		.section	.text.VL53L1_i2c_decode_static_config,"ax",%progbits
 1093              		.align	1
 1094              		.global	VL53L1_i2c_decode_static_config
 1095              		.syntax unified
 1096              		.thumb
 1097              		.thumb_func
 1099              	VL53L1_i2c_decode_static_config:
 1100              	.LVL75:
 1101              	.LFB12:
 518:Core/Src/vl53l1_register_funcs.c **** 
 519:Core/Src/vl53l1_register_funcs.c **** 
 520:Core/Src/vl53l1_register_funcs.c **** VL53L1_Error VL53L1_i2c_decode_static_config(
 521:Core/Src/vl53l1_register_funcs.c **** 	uint16_t                   buf_size,
 522:Core/Src/vl53l1_register_funcs.c **** 	uint8_t                   *pbuffer,
 523:Core/Src/vl53l1_register_funcs.c **** 	VL53L1_static_config_t    *pdata)
 524:Core/Src/vl53l1_register_funcs.c **** {
 1102              		.loc 1 524 1 is_stmt 1 view -0
 1103              		.cfi_startproc
 1104              		@ args = 0, pretend = 0, frame = 0
 1105              		@ frame_needed = 0, uses_anonymous_args = 0
 525:Core/Src/vl53l1_register_funcs.c **** 	/**
 526:Core/Src/vl53l1_register_funcs.c **** 	 * Decodes data structure VL53L1_static_config_t from the input I2C read buffer
 527:Core/Src/vl53l1_register_funcs.c **** 	 * Buffer must be at least 32 bytes
 528:Core/Src/vl53l1_register_funcs.c **** 	*/
 529:Core/Src/vl53l1_register_funcs.c **** 
 530:Core/Src/vl53l1_register_funcs.c **** 	VL53L1_Error status = VL53L1_ERROR_NONE;
 1106              		.loc 1 530 2 view .LVU399
 531:Core/Src/vl53l1_register_funcs.c **** 
 532:Core/Src/vl53l1_register_funcs.c **** 	LOG_FUNCTION_START("");
 1107              		.loc 1 532 24 view .LVU400
 533:Core/Src/vl53l1_register_funcs.c **** 
ARM GAS  C:\Users\Lenovo\AppData\Local\Temp\ccSAMYhL.s 			page 31


 534:Core/Src/vl53l1_register_funcs.c **** 	if (VL53L1_STATIC_CONFIG_I2C_SIZE_BYTES > buf_size)
 1108              		.loc 1 534 2 view .LVU401
 1109              		.loc 1 534 5 is_stmt 0 view .LVU402
 1110 0000 1F28     		cmp	r0, #31
 1111 0002 68D9     		bls	.L54
 524:Core/Src/vl53l1_register_funcs.c **** 	/**
 1112              		.loc 1 524 1 view .LVU403
 1113 0004 38B5     		push	{r3, r4, r5, lr}
 1114              	.LCFI26:
 1115              		.cfi_def_cfa_offset 16
 1116              		.cfi_offset 3, -16
 1117              		.cfi_offset 4, -12
 1118              		.cfi_offset 5, -8
 1119              		.cfi_offset 14, -4
 1120 0006 0D46     		mov	r5, r1
 1121 0008 1446     		mov	r4, r2
 535:Core/Src/vl53l1_register_funcs.c **** 		return VL53L1_ERROR_COMMS_BUFFER_TOO_SMALL;
 536:Core/Src/vl53l1_register_funcs.c **** 
 537:Core/Src/vl53l1_register_funcs.c **** 	pdata->dss_config__target_total_rate_mcps =
 1122              		.loc 1 537 2 is_stmt 1 view .LVU404
 538:Core/Src/vl53l1_register_funcs.c **** 		(VL53L1_i2c_decode_uint16_t(2, pbuffer +   0));
 1123              		.loc 1 538 4 is_stmt 0 view .LVU405
 1124 000a 0220     		movs	r0, #2
 1125              	.LVL76:
 1126              		.loc 1 538 4 view .LVU406
 1127 000c FFF7FEFF 		bl	VL53L1_i2c_decode_uint16_t
 1128              	.LVL77:
 537:Core/Src/vl53l1_register_funcs.c **** 		(VL53L1_i2c_decode_uint16_t(2, pbuffer +   0));
 1129              		.loc 1 537 44 view .LVU407
 1130 0010 2080     		strh	r0, [r4]	@ movhi
 539:Core/Src/vl53l1_register_funcs.c **** 	pdata->debug__ctrl =
 1131              		.loc 1 539 2 is_stmt 1 view .LVU408
 540:Core/Src/vl53l1_register_funcs.c **** 		(*(pbuffer +   2)) & 0x1;
 1132              		.loc 1 540 4 is_stmt 0 view .LVU409
 1133 0012 AB78     		ldrb	r3, [r5, #2]	@ zero_extendqisi2
 1134              		.loc 1 540 22 view .LVU410
 1135 0014 03F00103 		and	r3, r3, #1
 539:Core/Src/vl53l1_register_funcs.c **** 	pdata->debug__ctrl =
 1136              		.loc 1 539 21 view .LVU411
 1137 0018 A370     		strb	r3, [r4, #2]
 541:Core/Src/vl53l1_register_funcs.c **** 	pdata->test_mode__ctrl =
 1138              		.loc 1 541 2 is_stmt 1 view .LVU412
 542:Core/Src/vl53l1_register_funcs.c **** 		(*(pbuffer +   3)) & 0xF;
 1139              		.loc 1 542 4 is_stmt 0 view .LVU413
 1140 001a EB78     		ldrb	r3, [r5, #3]	@ zero_extendqisi2
 1141              		.loc 1 542 22 view .LVU414
 1142 001c 03F00F03 		and	r3, r3, #15
 541:Core/Src/vl53l1_register_funcs.c **** 	pdata->test_mode__ctrl =
 1143              		.loc 1 541 25 view .LVU415
 1144 0020 E370     		strb	r3, [r4, #3]
 543:Core/Src/vl53l1_register_funcs.c **** 	pdata->clk_gating__ctrl =
 1145              		.loc 1 543 2 is_stmt 1 view .LVU416
 544:Core/Src/vl53l1_register_funcs.c **** 		(*(pbuffer +   4)) & 0xF;
 1146              		.loc 1 544 4 is_stmt 0 view .LVU417
 1147 0022 2B79     		ldrb	r3, [r5, #4]	@ zero_extendqisi2
 1148              		.loc 1 544 22 view .LVU418
 1149 0024 03F00F03 		and	r3, r3, #15
ARM GAS  C:\Users\Lenovo\AppData\Local\Temp\ccSAMYhL.s 			page 32


 543:Core/Src/vl53l1_register_funcs.c **** 	pdata->clk_gating__ctrl =
 1150              		.loc 1 543 26 view .LVU419
 1151 0028 2371     		strb	r3, [r4, #4]
 545:Core/Src/vl53l1_register_funcs.c **** 	pdata->nvm_bist__ctrl =
 1152              		.loc 1 545 2 is_stmt 1 view .LVU420
 546:Core/Src/vl53l1_register_funcs.c **** 		(*(pbuffer +   5)) & 0x1F;
 1153              		.loc 1 546 4 is_stmt 0 view .LVU421
 1154 002a 6B79     		ldrb	r3, [r5, #5]	@ zero_extendqisi2
 1155              		.loc 1 546 22 view .LVU422
 1156 002c 03F01F03 		and	r3, r3, #31
 545:Core/Src/vl53l1_register_funcs.c **** 	pdata->nvm_bist__ctrl =
 1157              		.loc 1 545 24 view .LVU423
 1158 0030 6371     		strb	r3, [r4, #5]
 547:Core/Src/vl53l1_register_funcs.c **** 	pdata->nvm_bist__num_nvm_words =
 1159              		.loc 1 547 2 is_stmt 1 view .LVU424
 548:Core/Src/vl53l1_register_funcs.c **** 		(*(pbuffer +   6)) & 0x7F;
 1160              		.loc 1 548 4 is_stmt 0 view .LVU425
 1161 0032 AB79     		ldrb	r3, [r5, #6]	@ zero_extendqisi2
 1162              		.loc 1 548 22 view .LVU426
 1163 0034 03F07F03 		and	r3, r3, #127
 547:Core/Src/vl53l1_register_funcs.c **** 	pdata->nvm_bist__num_nvm_words =
 1164              		.loc 1 547 33 view .LVU427
 1165 0038 A371     		strb	r3, [r4, #6]
 549:Core/Src/vl53l1_register_funcs.c **** 	pdata->nvm_bist__start_address =
 1166              		.loc 1 549 2 is_stmt 1 view .LVU428
 550:Core/Src/vl53l1_register_funcs.c **** 		(*(pbuffer +   7)) & 0x7F;
 1167              		.loc 1 550 4 is_stmt 0 view .LVU429
 1168 003a EB79     		ldrb	r3, [r5, #7]	@ zero_extendqisi2
 1169              		.loc 1 550 22 view .LVU430
 1170 003c 03F07F03 		and	r3, r3, #127
 549:Core/Src/vl53l1_register_funcs.c **** 	pdata->nvm_bist__start_address =
 1171              		.loc 1 549 33 view .LVU431
 1172 0040 E371     		strb	r3, [r4, #7]
 551:Core/Src/vl53l1_register_funcs.c **** 	pdata->host_if__status =
 1173              		.loc 1 551 2 is_stmt 1 view .LVU432
 552:Core/Src/vl53l1_register_funcs.c **** 		(*(pbuffer +   8)) & 0x1;
 1174              		.loc 1 552 4 is_stmt 0 view .LVU433
 1175 0042 2B7A     		ldrb	r3, [r5, #8]	@ zero_extendqisi2
 1176              		.loc 1 552 22 view .LVU434
 1177 0044 03F00103 		and	r3, r3, #1
 551:Core/Src/vl53l1_register_funcs.c **** 	pdata->host_if__status =
 1178              		.loc 1 551 25 view .LVU435
 1179 0048 2372     		strb	r3, [r4, #8]
 553:Core/Src/vl53l1_register_funcs.c **** 	pdata->pad_i2c_hv__config =
 1180              		.loc 1 553 2 is_stmt 1 view .LVU436
 1181              		.loc 1 553 28 is_stmt 0 view .LVU437
 1182 004a 6B7A     		ldrb	r3, [r5, #9]	@ zero_extendqisi2
 1183 004c 6372     		strb	r3, [r4, #9]
 554:Core/Src/vl53l1_register_funcs.c **** 		(*(pbuffer +   9));
 555:Core/Src/vl53l1_register_funcs.c **** 	pdata->pad_i2c_hv__extsup_config =
 1184              		.loc 1 555 2 is_stmt 1 view .LVU438
 556:Core/Src/vl53l1_register_funcs.c **** 		(*(pbuffer +  10)) & 0x1;
 1185              		.loc 1 556 4 is_stmt 0 view .LVU439
 1186 004e AB7A     		ldrb	r3, [r5, #10]	@ zero_extendqisi2
 1187              		.loc 1 556 22 view .LVU440
 1188 0050 03F00103 		and	r3, r3, #1
 555:Core/Src/vl53l1_register_funcs.c **** 		(*(pbuffer +  10)) & 0x1;
ARM GAS  C:\Users\Lenovo\AppData\Local\Temp\ccSAMYhL.s 			page 33


 1189              		.loc 1 555 35 view .LVU441
 1190 0054 A372     		strb	r3, [r4, #10]
 557:Core/Src/vl53l1_register_funcs.c **** 	pdata->gpio_hv_pad__ctrl =
 1191              		.loc 1 557 2 is_stmt 1 view .LVU442
 558:Core/Src/vl53l1_register_funcs.c **** 		(*(pbuffer +  11)) & 0x3;
 1192              		.loc 1 558 4 is_stmt 0 view .LVU443
 1193 0056 EB7A     		ldrb	r3, [r5, #11]	@ zero_extendqisi2
 1194              		.loc 1 558 22 view .LVU444
 1195 0058 03F00303 		and	r3, r3, #3
 557:Core/Src/vl53l1_register_funcs.c **** 	pdata->gpio_hv_pad__ctrl =
 1196              		.loc 1 557 27 view .LVU445
 1197 005c E372     		strb	r3, [r4, #11]
 559:Core/Src/vl53l1_register_funcs.c **** 	pdata->gpio_hv_mux__ctrl =
 1198              		.loc 1 559 2 is_stmt 1 view .LVU446
 560:Core/Src/vl53l1_register_funcs.c **** 		(*(pbuffer +  12)) & 0x1F;
 1199              		.loc 1 560 4 is_stmt 0 view .LVU447
 1200 005e 2B7B     		ldrb	r3, [r5, #12]	@ zero_extendqisi2
 1201              		.loc 1 560 22 view .LVU448
 1202 0060 03F01F03 		and	r3, r3, #31
 559:Core/Src/vl53l1_register_funcs.c **** 	pdata->gpio_hv_mux__ctrl =
 1203              		.loc 1 559 27 view .LVU449
 1204 0064 2373     		strb	r3, [r4, #12]
 561:Core/Src/vl53l1_register_funcs.c **** 	pdata->gpio__tio_hv_status =
 1205              		.loc 1 561 2 is_stmt 1 view .LVU450
 562:Core/Src/vl53l1_register_funcs.c **** 		(*(pbuffer +  13)) & 0x3;
 1206              		.loc 1 562 4 is_stmt 0 view .LVU451
 1207 0066 6B7B     		ldrb	r3, [r5, #13]	@ zero_extendqisi2
 1208              		.loc 1 562 22 view .LVU452
 1209 0068 03F00303 		and	r3, r3, #3
 561:Core/Src/vl53l1_register_funcs.c **** 	pdata->gpio__tio_hv_status =
 1210              		.loc 1 561 29 view .LVU453
 1211 006c 6373     		strb	r3, [r4, #13]
 563:Core/Src/vl53l1_register_funcs.c **** 	pdata->gpio__fio_hv_status =
 1212              		.loc 1 563 2 is_stmt 1 view .LVU454
 564:Core/Src/vl53l1_register_funcs.c **** 		(*(pbuffer +  14)) & 0x3;
 1213              		.loc 1 564 4 is_stmt 0 view .LVU455
 1214 006e AB7B     		ldrb	r3, [r5, #14]	@ zero_extendqisi2
 1215              		.loc 1 564 22 view .LVU456
 1216 0070 03F00303 		and	r3, r3, #3
 563:Core/Src/vl53l1_register_funcs.c **** 	pdata->gpio__fio_hv_status =
 1217              		.loc 1 563 29 view .LVU457
 1218 0074 A373     		strb	r3, [r4, #14]
 565:Core/Src/vl53l1_register_funcs.c **** 	pdata->ana_config__spad_sel_pswidth =
 1219              		.loc 1 565 2 is_stmt 1 view .LVU458
 566:Core/Src/vl53l1_register_funcs.c **** 		(*(pbuffer +  15)) & 0x7;
 1220              		.loc 1 566 4 is_stmt 0 view .LVU459
 1221 0076 EB7B     		ldrb	r3, [r5, #15]	@ zero_extendqisi2
 1222              		.loc 1 566 22 view .LVU460
 1223 0078 03F00703 		and	r3, r3, #7
 565:Core/Src/vl53l1_register_funcs.c **** 	pdata->ana_config__spad_sel_pswidth =
 1224              		.loc 1 565 38 view .LVU461
 1225 007c E373     		strb	r3, [r4, #15]
 567:Core/Src/vl53l1_register_funcs.c **** 	pdata->ana_config__vcsel_pulse_width_offset =
 1226              		.loc 1 567 2 is_stmt 1 view .LVU462
 568:Core/Src/vl53l1_register_funcs.c **** 		(*(pbuffer +  16)) & 0x1F;
 1227              		.loc 1 568 4 is_stmt 0 view .LVU463
 1228 007e 2B7C     		ldrb	r3, [r5, #16]	@ zero_extendqisi2
ARM GAS  C:\Users\Lenovo\AppData\Local\Temp\ccSAMYhL.s 			page 34


 1229              		.loc 1 568 22 view .LVU464
 1230 0080 03F01F03 		and	r3, r3, #31
 567:Core/Src/vl53l1_register_funcs.c **** 	pdata->ana_config__vcsel_pulse_width_offset =
 1231              		.loc 1 567 46 view .LVU465
 1232 0084 2374     		strb	r3, [r4, #16]
 569:Core/Src/vl53l1_register_funcs.c **** 	pdata->ana_config__fast_osc__config_ctrl =
 1233              		.loc 1 569 2 is_stmt 1 view .LVU466
 570:Core/Src/vl53l1_register_funcs.c **** 		(*(pbuffer +  17)) & 0x1;
 1234              		.loc 1 570 4 is_stmt 0 view .LVU467
 1235 0086 6B7C     		ldrb	r3, [r5, #17]	@ zero_extendqisi2
 1236              		.loc 1 570 22 view .LVU468
 1237 0088 03F00103 		and	r3, r3, #1
 569:Core/Src/vl53l1_register_funcs.c **** 	pdata->ana_config__fast_osc__config_ctrl =
 1238              		.loc 1 569 43 view .LVU469
 1239 008c 6374     		strb	r3, [r4, #17]
 571:Core/Src/vl53l1_register_funcs.c **** 	pdata->sigma_estimator__effective_pulse_width_ns =
 1240              		.loc 1 571 2 is_stmt 1 view .LVU470
 1241              		.loc 1 571 51 is_stmt 0 view .LVU471
 1242 008e AB7C     		ldrb	r3, [r5, #18]	@ zero_extendqisi2
 1243 0090 A374     		strb	r3, [r4, #18]
 572:Core/Src/vl53l1_register_funcs.c **** 		(*(pbuffer +  18));
 573:Core/Src/vl53l1_register_funcs.c **** 	pdata->sigma_estimator__effective_ambient_width_ns =
 1244              		.loc 1 573 2 is_stmt 1 view .LVU472
 1245              		.loc 1 573 53 is_stmt 0 view .LVU473
 1246 0092 EB7C     		ldrb	r3, [r5, #19]	@ zero_extendqisi2
 1247 0094 E374     		strb	r3, [r4, #19]
 574:Core/Src/vl53l1_register_funcs.c **** 		(*(pbuffer +  19));
 575:Core/Src/vl53l1_register_funcs.c **** 	pdata->sigma_estimator__sigma_ref_mm =
 1248              		.loc 1 575 2 is_stmt 1 view .LVU474
 1249              		.loc 1 575 39 is_stmt 0 view .LVU475
 1250 0096 2B7D     		ldrb	r3, [r5, #20]	@ zero_extendqisi2
 1251 0098 2375     		strb	r3, [r4, #20]
 576:Core/Src/vl53l1_register_funcs.c **** 		(*(pbuffer +  20));
 577:Core/Src/vl53l1_register_funcs.c **** 	pdata->algo__crosstalk_compensation_valid_height_mm =
 1252              		.loc 1 577 2 is_stmt 1 view .LVU476
 1253              		.loc 1 577 54 is_stmt 0 view .LVU477
 1254 009a 6B7D     		ldrb	r3, [r5, #21]	@ zero_extendqisi2
 1255 009c 6375     		strb	r3, [r4, #21]
 578:Core/Src/vl53l1_register_funcs.c **** 		(*(pbuffer +  21));
 579:Core/Src/vl53l1_register_funcs.c **** 	pdata->spare_host_config__static_config_spare_0 =
 1256              		.loc 1 579 2 is_stmt 1 view .LVU478
 1257              		.loc 1 579 50 is_stmt 0 view .LVU479
 1258 009e AB7D     		ldrb	r3, [r5, #22]	@ zero_extendqisi2
 1259 00a0 A375     		strb	r3, [r4, #22]
 580:Core/Src/vl53l1_register_funcs.c **** 		(*(pbuffer +  22));
 581:Core/Src/vl53l1_register_funcs.c **** 	pdata->spare_host_config__static_config_spare_1 =
 1260              		.loc 1 581 2 is_stmt 1 view .LVU480
 1261              		.loc 1 581 50 is_stmt 0 view .LVU481
 1262 00a2 EB7D     		ldrb	r3, [r5, #23]	@ zero_extendqisi2
 1263 00a4 E375     		strb	r3, [r4, #23]
 582:Core/Src/vl53l1_register_funcs.c **** 		(*(pbuffer +  23));
 583:Core/Src/vl53l1_register_funcs.c **** 	pdata->algo__range_ignore_threshold_mcps =
 1264              		.loc 1 583 2 is_stmt 1 view .LVU482
 584:Core/Src/vl53l1_register_funcs.c **** 		(VL53L1_i2c_decode_uint16_t(2, pbuffer +  24));
 1265              		.loc 1 584 4 is_stmt 0 view .LVU483
 1266 00a6 05F11801 		add	r1, r5, #24
 1267 00aa 0220     		movs	r0, #2
ARM GAS  C:\Users\Lenovo\AppData\Local\Temp\ccSAMYhL.s 			page 35


 1268 00ac FFF7FEFF 		bl	VL53L1_i2c_decode_uint16_t
 1269              	.LVL78:
 583:Core/Src/vl53l1_register_funcs.c **** 		(VL53L1_i2c_decode_uint16_t(2, pbuffer +  24));
 1270              		.loc 1 583 43 view .LVU484
 1271 00b0 2083     		strh	r0, [r4, #24]	@ movhi
 585:Core/Src/vl53l1_register_funcs.c **** 	pdata->algo__range_ignore_valid_height_mm =
 1272              		.loc 1 585 2 is_stmt 1 view .LVU485
 1273              		.loc 1 585 44 is_stmt 0 view .LVU486
 1274 00b2 AB7E     		ldrb	r3, [r5, #26]	@ zero_extendqisi2
 1275 00b4 A376     		strb	r3, [r4, #26]
 586:Core/Src/vl53l1_register_funcs.c **** 		(*(pbuffer +  26));
 587:Core/Src/vl53l1_register_funcs.c **** 	pdata->algo__range_min_clip =
 1276              		.loc 1 587 2 is_stmt 1 view .LVU487
 1277              		.loc 1 587 30 is_stmt 0 view .LVU488
 1278 00b6 EB7E     		ldrb	r3, [r5, #27]	@ zero_extendqisi2
 1279 00b8 E376     		strb	r3, [r4, #27]
 588:Core/Src/vl53l1_register_funcs.c **** 		(*(pbuffer +  27));
 589:Core/Src/vl53l1_register_funcs.c **** 	pdata->algo__consistency_check__tolerance =
 1280              		.loc 1 589 2 is_stmt 1 view .LVU489
 590:Core/Src/vl53l1_register_funcs.c **** 		(*(pbuffer +  28)) & 0xF;
 1281              		.loc 1 590 4 is_stmt 0 view .LVU490
 1282 00ba 2B7F     		ldrb	r3, [r5, #28]	@ zero_extendqisi2
 1283              		.loc 1 590 22 view .LVU491
 1284 00bc 03F00F03 		and	r3, r3, #15
 589:Core/Src/vl53l1_register_funcs.c **** 		(*(pbuffer +  28)) & 0xF;
 1285              		.loc 1 589 44 view .LVU492
 1286 00c0 2377     		strb	r3, [r4, #28]
 591:Core/Src/vl53l1_register_funcs.c **** 	pdata->spare_host_config__static_config_spare_2 =
 1287              		.loc 1 591 2 is_stmt 1 view .LVU493
 1288              		.loc 1 591 50 is_stmt 0 view .LVU494
 1289 00c2 6B7F     		ldrb	r3, [r5, #29]	@ zero_extendqisi2
 1290 00c4 6377     		strb	r3, [r4, #29]
 592:Core/Src/vl53l1_register_funcs.c **** 		(*(pbuffer +  29));
 593:Core/Src/vl53l1_register_funcs.c **** 	pdata->sd_config__reset_stages_msb =
 1291              		.loc 1 593 2 is_stmt 1 view .LVU495
 594:Core/Src/vl53l1_register_funcs.c **** 		(*(pbuffer +  30)) & 0xF;
 1292              		.loc 1 594 4 is_stmt 0 view .LVU496
 1293 00c6 AB7F     		ldrb	r3, [r5, #30]	@ zero_extendqisi2
 1294              		.loc 1 594 22 view .LVU497
 1295 00c8 03F00F03 		and	r3, r3, #15
 593:Core/Src/vl53l1_register_funcs.c **** 		(*(pbuffer +  30)) & 0xF;
 1296              		.loc 1 593 37 view .LVU498
 1297 00cc A377     		strb	r3, [r4, #30]
 595:Core/Src/vl53l1_register_funcs.c **** 	pdata->sd_config__reset_stages_lsb =
 1298              		.loc 1 595 2 is_stmt 1 view .LVU499
 1299              		.loc 1 595 37 is_stmt 0 view .LVU500
 1300 00ce EB7F     		ldrb	r3, [r5, #31]	@ zero_extendqisi2
 1301 00d0 E377     		strb	r3, [r4, #31]
 596:Core/Src/vl53l1_register_funcs.c **** 		(*(pbuffer +  31));
 597:Core/Src/vl53l1_register_funcs.c **** 
 598:Core/Src/vl53l1_register_funcs.c **** 	LOG_FUNCTION_END(status);
 1302              		.loc 1 598 26 is_stmt 1 view .LVU501
 599:Core/Src/vl53l1_register_funcs.c **** 
 600:Core/Src/vl53l1_register_funcs.c **** 	return status;
 1303              		.loc 1 600 2 view .LVU502
 1304              		.loc 1 600 9 is_stmt 0 view .LVU503
 1305 00d2 0020     		movs	r0, #0
ARM GAS  C:\Users\Lenovo\AppData\Local\Temp\ccSAMYhL.s 			page 36


 601:Core/Src/vl53l1_register_funcs.c **** }
 1306              		.loc 1 601 1 view .LVU504
 1307 00d4 38BD     		pop	{r3, r4, r5, pc}
 1308              	.LVL79:
 1309              	.L54:
 1310              	.LCFI27:
 1311              		.cfi_def_cfa_offset 0
 1312              		.cfi_restore 3
 1313              		.cfi_restore 4
 1314              		.cfi_restore 5
 1315              		.cfi_restore 14
 535:Core/Src/vl53l1_register_funcs.c **** 
 1316              		.loc 1 535 10 view .LVU505
 1317 00d6 6FF00900 		mvn	r0, #9
 1318              	.LVL80:
 1319              		.loc 1 601 1 view .LVU506
 1320 00da 7047     		bx	lr
 1321              		.cfi_endproc
 1322              	.LFE12:
 1324              		.section	.text.VL53L1_set_static_config,"ax",%progbits
 1325              		.align	1
 1326              		.global	VL53L1_set_static_config
 1327              		.syntax unified
 1328              		.thumb
 1329              		.thumb_func
 1331              	VL53L1_set_static_config:
 1332              	.LVL81:
 1333              	.LFB13:
 602:Core/Src/vl53l1_register_funcs.c **** 
 603:Core/Src/vl53l1_register_funcs.c **** 
 604:Core/Src/vl53l1_register_funcs.c **** VL53L1_Error VL53L1_set_static_config(
 605:Core/Src/vl53l1_register_funcs.c **** 	VL53L1_DEV                 Dev,
 606:Core/Src/vl53l1_register_funcs.c **** 	VL53L1_static_config_t    *pdata)
 607:Core/Src/vl53l1_register_funcs.c **** {
 1334              		.loc 1 607 1 is_stmt 1 view -0
 1335              		.cfi_startproc
 1336              		@ args = 0, pretend = 0, frame = 32
 1337              		@ frame_needed = 0, uses_anonymous_args = 0
 1338              		.loc 1 607 1 is_stmt 0 view .LVU508
 1339 0000 10B5     		push	{r4, lr}
 1340              	.LCFI28:
 1341              		.cfi_def_cfa_offset 8
 1342              		.cfi_offset 4, -8
 1343              		.cfi_offset 14, -4
 1344 0002 88B0     		sub	sp, sp, #32
 1345              	.LCFI29:
 1346              		.cfi_def_cfa_offset 40
 1347 0004 0446     		mov	r4, r0
 1348 0006 0846     		mov	r0, r1
 1349              	.LVL82:
 608:Core/Src/vl53l1_register_funcs.c **** 	/**
 609:Core/Src/vl53l1_register_funcs.c **** 	 * Serialises and sends the contents of VL53L1_static_config_t
 610:Core/Src/vl53l1_register_funcs.c **** 	 * data structure to the device
 611:Core/Src/vl53l1_register_funcs.c **** 	 */
 612:Core/Src/vl53l1_register_funcs.c **** 
 613:Core/Src/vl53l1_register_funcs.c **** 	VL53L1_Error status = VL53L1_ERROR_NONE;
 1350              		.loc 1 613 2 is_stmt 1 view .LVU509
ARM GAS  C:\Users\Lenovo\AppData\Local\Temp\ccSAMYhL.s 			page 37


 614:Core/Src/vl53l1_register_funcs.c **** 	uint8_t comms_buffer[VL53L1_STATIC_CONFIG_I2C_SIZE_BYTES];
 1351              		.loc 1 614 2 view .LVU510
 615:Core/Src/vl53l1_register_funcs.c **** 
 616:Core/Src/vl53l1_register_funcs.c **** 	LOG_FUNCTION_START("");
 1352              		.loc 1 616 24 view .LVU511
 617:Core/Src/vl53l1_register_funcs.c **** 
 618:Core/Src/vl53l1_register_funcs.c **** 	if (status == VL53L1_ERROR_NONE) /*lint !e774 always true*/
 1353              		.loc 1 618 2 view .LVU512
 619:Core/Src/vl53l1_register_funcs.c **** 		status = VL53L1_i2c_encode_static_config(
 1354              		.loc 1 619 3 view .LVU513
 1355              		.loc 1 619 12 is_stmt 0 view .LVU514
 1356 0008 6A46     		mov	r2, sp
 1357 000a 2021     		movs	r1, #32
 1358              	.LVL83:
 1359              		.loc 1 619 12 view .LVU515
 1360 000c FFF7FEFF 		bl	VL53L1_i2c_encode_static_config
 1361              	.LVL84:
 620:Core/Src/vl53l1_register_funcs.c **** 			pdata,
 621:Core/Src/vl53l1_register_funcs.c **** 			VL53L1_STATIC_CONFIG_I2C_SIZE_BYTES,
 622:Core/Src/vl53l1_register_funcs.c **** 			comms_buffer);
 623:Core/Src/vl53l1_register_funcs.c **** 
 624:Core/Src/vl53l1_register_funcs.c **** 	if (status == VL53L1_ERROR_NONE)
 1362              		.loc 1 624 2 is_stmt 1 view .LVU516
 1363              		.loc 1 624 5 is_stmt 0 view .LVU517
 1364 0010 08B1     		cbz	r0, .L62
 1365              	.L60:
 1366              	.LVL85:
 625:Core/Src/vl53l1_register_funcs.c **** 		status = VL53L1_WriteMulti(
 626:Core/Src/vl53l1_register_funcs.c **** 			Dev,
 627:Core/Src/vl53l1_register_funcs.c **** 			VL53L1_DSS_CONFIG__TARGET_TOTAL_RATE_MCPS,
 628:Core/Src/vl53l1_register_funcs.c **** 			comms_buffer,
 629:Core/Src/vl53l1_register_funcs.c **** 			VL53L1_STATIC_CONFIG_I2C_SIZE_BYTES);
 630:Core/Src/vl53l1_register_funcs.c **** 
 631:Core/Src/vl53l1_register_funcs.c **** 	LOG_FUNCTION_END(status);
 1367              		.loc 1 631 26 is_stmt 1 view .LVU518
 632:Core/Src/vl53l1_register_funcs.c **** 
 633:Core/Src/vl53l1_register_funcs.c **** 	return status;
 1368              		.loc 1 633 2 view .LVU519
 634:Core/Src/vl53l1_register_funcs.c **** }
 1369              		.loc 1 634 1 is_stmt 0 view .LVU520
 1370 0012 08B0     		add	sp, sp, #32
 1371              	.LCFI30:
 1372              		.cfi_remember_state
 1373              		.cfi_def_cfa_offset 8
 1374              		@ sp needed
 1375 0014 10BD     		pop	{r4, pc}
 1376              	.LVL86:
 1377              	.L62:
 1378              	.LCFI31:
 1379              		.cfi_restore_state
 625:Core/Src/vl53l1_register_funcs.c **** 		status = VL53L1_WriteMulti(
 1380              		.loc 1 625 3 is_stmt 1 view .LVU521
 625:Core/Src/vl53l1_register_funcs.c **** 		status = VL53L1_WriteMulti(
 1381              		.loc 1 625 12 is_stmt 0 view .LVU522
 1382 0016 2023     		movs	r3, #32
 1383 0018 6A46     		mov	r2, sp
 1384 001a 2421     		movs	r1, #36
ARM GAS  C:\Users\Lenovo\AppData\Local\Temp\ccSAMYhL.s 			page 38


 1385 001c 2046     		mov	r0, r4
 1386 001e FFF7FEFF 		bl	VL53L1_WriteMulti
 1387              	.LVL87:
 625:Core/Src/vl53l1_register_funcs.c **** 		status = VL53L1_WriteMulti(
 1388              		.loc 1 625 12 view .LVU523
 1389 0022 F6E7     		b	.L60
 1390              		.cfi_endproc
 1391              	.LFE13:
 1393              		.section	.text.VL53L1_i2c_encode_general_config,"ax",%progbits
 1394              		.align	1
 1395              		.global	VL53L1_i2c_encode_general_config
 1396              		.syntax unified
 1397              		.thumb
 1398              		.thumb_func
 1400              	VL53L1_i2c_encode_general_config:
 1401              	.LVL88:
 1402              	.LFB14:
 635:Core/Src/vl53l1_register_funcs.c **** 
 636:Core/Src/vl53l1_register_funcs.c **** 
 637:Core/Src/vl53l1_register_funcs.c **** #ifdef VL53L1_DEBUG
 638:Core/Src/vl53l1_register_funcs.c **** VL53L1_Error VL53L1_get_static_config(
 639:Core/Src/vl53l1_register_funcs.c **** 	VL53L1_DEV                 Dev,
 640:Core/Src/vl53l1_register_funcs.c **** 	VL53L1_static_config_t    *pdata)
 641:Core/Src/vl53l1_register_funcs.c **** {
 642:Core/Src/vl53l1_register_funcs.c **** 	/**
 643:Core/Src/vl53l1_register_funcs.c **** 	 * Reads and de-serialises the contents of VL53L1_static_config_t
 644:Core/Src/vl53l1_register_funcs.c **** 	 * data structure from the device
 645:Core/Src/vl53l1_register_funcs.c **** 	 */
 646:Core/Src/vl53l1_register_funcs.c **** 
 647:Core/Src/vl53l1_register_funcs.c **** 	VL53L1_Error status = VL53L1_ERROR_NONE;
 648:Core/Src/vl53l1_register_funcs.c **** 	uint8_t comms_buffer[VL53L1_STATIC_CONFIG_I2C_SIZE_BYTES];
 649:Core/Src/vl53l1_register_funcs.c **** 
 650:Core/Src/vl53l1_register_funcs.c **** 	LOG_FUNCTION_START("");
 651:Core/Src/vl53l1_register_funcs.c **** 
 652:Core/Src/vl53l1_register_funcs.c **** 	if (status == VL53L1_ERROR_NONE) /*lint !e774 always true*/
 653:Core/Src/vl53l1_register_funcs.c **** 		status = VL53L1_ReadMulti(
 654:Core/Src/vl53l1_register_funcs.c **** 			Dev,
 655:Core/Src/vl53l1_register_funcs.c **** 			VL53L1_DSS_CONFIG__TARGET_TOTAL_RATE_MCPS,
 656:Core/Src/vl53l1_register_funcs.c **** 			comms_buffer,
 657:Core/Src/vl53l1_register_funcs.c **** 			VL53L1_STATIC_CONFIG_I2C_SIZE_BYTES);
 658:Core/Src/vl53l1_register_funcs.c **** 
 659:Core/Src/vl53l1_register_funcs.c **** 	if (status == VL53L1_ERROR_NONE)
 660:Core/Src/vl53l1_register_funcs.c **** 		status = VL53L1_i2c_decode_static_config(
 661:Core/Src/vl53l1_register_funcs.c **** 			VL53L1_STATIC_CONFIG_I2C_SIZE_BYTES,
 662:Core/Src/vl53l1_register_funcs.c **** 			comms_buffer,
 663:Core/Src/vl53l1_register_funcs.c **** 			pdata);
 664:Core/Src/vl53l1_register_funcs.c **** 
 665:Core/Src/vl53l1_register_funcs.c **** 	LOG_FUNCTION_END(status);
 666:Core/Src/vl53l1_register_funcs.c **** 
 667:Core/Src/vl53l1_register_funcs.c **** 	return status;
 668:Core/Src/vl53l1_register_funcs.c **** }
 669:Core/Src/vl53l1_register_funcs.c **** #endif
 670:Core/Src/vl53l1_register_funcs.c **** 
 671:Core/Src/vl53l1_register_funcs.c **** 
 672:Core/Src/vl53l1_register_funcs.c **** VL53L1_Error VL53L1_i2c_encode_general_config(
 673:Core/Src/vl53l1_register_funcs.c **** 	VL53L1_general_config_t  *pdata,
 674:Core/Src/vl53l1_register_funcs.c **** 	uint16_t                  buf_size,
ARM GAS  C:\Users\Lenovo\AppData\Local\Temp\ccSAMYhL.s 			page 39


 675:Core/Src/vl53l1_register_funcs.c **** 	uint8_t                  *pbuffer)
 676:Core/Src/vl53l1_register_funcs.c **** {
 1403              		.loc 1 676 1 is_stmt 1 view -0
 1404              		.cfi_startproc
 1405              		@ args = 0, pretend = 0, frame = 0
 1406              		@ frame_needed = 0, uses_anonymous_args = 0
 677:Core/Src/vl53l1_register_funcs.c **** 	/**
 678:Core/Src/vl53l1_register_funcs.c **** 	 * Encodes data structure VL53L1_general_config_t into a I2C write buffer
 679:Core/Src/vl53l1_register_funcs.c **** 	 * Buffer must be at least 22 bytes
 680:Core/Src/vl53l1_register_funcs.c **** 	*/
 681:Core/Src/vl53l1_register_funcs.c **** 
 682:Core/Src/vl53l1_register_funcs.c **** 	VL53L1_Error status = VL53L1_ERROR_NONE;
 1407              		.loc 1 682 2 view .LVU525
 683:Core/Src/vl53l1_register_funcs.c **** 
 684:Core/Src/vl53l1_register_funcs.c **** 	LOG_FUNCTION_START("");
 1408              		.loc 1 684 24 view .LVU526
 685:Core/Src/vl53l1_register_funcs.c **** 
 686:Core/Src/vl53l1_register_funcs.c **** 	if (VL53L1_GENERAL_CONFIG_I2C_SIZE_BYTES > buf_size)
 1409              		.loc 1 686 2 view .LVU527
 1410              		.loc 1 686 5 is_stmt 0 view .LVU528
 1411 0000 1529     		cmp	r1, #21
 1412 0002 3FD9     		bls	.L65
 676:Core/Src/vl53l1_register_funcs.c **** 	/**
 1413              		.loc 1 676 1 view .LVU529
 1414 0004 38B5     		push	{r3, r4, r5, lr}
 1415              	.LCFI32:
 1416              		.cfi_def_cfa_offset 16
 1417              		.cfi_offset 3, -16
 1418              		.cfi_offset 4, -12
 1419              		.cfi_offset 5, -8
 1420              		.cfi_offset 14, -4
 1421 0006 0546     		mov	r5, r0
 1422 0008 1446     		mov	r4, r2
 687:Core/Src/vl53l1_register_funcs.c **** 		return VL53L1_ERROR_COMMS_BUFFER_TOO_SMALL;
 688:Core/Src/vl53l1_register_funcs.c **** 
 689:Core/Src/vl53l1_register_funcs.c **** 	*(pbuffer +   0) =
 1423              		.loc 1 689 2 is_stmt 1 view .LVU530
 690:Core/Src/vl53l1_register_funcs.c **** 		pdata->gph_config__stream_count_update_value;
 1424              		.loc 1 690 8 is_stmt 0 view .LVU531
 1425 000a 0378     		ldrb	r3, [r0]	@ zero_extendqisi2
 689:Core/Src/vl53l1_register_funcs.c **** 		pdata->gph_config__stream_count_update_value;
 1426              		.loc 1 689 19 view .LVU532
 1427 000c 1370     		strb	r3, [r2]
 691:Core/Src/vl53l1_register_funcs.c **** 	*(pbuffer +   1) =
 1428              		.loc 1 691 2 is_stmt 1 view .LVU533
 692:Core/Src/vl53l1_register_funcs.c **** 		pdata->global_config__stream_divider;
 1429              		.loc 1 692 8 is_stmt 0 view .LVU534
 1430 000e 4378     		ldrb	r3, [r0, #1]	@ zero_extendqisi2
 691:Core/Src/vl53l1_register_funcs.c **** 	*(pbuffer +   1) =
 1431              		.loc 1 691 19 view .LVU535
 1432 0010 5370     		strb	r3, [r2, #1]
 693:Core/Src/vl53l1_register_funcs.c **** 	*(pbuffer +   2) =
 1433              		.loc 1 693 2 is_stmt 1 view .LVU536
 694:Core/Src/vl53l1_register_funcs.c **** 		pdata->system__interrupt_config_gpio;
 1434              		.loc 1 694 8 is_stmt 0 view .LVU537
 1435 0012 8378     		ldrb	r3, [r0, #2]	@ zero_extendqisi2
 693:Core/Src/vl53l1_register_funcs.c **** 	*(pbuffer +   2) =
ARM GAS  C:\Users\Lenovo\AppData\Local\Temp\ccSAMYhL.s 			page 40


 1436              		.loc 1 693 19 view .LVU538
 1437 0014 9370     		strb	r3, [r2, #2]
 695:Core/Src/vl53l1_register_funcs.c **** 	*(pbuffer +   3) =
 1438              		.loc 1 695 2 is_stmt 1 view .LVU539
 696:Core/Src/vl53l1_register_funcs.c **** 		pdata->cal_config__vcsel_start & 0x7F;
 1439              		.loc 1 696 8 is_stmt 0 view .LVU540
 1440 0016 C378     		ldrb	r3, [r0, #3]	@ zero_extendqisi2
 1441              		.loc 1 696 34 view .LVU541
 1442 0018 03F07F03 		and	r3, r3, #127
 695:Core/Src/vl53l1_register_funcs.c **** 	*(pbuffer +   3) =
 1443              		.loc 1 695 19 view .LVU542
 1444 001c D370     		strb	r3, [r2, #3]
 697:Core/Src/vl53l1_register_funcs.c **** 	VL53L1_i2c_encode_uint16_t(
 1445              		.loc 1 697 2 is_stmt 1 view .LVU543
 698:Core/Src/vl53l1_register_funcs.c **** 		pdata->cal_config__repeat_rate & 0xFFF,
 1446              		.loc 1 698 8 is_stmt 0 view .LVU544
 1447 001e 8088     		ldrh	r0, [r0, #4]
 1448              	.LVL89:
 697:Core/Src/vl53l1_register_funcs.c **** 	VL53L1_i2c_encode_uint16_t(
 1449              		.loc 1 697 2 view .LVU545
 1450 0020 0432     		adds	r2, r2, #4
 1451              	.LVL90:
 697:Core/Src/vl53l1_register_funcs.c **** 	VL53L1_i2c_encode_uint16_t(
 1452              		.loc 1 697 2 view .LVU546
 1453 0022 0221     		movs	r1, #2
 1454              	.LVL91:
 697:Core/Src/vl53l1_register_funcs.c **** 	VL53L1_i2c_encode_uint16_t(
 1455              		.loc 1 697 2 view .LVU547
 1456 0024 C0F30B00 		ubfx	r0, r0, #0, #12
 1457 0028 FFF7FEFF 		bl	VL53L1_i2c_encode_uint16_t
 1458              	.LVL92:
 699:Core/Src/vl53l1_register_funcs.c **** 		2,
 700:Core/Src/vl53l1_register_funcs.c **** 		pbuffer +   4);
 701:Core/Src/vl53l1_register_funcs.c **** 	*(pbuffer +   6) =
 1459              		.loc 1 701 2 is_stmt 1 view .LVU548
 702:Core/Src/vl53l1_register_funcs.c **** 		pdata->global_config__vcsel_width & 0x7F;
 1460              		.loc 1 702 8 is_stmt 0 view .LVU549
 1461 002c AB79     		ldrb	r3, [r5, #6]	@ zero_extendqisi2
 1462              		.loc 1 702 37 view .LVU550
 1463 002e 03F07F03 		and	r3, r3, #127
 701:Core/Src/vl53l1_register_funcs.c **** 		pdata->global_config__vcsel_width & 0x7F;
 1464              		.loc 1 701 19 view .LVU551
 1465 0032 A371     		strb	r3, [r4, #6]
 703:Core/Src/vl53l1_register_funcs.c **** 	*(pbuffer +   7) =
 1466              		.loc 1 703 2 is_stmt 1 view .LVU552
 704:Core/Src/vl53l1_register_funcs.c **** 		pdata->phasecal_config__timeout_macrop;
 1467              		.loc 1 704 8 is_stmt 0 view .LVU553
 1468 0034 EB79     		ldrb	r3, [r5, #7]	@ zero_extendqisi2
 703:Core/Src/vl53l1_register_funcs.c **** 	*(pbuffer +   7) =
 1469              		.loc 1 703 19 view .LVU554
 1470 0036 E371     		strb	r3, [r4, #7]
 705:Core/Src/vl53l1_register_funcs.c **** 	*(pbuffer +   8) =
 1471              		.loc 1 705 2 is_stmt 1 view .LVU555
 706:Core/Src/vl53l1_register_funcs.c **** 		pdata->phasecal_config__target;
 1472              		.loc 1 706 8 is_stmt 0 view .LVU556
 1473 0038 2B7A     		ldrb	r3, [r5, #8]	@ zero_extendqisi2
 705:Core/Src/vl53l1_register_funcs.c **** 	*(pbuffer +   8) =
ARM GAS  C:\Users\Lenovo\AppData\Local\Temp\ccSAMYhL.s 			page 41


 1474              		.loc 1 705 19 view .LVU557
 1475 003a 2372     		strb	r3, [r4, #8]
 707:Core/Src/vl53l1_register_funcs.c **** 	*(pbuffer +   9) =
 1476              		.loc 1 707 2 is_stmt 1 view .LVU558
 708:Core/Src/vl53l1_register_funcs.c **** 		pdata->phasecal_config__override & 0x1;
 1477              		.loc 1 708 8 is_stmt 0 view .LVU559
 1478 003c 6B7A     		ldrb	r3, [r5, #9]	@ zero_extendqisi2
 1479              		.loc 1 708 36 view .LVU560
 1480 003e 03F00103 		and	r3, r3, #1
 707:Core/Src/vl53l1_register_funcs.c **** 	*(pbuffer +   9) =
 1481              		.loc 1 707 19 view .LVU561
 1482 0042 6372     		strb	r3, [r4, #9]
 709:Core/Src/vl53l1_register_funcs.c **** 	*(pbuffer +  11) =
 1483              		.loc 1 709 2 is_stmt 1 view .LVU562
 710:Core/Src/vl53l1_register_funcs.c **** 		pdata->dss_config__roi_mode_control & 0x7;
 1484              		.loc 1 710 8 is_stmt 0 view .LVU563
 1485 0044 AB7A     		ldrb	r3, [r5, #10]	@ zero_extendqisi2
 1486              		.loc 1 710 39 view .LVU564
 1487 0046 03F00703 		and	r3, r3, #7
 709:Core/Src/vl53l1_register_funcs.c **** 	*(pbuffer +  11) =
 1488              		.loc 1 709 19 view .LVU565
 1489 004a E372     		strb	r3, [r4, #11]
 711:Core/Src/vl53l1_register_funcs.c **** 	VL53L1_i2c_encode_uint16_t(
 1490              		.loc 1 711 2 is_stmt 1 view .LVU566
 1491 004c 04F10C02 		add	r2, r4, #12
 1492 0050 0221     		movs	r1, #2
 1493 0052 A889     		ldrh	r0, [r5, #12]
 1494 0054 FFF7FEFF 		bl	VL53L1_i2c_encode_uint16_t
 1495              	.LVL93:
 712:Core/Src/vl53l1_register_funcs.c **** 		pdata->system__thresh_rate_high,
 713:Core/Src/vl53l1_register_funcs.c **** 		2,
 714:Core/Src/vl53l1_register_funcs.c **** 		pbuffer +  12);
 715:Core/Src/vl53l1_register_funcs.c **** 	VL53L1_i2c_encode_uint16_t(
 1496              		.loc 1 715 2 view .LVU567
 1497 0058 04F10E02 		add	r2, r4, #14
 1498 005c 0221     		movs	r1, #2
 1499 005e E889     		ldrh	r0, [r5, #14]
 1500 0060 FFF7FEFF 		bl	VL53L1_i2c_encode_uint16_t
 1501              	.LVL94:
 716:Core/Src/vl53l1_register_funcs.c **** 		pdata->system__thresh_rate_low,
 717:Core/Src/vl53l1_register_funcs.c **** 		2,
 718:Core/Src/vl53l1_register_funcs.c **** 		pbuffer +  14);
 719:Core/Src/vl53l1_register_funcs.c **** 	VL53L1_i2c_encode_uint16_t(
 1502              		.loc 1 719 2 view .LVU568
 1503 0064 04F11002 		add	r2, r4, #16
 1504 0068 0221     		movs	r1, #2
 1505 006a 288A     		ldrh	r0, [r5, #16]
 1506 006c FFF7FEFF 		bl	VL53L1_i2c_encode_uint16_t
 1507              	.LVL95:
 720:Core/Src/vl53l1_register_funcs.c **** 		pdata->dss_config__manual_effective_spads_select,
 721:Core/Src/vl53l1_register_funcs.c **** 		2,
 722:Core/Src/vl53l1_register_funcs.c **** 		pbuffer +  16);
 723:Core/Src/vl53l1_register_funcs.c **** 	*(pbuffer +  18) =
 1508              		.loc 1 723 2 view .LVU569
 724:Core/Src/vl53l1_register_funcs.c **** 		pdata->dss_config__manual_block_select;
 1509              		.loc 1 724 8 is_stmt 0 view .LVU570
 1510 0070 AB7C     		ldrb	r3, [r5, #18]	@ zero_extendqisi2
ARM GAS  C:\Users\Lenovo\AppData\Local\Temp\ccSAMYhL.s 			page 42


 723:Core/Src/vl53l1_register_funcs.c **** 		pdata->dss_config__manual_block_select;
 1511              		.loc 1 723 19 view .LVU571
 1512 0072 A374     		strb	r3, [r4, #18]
 725:Core/Src/vl53l1_register_funcs.c **** 	*(pbuffer +  19) =
 1513              		.loc 1 725 2 is_stmt 1 view .LVU572
 726:Core/Src/vl53l1_register_funcs.c **** 		pdata->dss_config__aperture_attenuation;
 1514              		.loc 1 726 8 is_stmt 0 view .LVU573
 1515 0074 EB7C     		ldrb	r3, [r5, #19]	@ zero_extendqisi2
 725:Core/Src/vl53l1_register_funcs.c **** 	*(pbuffer +  19) =
 1516              		.loc 1 725 19 view .LVU574
 1517 0076 E374     		strb	r3, [r4, #19]
 727:Core/Src/vl53l1_register_funcs.c **** 	*(pbuffer +  20) =
 1518              		.loc 1 727 2 is_stmt 1 view .LVU575
 728:Core/Src/vl53l1_register_funcs.c **** 		pdata->dss_config__max_spads_limit;
 1519              		.loc 1 728 8 is_stmt 0 view .LVU576
 1520 0078 2B7D     		ldrb	r3, [r5, #20]	@ zero_extendqisi2
 727:Core/Src/vl53l1_register_funcs.c **** 	*(pbuffer +  20) =
 1521              		.loc 1 727 19 view .LVU577
 1522 007a 2375     		strb	r3, [r4, #20]
 729:Core/Src/vl53l1_register_funcs.c **** 	*(pbuffer +  21) =
 1523              		.loc 1 729 2 is_stmt 1 view .LVU578
 730:Core/Src/vl53l1_register_funcs.c **** 		pdata->dss_config__min_spads_limit;
 1524              		.loc 1 730 8 is_stmt 0 view .LVU579
 1525 007c 6B7D     		ldrb	r3, [r5, #21]	@ zero_extendqisi2
 729:Core/Src/vl53l1_register_funcs.c **** 	*(pbuffer +  21) =
 1526              		.loc 1 729 19 view .LVU580
 1527 007e 6375     		strb	r3, [r4, #21]
 731:Core/Src/vl53l1_register_funcs.c **** 	LOG_FUNCTION_END(status);
 1528              		.loc 1 731 26 is_stmt 1 view .LVU581
 732:Core/Src/vl53l1_register_funcs.c **** 
 733:Core/Src/vl53l1_register_funcs.c **** 
 734:Core/Src/vl53l1_register_funcs.c **** 	return status;
 1529              		.loc 1 734 2 view .LVU582
 1530              		.loc 1 734 9 is_stmt 0 view .LVU583
 1531 0080 0020     		movs	r0, #0
 735:Core/Src/vl53l1_register_funcs.c **** }
 1532              		.loc 1 735 1 view .LVU584
 1533 0082 38BD     		pop	{r3, r4, r5, pc}
 1534              	.LVL96:
 1535              	.L65:
 1536              	.LCFI33:
 1537              		.cfi_def_cfa_offset 0
 1538              		.cfi_restore 3
 1539              		.cfi_restore 4
 1540              		.cfi_restore 5
 1541              		.cfi_restore 14
 687:Core/Src/vl53l1_register_funcs.c **** 
 1542              		.loc 1 687 10 view .LVU585
 1543 0084 6FF00900 		mvn	r0, #9
 1544              	.LVL97:
 1545              		.loc 1 735 1 view .LVU586
 1546 0088 7047     		bx	lr
 1547              		.cfi_endproc
 1548              	.LFE14:
 1550              		.section	.text.VL53L1_i2c_decode_general_config,"ax",%progbits
 1551              		.align	1
 1552              		.global	VL53L1_i2c_decode_general_config
ARM GAS  C:\Users\Lenovo\AppData\Local\Temp\ccSAMYhL.s 			page 43


 1553              		.syntax unified
 1554              		.thumb
 1555              		.thumb_func
 1557              	VL53L1_i2c_decode_general_config:
 1558              	.LVL98:
 1559              	.LFB15:
 736:Core/Src/vl53l1_register_funcs.c **** 
 737:Core/Src/vl53l1_register_funcs.c **** 
 738:Core/Src/vl53l1_register_funcs.c **** VL53L1_Error VL53L1_i2c_decode_general_config(
 739:Core/Src/vl53l1_register_funcs.c **** 	uint16_t                   buf_size,
 740:Core/Src/vl53l1_register_funcs.c **** 	uint8_t                   *pbuffer,
 741:Core/Src/vl53l1_register_funcs.c **** 	VL53L1_general_config_t   *pdata)
 742:Core/Src/vl53l1_register_funcs.c **** {
 1560              		.loc 1 742 1 is_stmt 1 view -0
 1561              		.cfi_startproc
 1562              		@ args = 0, pretend = 0, frame = 0
 1563              		@ frame_needed = 0, uses_anonymous_args = 0
 743:Core/Src/vl53l1_register_funcs.c **** 	/**
 744:Core/Src/vl53l1_register_funcs.c **** 	 * Decodes data structure VL53L1_general_config_t from the input I2C read buffer
 745:Core/Src/vl53l1_register_funcs.c **** 	 * Buffer must be at least 22 bytes
 746:Core/Src/vl53l1_register_funcs.c **** 	*/
 747:Core/Src/vl53l1_register_funcs.c **** 
 748:Core/Src/vl53l1_register_funcs.c **** 	VL53L1_Error status = VL53L1_ERROR_NONE;
 1564              		.loc 1 748 2 view .LVU588
 749:Core/Src/vl53l1_register_funcs.c **** 
 750:Core/Src/vl53l1_register_funcs.c **** 	LOG_FUNCTION_START("");
 1565              		.loc 1 750 24 view .LVU589
 751:Core/Src/vl53l1_register_funcs.c **** 
 752:Core/Src/vl53l1_register_funcs.c **** 	if (VL53L1_GENERAL_CONFIG_I2C_SIZE_BYTES > buf_size)
 1566              		.loc 1 752 2 view .LVU590
 1567              		.loc 1 752 5 is_stmt 0 view .LVU591
 1568 0000 1528     		cmp	r0, #21
 1569 0002 3FD9     		bls	.L72
 742:Core/Src/vl53l1_register_funcs.c **** 	/**
 1570              		.loc 1 742 1 view .LVU592
 1571 0004 38B5     		push	{r3, r4, r5, lr}
 1572              	.LCFI34:
 1573              		.cfi_def_cfa_offset 16
 1574              		.cfi_offset 3, -16
 1575              		.cfi_offset 4, -12
 1576              		.cfi_offset 5, -8
 1577              		.cfi_offset 14, -4
 1578 0006 0D46     		mov	r5, r1
 1579 0008 1446     		mov	r4, r2
 753:Core/Src/vl53l1_register_funcs.c **** 		return VL53L1_ERROR_COMMS_BUFFER_TOO_SMALL;
 754:Core/Src/vl53l1_register_funcs.c **** 
 755:Core/Src/vl53l1_register_funcs.c **** 	pdata->gph_config__stream_count_update_value =
 1580              		.loc 1 755 2 is_stmt 1 view .LVU593
 756:Core/Src/vl53l1_register_funcs.c **** 		(*(pbuffer +   0));
 1581              		.loc 1 756 4 is_stmt 0 view .LVU594
 1582 000a 0B78     		ldrb	r3, [r1]	@ zero_extendqisi2
 755:Core/Src/vl53l1_register_funcs.c **** 		(*(pbuffer +   0));
 1583              		.loc 1 755 47 view .LVU595
 1584 000c 1370     		strb	r3, [r2]
 757:Core/Src/vl53l1_register_funcs.c **** 	pdata->global_config__stream_divider =
 1585              		.loc 1 757 2 is_stmt 1 view .LVU596
 1586              		.loc 1 757 39 is_stmt 0 view .LVU597
ARM GAS  C:\Users\Lenovo\AppData\Local\Temp\ccSAMYhL.s 			page 44


 1587 000e 4B78     		ldrb	r3, [r1, #1]	@ zero_extendqisi2
 1588 0010 5370     		strb	r3, [r2, #1]
 758:Core/Src/vl53l1_register_funcs.c **** 		(*(pbuffer +   1));
 759:Core/Src/vl53l1_register_funcs.c **** 	pdata->system__interrupt_config_gpio =
 1589              		.loc 1 759 2 is_stmt 1 view .LVU598
 1590              		.loc 1 759 39 is_stmt 0 view .LVU599
 1591 0012 8B78     		ldrb	r3, [r1, #2]	@ zero_extendqisi2
 1592 0014 9370     		strb	r3, [r2, #2]
 760:Core/Src/vl53l1_register_funcs.c **** 		(*(pbuffer +   2));
 761:Core/Src/vl53l1_register_funcs.c **** 	pdata->cal_config__vcsel_start =
 1593              		.loc 1 761 2 is_stmt 1 view .LVU600
 762:Core/Src/vl53l1_register_funcs.c **** 		(*(pbuffer +   3)) & 0x7F;
 1594              		.loc 1 762 4 is_stmt 0 view .LVU601
 1595 0016 CB78     		ldrb	r3, [r1, #3]	@ zero_extendqisi2
 1596              		.loc 1 762 22 view .LVU602
 1597 0018 03F07F03 		and	r3, r3, #127
 761:Core/Src/vl53l1_register_funcs.c **** 		(*(pbuffer +   3)) & 0x7F;
 1598              		.loc 1 761 33 view .LVU603
 1599 001c D370     		strb	r3, [r2, #3]
 763:Core/Src/vl53l1_register_funcs.c **** 	pdata->cal_config__repeat_rate =
 1600              		.loc 1 763 2 is_stmt 1 view .LVU604
 764:Core/Src/vl53l1_register_funcs.c **** 		(VL53L1_i2c_decode_uint16_t(2, pbuffer +   4)) & 0xFFF;
 1601              		.loc 1 764 4 is_stmt 0 view .LVU605
 1602 001e 0431     		adds	r1, r1, #4
 1603              	.LVL99:
 1604              		.loc 1 764 4 view .LVU606
 1605 0020 0220     		movs	r0, #2
 1606              	.LVL100:
 1607              		.loc 1 764 4 view .LVU607
 1608 0022 FFF7FEFF 		bl	VL53L1_i2c_decode_uint16_t
 1609              	.LVL101:
 1610              		.loc 1 764 50 view .LVU608
 1611 0026 C0F30B00 		ubfx	r0, r0, #0, #12
 763:Core/Src/vl53l1_register_funcs.c **** 	pdata->cal_config__repeat_rate =
 1612              		.loc 1 763 33 view .LVU609
 1613 002a A080     		strh	r0, [r4, #4]	@ movhi
 765:Core/Src/vl53l1_register_funcs.c **** 	pdata->global_config__vcsel_width =
 1614              		.loc 1 765 2 is_stmt 1 view .LVU610
 766:Core/Src/vl53l1_register_funcs.c **** 		(*(pbuffer +   6)) & 0x7F;
 1615              		.loc 1 766 4 is_stmt 0 view .LVU611
 1616 002c AB79     		ldrb	r3, [r5, #6]	@ zero_extendqisi2
 1617              		.loc 1 766 22 view .LVU612
 1618 002e 03F07F03 		and	r3, r3, #127
 765:Core/Src/vl53l1_register_funcs.c **** 	pdata->global_config__vcsel_width =
 1619              		.loc 1 765 36 view .LVU613
 1620 0032 A371     		strb	r3, [r4, #6]
 767:Core/Src/vl53l1_register_funcs.c **** 	pdata->phasecal_config__timeout_macrop =
 1621              		.loc 1 767 2 is_stmt 1 view .LVU614
 1622              		.loc 1 767 41 is_stmt 0 view .LVU615
 1623 0034 EB79     		ldrb	r3, [r5, #7]	@ zero_extendqisi2
 1624 0036 E371     		strb	r3, [r4, #7]
 768:Core/Src/vl53l1_register_funcs.c **** 		(*(pbuffer +   7));
 769:Core/Src/vl53l1_register_funcs.c **** 	pdata->phasecal_config__target =
 1625              		.loc 1 769 2 is_stmt 1 view .LVU616
 1626              		.loc 1 769 33 is_stmt 0 view .LVU617
 1627 0038 2B7A     		ldrb	r3, [r5, #8]	@ zero_extendqisi2
 1628 003a 2372     		strb	r3, [r4, #8]
ARM GAS  C:\Users\Lenovo\AppData\Local\Temp\ccSAMYhL.s 			page 45


 770:Core/Src/vl53l1_register_funcs.c **** 		(*(pbuffer +   8));
 771:Core/Src/vl53l1_register_funcs.c **** 	pdata->phasecal_config__override =
 1629              		.loc 1 771 2 is_stmt 1 view .LVU618
 772:Core/Src/vl53l1_register_funcs.c **** 		(*(pbuffer +   9)) & 0x1;
 1630              		.loc 1 772 4 is_stmt 0 view .LVU619
 1631 003c 6B7A     		ldrb	r3, [r5, #9]	@ zero_extendqisi2
 1632              		.loc 1 772 22 view .LVU620
 1633 003e 03F00103 		and	r3, r3, #1
 771:Core/Src/vl53l1_register_funcs.c **** 		(*(pbuffer +   9)) & 0x1;
 1634              		.loc 1 771 35 view .LVU621
 1635 0042 6372     		strb	r3, [r4, #9]
 773:Core/Src/vl53l1_register_funcs.c **** 	pdata->dss_config__roi_mode_control =
 1636              		.loc 1 773 2 is_stmt 1 view .LVU622
 774:Core/Src/vl53l1_register_funcs.c **** 		(*(pbuffer +  11)) & 0x7;
 1637              		.loc 1 774 4 is_stmt 0 view .LVU623
 1638 0044 EB7A     		ldrb	r3, [r5, #11]	@ zero_extendqisi2
 1639              		.loc 1 774 22 view .LVU624
 1640 0046 03F00703 		and	r3, r3, #7
 773:Core/Src/vl53l1_register_funcs.c **** 	pdata->dss_config__roi_mode_control =
 1641              		.loc 1 773 38 view .LVU625
 1642 004a A372     		strb	r3, [r4, #10]
 775:Core/Src/vl53l1_register_funcs.c **** 	pdata->system__thresh_rate_high =
 1643              		.loc 1 775 2 is_stmt 1 view .LVU626
 776:Core/Src/vl53l1_register_funcs.c **** 		(VL53L1_i2c_decode_uint16_t(2, pbuffer +  12));
 1644              		.loc 1 776 4 is_stmt 0 view .LVU627
 1645 004c 05F10C01 		add	r1, r5, #12
 1646 0050 0220     		movs	r0, #2
 1647 0052 FFF7FEFF 		bl	VL53L1_i2c_decode_uint16_t
 1648              	.LVL102:
 775:Core/Src/vl53l1_register_funcs.c **** 	pdata->system__thresh_rate_high =
 1649              		.loc 1 775 34 view .LVU628
 1650 0056 A081     		strh	r0, [r4, #12]	@ movhi
 777:Core/Src/vl53l1_register_funcs.c **** 	pdata->system__thresh_rate_low =
 1651              		.loc 1 777 2 is_stmt 1 view .LVU629
 778:Core/Src/vl53l1_register_funcs.c **** 		(VL53L1_i2c_decode_uint16_t(2, pbuffer +  14));
 1652              		.loc 1 778 4 is_stmt 0 view .LVU630
 1653 0058 05F10E01 		add	r1, r5, #14
 1654 005c 0220     		movs	r0, #2
 1655 005e FFF7FEFF 		bl	VL53L1_i2c_decode_uint16_t
 1656              	.LVL103:
 777:Core/Src/vl53l1_register_funcs.c **** 	pdata->system__thresh_rate_low =
 1657              		.loc 1 777 33 view .LVU631
 1658 0062 E081     		strh	r0, [r4, #14]	@ movhi
 779:Core/Src/vl53l1_register_funcs.c **** 	pdata->dss_config__manual_effective_spads_select =
 1659              		.loc 1 779 2 is_stmt 1 view .LVU632
 780:Core/Src/vl53l1_register_funcs.c **** 		(VL53L1_i2c_decode_uint16_t(2, pbuffer +  16));
 1660              		.loc 1 780 4 is_stmt 0 view .LVU633
 1661 0064 05F11001 		add	r1, r5, #16
 1662 0068 0220     		movs	r0, #2
 1663 006a FFF7FEFF 		bl	VL53L1_i2c_decode_uint16_t
 1664              	.LVL104:
 779:Core/Src/vl53l1_register_funcs.c **** 	pdata->dss_config__manual_effective_spads_select =
 1665              		.loc 1 779 51 view .LVU634
 1666 006e 2082     		strh	r0, [r4, #16]	@ movhi
 781:Core/Src/vl53l1_register_funcs.c **** 	pdata->dss_config__manual_block_select =
 1667              		.loc 1 781 2 is_stmt 1 view .LVU635
 1668              		.loc 1 781 41 is_stmt 0 view .LVU636
ARM GAS  C:\Users\Lenovo\AppData\Local\Temp\ccSAMYhL.s 			page 46


 1669 0070 AB7C     		ldrb	r3, [r5, #18]	@ zero_extendqisi2
 1670 0072 A374     		strb	r3, [r4, #18]
 782:Core/Src/vl53l1_register_funcs.c **** 		(*(pbuffer +  18));
 783:Core/Src/vl53l1_register_funcs.c **** 	pdata->dss_config__aperture_attenuation =
 1671              		.loc 1 783 2 is_stmt 1 view .LVU637
 1672              		.loc 1 783 42 is_stmt 0 view .LVU638
 1673 0074 EB7C     		ldrb	r3, [r5, #19]	@ zero_extendqisi2
 1674 0076 E374     		strb	r3, [r4, #19]
 784:Core/Src/vl53l1_register_funcs.c **** 		(*(pbuffer +  19));
 785:Core/Src/vl53l1_register_funcs.c **** 	pdata->dss_config__max_spads_limit =
 1675              		.loc 1 785 2 is_stmt 1 view .LVU639
 1676              		.loc 1 785 37 is_stmt 0 view .LVU640
 1677 0078 2B7D     		ldrb	r3, [r5, #20]	@ zero_extendqisi2
 1678 007a 2375     		strb	r3, [r4, #20]
 786:Core/Src/vl53l1_register_funcs.c **** 		(*(pbuffer +  20));
 787:Core/Src/vl53l1_register_funcs.c **** 	pdata->dss_config__min_spads_limit =
 1679              		.loc 1 787 2 is_stmt 1 view .LVU641
 1680              		.loc 1 787 37 is_stmt 0 view .LVU642
 1681 007c 6B7D     		ldrb	r3, [r5, #21]	@ zero_extendqisi2
 1682 007e 6375     		strb	r3, [r4, #21]
 788:Core/Src/vl53l1_register_funcs.c **** 		(*(pbuffer +  21));
 789:Core/Src/vl53l1_register_funcs.c **** 
 790:Core/Src/vl53l1_register_funcs.c **** 	LOG_FUNCTION_END(status);
 1683              		.loc 1 790 26 is_stmt 1 view .LVU643
 791:Core/Src/vl53l1_register_funcs.c **** 
 792:Core/Src/vl53l1_register_funcs.c **** 	return status;
 1684              		.loc 1 792 2 view .LVU644
 1685              		.loc 1 792 9 is_stmt 0 view .LVU645
 1686 0080 0020     		movs	r0, #0
 793:Core/Src/vl53l1_register_funcs.c **** }
 1687              		.loc 1 793 1 view .LVU646
 1688 0082 38BD     		pop	{r3, r4, r5, pc}
 1689              	.LVL105:
 1690              	.L72:
 1691              	.LCFI35:
 1692              		.cfi_def_cfa_offset 0
 1693              		.cfi_restore 3
 1694              		.cfi_restore 4
 1695              		.cfi_restore 5
 1696              		.cfi_restore 14
 753:Core/Src/vl53l1_register_funcs.c **** 
 1697              		.loc 1 753 10 view .LVU647
 1698 0084 6FF00900 		mvn	r0, #9
 1699              	.LVL106:
 1700              		.loc 1 793 1 view .LVU648
 1701 0088 7047     		bx	lr
 1702              		.cfi_endproc
 1703              	.LFE15:
 1705              		.section	.text.VL53L1_set_general_config,"ax",%progbits
 1706              		.align	1
 1707              		.global	VL53L1_set_general_config
 1708              		.syntax unified
 1709              		.thumb
 1710              		.thumb_func
 1712              	VL53L1_set_general_config:
 1713              	.LVL107:
 1714              	.LFB16:
ARM GAS  C:\Users\Lenovo\AppData\Local\Temp\ccSAMYhL.s 			page 47


 794:Core/Src/vl53l1_register_funcs.c **** 
 795:Core/Src/vl53l1_register_funcs.c **** 
 796:Core/Src/vl53l1_register_funcs.c **** VL53L1_Error VL53L1_set_general_config(
 797:Core/Src/vl53l1_register_funcs.c **** 	VL53L1_DEV                 Dev,
 798:Core/Src/vl53l1_register_funcs.c **** 	VL53L1_general_config_t   *pdata)
 799:Core/Src/vl53l1_register_funcs.c **** {
 1715              		.loc 1 799 1 is_stmt 1 view -0
 1716              		.cfi_startproc
 1717              		@ args = 0, pretend = 0, frame = 24
 1718              		@ frame_needed = 0, uses_anonymous_args = 0
 1719              		.loc 1 799 1 is_stmt 0 view .LVU650
 1720 0000 10B5     		push	{r4, lr}
 1721              	.LCFI36:
 1722              		.cfi_def_cfa_offset 8
 1723              		.cfi_offset 4, -8
 1724              		.cfi_offset 14, -4
 1725 0002 86B0     		sub	sp, sp, #24
 1726              	.LCFI37:
 1727              		.cfi_def_cfa_offset 32
 1728 0004 0446     		mov	r4, r0
 1729 0006 0846     		mov	r0, r1
 1730              	.LVL108:
 800:Core/Src/vl53l1_register_funcs.c **** 	/**
 801:Core/Src/vl53l1_register_funcs.c **** 	 * Serialises and sends the contents of VL53L1_general_config_t
 802:Core/Src/vl53l1_register_funcs.c **** 	 * data structure to the device
 803:Core/Src/vl53l1_register_funcs.c **** 	 */
 804:Core/Src/vl53l1_register_funcs.c **** 
 805:Core/Src/vl53l1_register_funcs.c **** 	VL53L1_Error status = VL53L1_ERROR_NONE;
 1731              		.loc 1 805 2 is_stmt 1 view .LVU651
 806:Core/Src/vl53l1_register_funcs.c **** 	uint8_t comms_buffer[VL53L1_GENERAL_CONFIG_I2C_SIZE_BYTES];
 1732              		.loc 1 806 2 view .LVU652
 807:Core/Src/vl53l1_register_funcs.c **** 
 808:Core/Src/vl53l1_register_funcs.c **** 	LOG_FUNCTION_START("");
 1733              		.loc 1 808 24 view .LVU653
 809:Core/Src/vl53l1_register_funcs.c **** 
 810:Core/Src/vl53l1_register_funcs.c **** 	if (status == VL53L1_ERROR_NONE) /*lint !e774 always true*/
 1734              		.loc 1 810 2 view .LVU654
 811:Core/Src/vl53l1_register_funcs.c **** 		status = VL53L1_i2c_encode_general_config(
 1735              		.loc 1 811 3 view .LVU655
 1736              		.loc 1 811 12 is_stmt 0 view .LVU656
 1737 0008 6A46     		mov	r2, sp
 1738 000a 1621     		movs	r1, #22
 1739              	.LVL109:
 1740              		.loc 1 811 12 view .LVU657
 1741 000c FFF7FEFF 		bl	VL53L1_i2c_encode_general_config
 1742              	.LVL110:
 812:Core/Src/vl53l1_register_funcs.c **** 			pdata,
 813:Core/Src/vl53l1_register_funcs.c **** 			VL53L1_GENERAL_CONFIG_I2C_SIZE_BYTES,
 814:Core/Src/vl53l1_register_funcs.c **** 			comms_buffer);
 815:Core/Src/vl53l1_register_funcs.c **** 
 816:Core/Src/vl53l1_register_funcs.c **** 	if (status == VL53L1_ERROR_NONE)
 1743              		.loc 1 816 2 is_stmt 1 view .LVU658
 1744              		.loc 1 816 5 is_stmt 0 view .LVU659
 1745 0010 08B1     		cbz	r0, .L80
 1746              	.L78:
 1747              	.LVL111:
 817:Core/Src/vl53l1_register_funcs.c **** 		status = VL53L1_WriteMulti(
ARM GAS  C:\Users\Lenovo\AppData\Local\Temp\ccSAMYhL.s 			page 48


 818:Core/Src/vl53l1_register_funcs.c **** 			Dev,
 819:Core/Src/vl53l1_register_funcs.c **** 			VL53L1_GPH_CONFIG__STREAM_COUNT_UPDATE_VALUE,
 820:Core/Src/vl53l1_register_funcs.c **** 			comms_buffer,
 821:Core/Src/vl53l1_register_funcs.c **** 			VL53L1_GENERAL_CONFIG_I2C_SIZE_BYTES);
 822:Core/Src/vl53l1_register_funcs.c **** 
 823:Core/Src/vl53l1_register_funcs.c **** 	LOG_FUNCTION_END(status);
 1748              		.loc 1 823 26 is_stmt 1 view .LVU660
 824:Core/Src/vl53l1_register_funcs.c **** 
 825:Core/Src/vl53l1_register_funcs.c **** 	return status;
 1749              		.loc 1 825 2 view .LVU661
 826:Core/Src/vl53l1_register_funcs.c **** }
 1750              		.loc 1 826 1 is_stmt 0 view .LVU662
 1751 0012 06B0     		add	sp, sp, #24
 1752              	.LCFI38:
 1753              		.cfi_remember_state
 1754              		.cfi_def_cfa_offset 8
 1755              		@ sp needed
 1756 0014 10BD     		pop	{r4, pc}
 1757              	.LVL112:
 1758              	.L80:
 1759              	.LCFI39:
 1760              		.cfi_restore_state
 817:Core/Src/vl53l1_register_funcs.c **** 		status = VL53L1_WriteMulti(
 1761              		.loc 1 817 3 is_stmt 1 view .LVU663
 817:Core/Src/vl53l1_register_funcs.c **** 		status = VL53L1_WriteMulti(
 1762              		.loc 1 817 12 is_stmt 0 view .LVU664
 1763 0016 1623     		movs	r3, #22
 1764 0018 6A46     		mov	r2, sp
 1765 001a 4421     		movs	r1, #68
 1766 001c 2046     		mov	r0, r4
 1767 001e FFF7FEFF 		bl	VL53L1_WriteMulti
 1768              	.LVL113:
 817:Core/Src/vl53l1_register_funcs.c **** 		status = VL53L1_WriteMulti(
 1769              		.loc 1 817 12 view .LVU665
 1770 0022 F6E7     		b	.L78
 1771              		.cfi_endproc
 1772              	.LFE16:
 1774              		.section	.text.VL53L1_i2c_encode_timing_config,"ax",%progbits
 1775              		.align	1
 1776              		.global	VL53L1_i2c_encode_timing_config
 1777              		.syntax unified
 1778              		.thumb
 1779              		.thumb_func
 1781              	VL53L1_i2c_encode_timing_config:
 1782              	.LVL114:
 1783              	.LFB17:
 827:Core/Src/vl53l1_register_funcs.c **** 
 828:Core/Src/vl53l1_register_funcs.c **** 
 829:Core/Src/vl53l1_register_funcs.c **** #ifdef VL53L1_DEBUG
 830:Core/Src/vl53l1_register_funcs.c **** VL53L1_Error VL53L1_get_general_config(
 831:Core/Src/vl53l1_register_funcs.c **** 	VL53L1_DEV                 Dev,
 832:Core/Src/vl53l1_register_funcs.c **** 	VL53L1_general_config_t   *pdata)
 833:Core/Src/vl53l1_register_funcs.c **** {
 834:Core/Src/vl53l1_register_funcs.c **** 	/**
 835:Core/Src/vl53l1_register_funcs.c **** 	 * Reads and de-serialises the contents of VL53L1_general_config_t
 836:Core/Src/vl53l1_register_funcs.c **** 	 * data structure from the device
 837:Core/Src/vl53l1_register_funcs.c **** 	 */
ARM GAS  C:\Users\Lenovo\AppData\Local\Temp\ccSAMYhL.s 			page 49


 838:Core/Src/vl53l1_register_funcs.c **** 
 839:Core/Src/vl53l1_register_funcs.c **** 	VL53L1_Error status = VL53L1_ERROR_NONE;
 840:Core/Src/vl53l1_register_funcs.c **** 	uint8_t comms_buffer[VL53L1_GENERAL_CONFIG_I2C_SIZE_BYTES];
 841:Core/Src/vl53l1_register_funcs.c **** 
 842:Core/Src/vl53l1_register_funcs.c **** 	LOG_FUNCTION_START("");
 843:Core/Src/vl53l1_register_funcs.c **** 
 844:Core/Src/vl53l1_register_funcs.c **** 	if (status == VL53L1_ERROR_NONE) /*lint !e774 always true*/
 845:Core/Src/vl53l1_register_funcs.c **** 		status = VL53L1_ReadMulti(
 846:Core/Src/vl53l1_register_funcs.c **** 			Dev,
 847:Core/Src/vl53l1_register_funcs.c **** 			VL53L1_GPH_CONFIG__STREAM_COUNT_UPDATE_VALUE,
 848:Core/Src/vl53l1_register_funcs.c **** 			comms_buffer,
 849:Core/Src/vl53l1_register_funcs.c **** 			VL53L1_GENERAL_CONFIG_I2C_SIZE_BYTES);
 850:Core/Src/vl53l1_register_funcs.c **** 
 851:Core/Src/vl53l1_register_funcs.c **** 	if (status == VL53L1_ERROR_NONE)
 852:Core/Src/vl53l1_register_funcs.c **** 		status = VL53L1_i2c_decode_general_config(
 853:Core/Src/vl53l1_register_funcs.c **** 			VL53L1_GENERAL_CONFIG_I2C_SIZE_BYTES,
 854:Core/Src/vl53l1_register_funcs.c **** 			comms_buffer,
 855:Core/Src/vl53l1_register_funcs.c **** 			pdata);
 856:Core/Src/vl53l1_register_funcs.c **** 
 857:Core/Src/vl53l1_register_funcs.c **** 	LOG_FUNCTION_END(status);
 858:Core/Src/vl53l1_register_funcs.c **** 
 859:Core/Src/vl53l1_register_funcs.c **** 	return status;
 860:Core/Src/vl53l1_register_funcs.c **** }
 861:Core/Src/vl53l1_register_funcs.c **** #endif
 862:Core/Src/vl53l1_register_funcs.c **** 
 863:Core/Src/vl53l1_register_funcs.c **** 
 864:Core/Src/vl53l1_register_funcs.c **** VL53L1_Error VL53L1_i2c_encode_timing_config(
 865:Core/Src/vl53l1_register_funcs.c **** 	VL53L1_timing_config_t   *pdata,
 866:Core/Src/vl53l1_register_funcs.c **** 	uint16_t                  buf_size,
 867:Core/Src/vl53l1_register_funcs.c **** 	uint8_t                  *pbuffer)
 868:Core/Src/vl53l1_register_funcs.c **** {
 1784              		.loc 1 868 1 is_stmt 1 view -0
 1785              		.cfi_startproc
 1786              		@ args = 0, pretend = 0, frame = 0
 1787              		@ frame_needed = 0, uses_anonymous_args = 0
 869:Core/Src/vl53l1_register_funcs.c **** 	/**
 870:Core/Src/vl53l1_register_funcs.c **** 	 * Encodes data structure VL53L1_timing_config_t into a I2C write buffer
 871:Core/Src/vl53l1_register_funcs.c **** 	 * Buffer must be at least 23 bytes
 872:Core/Src/vl53l1_register_funcs.c **** 	*/
 873:Core/Src/vl53l1_register_funcs.c **** 
 874:Core/Src/vl53l1_register_funcs.c **** 	VL53L1_Error status = VL53L1_ERROR_NONE;
 1788              		.loc 1 874 2 view .LVU667
 875:Core/Src/vl53l1_register_funcs.c **** 
 876:Core/Src/vl53l1_register_funcs.c **** 	LOG_FUNCTION_START("");
 1789              		.loc 1 876 24 view .LVU668
 877:Core/Src/vl53l1_register_funcs.c **** 
 878:Core/Src/vl53l1_register_funcs.c **** 	if (VL53L1_TIMING_CONFIG_I2C_SIZE_BYTES > buf_size)
 1790              		.loc 1 878 2 view .LVU669
 1791              		.loc 1 878 5 is_stmt 0 view .LVU670
 1792 0000 1629     		cmp	r1, #22
 1793 0002 3DD9     		bls	.L83
 868:Core/Src/vl53l1_register_funcs.c **** 	/**
 1794              		.loc 1 868 1 view .LVU671
 1795 0004 38B5     		push	{r3, r4, r5, lr}
 1796              	.LCFI40:
 1797              		.cfi_def_cfa_offset 16
 1798              		.cfi_offset 3, -16
ARM GAS  C:\Users\Lenovo\AppData\Local\Temp\ccSAMYhL.s 			page 50


 1799              		.cfi_offset 4, -12
 1800              		.cfi_offset 5, -8
 1801              		.cfi_offset 14, -4
 1802 0006 0546     		mov	r5, r0
 1803 0008 1446     		mov	r4, r2
 879:Core/Src/vl53l1_register_funcs.c **** 		return VL53L1_ERROR_COMMS_BUFFER_TOO_SMALL;
 880:Core/Src/vl53l1_register_funcs.c **** 
 881:Core/Src/vl53l1_register_funcs.c **** 	*(pbuffer +   0) =
 1804              		.loc 1 881 2 is_stmt 1 view .LVU672
 882:Core/Src/vl53l1_register_funcs.c **** 		pdata->mm_config__timeout_macrop_a_hi & 0xF;
 1805              		.loc 1 882 8 is_stmt 0 view .LVU673
 1806 000a 0378     		ldrb	r3, [r0]	@ zero_extendqisi2
 1807              		.loc 1 882 41 view .LVU674
 1808 000c 03F00F03 		and	r3, r3, #15
 881:Core/Src/vl53l1_register_funcs.c **** 		pdata->mm_config__timeout_macrop_a_hi & 0xF;
 1809              		.loc 1 881 19 view .LVU675
 1810 0010 1370     		strb	r3, [r2]
 883:Core/Src/vl53l1_register_funcs.c **** 	*(pbuffer +   1) =
 1811              		.loc 1 883 2 is_stmt 1 view .LVU676
 884:Core/Src/vl53l1_register_funcs.c **** 		pdata->mm_config__timeout_macrop_a_lo;
 1812              		.loc 1 884 8 is_stmt 0 view .LVU677
 1813 0012 4378     		ldrb	r3, [r0, #1]	@ zero_extendqisi2
 883:Core/Src/vl53l1_register_funcs.c **** 	*(pbuffer +   1) =
 1814              		.loc 1 883 19 view .LVU678
 1815 0014 5370     		strb	r3, [r2, #1]
 885:Core/Src/vl53l1_register_funcs.c **** 	*(pbuffer +   2) =
 1816              		.loc 1 885 2 is_stmt 1 view .LVU679
 886:Core/Src/vl53l1_register_funcs.c **** 		pdata->mm_config__timeout_macrop_b_hi & 0xF;
 1817              		.loc 1 886 8 is_stmt 0 view .LVU680
 1818 0016 8378     		ldrb	r3, [r0, #2]	@ zero_extendqisi2
 1819              		.loc 1 886 41 view .LVU681
 1820 0018 03F00F03 		and	r3, r3, #15
 885:Core/Src/vl53l1_register_funcs.c **** 	*(pbuffer +   2) =
 1821              		.loc 1 885 19 view .LVU682
 1822 001c 9370     		strb	r3, [r2, #2]
 887:Core/Src/vl53l1_register_funcs.c **** 	*(pbuffer +   3) =
 1823              		.loc 1 887 2 is_stmt 1 view .LVU683
 888:Core/Src/vl53l1_register_funcs.c **** 		pdata->mm_config__timeout_macrop_b_lo;
 1824              		.loc 1 888 8 is_stmt 0 view .LVU684
 1825 001e C378     		ldrb	r3, [r0, #3]	@ zero_extendqisi2
 887:Core/Src/vl53l1_register_funcs.c **** 	*(pbuffer +   3) =
 1826              		.loc 1 887 19 view .LVU685
 1827 0020 D370     		strb	r3, [r2, #3]
 889:Core/Src/vl53l1_register_funcs.c **** 	*(pbuffer +   4) =
 1828              		.loc 1 889 2 is_stmt 1 view .LVU686
 890:Core/Src/vl53l1_register_funcs.c **** 		pdata->range_config__timeout_macrop_a_hi & 0xF;
 1829              		.loc 1 890 8 is_stmt 0 view .LVU687
 1830 0022 0379     		ldrb	r3, [r0, #4]	@ zero_extendqisi2
 1831              		.loc 1 890 44 view .LVU688
 1832 0024 03F00F03 		and	r3, r3, #15
 889:Core/Src/vl53l1_register_funcs.c **** 	*(pbuffer +   4) =
 1833              		.loc 1 889 19 view .LVU689
 1834 0028 1371     		strb	r3, [r2, #4]
 891:Core/Src/vl53l1_register_funcs.c **** 	*(pbuffer +   5) =
 1835              		.loc 1 891 2 is_stmt 1 view .LVU690
 892:Core/Src/vl53l1_register_funcs.c **** 		pdata->range_config__timeout_macrop_a_lo;
 1836              		.loc 1 892 8 is_stmt 0 view .LVU691
ARM GAS  C:\Users\Lenovo\AppData\Local\Temp\ccSAMYhL.s 			page 51


 1837 002a 4379     		ldrb	r3, [r0, #5]	@ zero_extendqisi2
 891:Core/Src/vl53l1_register_funcs.c **** 	*(pbuffer +   5) =
 1838              		.loc 1 891 19 view .LVU692
 1839 002c 5371     		strb	r3, [r2, #5]
 893:Core/Src/vl53l1_register_funcs.c **** 	*(pbuffer +   6) =
 1840              		.loc 1 893 2 is_stmt 1 view .LVU693
 894:Core/Src/vl53l1_register_funcs.c **** 		pdata->range_config__vcsel_period_a & 0x3F;
 1841              		.loc 1 894 8 is_stmt 0 view .LVU694
 1842 002e 8379     		ldrb	r3, [r0, #6]	@ zero_extendqisi2
 1843              		.loc 1 894 39 view .LVU695
 1844 0030 03F03F03 		and	r3, r3, #63
 893:Core/Src/vl53l1_register_funcs.c **** 	*(pbuffer +   6) =
 1845              		.loc 1 893 19 view .LVU696
 1846 0034 9371     		strb	r3, [r2, #6]
 895:Core/Src/vl53l1_register_funcs.c **** 	*(pbuffer +   7) =
 1847              		.loc 1 895 2 is_stmt 1 view .LVU697
 896:Core/Src/vl53l1_register_funcs.c **** 		pdata->range_config__timeout_macrop_b_hi & 0xF;
 1848              		.loc 1 896 8 is_stmt 0 view .LVU698
 1849 0036 C379     		ldrb	r3, [r0, #7]	@ zero_extendqisi2
 1850              		.loc 1 896 44 view .LVU699
 1851 0038 03F00F03 		and	r3, r3, #15
 895:Core/Src/vl53l1_register_funcs.c **** 	*(pbuffer +   7) =
 1852              		.loc 1 895 19 view .LVU700
 1853 003c D371     		strb	r3, [r2, #7]
 897:Core/Src/vl53l1_register_funcs.c **** 	*(pbuffer +   8) =
 1854              		.loc 1 897 2 is_stmt 1 view .LVU701
 898:Core/Src/vl53l1_register_funcs.c **** 		pdata->range_config__timeout_macrop_b_lo;
 1855              		.loc 1 898 8 is_stmt 0 view .LVU702
 1856 003e 037A     		ldrb	r3, [r0, #8]	@ zero_extendqisi2
 897:Core/Src/vl53l1_register_funcs.c **** 	*(pbuffer +   8) =
 1857              		.loc 1 897 19 view .LVU703
 1858 0040 1372     		strb	r3, [r2, #8]
 899:Core/Src/vl53l1_register_funcs.c **** 	*(pbuffer +   9) =
 1859              		.loc 1 899 2 is_stmt 1 view .LVU704
 900:Core/Src/vl53l1_register_funcs.c **** 		pdata->range_config__vcsel_period_b & 0x3F;
 1860              		.loc 1 900 8 is_stmt 0 view .LVU705
 1861 0042 437A     		ldrb	r3, [r0, #9]	@ zero_extendqisi2
 1862              		.loc 1 900 39 view .LVU706
 1863 0044 03F03F03 		and	r3, r3, #63
 899:Core/Src/vl53l1_register_funcs.c **** 	*(pbuffer +   9) =
 1864              		.loc 1 899 19 view .LVU707
 1865 0048 5372     		strb	r3, [r2, #9]
 901:Core/Src/vl53l1_register_funcs.c **** 	VL53L1_i2c_encode_uint16_t(
 1866              		.loc 1 901 2 is_stmt 1 view .LVU708
 1867 004a 0A32     		adds	r2, r2, #10
 1868              	.LVL115:
 1869              		.loc 1 901 2 is_stmt 0 view .LVU709
 1870 004c 0221     		movs	r1, #2
 1871              	.LVL116:
 1872              		.loc 1 901 2 view .LVU710
 1873 004e 4089     		ldrh	r0, [r0, #10]
 1874              	.LVL117:
 1875              		.loc 1 901 2 view .LVU711
 1876 0050 FFF7FEFF 		bl	VL53L1_i2c_encode_uint16_t
 1877              	.LVL118:
 902:Core/Src/vl53l1_register_funcs.c **** 		pdata->range_config__sigma_thresh,
 903:Core/Src/vl53l1_register_funcs.c **** 		2,
ARM GAS  C:\Users\Lenovo\AppData\Local\Temp\ccSAMYhL.s 			page 52


 904:Core/Src/vl53l1_register_funcs.c **** 		pbuffer +  10);
 905:Core/Src/vl53l1_register_funcs.c **** 	VL53L1_i2c_encode_uint16_t(
 1878              		.loc 1 905 2 is_stmt 1 view .LVU712
 1879 0054 04F10C02 		add	r2, r4, #12
 1880 0058 0221     		movs	r1, #2
 1881 005a A889     		ldrh	r0, [r5, #12]
 1882 005c FFF7FEFF 		bl	VL53L1_i2c_encode_uint16_t
 1883              	.LVL119:
 906:Core/Src/vl53l1_register_funcs.c **** 		pdata->range_config__min_count_rate_rtn_limit_mcps,
 907:Core/Src/vl53l1_register_funcs.c **** 		2,
 908:Core/Src/vl53l1_register_funcs.c **** 		pbuffer +  12);
 909:Core/Src/vl53l1_register_funcs.c **** 	*(pbuffer +  14) =
 1884              		.loc 1 909 2 view .LVU713
 910:Core/Src/vl53l1_register_funcs.c **** 		pdata->range_config__valid_phase_low;
 1885              		.loc 1 910 8 is_stmt 0 view .LVU714
 1886 0060 AB7B     		ldrb	r3, [r5, #14]	@ zero_extendqisi2
 909:Core/Src/vl53l1_register_funcs.c **** 		pdata->range_config__valid_phase_low;
 1887              		.loc 1 909 19 view .LVU715
 1888 0062 A373     		strb	r3, [r4, #14]
 911:Core/Src/vl53l1_register_funcs.c **** 	*(pbuffer +  15) =
 1889              		.loc 1 911 2 is_stmt 1 view .LVU716
 912:Core/Src/vl53l1_register_funcs.c **** 		pdata->range_config__valid_phase_high;
 1890              		.loc 1 912 8 is_stmt 0 view .LVU717
 1891 0064 EB7B     		ldrb	r3, [r5, #15]	@ zero_extendqisi2
 911:Core/Src/vl53l1_register_funcs.c **** 	*(pbuffer +  15) =
 1892              		.loc 1 911 19 view .LVU718
 1893 0066 E373     		strb	r3, [r4, #15]
 913:Core/Src/vl53l1_register_funcs.c **** 	VL53L1_i2c_encode_uint32_t(
 1894              		.loc 1 913 2 is_stmt 1 view .LVU719
 1895 0068 04F11202 		add	r2, r4, #18
 1896 006c 0421     		movs	r1, #4
 1897 006e 2869     		ldr	r0, [r5, #16]
 1898 0070 FFF7FEFF 		bl	VL53L1_i2c_encode_uint32_t
 1899              	.LVL120:
 914:Core/Src/vl53l1_register_funcs.c **** 		pdata->system__intermeasurement_period,
 915:Core/Src/vl53l1_register_funcs.c **** 		4,
 916:Core/Src/vl53l1_register_funcs.c **** 		pbuffer +  18);
 917:Core/Src/vl53l1_register_funcs.c **** 	*(pbuffer +  22) =
 1900              		.loc 1 917 2 view .LVU720
 918:Core/Src/vl53l1_register_funcs.c **** 		pdata->system__fractional_enable & 0x1;
 1901              		.loc 1 918 8 is_stmt 0 view .LVU721
 1902 0074 2B7D     		ldrb	r3, [r5, #20]	@ zero_extendqisi2
 1903              		.loc 1 918 36 view .LVU722
 1904 0076 03F00103 		and	r3, r3, #1
 917:Core/Src/vl53l1_register_funcs.c **** 		pdata->system__fractional_enable & 0x1;
 1905              		.loc 1 917 19 view .LVU723
 1906 007a A375     		strb	r3, [r4, #22]
 919:Core/Src/vl53l1_register_funcs.c **** 	LOG_FUNCTION_END(status);
 1907              		.loc 1 919 26 is_stmt 1 view .LVU724
 920:Core/Src/vl53l1_register_funcs.c **** 
 921:Core/Src/vl53l1_register_funcs.c **** 
 922:Core/Src/vl53l1_register_funcs.c **** 	return status;
 1908              		.loc 1 922 2 view .LVU725
 1909              		.loc 1 922 9 is_stmt 0 view .LVU726
 1910 007c 0020     		movs	r0, #0
 923:Core/Src/vl53l1_register_funcs.c **** }
 1911              		.loc 1 923 1 view .LVU727
ARM GAS  C:\Users\Lenovo\AppData\Local\Temp\ccSAMYhL.s 			page 53


 1912 007e 38BD     		pop	{r3, r4, r5, pc}
 1913              	.LVL121:
 1914              	.L83:
 1915              	.LCFI41:
 1916              		.cfi_def_cfa_offset 0
 1917              		.cfi_restore 3
 1918              		.cfi_restore 4
 1919              		.cfi_restore 5
 1920              		.cfi_restore 14
 879:Core/Src/vl53l1_register_funcs.c **** 
 1921              		.loc 1 879 10 view .LVU728
 1922 0080 6FF00900 		mvn	r0, #9
 1923              	.LVL122:
 1924              		.loc 1 923 1 view .LVU729
 1925 0084 7047     		bx	lr
 1926              		.cfi_endproc
 1927              	.LFE17:
 1929              		.section	.text.VL53L1_i2c_encode_dynamic_config,"ax",%progbits
 1930              		.align	1
 1931              		.global	VL53L1_i2c_encode_dynamic_config
 1932              		.syntax unified
 1933              		.thumb
 1934              		.thumb_func
 1936              	VL53L1_i2c_encode_dynamic_config:
 1937              	.LVL123:
 1938              	.LFB18:
 924:Core/Src/vl53l1_register_funcs.c **** 
 925:Core/Src/vl53l1_register_funcs.c **** 
 926:Core/Src/vl53l1_register_funcs.c **** #ifdef PAL_EXTENDED
 927:Core/Src/vl53l1_register_funcs.c **** VL53L1_Error VL53L1_i2c_decode_timing_config(
 928:Core/Src/vl53l1_register_funcs.c **** 	uint16_t                   buf_size,
 929:Core/Src/vl53l1_register_funcs.c **** 	uint8_t                   *pbuffer,
 930:Core/Src/vl53l1_register_funcs.c **** 	VL53L1_timing_config_t    *pdata)
 931:Core/Src/vl53l1_register_funcs.c **** {
 932:Core/Src/vl53l1_register_funcs.c **** 	/**
 933:Core/Src/vl53l1_register_funcs.c **** 	 * Decodes data structure VL53L1_timing_config_t from the input I2C read buffer
 934:Core/Src/vl53l1_register_funcs.c **** 	 * Buffer must be at least 23 bytes
 935:Core/Src/vl53l1_register_funcs.c **** 	*/
 936:Core/Src/vl53l1_register_funcs.c **** 
 937:Core/Src/vl53l1_register_funcs.c **** 	VL53L1_Error status = VL53L1_ERROR_NONE;
 938:Core/Src/vl53l1_register_funcs.c **** 
 939:Core/Src/vl53l1_register_funcs.c **** 	LOG_FUNCTION_START("");
 940:Core/Src/vl53l1_register_funcs.c **** 
 941:Core/Src/vl53l1_register_funcs.c **** 	if (VL53L1_TIMING_CONFIG_I2C_SIZE_BYTES > buf_size)
 942:Core/Src/vl53l1_register_funcs.c **** 		return VL53L1_ERROR_COMMS_BUFFER_TOO_SMALL;
 943:Core/Src/vl53l1_register_funcs.c **** 
 944:Core/Src/vl53l1_register_funcs.c **** 	pdata->mm_config__timeout_macrop_a_hi =
 945:Core/Src/vl53l1_register_funcs.c **** 		(*(pbuffer +   0)) & 0xF;
 946:Core/Src/vl53l1_register_funcs.c **** 	pdata->mm_config__timeout_macrop_a_lo =
 947:Core/Src/vl53l1_register_funcs.c **** 		(*(pbuffer +   1));
 948:Core/Src/vl53l1_register_funcs.c **** 	pdata->mm_config__timeout_macrop_b_hi =
 949:Core/Src/vl53l1_register_funcs.c **** 		(*(pbuffer +   2)) & 0xF;
 950:Core/Src/vl53l1_register_funcs.c **** 	pdata->mm_config__timeout_macrop_b_lo =
 951:Core/Src/vl53l1_register_funcs.c **** 		(*(pbuffer +   3));
 952:Core/Src/vl53l1_register_funcs.c **** 	pdata->range_config__timeout_macrop_a_hi =
 953:Core/Src/vl53l1_register_funcs.c **** 		(*(pbuffer +   4)) & 0xF;
 954:Core/Src/vl53l1_register_funcs.c **** 	pdata->range_config__timeout_macrop_a_lo =
ARM GAS  C:\Users\Lenovo\AppData\Local\Temp\ccSAMYhL.s 			page 54


 955:Core/Src/vl53l1_register_funcs.c **** 		(*(pbuffer +   5));
 956:Core/Src/vl53l1_register_funcs.c **** 	pdata->range_config__vcsel_period_a =
 957:Core/Src/vl53l1_register_funcs.c **** 		(*(pbuffer +   6)) & 0x3F;
 958:Core/Src/vl53l1_register_funcs.c **** 	pdata->range_config__timeout_macrop_b_hi =
 959:Core/Src/vl53l1_register_funcs.c **** 		(*(pbuffer +   7)) & 0xF;
 960:Core/Src/vl53l1_register_funcs.c **** 	pdata->range_config__timeout_macrop_b_lo =
 961:Core/Src/vl53l1_register_funcs.c **** 		(*(pbuffer +   8));
 962:Core/Src/vl53l1_register_funcs.c **** 	pdata->range_config__vcsel_period_b =
 963:Core/Src/vl53l1_register_funcs.c **** 		(*(pbuffer +   9)) & 0x3F;
 964:Core/Src/vl53l1_register_funcs.c **** 	pdata->range_config__sigma_thresh =
 965:Core/Src/vl53l1_register_funcs.c **** 		(VL53L1_i2c_decode_uint16_t(2, pbuffer +  10));
 966:Core/Src/vl53l1_register_funcs.c **** 	pdata->range_config__min_count_rate_rtn_limit_mcps =
 967:Core/Src/vl53l1_register_funcs.c **** 		(VL53L1_i2c_decode_uint16_t(2, pbuffer +  12));
 968:Core/Src/vl53l1_register_funcs.c **** 	pdata->range_config__valid_phase_low =
 969:Core/Src/vl53l1_register_funcs.c **** 		(*(pbuffer +  14));
 970:Core/Src/vl53l1_register_funcs.c **** 	pdata->range_config__valid_phase_high =
 971:Core/Src/vl53l1_register_funcs.c **** 		(*(pbuffer +  15));
 972:Core/Src/vl53l1_register_funcs.c **** 	pdata->system__intermeasurement_period =
 973:Core/Src/vl53l1_register_funcs.c **** 		(VL53L1_i2c_decode_uint32_t(4, pbuffer +  18));
 974:Core/Src/vl53l1_register_funcs.c **** 	pdata->system__fractional_enable =
 975:Core/Src/vl53l1_register_funcs.c **** 		(*(pbuffer +  22)) & 0x1;
 976:Core/Src/vl53l1_register_funcs.c **** 
 977:Core/Src/vl53l1_register_funcs.c **** 	LOG_FUNCTION_END(status);
 978:Core/Src/vl53l1_register_funcs.c **** 
 979:Core/Src/vl53l1_register_funcs.c **** 	return status;
 980:Core/Src/vl53l1_register_funcs.c **** }
 981:Core/Src/vl53l1_register_funcs.c **** #endif
 982:Core/Src/vl53l1_register_funcs.c **** 
 983:Core/Src/vl53l1_register_funcs.c **** 
 984:Core/Src/vl53l1_register_funcs.c **** #ifdef PAL_EXTENDED
 985:Core/Src/vl53l1_register_funcs.c **** VL53L1_Error VL53L1_set_timing_config(
 986:Core/Src/vl53l1_register_funcs.c **** 	VL53L1_DEV                 Dev,
 987:Core/Src/vl53l1_register_funcs.c **** 	VL53L1_timing_config_t    *pdata)
 988:Core/Src/vl53l1_register_funcs.c **** {
 989:Core/Src/vl53l1_register_funcs.c **** 	/**
 990:Core/Src/vl53l1_register_funcs.c **** 	 * Serialises and sends the contents of VL53L1_timing_config_t
 991:Core/Src/vl53l1_register_funcs.c **** 	 * data structure to the device
 992:Core/Src/vl53l1_register_funcs.c **** 	 */
 993:Core/Src/vl53l1_register_funcs.c **** 
 994:Core/Src/vl53l1_register_funcs.c **** 	VL53L1_Error status = VL53L1_ERROR_NONE;
 995:Core/Src/vl53l1_register_funcs.c **** 	uint8_t comms_buffer[VL53L1_TIMING_CONFIG_I2C_SIZE_BYTES];
 996:Core/Src/vl53l1_register_funcs.c **** 
 997:Core/Src/vl53l1_register_funcs.c **** 	LOG_FUNCTION_START("");
 998:Core/Src/vl53l1_register_funcs.c **** 
 999:Core/Src/vl53l1_register_funcs.c **** 	if (status == VL53L1_ERROR_NONE) /*lint !e774 always true*/
1000:Core/Src/vl53l1_register_funcs.c **** 		status = VL53L1_i2c_encode_timing_config(
1001:Core/Src/vl53l1_register_funcs.c **** 			pdata,
1002:Core/Src/vl53l1_register_funcs.c **** 			VL53L1_TIMING_CONFIG_I2C_SIZE_BYTES,
1003:Core/Src/vl53l1_register_funcs.c **** 			comms_buffer);
1004:Core/Src/vl53l1_register_funcs.c **** 
1005:Core/Src/vl53l1_register_funcs.c **** 	if (status == VL53L1_ERROR_NONE)
1006:Core/Src/vl53l1_register_funcs.c **** 		status = VL53L1_WriteMulti(
1007:Core/Src/vl53l1_register_funcs.c **** 			Dev,
1008:Core/Src/vl53l1_register_funcs.c **** 			VL53L1_MM_CONFIG__TIMEOUT_MACROP_A_HI,
1009:Core/Src/vl53l1_register_funcs.c **** 			comms_buffer,
1010:Core/Src/vl53l1_register_funcs.c **** 			VL53L1_TIMING_CONFIG_I2C_SIZE_BYTES);
1011:Core/Src/vl53l1_register_funcs.c **** 
ARM GAS  C:\Users\Lenovo\AppData\Local\Temp\ccSAMYhL.s 			page 55


1012:Core/Src/vl53l1_register_funcs.c **** 	LOG_FUNCTION_END(status);
1013:Core/Src/vl53l1_register_funcs.c **** 
1014:Core/Src/vl53l1_register_funcs.c **** 	return status;
1015:Core/Src/vl53l1_register_funcs.c **** }
1016:Core/Src/vl53l1_register_funcs.c **** #endif
1017:Core/Src/vl53l1_register_funcs.c **** 
1018:Core/Src/vl53l1_register_funcs.c **** 
1019:Core/Src/vl53l1_register_funcs.c **** #ifdef VL53L1_DEBUG
1020:Core/Src/vl53l1_register_funcs.c **** VL53L1_Error VL53L1_get_timing_config(
1021:Core/Src/vl53l1_register_funcs.c **** 	VL53L1_DEV                 Dev,
1022:Core/Src/vl53l1_register_funcs.c **** 	VL53L1_timing_config_t    *pdata)
1023:Core/Src/vl53l1_register_funcs.c **** {
1024:Core/Src/vl53l1_register_funcs.c **** 	/**
1025:Core/Src/vl53l1_register_funcs.c **** 	 * Reads and de-serialises the contents of VL53L1_timing_config_t
1026:Core/Src/vl53l1_register_funcs.c **** 	 * data structure from the device
1027:Core/Src/vl53l1_register_funcs.c **** 	 */
1028:Core/Src/vl53l1_register_funcs.c **** 
1029:Core/Src/vl53l1_register_funcs.c **** 	VL53L1_Error status = VL53L1_ERROR_NONE;
1030:Core/Src/vl53l1_register_funcs.c **** 	uint8_t comms_buffer[VL53L1_TIMING_CONFIG_I2C_SIZE_BYTES];
1031:Core/Src/vl53l1_register_funcs.c **** 
1032:Core/Src/vl53l1_register_funcs.c **** 	LOG_FUNCTION_START("");
1033:Core/Src/vl53l1_register_funcs.c **** 
1034:Core/Src/vl53l1_register_funcs.c **** 	if (status == VL53L1_ERROR_NONE) /*lint !e774 always true*/
1035:Core/Src/vl53l1_register_funcs.c **** 		status = VL53L1_ReadMulti(
1036:Core/Src/vl53l1_register_funcs.c **** 			Dev,
1037:Core/Src/vl53l1_register_funcs.c **** 			VL53L1_MM_CONFIG__TIMEOUT_MACROP_A_HI,
1038:Core/Src/vl53l1_register_funcs.c **** 			comms_buffer,
1039:Core/Src/vl53l1_register_funcs.c **** 			VL53L1_TIMING_CONFIG_I2C_SIZE_BYTES);
1040:Core/Src/vl53l1_register_funcs.c **** 
1041:Core/Src/vl53l1_register_funcs.c **** 	if (status == VL53L1_ERROR_NONE)
1042:Core/Src/vl53l1_register_funcs.c **** 		status = VL53L1_i2c_decode_timing_config(
1043:Core/Src/vl53l1_register_funcs.c **** 			VL53L1_TIMING_CONFIG_I2C_SIZE_BYTES,
1044:Core/Src/vl53l1_register_funcs.c **** 			comms_buffer,
1045:Core/Src/vl53l1_register_funcs.c **** 			pdata);
1046:Core/Src/vl53l1_register_funcs.c **** 
1047:Core/Src/vl53l1_register_funcs.c **** 	LOG_FUNCTION_END(status);
1048:Core/Src/vl53l1_register_funcs.c **** 
1049:Core/Src/vl53l1_register_funcs.c **** 	return status;
1050:Core/Src/vl53l1_register_funcs.c **** }
1051:Core/Src/vl53l1_register_funcs.c **** #endif
1052:Core/Src/vl53l1_register_funcs.c **** 
1053:Core/Src/vl53l1_register_funcs.c **** 
1054:Core/Src/vl53l1_register_funcs.c **** VL53L1_Error VL53L1_i2c_encode_dynamic_config(
1055:Core/Src/vl53l1_register_funcs.c **** 	VL53L1_dynamic_config_t  *pdata,
1056:Core/Src/vl53l1_register_funcs.c **** 	uint16_t                  buf_size,
1057:Core/Src/vl53l1_register_funcs.c **** 	uint8_t                  *pbuffer)
1058:Core/Src/vl53l1_register_funcs.c **** {
 1939              		.loc 1 1058 1 is_stmt 1 view -0
 1940              		.cfi_startproc
 1941              		@ args = 0, pretend = 0, frame = 0
 1942              		@ frame_needed = 0, uses_anonymous_args = 0
1059:Core/Src/vl53l1_register_funcs.c **** 	/**
1060:Core/Src/vl53l1_register_funcs.c **** 	 * Encodes data structure VL53L1_dynamic_config_t into a I2C write buffer
1061:Core/Src/vl53l1_register_funcs.c **** 	 * Buffer must be at least 18 bytes
1062:Core/Src/vl53l1_register_funcs.c **** 	*/
1063:Core/Src/vl53l1_register_funcs.c **** 
1064:Core/Src/vl53l1_register_funcs.c **** 	VL53L1_Error status = VL53L1_ERROR_NONE;
ARM GAS  C:\Users\Lenovo\AppData\Local\Temp\ccSAMYhL.s 			page 56


 1943              		.loc 1 1064 2 view .LVU731
1065:Core/Src/vl53l1_register_funcs.c **** 
1066:Core/Src/vl53l1_register_funcs.c **** 	LOG_FUNCTION_START("");
 1944              		.loc 1 1066 24 view .LVU732
1067:Core/Src/vl53l1_register_funcs.c **** 
1068:Core/Src/vl53l1_register_funcs.c **** 	if (VL53L1_DYNAMIC_CONFIG_I2C_SIZE_BYTES > buf_size)
 1945              		.loc 1 1068 2 view .LVU733
 1946              		.loc 1 1068 5 is_stmt 0 view .LVU734
 1947 0000 1129     		cmp	r1, #17
 1948 0002 3CD9     		bls	.L90
1058:Core/Src/vl53l1_register_funcs.c **** 	/**
 1949              		.loc 1 1058 1 view .LVU735
 1950 0004 38B5     		push	{r3, r4, r5, lr}
 1951              	.LCFI42:
 1952              		.cfi_def_cfa_offset 16
 1953              		.cfi_offset 3, -16
 1954              		.cfi_offset 4, -12
 1955              		.cfi_offset 5, -8
 1956              		.cfi_offset 14, -4
 1957 0006 0446     		mov	r4, r0
 1958 0008 1546     		mov	r5, r2
1069:Core/Src/vl53l1_register_funcs.c **** 		return VL53L1_ERROR_COMMS_BUFFER_TOO_SMALL;
1070:Core/Src/vl53l1_register_funcs.c **** 
1071:Core/Src/vl53l1_register_funcs.c **** 	*(pbuffer +   0) =
 1959              		.loc 1 1071 2 is_stmt 1 view .LVU736
1072:Core/Src/vl53l1_register_funcs.c **** 		pdata->system__grouped_parameter_hold_0 & 0x3;
 1960              		.loc 1 1072 8 is_stmt 0 view .LVU737
 1961 000a 0378     		ldrb	r3, [r0]	@ zero_extendqisi2
 1962              		.loc 1 1072 43 view .LVU738
 1963 000c 03F00303 		and	r3, r3, #3
1071:Core/Src/vl53l1_register_funcs.c **** 		pdata->system__grouped_parameter_hold_0 & 0x3;
 1964              		.loc 1 1071 19 view .LVU739
 1965 0010 02F8013B 		strb	r3, [r2], #1
 1966              	.LVL124:
1073:Core/Src/vl53l1_register_funcs.c **** 	VL53L1_i2c_encode_uint16_t(
 1967              		.loc 1 1073 2 is_stmt 1 view .LVU740
 1968 0014 0221     		movs	r1, #2
 1969              	.LVL125:
 1970              		.loc 1 1073 2 is_stmt 0 view .LVU741
 1971 0016 4088     		ldrh	r0, [r0, #2]
 1972              	.LVL126:
 1973              		.loc 1 1073 2 view .LVU742
 1974 0018 FFF7FEFF 		bl	VL53L1_i2c_encode_uint16_t
 1975              	.LVL127:
1074:Core/Src/vl53l1_register_funcs.c **** 		pdata->system__thresh_high,
1075:Core/Src/vl53l1_register_funcs.c **** 		2,
1076:Core/Src/vl53l1_register_funcs.c **** 		pbuffer +   1);
1077:Core/Src/vl53l1_register_funcs.c **** 	VL53L1_i2c_encode_uint16_t(
 1976              		.loc 1 1077 2 is_stmt 1 view .LVU743
 1977 001c EA1C     		adds	r2, r5, #3
 1978 001e 0221     		movs	r1, #2
 1979 0020 A088     		ldrh	r0, [r4, #4]
 1980 0022 FFF7FEFF 		bl	VL53L1_i2c_encode_uint16_t
 1981              	.LVL128:
1078:Core/Src/vl53l1_register_funcs.c **** 		pdata->system__thresh_low,
1079:Core/Src/vl53l1_register_funcs.c **** 		2,
1080:Core/Src/vl53l1_register_funcs.c **** 		pbuffer +   3);
ARM GAS  C:\Users\Lenovo\AppData\Local\Temp\ccSAMYhL.s 			page 57


1081:Core/Src/vl53l1_register_funcs.c **** 	*(pbuffer +   5) =
 1982              		.loc 1 1081 2 view .LVU744
1082:Core/Src/vl53l1_register_funcs.c **** 		pdata->system__enable_xtalk_per_quadrant & 0x1;
 1983              		.loc 1 1082 8 is_stmt 0 view .LVU745
 1984 0026 A379     		ldrb	r3, [r4, #6]	@ zero_extendqisi2
 1985              		.loc 1 1082 44 view .LVU746
 1986 0028 03F00103 		and	r3, r3, #1
1081:Core/Src/vl53l1_register_funcs.c **** 		pdata->system__enable_xtalk_per_quadrant & 0x1;
 1987              		.loc 1 1081 19 view .LVU747
 1988 002c 6B71     		strb	r3, [r5, #5]
1083:Core/Src/vl53l1_register_funcs.c **** 	*(pbuffer +   6) =
 1989              		.loc 1 1083 2 is_stmt 1 view .LVU748
1084:Core/Src/vl53l1_register_funcs.c **** 		pdata->system__seed_config & 0x7;
 1990              		.loc 1 1084 8 is_stmt 0 view .LVU749
 1991 002e E379     		ldrb	r3, [r4, #7]	@ zero_extendqisi2
 1992              		.loc 1 1084 30 view .LVU750
 1993 0030 03F00703 		and	r3, r3, #7
1083:Core/Src/vl53l1_register_funcs.c **** 	*(pbuffer +   6) =
 1994              		.loc 1 1083 19 view .LVU751
 1995 0034 AB71     		strb	r3, [r5, #6]
1085:Core/Src/vl53l1_register_funcs.c **** 	*(pbuffer +   7) =
 1996              		.loc 1 1085 2 is_stmt 1 view .LVU752
1086:Core/Src/vl53l1_register_funcs.c **** 		pdata->sd_config__woi_sd0;
 1997              		.loc 1 1086 8 is_stmt 0 view .LVU753
 1998 0036 237A     		ldrb	r3, [r4, #8]	@ zero_extendqisi2
1085:Core/Src/vl53l1_register_funcs.c **** 	*(pbuffer +   7) =
 1999              		.loc 1 1085 19 view .LVU754
 2000 0038 EB71     		strb	r3, [r5, #7]
1087:Core/Src/vl53l1_register_funcs.c **** 	*(pbuffer +   8) =
 2001              		.loc 1 1087 2 is_stmt 1 view .LVU755
1088:Core/Src/vl53l1_register_funcs.c **** 		pdata->sd_config__woi_sd1;
 2002              		.loc 1 1088 8 is_stmt 0 view .LVU756
 2003 003a 637A     		ldrb	r3, [r4, #9]	@ zero_extendqisi2
1087:Core/Src/vl53l1_register_funcs.c **** 	*(pbuffer +   8) =
 2004              		.loc 1 1087 19 view .LVU757
 2005 003c 2B72     		strb	r3, [r5, #8]
1089:Core/Src/vl53l1_register_funcs.c **** 	*(pbuffer +   9) =
 2006              		.loc 1 1089 2 is_stmt 1 view .LVU758
1090:Core/Src/vl53l1_register_funcs.c **** 		pdata->sd_config__initial_phase_sd0 & 0x7F;
 2007              		.loc 1 1090 8 is_stmt 0 view .LVU759
 2008 003e A37A     		ldrb	r3, [r4, #10]	@ zero_extendqisi2
 2009              		.loc 1 1090 39 view .LVU760
 2010 0040 03F07F03 		and	r3, r3, #127
1089:Core/Src/vl53l1_register_funcs.c **** 	*(pbuffer +   9) =
 2011              		.loc 1 1089 19 view .LVU761
 2012 0044 6B72     		strb	r3, [r5, #9]
1091:Core/Src/vl53l1_register_funcs.c **** 	*(pbuffer +  10) =
 2013              		.loc 1 1091 2 is_stmt 1 view .LVU762
1092:Core/Src/vl53l1_register_funcs.c **** 		pdata->sd_config__initial_phase_sd1 & 0x7F;
 2014              		.loc 1 1092 8 is_stmt 0 view .LVU763
 2015 0046 E37A     		ldrb	r3, [r4, #11]	@ zero_extendqisi2
 2016              		.loc 1 1092 39 view .LVU764
 2017 0048 03F07F03 		and	r3, r3, #127
1091:Core/Src/vl53l1_register_funcs.c **** 	*(pbuffer +  10) =
 2018              		.loc 1 1091 19 view .LVU765
 2019 004c AB72     		strb	r3, [r5, #10]
1093:Core/Src/vl53l1_register_funcs.c **** 	*(pbuffer +  11) =
ARM GAS  C:\Users\Lenovo\AppData\Local\Temp\ccSAMYhL.s 			page 58


 2020              		.loc 1 1093 2 is_stmt 1 view .LVU766
1094:Core/Src/vl53l1_register_funcs.c **** 		pdata->system__grouped_parameter_hold_1 & 0x3;
 2021              		.loc 1 1094 8 is_stmt 0 view .LVU767
 2022 004e 237B     		ldrb	r3, [r4, #12]	@ zero_extendqisi2
 2023              		.loc 1 1094 43 view .LVU768
 2024 0050 03F00303 		and	r3, r3, #3
1093:Core/Src/vl53l1_register_funcs.c **** 	*(pbuffer +  11) =
 2025              		.loc 1 1093 19 view .LVU769
 2026 0054 EB72     		strb	r3, [r5, #11]
1095:Core/Src/vl53l1_register_funcs.c **** 	*(pbuffer +  12) =
 2027              		.loc 1 1095 2 is_stmt 1 view .LVU770
1096:Core/Src/vl53l1_register_funcs.c **** 		pdata->sd_config__first_order_select & 0x3;
 2028              		.loc 1 1096 8 is_stmt 0 view .LVU771
 2029 0056 637B     		ldrb	r3, [r4, #13]	@ zero_extendqisi2
 2030              		.loc 1 1096 40 view .LVU772
 2031 0058 03F00303 		and	r3, r3, #3
1095:Core/Src/vl53l1_register_funcs.c **** 	*(pbuffer +  12) =
 2032              		.loc 1 1095 19 view .LVU773
 2033 005c 2B73     		strb	r3, [r5, #12]
1097:Core/Src/vl53l1_register_funcs.c **** 	*(pbuffer +  13) =
 2034              		.loc 1 1097 2 is_stmt 1 view .LVU774
1098:Core/Src/vl53l1_register_funcs.c **** 		pdata->sd_config__quantifier & 0xF;
 2035              		.loc 1 1098 8 is_stmt 0 view .LVU775
 2036 005e A37B     		ldrb	r3, [r4, #14]	@ zero_extendqisi2
 2037              		.loc 1 1098 32 view .LVU776
 2038 0060 03F00F03 		and	r3, r3, #15
1097:Core/Src/vl53l1_register_funcs.c **** 	*(pbuffer +  13) =
 2039              		.loc 1 1097 19 view .LVU777
 2040 0064 6B73     		strb	r3, [r5, #13]
1099:Core/Src/vl53l1_register_funcs.c **** 	*(pbuffer +  14) =
 2041              		.loc 1 1099 2 is_stmt 1 view .LVU778
1100:Core/Src/vl53l1_register_funcs.c **** 		pdata->roi_config__user_roi_centre_spad;
 2042              		.loc 1 1100 8 is_stmt 0 view .LVU779
 2043 0066 E37B     		ldrb	r3, [r4, #15]	@ zero_extendqisi2
1099:Core/Src/vl53l1_register_funcs.c **** 	*(pbuffer +  14) =
 2044              		.loc 1 1099 19 view .LVU780
 2045 0068 AB73     		strb	r3, [r5, #14]
1101:Core/Src/vl53l1_register_funcs.c **** 	*(pbuffer +  15) =
 2046              		.loc 1 1101 2 is_stmt 1 view .LVU781
1102:Core/Src/vl53l1_register_funcs.c **** 		pdata->roi_config__user_roi_requested_global_xy_size;
 2047              		.loc 1 1102 8 is_stmt 0 view .LVU782
 2048 006a 237C     		ldrb	r3, [r4, #16]	@ zero_extendqisi2
1101:Core/Src/vl53l1_register_funcs.c **** 	*(pbuffer +  15) =
 2049              		.loc 1 1101 19 view .LVU783
 2050 006c EB73     		strb	r3, [r5, #15]
1103:Core/Src/vl53l1_register_funcs.c **** 	*(pbuffer +  16) =
 2051              		.loc 1 1103 2 is_stmt 1 view .LVU784
1104:Core/Src/vl53l1_register_funcs.c **** 		pdata->system__sequence_config;
 2052              		.loc 1 1104 8 is_stmt 0 view .LVU785
 2053 006e 637C     		ldrb	r3, [r4, #17]	@ zero_extendqisi2
1103:Core/Src/vl53l1_register_funcs.c **** 	*(pbuffer +  16) =
 2054              		.loc 1 1103 19 view .LVU786
 2055 0070 2B74     		strb	r3, [r5, #16]
1105:Core/Src/vl53l1_register_funcs.c **** 	*(pbuffer +  17) =
 2056              		.loc 1 1105 2 is_stmt 1 view .LVU787
1106:Core/Src/vl53l1_register_funcs.c **** 		pdata->system__grouped_parameter_hold & 0x3;
 2057              		.loc 1 1106 8 is_stmt 0 view .LVU788
ARM GAS  C:\Users\Lenovo\AppData\Local\Temp\ccSAMYhL.s 			page 59


 2058 0072 A37C     		ldrb	r3, [r4, #18]	@ zero_extendqisi2
 2059              		.loc 1 1106 41 view .LVU789
 2060 0074 03F00303 		and	r3, r3, #3
1105:Core/Src/vl53l1_register_funcs.c **** 	*(pbuffer +  17) =
 2061              		.loc 1 1105 19 view .LVU790
 2062 0078 6B74     		strb	r3, [r5, #17]
1107:Core/Src/vl53l1_register_funcs.c **** 	LOG_FUNCTION_END(status);
 2063              		.loc 1 1107 26 is_stmt 1 view .LVU791
1108:Core/Src/vl53l1_register_funcs.c **** 
1109:Core/Src/vl53l1_register_funcs.c **** 
1110:Core/Src/vl53l1_register_funcs.c **** 	return status;
 2064              		.loc 1 1110 2 view .LVU792
 2065              		.loc 1 1110 9 is_stmt 0 view .LVU793
 2066 007a 0020     		movs	r0, #0
1111:Core/Src/vl53l1_register_funcs.c **** }
 2067              		.loc 1 1111 1 view .LVU794
 2068 007c 38BD     		pop	{r3, r4, r5, pc}
 2069              	.LVL129:
 2070              	.L90:
 2071              	.LCFI43:
 2072              		.cfi_def_cfa_offset 0
 2073              		.cfi_restore 3
 2074              		.cfi_restore 4
 2075              		.cfi_restore 5
 2076              		.cfi_restore 14
1069:Core/Src/vl53l1_register_funcs.c **** 
 2077              		.loc 1 1069 10 view .LVU795
 2078 007e 6FF00900 		mvn	r0, #9
 2079              	.LVL130:
 2080              		.loc 1 1111 1 view .LVU796
 2081 0082 7047     		bx	lr
 2082              		.cfi_endproc
 2083              	.LFE18:
 2085              		.section	.text.VL53L1_set_dynamic_config,"ax",%progbits
 2086              		.align	1
 2087              		.global	VL53L1_set_dynamic_config
 2088              		.syntax unified
 2089              		.thumb
 2090              		.thumb_func
 2092              	VL53L1_set_dynamic_config:
 2093              	.LVL131:
 2094              	.LFB19:
1112:Core/Src/vl53l1_register_funcs.c **** 
1113:Core/Src/vl53l1_register_funcs.c **** #ifdef PAL_EXTENDED
1114:Core/Src/vl53l1_register_funcs.c **** VL53L1_Error VL53L1_i2c_decode_dynamic_config(
1115:Core/Src/vl53l1_register_funcs.c **** 	uint16_t                   buf_size,
1116:Core/Src/vl53l1_register_funcs.c **** 	uint8_t                   *pbuffer,
1117:Core/Src/vl53l1_register_funcs.c **** 	VL53L1_dynamic_config_t   *pdata)
1118:Core/Src/vl53l1_register_funcs.c **** {
1119:Core/Src/vl53l1_register_funcs.c **** 	/**
1120:Core/Src/vl53l1_register_funcs.c **** 	 * Decodes data structure VL53L1_dynamic_config_t from the input I2C read buffer
1121:Core/Src/vl53l1_register_funcs.c **** 	 * Buffer must be at least 18 bytes
1122:Core/Src/vl53l1_register_funcs.c **** 	*/
1123:Core/Src/vl53l1_register_funcs.c **** 
1124:Core/Src/vl53l1_register_funcs.c **** 	VL53L1_Error status = VL53L1_ERROR_NONE;
1125:Core/Src/vl53l1_register_funcs.c **** 
1126:Core/Src/vl53l1_register_funcs.c **** 	LOG_FUNCTION_START("");
ARM GAS  C:\Users\Lenovo\AppData\Local\Temp\ccSAMYhL.s 			page 60


1127:Core/Src/vl53l1_register_funcs.c **** 
1128:Core/Src/vl53l1_register_funcs.c **** 	if (VL53L1_DYNAMIC_CONFIG_I2C_SIZE_BYTES > buf_size)
1129:Core/Src/vl53l1_register_funcs.c **** 		return VL53L1_ERROR_COMMS_BUFFER_TOO_SMALL;
1130:Core/Src/vl53l1_register_funcs.c **** 
1131:Core/Src/vl53l1_register_funcs.c **** 	pdata->system__grouped_parameter_hold_0 =
1132:Core/Src/vl53l1_register_funcs.c **** 		(*(pbuffer +   0)) & 0x3;
1133:Core/Src/vl53l1_register_funcs.c **** 	pdata->system__thresh_high =
1134:Core/Src/vl53l1_register_funcs.c **** 		(VL53L1_i2c_decode_uint16_t(2, pbuffer +   1));
1135:Core/Src/vl53l1_register_funcs.c **** 	pdata->system__thresh_low =
1136:Core/Src/vl53l1_register_funcs.c **** 		(VL53L1_i2c_decode_uint16_t(2, pbuffer +   3));
1137:Core/Src/vl53l1_register_funcs.c **** 	pdata->system__enable_xtalk_per_quadrant =
1138:Core/Src/vl53l1_register_funcs.c **** 		(*(pbuffer +   5)) & 0x1;
1139:Core/Src/vl53l1_register_funcs.c **** 	pdata->system__seed_config =
1140:Core/Src/vl53l1_register_funcs.c **** 		(*(pbuffer +   6)) & 0x7;
1141:Core/Src/vl53l1_register_funcs.c **** 	pdata->sd_config__woi_sd0 =
1142:Core/Src/vl53l1_register_funcs.c **** 		(*(pbuffer +   7));
1143:Core/Src/vl53l1_register_funcs.c **** 	pdata->sd_config__woi_sd1 =
1144:Core/Src/vl53l1_register_funcs.c **** 		(*(pbuffer +   8));
1145:Core/Src/vl53l1_register_funcs.c **** 	pdata->sd_config__initial_phase_sd0 =
1146:Core/Src/vl53l1_register_funcs.c **** 		(*(pbuffer +   9)) & 0x7F;
1147:Core/Src/vl53l1_register_funcs.c **** 	pdata->sd_config__initial_phase_sd1 =
1148:Core/Src/vl53l1_register_funcs.c **** 		(*(pbuffer +  10)) & 0x7F;
1149:Core/Src/vl53l1_register_funcs.c **** 	pdata->system__grouped_parameter_hold_1 =
1150:Core/Src/vl53l1_register_funcs.c **** 		(*(pbuffer +  11)) & 0x3;
1151:Core/Src/vl53l1_register_funcs.c **** 	pdata->sd_config__first_order_select =
1152:Core/Src/vl53l1_register_funcs.c **** 		(*(pbuffer +  12)) & 0x3;
1153:Core/Src/vl53l1_register_funcs.c **** 	pdata->sd_config__quantifier =
1154:Core/Src/vl53l1_register_funcs.c **** 		(*(pbuffer +  13)) & 0xF;
1155:Core/Src/vl53l1_register_funcs.c **** 	pdata->roi_config__user_roi_centre_spad =
1156:Core/Src/vl53l1_register_funcs.c **** 		(*(pbuffer +  14));
1157:Core/Src/vl53l1_register_funcs.c **** 	pdata->roi_config__user_roi_requested_global_xy_size =
1158:Core/Src/vl53l1_register_funcs.c **** 		(*(pbuffer +  15));
1159:Core/Src/vl53l1_register_funcs.c **** 	pdata->system__sequence_config =
1160:Core/Src/vl53l1_register_funcs.c **** 		(*(pbuffer +  16));
1161:Core/Src/vl53l1_register_funcs.c **** 	pdata->system__grouped_parameter_hold =
1162:Core/Src/vl53l1_register_funcs.c **** 		(*(pbuffer +  17)) & 0x3;
1163:Core/Src/vl53l1_register_funcs.c **** 
1164:Core/Src/vl53l1_register_funcs.c **** 	LOG_FUNCTION_END(status);
1165:Core/Src/vl53l1_register_funcs.c **** 
1166:Core/Src/vl53l1_register_funcs.c **** 	return status;
1167:Core/Src/vl53l1_register_funcs.c **** }
1168:Core/Src/vl53l1_register_funcs.c **** #endif
1169:Core/Src/vl53l1_register_funcs.c **** 
1170:Core/Src/vl53l1_register_funcs.c **** 
1171:Core/Src/vl53l1_register_funcs.c **** VL53L1_Error VL53L1_set_dynamic_config(
1172:Core/Src/vl53l1_register_funcs.c **** 	VL53L1_DEV                 Dev,
1173:Core/Src/vl53l1_register_funcs.c **** 	VL53L1_dynamic_config_t   *pdata)
1174:Core/Src/vl53l1_register_funcs.c **** {
 2095              		.loc 1 1174 1 is_stmt 1 view -0
 2096              		.cfi_startproc
 2097              		@ args = 0, pretend = 0, frame = 24
 2098              		@ frame_needed = 0, uses_anonymous_args = 0
 2099              		.loc 1 1174 1 is_stmt 0 view .LVU798
 2100 0000 10B5     		push	{r4, lr}
 2101              	.LCFI44:
 2102              		.cfi_def_cfa_offset 8
 2103              		.cfi_offset 4, -8
ARM GAS  C:\Users\Lenovo\AppData\Local\Temp\ccSAMYhL.s 			page 61


 2104              		.cfi_offset 14, -4
 2105 0002 86B0     		sub	sp, sp, #24
 2106              	.LCFI45:
 2107              		.cfi_def_cfa_offset 32
 2108 0004 0446     		mov	r4, r0
 2109 0006 0846     		mov	r0, r1
 2110              	.LVL132:
1175:Core/Src/vl53l1_register_funcs.c **** 	/**
1176:Core/Src/vl53l1_register_funcs.c **** 	 * Serialises and sends the contents of VL53L1_dynamic_config_t
1177:Core/Src/vl53l1_register_funcs.c **** 	 * data structure to the device
1178:Core/Src/vl53l1_register_funcs.c **** 	 */
1179:Core/Src/vl53l1_register_funcs.c **** 
1180:Core/Src/vl53l1_register_funcs.c **** 	VL53L1_Error status = VL53L1_ERROR_NONE;
 2111              		.loc 1 1180 2 is_stmt 1 view .LVU799
1181:Core/Src/vl53l1_register_funcs.c **** 	uint8_t comms_buffer[VL53L1_DYNAMIC_CONFIG_I2C_SIZE_BYTES];
 2112              		.loc 1 1181 2 view .LVU800
1182:Core/Src/vl53l1_register_funcs.c **** 
1183:Core/Src/vl53l1_register_funcs.c **** 	LOG_FUNCTION_START("");
 2113              		.loc 1 1183 24 view .LVU801
1184:Core/Src/vl53l1_register_funcs.c **** 
1185:Core/Src/vl53l1_register_funcs.c **** 	if (status == VL53L1_ERROR_NONE) /*lint !e774 always true*/
 2114              		.loc 1 1185 2 view .LVU802
1186:Core/Src/vl53l1_register_funcs.c **** 		status = VL53L1_i2c_encode_dynamic_config(
 2115              		.loc 1 1186 3 view .LVU803
 2116              		.loc 1 1186 12 is_stmt 0 view .LVU804
 2117 0008 01AA     		add	r2, sp, #4
 2118 000a 1221     		movs	r1, #18
 2119              	.LVL133:
 2120              		.loc 1 1186 12 view .LVU805
 2121 000c FFF7FEFF 		bl	VL53L1_i2c_encode_dynamic_config
 2122              	.LVL134:
1187:Core/Src/vl53l1_register_funcs.c **** 			pdata,
1188:Core/Src/vl53l1_register_funcs.c **** 			VL53L1_DYNAMIC_CONFIG_I2C_SIZE_BYTES,
1189:Core/Src/vl53l1_register_funcs.c **** 			comms_buffer);
1190:Core/Src/vl53l1_register_funcs.c **** 
1191:Core/Src/vl53l1_register_funcs.c **** 	if (status == VL53L1_ERROR_NONE)
 2123              		.loc 1 1191 2 is_stmt 1 view .LVU806
 2124              		.loc 1 1191 5 is_stmt 0 view .LVU807
 2125 0010 08B1     		cbz	r0, .L98
 2126              	.L96:
 2127              	.LVL135:
1192:Core/Src/vl53l1_register_funcs.c **** 		status = VL53L1_WriteMulti(
1193:Core/Src/vl53l1_register_funcs.c **** 			Dev,
1194:Core/Src/vl53l1_register_funcs.c **** 			VL53L1_SYSTEM__GROUPED_PARAMETER_HOLD_0,
1195:Core/Src/vl53l1_register_funcs.c **** 			comms_buffer,
1196:Core/Src/vl53l1_register_funcs.c **** 			VL53L1_DYNAMIC_CONFIG_I2C_SIZE_BYTES);
1197:Core/Src/vl53l1_register_funcs.c **** 
1198:Core/Src/vl53l1_register_funcs.c **** 	LOG_FUNCTION_END(status);
 2128              		.loc 1 1198 26 is_stmt 1 view .LVU808
1199:Core/Src/vl53l1_register_funcs.c **** 
1200:Core/Src/vl53l1_register_funcs.c **** 	return status;
 2129              		.loc 1 1200 2 view .LVU809
1201:Core/Src/vl53l1_register_funcs.c **** }
 2130              		.loc 1 1201 1 is_stmt 0 view .LVU810
 2131 0012 06B0     		add	sp, sp, #24
 2132              	.LCFI46:
 2133              		.cfi_remember_state
ARM GAS  C:\Users\Lenovo\AppData\Local\Temp\ccSAMYhL.s 			page 62


 2134              		.cfi_def_cfa_offset 8
 2135              		@ sp needed
 2136 0014 10BD     		pop	{r4, pc}
 2137              	.LVL136:
 2138              	.L98:
 2139              	.LCFI47:
 2140              		.cfi_restore_state
1192:Core/Src/vl53l1_register_funcs.c **** 		status = VL53L1_WriteMulti(
 2141              		.loc 1 1192 3 is_stmt 1 view .LVU811
1192:Core/Src/vl53l1_register_funcs.c **** 		status = VL53L1_WriteMulti(
 2142              		.loc 1 1192 12 is_stmt 0 view .LVU812
 2143 0016 1223     		movs	r3, #18
 2144 0018 01AA     		add	r2, sp, #4
 2145 001a 7121     		movs	r1, #113
 2146 001c 2046     		mov	r0, r4
 2147 001e FFF7FEFF 		bl	VL53L1_WriteMulti
 2148              	.LVL137:
1192:Core/Src/vl53l1_register_funcs.c **** 		status = VL53L1_WriteMulti(
 2149              		.loc 1 1192 12 view .LVU813
 2150 0022 F6E7     		b	.L96
 2151              		.cfi_endproc
 2152              	.LFE19:
 2154              		.section	.text.VL53L1_i2c_encode_system_control,"ax",%progbits
 2155              		.align	1
 2156              		.global	VL53L1_i2c_encode_system_control
 2157              		.syntax unified
 2158              		.thumb
 2159              		.thumb_func
 2161              	VL53L1_i2c_encode_system_control:
 2162              	.LVL138:
 2163              	.LFB20:
1202:Core/Src/vl53l1_register_funcs.c **** 
1203:Core/Src/vl53l1_register_funcs.c **** 
1204:Core/Src/vl53l1_register_funcs.c **** #ifdef VL53L1_DEBUG
1205:Core/Src/vl53l1_register_funcs.c **** VL53L1_Error VL53L1_get_dynamic_config(
1206:Core/Src/vl53l1_register_funcs.c **** 	VL53L1_DEV                 Dev,
1207:Core/Src/vl53l1_register_funcs.c **** 	VL53L1_dynamic_config_t   *pdata)
1208:Core/Src/vl53l1_register_funcs.c **** {
1209:Core/Src/vl53l1_register_funcs.c **** 	/**
1210:Core/Src/vl53l1_register_funcs.c **** 	 * Reads and de-serialises the contents of VL53L1_dynamic_config_t
1211:Core/Src/vl53l1_register_funcs.c **** 	 * data structure from the device
1212:Core/Src/vl53l1_register_funcs.c **** 	 */
1213:Core/Src/vl53l1_register_funcs.c **** 
1214:Core/Src/vl53l1_register_funcs.c **** 	VL53L1_Error status = VL53L1_ERROR_NONE;
1215:Core/Src/vl53l1_register_funcs.c **** 	uint8_t comms_buffer[VL53L1_DYNAMIC_CONFIG_I2C_SIZE_BYTES];
1216:Core/Src/vl53l1_register_funcs.c **** 
1217:Core/Src/vl53l1_register_funcs.c **** 	LOG_FUNCTION_START("");
1218:Core/Src/vl53l1_register_funcs.c **** 
1219:Core/Src/vl53l1_register_funcs.c **** 	if (status == VL53L1_ERROR_NONE) /*lint !e774 always true*/
1220:Core/Src/vl53l1_register_funcs.c **** 		status = VL53L1_ReadMulti(
1221:Core/Src/vl53l1_register_funcs.c **** 			Dev,
1222:Core/Src/vl53l1_register_funcs.c **** 			VL53L1_SYSTEM__GROUPED_PARAMETER_HOLD_0,
1223:Core/Src/vl53l1_register_funcs.c **** 			comms_buffer,
1224:Core/Src/vl53l1_register_funcs.c **** 			VL53L1_DYNAMIC_CONFIG_I2C_SIZE_BYTES);
1225:Core/Src/vl53l1_register_funcs.c **** 
1226:Core/Src/vl53l1_register_funcs.c **** 	if (status == VL53L1_ERROR_NONE)
1227:Core/Src/vl53l1_register_funcs.c **** 		status = VL53L1_i2c_decode_dynamic_config(
ARM GAS  C:\Users\Lenovo\AppData\Local\Temp\ccSAMYhL.s 			page 63


1228:Core/Src/vl53l1_register_funcs.c **** 			VL53L1_DYNAMIC_CONFIG_I2C_SIZE_BYTES,
1229:Core/Src/vl53l1_register_funcs.c **** 			comms_buffer,
1230:Core/Src/vl53l1_register_funcs.c **** 			pdata);
1231:Core/Src/vl53l1_register_funcs.c **** 
1232:Core/Src/vl53l1_register_funcs.c **** 	LOG_FUNCTION_END(status);
1233:Core/Src/vl53l1_register_funcs.c **** 
1234:Core/Src/vl53l1_register_funcs.c **** 	return status;
1235:Core/Src/vl53l1_register_funcs.c **** }
1236:Core/Src/vl53l1_register_funcs.c **** #endif
1237:Core/Src/vl53l1_register_funcs.c **** 
1238:Core/Src/vl53l1_register_funcs.c **** 
1239:Core/Src/vl53l1_register_funcs.c **** VL53L1_Error VL53L1_i2c_encode_system_control(
1240:Core/Src/vl53l1_register_funcs.c **** 	VL53L1_system_control_t  *pdata,
1241:Core/Src/vl53l1_register_funcs.c **** 	uint16_t                  buf_size,
1242:Core/Src/vl53l1_register_funcs.c **** 	uint8_t                  *pbuffer)
1243:Core/Src/vl53l1_register_funcs.c **** {
 2164              		.loc 1 1243 1 is_stmt 1 view -0
 2165              		.cfi_startproc
 2166              		@ args = 0, pretend = 0, frame = 0
 2167              		@ frame_needed = 0, uses_anonymous_args = 0
 2168              		@ link register save eliminated.
1244:Core/Src/vl53l1_register_funcs.c **** 	/**
1245:Core/Src/vl53l1_register_funcs.c **** 	 * Encodes data structure VL53L1_system_control_t into a I2C write buffer
1246:Core/Src/vl53l1_register_funcs.c **** 	 * Buffer must be at least 5 bytes
1247:Core/Src/vl53l1_register_funcs.c **** 	*/
1248:Core/Src/vl53l1_register_funcs.c **** 
1249:Core/Src/vl53l1_register_funcs.c **** 	VL53L1_Error status = VL53L1_ERROR_NONE;
 2169              		.loc 1 1249 2 view .LVU815
1250:Core/Src/vl53l1_register_funcs.c **** 
1251:Core/Src/vl53l1_register_funcs.c **** 	LOG_FUNCTION_START("");
 2170              		.loc 1 1251 24 view .LVU816
1252:Core/Src/vl53l1_register_funcs.c **** 
1253:Core/Src/vl53l1_register_funcs.c **** 	if (VL53L1_SYSTEM_CONTROL_I2C_SIZE_BYTES > buf_size)
 2171              		.loc 1 1253 2 view .LVU817
 2172              		.loc 1 1253 5 is_stmt 0 view .LVU818
 2173 0000 0429     		cmp	r1, #4
 2174 0002 13D9     		bls	.L101
1254:Core/Src/vl53l1_register_funcs.c **** 		return VL53L1_ERROR_COMMS_BUFFER_TOO_SMALL;
1255:Core/Src/vl53l1_register_funcs.c **** 
1256:Core/Src/vl53l1_register_funcs.c **** 	*(pbuffer +   0) =
 2175              		.loc 1 1256 2 is_stmt 1 view .LVU819
1257:Core/Src/vl53l1_register_funcs.c **** 		pdata->power_management__go1_power_force & 0x1;
 2176              		.loc 1 1257 8 is_stmt 0 view .LVU820
 2177 0004 0378     		ldrb	r3, [r0]	@ zero_extendqisi2
 2178              		.loc 1 1257 44 view .LVU821
 2179 0006 03F00103 		and	r3, r3, #1
1256:Core/Src/vl53l1_register_funcs.c **** 		pdata->power_management__go1_power_force & 0x1;
 2180              		.loc 1 1256 19 view .LVU822
 2181 000a 1370     		strb	r3, [r2]
1258:Core/Src/vl53l1_register_funcs.c **** 	*(pbuffer +   1) =
 2182              		.loc 1 1258 2 is_stmt 1 view .LVU823
1259:Core/Src/vl53l1_register_funcs.c **** 		pdata->system__stream_count_ctrl & 0x1;
 2183              		.loc 1 1259 8 is_stmt 0 view .LVU824
 2184 000c 4378     		ldrb	r3, [r0, #1]	@ zero_extendqisi2
 2185              		.loc 1 1259 36 view .LVU825
 2186 000e 03F00103 		and	r3, r3, #1
1258:Core/Src/vl53l1_register_funcs.c **** 	*(pbuffer +   1) =
ARM GAS  C:\Users\Lenovo\AppData\Local\Temp\ccSAMYhL.s 			page 64


 2187              		.loc 1 1258 19 view .LVU826
 2188 0012 5370     		strb	r3, [r2, #1]
1260:Core/Src/vl53l1_register_funcs.c **** 	*(pbuffer +   2) =
 2189              		.loc 1 1260 2 is_stmt 1 view .LVU827
1261:Core/Src/vl53l1_register_funcs.c **** 		pdata->firmware__enable & 0x1;
 2190              		.loc 1 1261 8 is_stmt 0 view .LVU828
 2191 0014 8378     		ldrb	r3, [r0, #2]	@ zero_extendqisi2
 2192              		.loc 1 1261 27 view .LVU829
 2193 0016 03F00103 		and	r3, r3, #1
1260:Core/Src/vl53l1_register_funcs.c **** 	*(pbuffer +   2) =
 2194              		.loc 1 1260 19 view .LVU830
 2195 001a 9370     		strb	r3, [r2, #2]
1262:Core/Src/vl53l1_register_funcs.c **** 	*(pbuffer +   3) =
 2196              		.loc 1 1262 2 is_stmt 1 view .LVU831
1263:Core/Src/vl53l1_register_funcs.c **** 		pdata->system__interrupt_clear & 0x3;
 2197              		.loc 1 1263 8 is_stmt 0 view .LVU832
 2198 001c C378     		ldrb	r3, [r0, #3]	@ zero_extendqisi2
 2199              		.loc 1 1263 34 view .LVU833
 2200 001e 03F00303 		and	r3, r3, #3
1262:Core/Src/vl53l1_register_funcs.c **** 	*(pbuffer +   3) =
 2201              		.loc 1 1262 19 view .LVU834
 2202 0022 D370     		strb	r3, [r2, #3]
1264:Core/Src/vl53l1_register_funcs.c **** 	*(pbuffer +   4) =
 2203              		.loc 1 1264 2 is_stmt 1 view .LVU835
1265:Core/Src/vl53l1_register_funcs.c **** 		pdata->system__mode_start;
 2204              		.loc 1 1265 8 is_stmt 0 view .LVU836
 2205 0024 0379     		ldrb	r3, [r0, #4]	@ zero_extendqisi2
1264:Core/Src/vl53l1_register_funcs.c **** 	*(pbuffer +   4) =
 2206              		.loc 1 1264 19 view .LVU837
 2207 0026 1371     		strb	r3, [r2, #4]
1266:Core/Src/vl53l1_register_funcs.c **** 	LOG_FUNCTION_END(status);
 2208              		.loc 1 1266 26 is_stmt 1 view .LVU838
1267:Core/Src/vl53l1_register_funcs.c **** 
1268:Core/Src/vl53l1_register_funcs.c **** 
1269:Core/Src/vl53l1_register_funcs.c **** 	return status;
 2209              		.loc 1 1269 2 view .LVU839
 2210              		.loc 1 1269 9 is_stmt 0 view .LVU840
 2211 0028 0020     		movs	r0, #0
 2212              	.LVL139:
 2213              		.loc 1 1269 9 view .LVU841
 2214 002a 7047     		bx	lr
 2215              	.LVL140:
 2216              	.L101:
1254:Core/Src/vl53l1_register_funcs.c **** 
 2217              		.loc 1 1254 10 view .LVU842
 2218 002c 6FF00900 		mvn	r0, #9
 2219              	.LVL141:
1270:Core/Src/vl53l1_register_funcs.c **** }
 2220              		.loc 1 1270 1 view .LVU843
 2221 0030 7047     		bx	lr
 2222              		.cfi_endproc
 2223              	.LFE20:
 2225              		.section	.text.VL53L1_set_system_control,"ax",%progbits
 2226              		.align	1
 2227              		.global	VL53L1_set_system_control
 2228              		.syntax unified
 2229              		.thumb
ARM GAS  C:\Users\Lenovo\AppData\Local\Temp\ccSAMYhL.s 			page 65


 2230              		.thumb_func
 2232              	VL53L1_set_system_control:
 2233              	.LVL142:
 2234              	.LFB21:
1271:Core/Src/vl53l1_register_funcs.c **** 
1272:Core/Src/vl53l1_register_funcs.c **** 
1273:Core/Src/vl53l1_register_funcs.c **** #ifdef PAL_EXTENDED
1274:Core/Src/vl53l1_register_funcs.c **** VL53L1_Error VL53L1_i2c_decode_system_control(
1275:Core/Src/vl53l1_register_funcs.c **** 	uint16_t                   buf_size,
1276:Core/Src/vl53l1_register_funcs.c **** 	uint8_t                   *pbuffer,
1277:Core/Src/vl53l1_register_funcs.c **** 	VL53L1_system_control_t   *pdata)
1278:Core/Src/vl53l1_register_funcs.c **** {
1279:Core/Src/vl53l1_register_funcs.c **** 	/**
1280:Core/Src/vl53l1_register_funcs.c **** 	 * Decodes data structure VL53L1_system_control_t from the input I2C read buffer
1281:Core/Src/vl53l1_register_funcs.c **** 	 * Buffer must be at least 5 bytes
1282:Core/Src/vl53l1_register_funcs.c **** 	*/
1283:Core/Src/vl53l1_register_funcs.c **** 
1284:Core/Src/vl53l1_register_funcs.c **** 	VL53L1_Error status = VL53L1_ERROR_NONE;
1285:Core/Src/vl53l1_register_funcs.c **** 
1286:Core/Src/vl53l1_register_funcs.c **** 	LOG_FUNCTION_START("");
1287:Core/Src/vl53l1_register_funcs.c **** 
1288:Core/Src/vl53l1_register_funcs.c **** 	if (VL53L1_SYSTEM_CONTROL_I2C_SIZE_BYTES > buf_size)
1289:Core/Src/vl53l1_register_funcs.c **** 		return VL53L1_ERROR_COMMS_BUFFER_TOO_SMALL;
1290:Core/Src/vl53l1_register_funcs.c **** 
1291:Core/Src/vl53l1_register_funcs.c **** 	pdata->power_management__go1_power_force =
1292:Core/Src/vl53l1_register_funcs.c **** 		(*(pbuffer +   0)) & 0x1;
1293:Core/Src/vl53l1_register_funcs.c **** 	pdata->system__stream_count_ctrl =
1294:Core/Src/vl53l1_register_funcs.c **** 		(*(pbuffer +   1)) & 0x1;
1295:Core/Src/vl53l1_register_funcs.c **** 	pdata->firmware__enable =
1296:Core/Src/vl53l1_register_funcs.c **** 		(*(pbuffer +   2)) & 0x1;
1297:Core/Src/vl53l1_register_funcs.c **** 	pdata->system__interrupt_clear =
1298:Core/Src/vl53l1_register_funcs.c **** 		(*(pbuffer +   3)) & 0x3;
1299:Core/Src/vl53l1_register_funcs.c **** 	pdata->system__mode_start =
1300:Core/Src/vl53l1_register_funcs.c **** 		(*(pbuffer +   4));
1301:Core/Src/vl53l1_register_funcs.c **** 
1302:Core/Src/vl53l1_register_funcs.c **** 	LOG_FUNCTION_END(status);
1303:Core/Src/vl53l1_register_funcs.c **** 
1304:Core/Src/vl53l1_register_funcs.c **** 	return status;
1305:Core/Src/vl53l1_register_funcs.c **** }
1306:Core/Src/vl53l1_register_funcs.c **** #endif
1307:Core/Src/vl53l1_register_funcs.c **** 
1308:Core/Src/vl53l1_register_funcs.c **** 
1309:Core/Src/vl53l1_register_funcs.c **** VL53L1_Error VL53L1_set_system_control(
1310:Core/Src/vl53l1_register_funcs.c **** 	VL53L1_DEV                 Dev,
1311:Core/Src/vl53l1_register_funcs.c **** 	VL53L1_system_control_t   *pdata)
1312:Core/Src/vl53l1_register_funcs.c **** {
 2235              		.loc 1 1312 1 is_stmt 1 view -0
 2236              		.cfi_startproc
 2237              		@ args = 0, pretend = 0, frame = 8
 2238              		@ frame_needed = 0, uses_anonymous_args = 0
 2239              		.loc 1 1312 1 is_stmt 0 view .LVU845
 2240 0000 10B5     		push	{r4, lr}
 2241              	.LCFI48:
 2242              		.cfi_def_cfa_offset 8
 2243              		.cfi_offset 4, -8
 2244              		.cfi_offset 14, -4
 2245 0002 82B0     		sub	sp, sp, #8
ARM GAS  C:\Users\Lenovo\AppData\Local\Temp\ccSAMYhL.s 			page 66


 2246              	.LCFI49:
 2247              		.cfi_def_cfa_offset 16
 2248 0004 0446     		mov	r4, r0
 2249 0006 0846     		mov	r0, r1
 2250              	.LVL143:
1313:Core/Src/vl53l1_register_funcs.c **** 	/**
1314:Core/Src/vl53l1_register_funcs.c **** 	 * Serialises and sends the contents of VL53L1_system_control_t
1315:Core/Src/vl53l1_register_funcs.c **** 	 * data structure to the device
1316:Core/Src/vl53l1_register_funcs.c **** 	 */
1317:Core/Src/vl53l1_register_funcs.c **** 
1318:Core/Src/vl53l1_register_funcs.c **** 	VL53L1_Error status = VL53L1_ERROR_NONE;
 2251              		.loc 1 1318 2 is_stmt 1 view .LVU846
1319:Core/Src/vl53l1_register_funcs.c **** 	uint8_t comms_buffer[VL53L1_SYSTEM_CONTROL_I2C_SIZE_BYTES];
 2252              		.loc 1 1319 2 view .LVU847
1320:Core/Src/vl53l1_register_funcs.c **** 
1321:Core/Src/vl53l1_register_funcs.c **** 	LOG_FUNCTION_START("");
 2253              		.loc 1 1321 24 view .LVU848
1322:Core/Src/vl53l1_register_funcs.c **** 
1323:Core/Src/vl53l1_register_funcs.c **** 	if (status == VL53L1_ERROR_NONE) /*lint !e774 always true*/
 2254              		.loc 1 1323 2 view .LVU849
1324:Core/Src/vl53l1_register_funcs.c **** 		status = VL53L1_i2c_encode_system_control(
 2255              		.loc 1 1324 3 view .LVU850
 2256              		.loc 1 1324 12 is_stmt 0 view .LVU851
 2257 0008 6A46     		mov	r2, sp
 2258 000a 0521     		movs	r1, #5
 2259              	.LVL144:
 2260              		.loc 1 1324 12 view .LVU852
 2261 000c FFF7FEFF 		bl	VL53L1_i2c_encode_system_control
 2262              	.LVL145:
1325:Core/Src/vl53l1_register_funcs.c **** 			pdata,
1326:Core/Src/vl53l1_register_funcs.c **** 			VL53L1_SYSTEM_CONTROL_I2C_SIZE_BYTES,
1327:Core/Src/vl53l1_register_funcs.c **** 			comms_buffer);
1328:Core/Src/vl53l1_register_funcs.c **** 
1329:Core/Src/vl53l1_register_funcs.c **** 	if (status == VL53L1_ERROR_NONE)
 2263              		.loc 1 1329 2 is_stmt 1 view .LVU853
 2264              		.loc 1 1329 5 is_stmt 0 view .LVU854
 2265 0010 08B1     		cbz	r0, .L105
 2266              	.L103:
 2267              	.LVL146:
1330:Core/Src/vl53l1_register_funcs.c **** 		status = VL53L1_WriteMulti(
1331:Core/Src/vl53l1_register_funcs.c **** 			Dev,
1332:Core/Src/vl53l1_register_funcs.c **** 			VL53L1_POWER_MANAGEMENT__GO1_POWER_FORCE,
1333:Core/Src/vl53l1_register_funcs.c **** 			comms_buffer,
1334:Core/Src/vl53l1_register_funcs.c **** 			VL53L1_SYSTEM_CONTROL_I2C_SIZE_BYTES);
1335:Core/Src/vl53l1_register_funcs.c **** 
1336:Core/Src/vl53l1_register_funcs.c **** 	LOG_FUNCTION_END(status);
 2268              		.loc 1 1336 26 is_stmt 1 view .LVU855
1337:Core/Src/vl53l1_register_funcs.c **** 
1338:Core/Src/vl53l1_register_funcs.c **** 	return status;
 2269              		.loc 1 1338 2 view .LVU856
1339:Core/Src/vl53l1_register_funcs.c **** }
 2270              		.loc 1 1339 1 is_stmt 0 view .LVU857
 2271 0012 02B0     		add	sp, sp, #8
 2272              	.LCFI50:
 2273              		.cfi_remember_state
 2274              		.cfi_def_cfa_offset 8
 2275              		@ sp needed
ARM GAS  C:\Users\Lenovo\AppData\Local\Temp\ccSAMYhL.s 			page 67


 2276 0014 10BD     		pop	{r4, pc}
 2277              	.LVL147:
 2278              	.L105:
 2279              	.LCFI51:
 2280              		.cfi_restore_state
1330:Core/Src/vl53l1_register_funcs.c **** 		status = VL53L1_WriteMulti(
 2281              		.loc 1 1330 3 is_stmt 1 view .LVU858
1330:Core/Src/vl53l1_register_funcs.c **** 		status = VL53L1_WriteMulti(
 2282              		.loc 1 1330 12 is_stmt 0 view .LVU859
 2283 0016 0523     		movs	r3, #5
 2284 0018 6A46     		mov	r2, sp
 2285 001a 8321     		movs	r1, #131
 2286 001c 2046     		mov	r0, r4
 2287 001e FFF7FEFF 		bl	VL53L1_WriteMulti
 2288              	.LVL148:
1330:Core/Src/vl53l1_register_funcs.c **** 		status = VL53L1_WriteMulti(
 2289              		.loc 1 1330 12 view .LVU860
 2290 0022 F6E7     		b	.L103
 2291              		.cfi_endproc
 2292              	.LFE21:
 2294              		.section	.text.VL53L1_i2c_decode_system_results,"ax",%progbits
 2295              		.align	1
 2296              		.global	VL53L1_i2c_decode_system_results
 2297              		.syntax unified
 2298              		.thumb
 2299              		.thumb_func
 2301              	VL53L1_i2c_decode_system_results:
 2302              	.LVL149:
 2303              	.LFB22:
1340:Core/Src/vl53l1_register_funcs.c **** 
1341:Core/Src/vl53l1_register_funcs.c **** 
1342:Core/Src/vl53l1_register_funcs.c **** #ifdef VL53L1_DEBUG
1343:Core/Src/vl53l1_register_funcs.c **** VL53L1_Error VL53L1_get_system_control(
1344:Core/Src/vl53l1_register_funcs.c **** 	VL53L1_DEV                 Dev,
1345:Core/Src/vl53l1_register_funcs.c **** 	VL53L1_system_control_t   *pdata)
1346:Core/Src/vl53l1_register_funcs.c **** {
1347:Core/Src/vl53l1_register_funcs.c **** 	/**
1348:Core/Src/vl53l1_register_funcs.c **** 	 * Reads and de-serialises the contents of VL53L1_system_control_t
1349:Core/Src/vl53l1_register_funcs.c **** 	 * data structure from the device
1350:Core/Src/vl53l1_register_funcs.c **** 	 */
1351:Core/Src/vl53l1_register_funcs.c **** 
1352:Core/Src/vl53l1_register_funcs.c **** 	VL53L1_Error status = VL53L1_ERROR_NONE;
1353:Core/Src/vl53l1_register_funcs.c **** 	uint8_t comms_buffer[VL53L1_SYSTEM_CONTROL_I2C_SIZE_BYTES];
1354:Core/Src/vl53l1_register_funcs.c **** 
1355:Core/Src/vl53l1_register_funcs.c **** 	LOG_FUNCTION_START("");
1356:Core/Src/vl53l1_register_funcs.c **** 
1357:Core/Src/vl53l1_register_funcs.c **** 	if (status == VL53L1_ERROR_NONE) /*lint !e774 always true*/
1358:Core/Src/vl53l1_register_funcs.c **** 		status = VL53L1_ReadMulti(
1359:Core/Src/vl53l1_register_funcs.c **** 			Dev,
1360:Core/Src/vl53l1_register_funcs.c **** 			VL53L1_POWER_MANAGEMENT__GO1_POWER_FORCE,
1361:Core/Src/vl53l1_register_funcs.c **** 			comms_buffer,
1362:Core/Src/vl53l1_register_funcs.c **** 			VL53L1_SYSTEM_CONTROL_I2C_SIZE_BYTES);
1363:Core/Src/vl53l1_register_funcs.c **** 
1364:Core/Src/vl53l1_register_funcs.c **** 	if (status == VL53L1_ERROR_NONE)
1365:Core/Src/vl53l1_register_funcs.c **** 		status = VL53L1_i2c_decode_system_control(
1366:Core/Src/vl53l1_register_funcs.c **** 			VL53L1_SYSTEM_CONTROL_I2C_SIZE_BYTES,
1367:Core/Src/vl53l1_register_funcs.c **** 			comms_buffer,
ARM GAS  C:\Users\Lenovo\AppData\Local\Temp\ccSAMYhL.s 			page 68


1368:Core/Src/vl53l1_register_funcs.c **** 			pdata);
1369:Core/Src/vl53l1_register_funcs.c **** 
1370:Core/Src/vl53l1_register_funcs.c **** 	LOG_FUNCTION_END(status);
1371:Core/Src/vl53l1_register_funcs.c **** 
1372:Core/Src/vl53l1_register_funcs.c **** 	return status;
1373:Core/Src/vl53l1_register_funcs.c **** }
1374:Core/Src/vl53l1_register_funcs.c **** #endif
1375:Core/Src/vl53l1_register_funcs.c **** 
1376:Core/Src/vl53l1_register_funcs.c **** 
1377:Core/Src/vl53l1_register_funcs.c **** #ifdef PAL_EXTENDED
1378:Core/Src/vl53l1_register_funcs.c **** VL53L1_Error VL53L1_i2c_encode_system_results(
1379:Core/Src/vl53l1_register_funcs.c **** 	VL53L1_system_results_t  *pdata,
1380:Core/Src/vl53l1_register_funcs.c **** 	uint16_t                  buf_size,
1381:Core/Src/vl53l1_register_funcs.c **** 	uint8_t                  *pbuffer)
1382:Core/Src/vl53l1_register_funcs.c **** {
1383:Core/Src/vl53l1_register_funcs.c **** 	/**
1384:Core/Src/vl53l1_register_funcs.c **** 	 * Encodes data structure VL53L1_system_results_t into a I2C write buffer
1385:Core/Src/vl53l1_register_funcs.c **** 	 * Buffer must be at least 44 bytes
1386:Core/Src/vl53l1_register_funcs.c **** 	*/
1387:Core/Src/vl53l1_register_funcs.c **** 
1388:Core/Src/vl53l1_register_funcs.c **** 	VL53L1_Error status = VL53L1_ERROR_NONE;
1389:Core/Src/vl53l1_register_funcs.c **** 
1390:Core/Src/vl53l1_register_funcs.c **** 	LOG_FUNCTION_START("");
1391:Core/Src/vl53l1_register_funcs.c **** 
1392:Core/Src/vl53l1_register_funcs.c **** 	if (VL53L1_SYSTEM_RESULTS_I2C_SIZE_BYTES > buf_size)
1393:Core/Src/vl53l1_register_funcs.c **** 		return VL53L1_ERROR_COMMS_BUFFER_TOO_SMALL;
1394:Core/Src/vl53l1_register_funcs.c **** 
1395:Core/Src/vl53l1_register_funcs.c **** 	*(pbuffer +   0) =
1396:Core/Src/vl53l1_register_funcs.c **** 		pdata->result__interrupt_status & 0x3F;
1397:Core/Src/vl53l1_register_funcs.c **** 	*(pbuffer +   1) =
1398:Core/Src/vl53l1_register_funcs.c **** 		pdata->result__range_status;
1399:Core/Src/vl53l1_register_funcs.c **** 	*(pbuffer +   2) =
1400:Core/Src/vl53l1_register_funcs.c **** 		pdata->result__report_status & 0xF;
1401:Core/Src/vl53l1_register_funcs.c **** 	*(pbuffer +   3) =
1402:Core/Src/vl53l1_register_funcs.c **** 		pdata->result__stream_count;
1403:Core/Src/vl53l1_register_funcs.c **** 	VL53L1_i2c_encode_uint16_t(
1404:Core/Src/vl53l1_register_funcs.c **** 		pdata->result__dss_actual_effective_spads_sd0,
1405:Core/Src/vl53l1_register_funcs.c **** 		2,
1406:Core/Src/vl53l1_register_funcs.c **** 		pbuffer +   4);
1407:Core/Src/vl53l1_register_funcs.c **** 	VL53L1_i2c_encode_uint16_t(
1408:Core/Src/vl53l1_register_funcs.c **** 		pdata->result__peak_signal_count_rate_mcps_sd0,
1409:Core/Src/vl53l1_register_funcs.c **** 		2,
1410:Core/Src/vl53l1_register_funcs.c **** 		pbuffer +   6);
1411:Core/Src/vl53l1_register_funcs.c **** 	VL53L1_i2c_encode_uint16_t(
1412:Core/Src/vl53l1_register_funcs.c **** 		pdata->result__ambient_count_rate_mcps_sd0,
1413:Core/Src/vl53l1_register_funcs.c **** 		2,
1414:Core/Src/vl53l1_register_funcs.c **** 		pbuffer +   8);
1415:Core/Src/vl53l1_register_funcs.c **** 	VL53L1_i2c_encode_uint16_t(
1416:Core/Src/vl53l1_register_funcs.c **** 		pdata->result__sigma_sd0,
1417:Core/Src/vl53l1_register_funcs.c **** 		2,
1418:Core/Src/vl53l1_register_funcs.c **** 		pbuffer +  10);
1419:Core/Src/vl53l1_register_funcs.c **** 	VL53L1_i2c_encode_uint16_t(
1420:Core/Src/vl53l1_register_funcs.c **** 		pdata->result__phase_sd0,
1421:Core/Src/vl53l1_register_funcs.c **** 		2,
1422:Core/Src/vl53l1_register_funcs.c **** 		pbuffer +  12);
1423:Core/Src/vl53l1_register_funcs.c **** 	VL53L1_i2c_encode_uint16_t(
1424:Core/Src/vl53l1_register_funcs.c **** 		pdata->result__final_crosstalk_corrected_range_mm_sd0,
ARM GAS  C:\Users\Lenovo\AppData\Local\Temp\ccSAMYhL.s 			page 69


1425:Core/Src/vl53l1_register_funcs.c **** 		2,
1426:Core/Src/vl53l1_register_funcs.c **** 		pbuffer +  14);
1427:Core/Src/vl53l1_register_funcs.c **** 	VL53L1_i2c_encode_uint16_t(
1428:Core/Src/vl53l1_register_funcs.c **** 		pdata->result__peak_signal_count_rate_crosstalk_corrected_mcps_sd0,
1429:Core/Src/vl53l1_register_funcs.c **** 		2,
1430:Core/Src/vl53l1_register_funcs.c **** 		pbuffer +  16);
1431:Core/Src/vl53l1_register_funcs.c **** 	VL53L1_i2c_encode_uint16_t(
1432:Core/Src/vl53l1_register_funcs.c **** 		pdata->result__mm_inner_actual_effective_spads_sd0,
1433:Core/Src/vl53l1_register_funcs.c **** 		2,
1434:Core/Src/vl53l1_register_funcs.c **** 		pbuffer +  18);
1435:Core/Src/vl53l1_register_funcs.c **** 	VL53L1_i2c_encode_uint16_t(
1436:Core/Src/vl53l1_register_funcs.c **** 		pdata->result__mm_outer_actual_effective_spads_sd0,
1437:Core/Src/vl53l1_register_funcs.c **** 		2,
1438:Core/Src/vl53l1_register_funcs.c **** 		pbuffer +  20);
1439:Core/Src/vl53l1_register_funcs.c **** 	VL53L1_i2c_encode_uint16_t(
1440:Core/Src/vl53l1_register_funcs.c **** 		pdata->result__avg_signal_count_rate_mcps_sd0,
1441:Core/Src/vl53l1_register_funcs.c **** 		2,
1442:Core/Src/vl53l1_register_funcs.c **** 		pbuffer +  22);
1443:Core/Src/vl53l1_register_funcs.c **** 	VL53L1_i2c_encode_uint16_t(
1444:Core/Src/vl53l1_register_funcs.c **** 		pdata->result__dss_actual_effective_spads_sd1,
1445:Core/Src/vl53l1_register_funcs.c **** 		2,
1446:Core/Src/vl53l1_register_funcs.c **** 		pbuffer +  24);
1447:Core/Src/vl53l1_register_funcs.c **** 	VL53L1_i2c_encode_uint16_t(
1448:Core/Src/vl53l1_register_funcs.c **** 		pdata->result__peak_signal_count_rate_mcps_sd1,
1449:Core/Src/vl53l1_register_funcs.c **** 		2,
1450:Core/Src/vl53l1_register_funcs.c **** 		pbuffer +  26);
1451:Core/Src/vl53l1_register_funcs.c **** 	VL53L1_i2c_encode_uint16_t(
1452:Core/Src/vl53l1_register_funcs.c **** 		pdata->result__ambient_count_rate_mcps_sd1,
1453:Core/Src/vl53l1_register_funcs.c **** 		2,
1454:Core/Src/vl53l1_register_funcs.c **** 		pbuffer +  28);
1455:Core/Src/vl53l1_register_funcs.c **** 	VL53L1_i2c_encode_uint16_t(
1456:Core/Src/vl53l1_register_funcs.c **** 		pdata->result__sigma_sd1,
1457:Core/Src/vl53l1_register_funcs.c **** 		2,
1458:Core/Src/vl53l1_register_funcs.c **** 		pbuffer +  30);
1459:Core/Src/vl53l1_register_funcs.c **** 	VL53L1_i2c_encode_uint16_t(
1460:Core/Src/vl53l1_register_funcs.c **** 		pdata->result__phase_sd1,
1461:Core/Src/vl53l1_register_funcs.c **** 		2,
1462:Core/Src/vl53l1_register_funcs.c **** 		pbuffer +  32);
1463:Core/Src/vl53l1_register_funcs.c **** 	VL53L1_i2c_encode_uint16_t(
1464:Core/Src/vl53l1_register_funcs.c **** 		pdata->result__final_crosstalk_corrected_range_mm_sd1,
1465:Core/Src/vl53l1_register_funcs.c **** 		2,
1466:Core/Src/vl53l1_register_funcs.c **** 		pbuffer +  34);
1467:Core/Src/vl53l1_register_funcs.c **** 	VL53L1_i2c_encode_uint16_t(
1468:Core/Src/vl53l1_register_funcs.c **** 		pdata->result__spare_0_sd1,
1469:Core/Src/vl53l1_register_funcs.c **** 		2,
1470:Core/Src/vl53l1_register_funcs.c **** 		pbuffer +  36);
1471:Core/Src/vl53l1_register_funcs.c **** 	VL53L1_i2c_encode_uint16_t(
1472:Core/Src/vl53l1_register_funcs.c **** 		pdata->result__spare_1_sd1,
1473:Core/Src/vl53l1_register_funcs.c **** 		2,
1474:Core/Src/vl53l1_register_funcs.c **** 		pbuffer +  38);
1475:Core/Src/vl53l1_register_funcs.c **** 	VL53L1_i2c_encode_uint16_t(
1476:Core/Src/vl53l1_register_funcs.c **** 		pdata->result__spare_2_sd1,
1477:Core/Src/vl53l1_register_funcs.c **** 		2,
1478:Core/Src/vl53l1_register_funcs.c **** 		pbuffer +  40);
1479:Core/Src/vl53l1_register_funcs.c **** 	*(pbuffer +  42) =
1480:Core/Src/vl53l1_register_funcs.c **** 		pdata->result__spare_3_sd1;
1481:Core/Src/vl53l1_register_funcs.c **** 	*(pbuffer +  43) =
ARM GAS  C:\Users\Lenovo\AppData\Local\Temp\ccSAMYhL.s 			page 70


1482:Core/Src/vl53l1_register_funcs.c **** 		pdata->result__thresh_info;
1483:Core/Src/vl53l1_register_funcs.c **** 	LOG_FUNCTION_END(status);
1484:Core/Src/vl53l1_register_funcs.c **** 
1485:Core/Src/vl53l1_register_funcs.c **** 
1486:Core/Src/vl53l1_register_funcs.c **** 	return status;
1487:Core/Src/vl53l1_register_funcs.c **** }
1488:Core/Src/vl53l1_register_funcs.c **** #endif
1489:Core/Src/vl53l1_register_funcs.c **** 
1490:Core/Src/vl53l1_register_funcs.c **** 
1491:Core/Src/vl53l1_register_funcs.c **** VL53L1_Error VL53L1_i2c_decode_system_results(
1492:Core/Src/vl53l1_register_funcs.c **** 	uint16_t                   buf_size,
1493:Core/Src/vl53l1_register_funcs.c **** 	uint8_t                   *pbuffer,
1494:Core/Src/vl53l1_register_funcs.c **** 	VL53L1_system_results_t   *pdata)
1495:Core/Src/vl53l1_register_funcs.c **** {
 2304              		.loc 1 1495 1 is_stmt 1 view -0
 2305              		.cfi_startproc
 2306              		@ args = 0, pretend = 0, frame = 0
 2307              		@ frame_needed = 0, uses_anonymous_args = 0
1496:Core/Src/vl53l1_register_funcs.c **** 	/**
1497:Core/Src/vl53l1_register_funcs.c **** 	 * Decodes data structure VL53L1_system_results_t from the input I2C read buffer
1498:Core/Src/vl53l1_register_funcs.c **** 	 * Buffer must be at least 44 bytes
1499:Core/Src/vl53l1_register_funcs.c **** 	*/
1500:Core/Src/vl53l1_register_funcs.c **** 
1501:Core/Src/vl53l1_register_funcs.c **** 	VL53L1_Error status = VL53L1_ERROR_NONE;
 2308              		.loc 1 1501 2 view .LVU862
1502:Core/Src/vl53l1_register_funcs.c **** 
1503:Core/Src/vl53l1_register_funcs.c **** 	LOG_FUNCTION_START("");
 2309              		.loc 1 1503 24 view .LVU863
1504:Core/Src/vl53l1_register_funcs.c **** 
1505:Core/Src/vl53l1_register_funcs.c **** 	if (VL53L1_SYSTEM_RESULTS_I2C_SIZE_BYTES > buf_size)
 2310              		.loc 1 1505 2 view .LVU864
 2311              		.loc 1 1505 5 is_stmt 0 view .LVU865
 2312 0000 2B28     		cmp	r0, #43
 2313 0002 40F28980 		bls	.L108
1495:Core/Src/vl53l1_register_funcs.c **** 	/**
 2314              		.loc 1 1495 1 view .LVU866
 2315 0006 38B5     		push	{r3, r4, r5, lr}
 2316              	.LCFI52:
 2317              		.cfi_def_cfa_offset 16
 2318              		.cfi_offset 3, -16
 2319              		.cfi_offset 4, -12
 2320              		.cfi_offset 5, -8
 2321              		.cfi_offset 14, -4
 2322 0008 0D46     		mov	r5, r1
 2323 000a 1446     		mov	r4, r2
1506:Core/Src/vl53l1_register_funcs.c **** 		return VL53L1_ERROR_COMMS_BUFFER_TOO_SMALL;
1507:Core/Src/vl53l1_register_funcs.c **** 
1508:Core/Src/vl53l1_register_funcs.c **** 	pdata->result__interrupt_status =
 2324              		.loc 1 1508 2 is_stmt 1 view .LVU867
1509:Core/Src/vl53l1_register_funcs.c **** 		(*(pbuffer +   0)) & 0x3F;
 2325              		.loc 1 1509 4 is_stmt 0 view .LVU868
 2326 000c 0B78     		ldrb	r3, [r1]	@ zero_extendqisi2
 2327              		.loc 1 1509 22 view .LVU869
 2328 000e 03F03F03 		and	r3, r3, #63
1508:Core/Src/vl53l1_register_funcs.c **** 		(*(pbuffer +   0)) & 0x3F;
 2329              		.loc 1 1508 34 view .LVU870
 2330 0012 1370     		strb	r3, [r2]
ARM GAS  C:\Users\Lenovo\AppData\Local\Temp\ccSAMYhL.s 			page 71


1510:Core/Src/vl53l1_register_funcs.c **** 	pdata->result__range_status =
 2331              		.loc 1 1510 2 is_stmt 1 view .LVU871
 2332              		.loc 1 1510 30 is_stmt 0 view .LVU872
 2333 0014 4B78     		ldrb	r3, [r1, #1]	@ zero_extendqisi2
 2334 0016 5370     		strb	r3, [r2, #1]
1511:Core/Src/vl53l1_register_funcs.c **** 		(*(pbuffer +   1));
1512:Core/Src/vl53l1_register_funcs.c **** 	pdata->result__report_status =
 2335              		.loc 1 1512 2 is_stmt 1 view .LVU873
1513:Core/Src/vl53l1_register_funcs.c **** 		(*(pbuffer +   2)) & 0xF;
 2336              		.loc 1 1513 4 is_stmt 0 view .LVU874
 2337 0018 8B78     		ldrb	r3, [r1, #2]	@ zero_extendqisi2
 2338              		.loc 1 1513 22 view .LVU875
 2339 001a 03F00F03 		and	r3, r3, #15
1512:Core/Src/vl53l1_register_funcs.c **** 		(*(pbuffer +   2)) & 0xF;
 2340              		.loc 1 1512 31 view .LVU876
 2341 001e 9370     		strb	r3, [r2, #2]
1514:Core/Src/vl53l1_register_funcs.c **** 	pdata->result__stream_count =
 2342              		.loc 1 1514 2 is_stmt 1 view .LVU877
 2343              		.loc 1 1514 30 is_stmt 0 view .LVU878
 2344 0020 CB78     		ldrb	r3, [r1, #3]	@ zero_extendqisi2
 2345 0022 D370     		strb	r3, [r2, #3]
1515:Core/Src/vl53l1_register_funcs.c **** 		(*(pbuffer +   3));
1516:Core/Src/vl53l1_register_funcs.c **** 	pdata->result__dss_actual_effective_spads_sd0 =
 2346              		.loc 1 1516 2 is_stmt 1 view .LVU879
1517:Core/Src/vl53l1_register_funcs.c **** 		(VL53L1_i2c_decode_uint16_t(2, pbuffer +   4));
 2347              		.loc 1 1517 4 is_stmt 0 view .LVU880
 2348 0024 0431     		adds	r1, r1, #4
 2349              	.LVL150:
 2350              		.loc 1 1517 4 view .LVU881
 2351 0026 0220     		movs	r0, #2
 2352              	.LVL151:
 2353              		.loc 1 1517 4 view .LVU882
 2354 0028 FFF7FEFF 		bl	VL53L1_i2c_decode_uint16_t
 2355              	.LVL152:
1516:Core/Src/vl53l1_register_funcs.c **** 		(VL53L1_i2c_decode_uint16_t(2, pbuffer +   4));
 2356              		.loc 1 1516 48 view .LVU883
 2357 002c A080     		strh	r0, [r4, #4]	@ movhi
1518:Core/Src/vl53l1_register_funcs.c **** 	pdata->result__peak_signal_count_rate_mcps_sd0 =
 2358              		.loc 1 1518 2 is_stmt 1 view .LVU884
1519:Core/Src/vl53l1_register_funcs.c **** 		(VL53L1_i2c_decode_uint16_t(2, pbuffer +   6));
 2359              		.loc 1 1519 4 is_stmt 0 view .LVU885
 2360 002e A91D     		adds	r1, r5, #6
 2361 0030 0220     		movs	r0, #2
 2362 0032 FFF7FEFF 		bl	VL53L1_i2c_decode_uint16_t
 2363              	.LVL153:
1518:Core/Src/vl53l1_register_funcs.c **** 	pdata->result__peak_signal_count_rate_mcps_sd0 =
 2364              		.loc 1 1518 49 view .LVU886
 2365 0036 E080     		strh	r0, [r4, #6]	@ movhi
1520:Core/Src/vl53l1_register_funcs.c **** 	pdata->result__ambient_count_rate_mcps_sd0 =
 2366              		.loc 1 1520 2 is_stmt 1 view .LVU887
1521:Core/Src/vl53l1_register_funcs.c **** 		(VL53L1_i2c_decode_uint16_t(2, pbuffer +   8));
 2367              		.loc 1 1521 4 is_stmt 0 view .LVU888
 2368 0038 05F10801 		add	r1, r5, #8
 2369 003c 0220     		movs	r0, #2
 2370 003e FFF7FEFF 		bl	VL53L1_i2c_decode_uint16_t
 2371              	.LVL154:
1520:Core/Src/vl53l1_register_funcs.c **** 	pdata->result__ambient_count_rate_mcps_sd0 =
ARM GAS  C:\Users\Lenovo\AppData\Local\Temp\ccSAMYhL.s 			page 72


 2372              		.loc 1 1520 45 view .LVU889
 2373 0042 2081     		strh	r0, [r4, #8]	@ movhi
1522:Core/Src/vl53l1_register_funcs.c **** 	pdata->result__sigma_sd0 =
 2374              		.loc 1 1522 2 is_stmt 1 view .LVU890
1523:Core/Src/vl53l1_register_funcs.c **** 		(VL53L1_i2c_decode_uint16_t(2, pbuffer +  10));
 2375              		.loc 1 1523 4 is_stmt 0 view .LVU891
 2376 0044 05F10A01 		add	r1, r5, #10
 2377 0048 0220     		movs	r0, #2
 2378 004a FFF7FEFF 		bl	VL53L1_i2c_decode_uint16_t
 2379              	.LVL155:
1522:Core/Src/vl53l1_register_funcs.c **** 	pdata->result__sigma_sd0 =
 2380              		.loc 1 1522 27 view .LVU892
 2381 004e 6081     		strh	r0, [r4, #10]	@ movhi
1524:Core/Src/vl53l1_register_funcs.c **** 	pdata->result__phase_sd0 =
 2382              		.loc 1 1524 2 is_stmt 1 view .LVU893
1525:Core/Src/vl53l1_register_funcs.c **** 		(VL53L1_i2c_decode_uint16_t(2, pbuffer +  12));
 2383              		.loc 1 1525 4 is_stmt 0 view .LVU894
 2384 0050 05F10C01 		add	r1, r5, #12
 2385 0054 0220     		movs	r0, #2
 2386 0056 FFF7FEFF 		bl	VL53L1_i2c_decode_uint16_t
 2387              	.LVL156:
1524:Core/Src/vl53l1_register_funcs.c **** 	pdata->result__phase_sd0 =
 2388              		.loc 1 1524 27 view .LVU895
 2389 005a A081     		strh	r0, [r4, #12]	@ movhi
1526:Core/Src/vl53l1_register_funcs.c **** 	pdata->result__final_crosstalk_corrected_range_mm_sd0 =
 2390              		.loc 1 1526 2 is_stmt 1 view .LVU896
1527:Core/Src/vl53l1_register_funcs.c **** 		(VL53L1_i2c_decode_uint16_t(2, pbuffer +  14));
 2391              		.loc 1 1527 4 is_stmt 0 view .LVU897
 2392 005c 05F10E01 		add	r1, r5, #14
 2393 0060 0220     		movs	r0, #2
 2394 0062 FFF7FEFF 		bl	VL53L1_i2c_decode_uint16_t
 2395              	.LVL157:
1526:Core/Src/vl53l1_register_funcs.c **** 	pdata->result__final_crosstalk_corrected_range_mm_sd0 =
 2396              		.loc 1 1526 56 view .LVU898
 2397 0066 E081     		strh	r0, [r4, #14]	@ movhi
1528:Core/Src/vl53l1_register_funcs.c **** 	pdata->result__peak_signal_count_rate_crosstalk_corrected_mcps_sd0 =
 2398              		.loc 1 1528 2 is_stmt 1 view .LVU899
1529:Core/Src/vl53l1_register_funcs.c **** 		(VL53L1_i2c_decode_uint16_t(2, pbuffer +  16));
 2399              		.loc 1 1529 4 is_stmt 0 view .LVU900
 2400 0068 05F11001 		add	r1, r5, #16
 2401 006c 0220     		movs	r0, #2
 2402 006e FFF7FEFF 		bl	VL53L1_i2c_decode_uint16_t
 2403              	.LVL158:
1528:Core/Src/vl53l1_register_funcs.c **** 	pdata->result__peak_signal_count_rate_crosstalk_corrected_mcps_sd0 =
 2404              		.loc 1 1528 69 view .LVU901
 2405 0072 2082     		strh	r0, [r4, #16]	@ movhi
1530:Core/Src/vl53l1_register_funcs.c **** 	pdata->result__mm_inner_actual_effective_spads_sd0 =
 2406              		.loc 1 1530 2 is_stmt 1 view .LVU902
1531:Core/Src/vl53l1_register_funcs.c **** 		(VL53L1_i2c_decode_uint16_t(2, pbuffer +  18));
 2407              		.loc 1 1531 4 is_stmt 0 view .LVU903
 2408 0074 05F11201 		add	r1, r5, #18
 2409 0078 0220     		movs	r0, #2
 2410 007a FFF7FEFF 		bl	VL53L1_i2c_decode_uint16_t
 2411              	.LVL159:
1530:Core/Src/vl53l1_register_funcs.c **** 	pdata->result__mm_inner_actual_effective_spads_sd0 =
 2412              		.loc 1 1530 53 view .LVU904
 2413 007e 6082     		strh	r0, [r4, #18]	@ movhi
ARM GAS  C:\Users\Lenovo\AppData\Local\Temp\ccSAMYhL.s 			page 73


1532:Core/Src/vl53l1_register_funcs.c **** 	pdata->result__mm_outer_actual_effective_spads_sd0 =
 2414              		.loc 1 1532 2 is_stmt 1 view .LVU905
1533:Core/Src/vl53l1_register_funcs.c **** 		(VL53L1_i2c_decode_uint16_t(2, pbuffer +  20));
 2415              		.loc 1 1533 4 is_stmt 0 view .LVU906
 2416 0080 05F11401 		add	r1, r5, #20
 2417 0084 0220     		movs	r0, #2
 2418 0086 FFF7FEFF 		bl	VL53L1_i2c_decode_uint16_t
 2419              	.LVL160:
1532:Core/Src/vl53l1_register_funcs.c **** 	pdata->result__mm_outer_actual_effective_spads_sd0 =
 2420              		.loc 1 1532 53 view .LVU907
 2421 008a A082     		strh	r0, [r4, #20]	@ movhi
1534:Core/Src/vl53l1_register_funcs.c **** 	pdata->result__avg_signal_count_rate_mcps_sd0 =
 2422              		.loc 1 1534 2 is_stmt 1 view .LVU908
1535:Core/Src/vl53l1_register_funcs.c **** 		(VL53L1_i2c_decode_uint16_t(2, pbuffer +  22));
 2423              		.loc 1 1535 4 is_stmt 0 view .LVU909
 2424 008c 05F11601 		add	r1, r5, #22
 2425 0090 0220     		movs	r0, #2
 2426 0092 FFF7FEFF 		bl	VL53L1_i2c_decode_uint16_t
 2427              	.LVL161:
1534:Core/Src/vl53l1_register_funcs.c **** 	pdata->result__avg_signal_count_rate_mcps_sd0 =
 2428              		.loc 1 1534 48 view .LVU910
 2429 0096 E082     		strh	r0, [r4, #22]	@ movhi
1536:Core/Src/vl53l1_register_funcs.c **** 	pdata->result__dss_actual_effective_spads_sd1 =
 2430              		.loc 1 1536 2 is_stmt 1 view .LVU911
1537:Core/Src/vl53l1_register_funcs.c **** 		(VL53L1_i2c_decode_uint16_t(2, pbuffer +  24));
 2431              		.loc 1 1537 4 is_stmt 0 view .LVU912
 2432 0098 05F11801 		add	r1, r5, #24
 2433 009c 0220     		movs	r0, #2
 2434 009e FFF7FEFF 		bl	VL53L1_i2c_decode_uint16_t
 2435              	.LVL162:
1536:Core/Src/vl53l1_register_funcs.c **** 	pdata->result__dss_actual_effective_spads_sd1 =
 2436              		.loc 1 1536 48 view .LVU913
 2437 00a2 2083     		strh	r0, [r4, #24]	@ movhi
1538:Core/Src/vl53l1_register_funcs.c **** 	pdata->result__peak_signal_count_rate_mcps_sd1 =
 2438              		.loc 1 1538 2 is_stmt 1 view .LVU914
1539:Core/Src/vl53l1_register_funcs.c **** 		(VL53L1_i2c_decode_uint16_t(2, pbuffer +  26));
 2439              		.loc 1 1539 4 is_stmt 0 view .LVU915
 2440 00a4 05F11A01 		add	r1, r5, #26
 2441 00a8 0220     		movs	r0, #2
 2442 00aa FFF7FEFF 		bl	VL53L1_i2c_decode_uint16_t
 2443              	.LVL163:
1538:Core/Src/vl53l1_register_funcs.c **** 	pdata->result__peak_signal_count_rate_mcps_sd1 =
 2444              		.loc 1 1538 49 view .LVU916
 2445 00ae 6083     		strh	r0, [r4, #26]	@ movhi
1540:Core/Src/vl53l1_register_funcs.c **** 	pdata->result__ambient_count_rate_mcps_sd1 =
 2446              		.loc 1 1540 2 is_stmt 1 view .LVU917
1541:Core/Src/vl53l1_register_funcs.c **** 		(VL53L1_i2c_decode_uint16_t(2, pbuffer +  28));
 2447              		.loc 1 1541 4 is_stmt 0 view .LVU918
 2448 00b0 05F11C01 		add	r1, r5, #28
 2449 00b4 0220     		movs	r0, #2
 2450 00b6 FFF7FEFF 		bl	VL53L1_i2c_decode_uint16_t
 2451              	.LVL164:
1540:Core/Src/vl53l1_register_funcs.c **** 	pdata->result__ambient_count_rate_mcps_sd1 =
 2452              		.loc 1 1540 45 view .LVU919
 2453 00ba A083     		strh	r0, [r4, #28]	@ movhi
1542:Core/Src/vl53l1_register_funcs.c **** 	pdata->result__sigma_sd1 =
 2454              		.loc 1 1542 2 is_stmt 1 view .LVU920
ARM GAS  C:\Users\Lenovo\AppData\Local\Temp\ccSAMYhL.s 			page 74


1543:Core/Src/vl53l1_register_funcs.c **** 		(VL53L1_i2c_decode_uint16_t(2, pbuffer +  30));
 2455              		.loc 1 1543 4 is_stmt 0 view .LVU921
 2456 00bc 05F11E01 		add	r1, r5, #30
 2457 00c0 0220     		movs	r0, #2
 2458 00c2 FFF7FEFF 		bl	VL53L1_i2c_decode_uint16_t
 2459              	.LVL165:
1542:Core/Src/vl53l1_register_funcs.c **** 	pdata->result__sigma_sd1 =
 2460              		.loc 1 1542 27 view .LVU922
 2461 00c6 E083     		strh	r0, [r4, #30]	@ movhi
1544:Core/Src/vl53l1_register_funcs.c **** 	pdata->result__phase_sd1 =
 2462              		.loc 1 1544 2 is_stmt 1 view .LVU923
1545:Core/Src/vl53l1_register_funcs.c **** 		(VL53L1_i2c_decode_uint16_t(2, pbuffer +  32));
 2463              		.loc 1 1545 4 is_stmt 0 view .LVU924
 2464 00c8 05F12001 		add	r1, r5, #32
 2465 00cc 0220     		movs	r0, #2
 2466 00ce FFF7FEFF 		bl	VL53L1_i2c_decode_uint16_t
 2467              	.LVL166:
1544:Core/Src/vl53l1_register_funcs.c **** 	pdata->result__phase_sd1 =
 2468              		.loc 1 1544 27 view .LVU925
 2469 00d2 2084     		strh	r0, [r4, #32]	@ movhi
1546:Core/Src/vl53l1_register_funcs.c **** 	pdata->result__final_crosstalk_corrected_range_mm_sd1 =
 2470              		.loc 1 1546 2 is_stmt 1 view .LVU926
1547:Core/Src/vl53l1_register_funcs.c **** 		(VL53L1_i2c_decode_uint16_t(2, pbuffer +  34));
 2471              		.loc 1 1547 4 is_stmt 0 view .LVU927
 2472 00d4 05F12201 		add	r1, r5, #34
 2473 00d8 0220     		movs	r0, #2
 2474 00da FFF7FEFF 		bl	VL53L1_i2c_decode_uint16_t
 2475              	.LVL167:
1546:Core/Src/vl53l1_register_funcs.c **** 	pdata->result__final_crosstalk_corrected_range_mm_sd1 =
 2476              		.loc 1 1546 56 view .LVU928
 2477 00de 6084     		strh	r0, [r4, #34]	@ movhi
1548:Core/Src/vl53l1_register_funcs.c **** 	pdata->result__spare_0_sd1 =
 2478              		.loc 1 1548 2 is_stmt 1 view .LVU929
1549:Core/Src/vl53l1_register_funcs.c **** 		(VL53L1_i2c_decode_uint16_t(2, pbuffer +  36));
 2479              		.loc 1 1549 4 is_stmt 0 view .LVU930
 2480 00e0 05F12401 		add	r1, r5, #36
 2481 00e4 0220     		movs	r0, #2
 2482 00e6 FFF7FEFF 		bl	VL53L1_i2c_decode_uint16_t
 2483              	.LVL168:
1548:Core/Src/vl53l1_register_funcs.c **** 	pdata->result__spare_0_sd1 =
 2484              		.loc 1 1548 29 view .LVU931
 2485 00ea A084     		strh	r0, [r4, #36]	@ movhi
1550:Core/Src/vl53l1_register_funcs.c **** 	pdata->result__spare_1_sd1 =
 2486              		.loc 1 1550 2 is_stmt 1 view .LVU932
1551:Core/Src/vl53l1_register_funcs.c **** 		(VL53L1_i2c_decode_uint16_t(2, pbuffer +  38));
 2487              		.loc 1 1551 4 is_stmt 0 view .LVU933
 2488 00ec 05F12601 		add	r1, r5, #38
 2489 00f0 0220     		movs	r0, #2
 2490 00f2 FFF7FEFF 		bl	VL53L1_i2c_decode_uint16_t
 2491              	.LVL169:
1550:Core/Src/vl53l1_register_funcs.c **** 	pdata->result__spare_1_sd1 =
 2492              		.loc 1 1550 29 view .LVU934
 2493 00f6 E084     		strh	r0, [r4, #38]	@ movhi
1552:Core/Src/vl53l1_register_funcs.c **** 	pdata->result__spare_2_sd1 =
 2494              		.loc 1 1552 2 is_stmt 1 view .LVU935
1553:Core/Src/vl53l1_register_funcs.c **** 		(VL53L1_i2c_decode_uint16_t(2, pbuffer +  40));
 2495              		.loc 1 1553 4 is_stmt 0 view .LVU936
ARM GAS  C:\Users\Lenovo\AppData\Local\Temp\ccSAMYhL.s 			page 75


 2496 00f8 05F12801 		add	r1, r5, #40
 2497 00fc 0220     		movs	r0, #2
 2498 00fe FFF7FEFF 		bl	VL53L1_i2c_decode_uint16_t
 2499              	.LVL170:
1552:Core/Src/vl53l1_register_funcs.c **** 	pdata->result__spare_2_sd1 =
 2500              		.loc 1 1552 29 view .LVU937
 2501 0102 2085     		strh	r0, [r4, #40]	@ movhi
1554:Core/Src/vl53l1_register_funcs.c **** 	pdata->result__spare_3_sd1 =
 2502              		.loc 1 1554 2 is_stmt 1 view .LVU938
 2503              		.loc 1 1554 29 is_stmt 0 view .LVU939
 2504 0104 95F82A30 		ldrb	r3, [r5, #42]	@ zero_extendqisi2
 2505 0108 84F82A30 		strb	r3, [r4, #42]
1555:Core/Src/vl53l1_register_funcs.c **** 		(*(pbuffer +  42));
1556:Core/Src/vl53l1_register_funcs.c **** 	pdata->result__thresh_info =
 2506              		.loc 1 1556 2 is_stmt 1 view .LVU940
 2507              		.loc 1 1556 29 is_stmt 0 view .LVU941
 2508 010c 95F82B30 		ldrb	r3, [r5, #43]	@ zero_extendqisi2
 2509 0110 84F82B30 		strb	r3, [r4, #43]
1557:Core/Src/vl53l1_register_funcs.c **** 		(*(pbuffer +  43));
1558:Core/Src/vl53l1_register_funcs.c **** 
1559:Core/Src/vl53l1_register_funcs.c **** 	LOG_FUNCTION_END(status);
 2510              		.loc 1 1559 26 is_stmt 1 view .LVU942
1560:Core/Src/vl53l1_register_funcs.c **** 
1561:Core/Src/vl53l1_register_funcs.c **** 	return status;
 2511              		.loc 1 1561 2 view .LVU943
 2512              		.loc 1 1561 9 is_stmt 0 view .LVU944
 2513 0114 0020     		movs	r0, #0
1562:Core/Src/vl53l1_register_funcs.c **** }
 2514              		.loc 1 1562 1 view .LVU945
 2515 0116 38BD     		pop	{r3, r4, r5, pc}
 2516              	.LVL171:
 2517              	.L108:
 2518              	.LCFI53:
 2519              		.cfi_def_cfa_offset 0
 2520              		.cfi_restore 3
 2521              		.cfi_restore 4
 2522              		.cfi_restore 5
 2523              		.cfi_restore 14
1506:Core/Src/vl53l1_register_funcs.c **** 
 2524              		.loc 1 1506 10 view .LVU946
 2525 0118 6FF00900 		mvn	r0, #9
 2526              	.LVL172:
 2527              		.loc 1 1562 1 view .LVU947
 2528 011c 7047     		bx	lr
 2529              		.cfi_endproc
 2530              	.LFE22:
 2532              		.section	.text.VL53L1_get_system_results,"ax",%progbits
 2533              		.align	1
 2534              		.global	VL53L1_get_system_results
 2535              		.syntax unified
 2536              		.thumb
 2537              		.thumb_func
 2539              	VL53L1_get_system_results:
 2540              	.LVL173:
 2541              	.LFB23:
1563:Core/Src/vl53l1_register_funcs.c **** 
1564:Core/Src/vl53l1_register_funcs.c **** 
ARM GAS  C:\Users\Lenovo\AppData\Local\Temp\ccSAMYhL.s 			page 76


1565:Core/Src/vl53l1_register_funcs.c **** #ifdef PAL_EXTENDED
1566:Core/Src/vl53l1_register_funcs.c **** VL53L1_Error VL53L1_set_system_results(
1567:Core/Src/vl53l1_register_funcs.c **** 	VL53L1_DEV                 Dev,
1568:Core/Src/vl53l1_register_funcs.c **** 	VL53L1_system_results_t   *pdata)
1569:Core/Src/vl53l1_register_funcs.c **** {
1570:Core/Src/vl53l1_register_funcs.c **** 	/**
1571:Core/Src/vl53l1_register_funcs.c **** 	 * Serialises and sends the contents of VL53L1_system_results_t
1572:Core/Src/vl53l1_register_funcs.c **** 	 * data structure to the device
1573:Core/Src/vl53l1_register_funcs.c **** 	 */
1574:Core/Src/vl53l1_register_funcs.c **** 
1575:Core/Src/vl53l1_register_funcs.c **** 	VL53L1_Error status = VL53L1_ERROR_NONE;
1576:Core/Src/vl53l1_register_funcs.c **** 	uint8_t comms_buffer[VL53L1_SYSTEM_RESULTS_I2C_SIZE_BYTES];
1577:Core/Src/vl53l1_register_funcs.c **** 
1578:Core/Src/vl53l1_register_funcs.c **** 	LOG_FUNCTION_START("");
1579:Core/Src/vl53l1_register_funcs.c **** 
1580:Core/Src/vl53l1_register_funcs.c **** 	if (status == VL53L1_ERROR_NONE) /*lint !e774 always true*/
1581:Core/Src/vl53l1_register_funcs.c **** 		status = VL53L1_i2c_encode_system_results(
1582:Core/Src/vl53l1_register_funcs.c **** 			pdata,
1583:Core/Src/vl53l1_register_funcs.c **** 			VL53L1_SYSTEM_RESULTS_I2C_SIZE_BYTES,
1584:Core/Src/vl53l1_register_funcs.c **** 			comms_buffer);
1585:Core/Src/vl53l1_register_funcs.c **** 
1586:Core/Src/vl53l1_register_funcs.c **** 	if (status == VL53L1_ERROR_NONE)
1587:Core/Src/vl53l1_register_funcs.c **** 		status = VL53L1_WriteMulti(
1588:Core/Src/vl53l1_register_funcs.c **** 			Dev,
1589:Core/Src/vl53l1_register_funcs.c **** 			VL53L1_RESULT__INTERRUPT_STATUS,
1590:Core/Src/vl53l1_register_funcs.c **** 			comms_buffer,
1591:Core/Src/vl53l1_register_funcs.c **** 			VL53L1_SYSTEM_RESULTS_I2C_SIZE_BYTES);
1592:Core/Src/vl53l1_register_funcs.c **** 
1593:Core/Src/vl53l1_register_funcs.c **** 	LOG_FUNCTION_END(status);
1594:Core/Src/vl53l1_register_funcs.c **** 
1595:Core/Src/vl53l1_register_funcs.c **** 	return status;
1596:Core/Src/vl53l1_register_funcs.c **** }
1597:Core/Src/vl53l1_register_funcs.c **** #endif
1598:Core/Src/vl53l1_register_funcs.c **** 
1599:Core/Src/vl53l1_register_funcs.c **** 
1600:Core/Src/vl53l1_register_funcs.c **** VL53L1_Error VL53L1_get_system_results(
1601:Core/Src/vl53l1_register_funcs.c **** 	VL53L1_DEV                 Dev,
1602:Core/Src/vl53l1_register_funcs.c **** 	VL53L1_system_results_t   *pdata)
1603:Core/Src/vl53l1_register_funcs.c **** {
 2542              		.loc 1 1603 1 is_stmt 1 view -0
 2543              		.cfi_startproc
 2544              		@ args = 0, pretend = 0, frame = 48
 2545              		@ frame_needed = 0, uses_anonymous_args = 0
 2546              		.loc 1 1603 1 is_stmt 0 view .LVU949
 2547 0000 10B5     		push	{r4, lr}
 2548              	.LCFI54:
 2549              		.cfi_def_cfa_offset 8
 2550              		.cfi_offset 4, -8
 2551              		.cfi_offset 14, -4
 2552 0002 8CB0     		sub	sp, sp, #48
 2553              	.LCFI55:
 2554              		.cfi_def_cfa_offset 56
 2555 0004 0C46     		mov	r4, r1
1604:Core/Src/vl53l1_register_funcs.c **** 	/**
1605:Core/Src/vl53l1_register_funcs.c **** 	 * Reads and de-serialises the contents of VL53L1_system_results_t
1606:Core/Src/vl53l1_register_funcs.c **** 	 * data structure from the device
1607:Core/Src/vl53l1_register_funcs.c **** 	 */
ARM GAS  C:\Users\Lenovo\AppData\Local\Temp\ccSAMYhL.s 			page 77


1608:Core/Src/vl53l1_register_funcs.c **** 
1609:Core/Src/vl53l1_register_funcs.c **** 	VL53L1_Error status = VL53L1_ERROR_NONE;
 2556              		.loc 1 1609 2 is_stmt 1 view .LVU950
 2557              	.LVL174:
1610:Core/Src/vl53l1_register_funcs.c **** 	uint8_t comms_buffer[VL53L1_SYSTEM_RESULTS_I2C_SIZE_BYTES];
 2558              		.loc 1 1610 2 view .LVU951
1611:Core/Src/vl53l1_register_funcs.c **** 
1612:Core/Src/vl53l1_register_funcs.c **** 	LOG_FUNCTION_START("");
 2559              		.loc 1 1612 24 view .LVU952
1613:Core/Src/vl53l1_register_funcs.c **** 
1614:Core/Src/vl53l1_register_funcs.c **** 	if (status == VL53L1_ERROR_NONE) /*lint !e774 always true*/
 2560              		.loc 1 1614 2 view .LVU953
1615:Core/Src/vl53l1_register_funcs.c **** 		status = VL53L1_ReadMulti(
 2561              		.loc 1 1615 3 view .LVU954
 2562              		.loc 1 1615 12 is_stmt 0 view .LVU955
 2563 0006 2C23     		movs	r3, #44
 2564 0008 01AA     		add	r2, sp, #4
 2565 000a 8821     		movs	r1, #136
 2566              	.LVL175:
 2567              		.loc 1 1615 12 view .LVU956
 2568 000c FFF7FEFF 		bl	VL53L1_ReadMulti
 2569              	.LVL176:
1616:Core/Src/vl53l1_register_funcs.c **** 			Dev,
1617:Core/Src/vl53l1_register_funcs.c **** 			VL53L1_RESULT__INTERRUPT_STATUS,
1618:Core/Src/vl53l1_register_funcs.c **** 			comms_buffer,
1619:Core/Src/vl53l1_register_funcs.c **** 			VL53L1_SYSTEM_RESULTS_I2C_SIZE_BYTES);
1620:Core/Src/vl53l1_register_funcs.c **** 
1621:Core/Src/vl53l1_register_funcs.c **** 	if (status == VL53L1_ERROR_NONE)
 2570              		.loc 1 1621 2 is_stmt 1 view .LVU957
 2571              		.loc 1 1621 5 is_stmt 0 view .LVU958
 2572 0010 08B1     		cbz	r0, .L116
 2573              	.LVL177:
 2574              	.L114:
1622:Core/Src/vl53l1_register_funcs.c **** 		status = VL53L1_i2c_decode_system_results(
1623:Core/Src/vl53l1_register_funcs.c **** 			VL53L1_SYSTEM_RESULTS_I2C_SIZE_BYTES,
1624:Core/Src/vl53l1_register_funcs.c **** 			comms_buffer,
1625:Core/Src/vl53l1_register_funcs.c **** 			pdata);
1626:Core/Src/vl53l1_register_funcs.c **** 
1627:Core/Src/vl53l1_register_funcs.c **** 	LOG_FUNCTION_END(status);
 2575              		.loc 1 1627 26 is_stmt 1 view .LVU959
1628:Core/Src/vl53l1_register_funcs.c **** 
1629:Core/Src/vl53l1_register_funcs.c **** 	return status;
 2576              		.loc 1 1629 2 view .LVU960
1630:Core/Src/vl53l1_register_funcs.c **** }
 2577              		.loc 1 1630 1 is_stmt 0 view .LVU961
 2578 0012 0CB0     		add	sp, sp, #48
 2579              	.LCFI56:
 2580              		.cfi_remember_state
 2581              		.cfi_def_cfa_offset 8
 2582              		@ sp needed
 2583 0014 10BD     		pop	{r4, pc}
 2584              	.LVL178:
 2585              	.L116:
 2586              	.LCFI57:
 2587              		.cfi_restore_state
1622:Core/Src/vl53l1_register_funcs.c **** 		status = VL53L1_i2c_decode_system_results(
 2588              		.loc 1 1622 3 is_stmt 1 view .LVU962
ARM GAS  C:\Users\Lenovo\AppData\Local\Temp\ccSAMYhL.s 			page 78


1622:Core/Src/vl53l1_register_funcs.c **** 		status = VL53L1_i2c_decode_system_results(
 2589              		.loc 1 1622 12 is_stmt 0 view .LVU963
 2590 0016 2246     		mov	r2, r4
 2591 0018 01A9     		add	r1, sp, #4
 2592 001a 2C20     		movs	r0, #44
 2593              	.LVL179:
1622:Core/Src/vl53l1_register_funcs.c **** 		status = VL53L1_i2c_decode_system_results(
 2594              		.loc 1 1622 12 view .LVU964
 2595 001c FFF7FEFF 		bl	VL53L1_i2c_decode_system_results
 2596              	.LVL180:
1622:Core/Src/vl53l1_register_funcs.c **** 		status = VL53L1_i2c_decode_system_results(
 2597              		.loc 1 1622 12 view .LVU965
 2598 0020 F7E7     		b	.L114
 2599              		.cfi_endproc
 2600              	.LFE23:
 2602              		.section	.text.VL53L1_i2c_decode_core_results,"ax",%progbits
 2603              		.align	1
 2604              		.global	VL53L1_i2c_decode_core_results
 2605              		.syntax unified
 2606              		.thumb
 2607              		.thumb_func
 2609              	VL53L1_i2c_decode_core_results:
 2610              	.LVL181:
 2611              	.LFB24:
1631:Core/Src/vl53l1_register_funcs.c **** 
1632:Core/Src/vl53l1_register_funcs.c **** 
1633:Core/Src/vl53l1_register_funcs.c **** #ifdef PAL_EXTENDED
1634:Core/Src/vl53l1_register_funcs.c **** VL53L1_Error VL53L1_i2c_encode_core_results(
1635:Core/Src/vl53l1_register_funcs.c **** 	VL53L1_core_results_t    *pdata,
1636:Core/Src/vl53l1_register_funcs.c **** 	uint16_t                  buf_size,
1637:Core/Src/vl53l1_register_funcs.c **** 	uint8_t                  *pbuffer)
1638:Core/Src/vl53l1_register_funcs.c **** {
1639:Core/Src/vl53l1_register_funcs.c **** 	/**
1640:Core/Src/vl53l1_register_funcs.c **** 	 * Encodes data structure VL53L1_core_results_t into a I2C write buffer
1641:Core/Src/vl53l1_register_funcs.c **** 	 * Buffer must be at least 33 bytes
1642:Core/Src/vl53l1_register_funcs.c **** 	*/
1643:Core/Src/vl53l1_register_funcs.c **** 
1644:Core/Src/vl53l1_register_funcs.c **** 	VL53L1_Error status = VL53L1_ERROR_NONE;
1645:Core/Src/vl53l1_register_funcs.c **** 
1646:Core/Src/vl53l1_register_funcs.c **** 	LOG_FUNCTION_START("");
1647:Core/Src/vl53l1_register_funcs.c **** 
1648:Core/Src/vl53l1_register_funcs.c **** 	if (VL53L1_CORE_RESULTS_I2C_SIZE_BYTES > buf_size)
1649:Core/Src/vl53l1_register_funcs.c **** 		return VL53L1_ERROR_COMMS_BUFFER_TOO_SMALL;
1650:Core/Src/vl53l1_register_funcs.c **** 
1651:Core/Src/vl53l1_register_funcs.c **** 	VL53L1_i2c_encode_uint32_t(
1652:Core/Src/vl53l1_register_funcs.c **** 		pdata->result_core__ambient_window_events_sd0,
1653:Core/Src/vl53l1_register_funcs.c **** 		4,
1654:Core/Src/vl53l1_register_funcs.c **** 		pbuffer +   0);
1655:Core/Src/vl53l1_register_funcs.c **** 	VL53L1_i2c_encode_uint32_t(
1656:Core/Src/vl53l1_register_funcs.c **** 		pdata->result_core__ranging_total_events_sd0,
1657:Core/Src/vl53l1_register_funcs.c **** 		4,
1658:Core/Src/vl53l1_register_funcs.c **** 		pbuffer +   4);
1659:Core/Src/vl53l1_register_funcs.c **** 	VL53L1_i2c_encode_int32_t(
1660:Core/Src/vl53l1_register_funcs.c **** 		pdata->result_core__signal_total_events_sd0,
1661:Core/Src/vl53l1_register_funcs.c **** 		4,
1662:Core/Src/vl53l1_register_funcs.c **** 		pbuffer +   8);
1663:Core/Src/vl53l1_register_funcs.c **** 	VL53L1_i2c_encode_uint32_t(
ARM GAS  C:\Users\Lenovo\AppData\Local\Temp\ccSAMYhL.s 			page 79


1664:Core/Src/vl53l1_register_funcs.c **** 		pdata->result_core__total_periods_elapsed_sd0,
1665:Core/Src/vl53l1_register_funcs.c **** 		4,
1666:Core/Src/vl53l1_register_funcs.c **** 		pbuffer +  12);
1667:Core/Src/vl53l1_register_funcs.c **** 	VL53L1_i2c_encode_uint32_t(
1668:Core/Src/vl53l1_register_funcs.c **** 		pdata->result_core__ambient_window_events_sd1,
1669:Core/Src/vl53l1_register_funcs.c **** 		4,
1670:Core/Src/vl53l1_register_funcs.c **** 		pbuffer +  16);
1671:Core/Src/vl53l1_register_funcs.c **** 	VL53L1_i2c_encode_uint32_t(
1672:Core/Src/vl53l1_register_funcs.c **** 		pdata->result_core__ranging_total_events_sd1,
1673:Core/Src/vl53l1_register_funcs.c **** 		4,
1674:Core/Src/vl53l1_register_funcs.c **** 		pbuffer +  20);
1675:Core/Src/vl53l1_register_funcs.c **** 	VL53L1_i2c_encode_int32_t(
1676:Core/Src/vl53l1_register_funcs.c **** 		pdata->result_core__signal_total_events_sd1,
1677:Core/Src/vl53l1_register_funcs.c **** 		4,
1678:Core/Src/vl53l1_register_funcs.c **** 		pbuffer +  24);
1679:Core/Src/vl53l1_register_funcs.c **** 	VL53L1_i2c_encode_uint32_t(
1680:Core/Src/vl53l1_register_funcs.c **** 		pdata->result_core__total_periods_elapsed_sd1,
1681:Core/Src/vl53l1_register_funcs.c **** 		4,
1682:Core/Src/vl53l1_register_funcs.c **** 		pbuffer +  28);
1683:Core/Src/vl53l1_register_funcs.c **** 	*(pbuffer +  32) =
1684:Core/Src/vl53l1_register_funcs.c **** 		pdata->result_core__spare_0;
1685:Core/Src/vl53l1_register_funcs.c **** 	LOG_FUNCTION_END(status);
1686:Core/Src/vl53l1_register_funcs.c **** 
1687:Core/Src/vl53l1_register_funcs.c **** 
1688:Core/Src/vl53l1_register_funcs.c **** 	return status;
1689:Core/Src/vl53l1_register_funcs.c **** }
1690:Core/Src/vl53l1_register_funcs.c **** #endif
1691:Core/Src/vl53l1_register_funcs.c **** 
1692:Core/Src/vl53l1_register_funcs.c **** 
1693:Core/Src/vl53l1_register_funcs.c **** VL53L1_Error VL53L1_i2c_decode_core_results(
1694:Core/Src/vl53l1_register_funcs.c **** 	uint16_t                   buf_size,
1695:Core/Src/vl53l1_register_funcs.c **** 	uint8_t                   *pbuffer,
1696:Core/Src/vl53l1_register_funcs.c **** 	VL53L1_core_results_t     *pdata)
1697:Core/Src/vl53l1_register_funcs.c **** {
 2612              		.loc 1 1697 1 is_stmt 1 view -0
 2613              		.cfi_startproc
 2614              		@ args = 0, pretend = 0, frame = 0
 2615              		@ frame_needed = 0, uses_anonymous_args = 0
1698:Core/Src/vl53l1_register_funcs.c **** 	/**
1699:Core/Src/vl53l1_register_funcs.c **** 	 * Decodes data structure VL53L1_core_results_t from the input I2C read buffer
1700:Core/Src/vl53l1_register_funcs.c **** 	 * Buffer must be at least 33 bytes
1701:Core/Src/vl53l1_register_funcs.c **** 	*/
1702:Core/Src/vl53l1_register_funcs.c **** 
1703:Core/Src/vl53l1_register_funcs.c **** 	VL53L1_Error status = VL53L1_ERROR_NONE;
 2616              		.loc 1 1703 2 view .LVU967
1704:Core/Src/vl53l1_register_funcs.c **** 
1705:Core/Src/vl53l1_register_funcs.c **** 	LOG_FUNCTION_START("");
 2617              		.loc 1 1705 24 view .LVU968
1706:Core/Src/vl53l1_register_funcs.c **** 
1707:Core/Src/vl53l1_register_funcs.c **** 	if (VL53L1_CORE_RESULTS_I2C_SIZE_BYTES > buf_size)
 2618              		.loc 1 1707 2 view .LVU969
 2619              		.loc 1 1707 5 is_stmt 0 view .LVU970
 2620 0000 2028     		cmp	r0, #32
 2621 0002 35D9     		bls	.L119
1697:Core/Src/vl53l1_register_funcs.c **** 	/**
 2622              		.loc 1 1697 1 view .LVU971
 2623 0004 38B5     		push	{r3, r4, r5, lr}
ARM GAS  C:\Users\Lenovo\AppData\Local\Temp\ccSAMYhL.s 			page 80


 2624              	.LCFI58:
 2625              		.cfi_def_cfa_offset 16
 2626              		.cfi_offset 3, -16
 2627              		.cfi_offset 4, -12
 2628              		.cfi_offset 5, -8
 2629              		.cfi_offset 14, -4
 2630 0006 0D46     		mov	r5, r1
 2631 0008 1446     		mov	r4, r2
1708:Core/Src/vl53l1_register_funcs.c **** 		return VL53L1_ERROR_COMMS_BUFFER_TOO_SMALL;
1709:Core/Src/vl53l1_register_funcs.c **** 
1710:Core/Src/vl53l1_register_funcs.c **** 	pdata->result_core__ambient_window_events_sd0 =
 2632              		.loc 1 1710 2 is_stmt 1 view .LVU972
1711:Core/Src/vl53l1_register_funcs.c **** 		(VL53L1_i2c_decode_uint32_t(4, pbuffer +   0));
 2633              		.loc 1 1711 4 is_stmt 0 view .LVU973
 2634 000a 0420     		movs	r0, #4
 2635              	.LVL182:
 2636              		.loc 1 1711 4 view .LVU974
 2637 000c FFF7FEFF 		bl	VL53L1_i2c_decode_uint32_t
 2638              	.LVL183:
1710:Core/Src/vl53l1_register_funcs.c **** 		(VL53L1_i2c_decode_uint32_t(4, pbuffer +   0));
 2639              		.loc 1 1710 48 view .LVU975
 2640 0010 2060     		str	r0, [r4]
1712:Core/Src/vl53l1_register_funcs.c **** 	pdata->result_core__ranging_total_events_sd0 =
 2641              		.loc 1 1712 2 is_stmt 1 view .LVU976
1713:Core/Src/vl53l1_register_funcs.c **** 		(VL53L1_i2c_decode_uint32_t(4, pbuffer +   4));
 2642              		.loc 1 1713 4 is_stmt 0 view .LVU977
 2643 0012 291D     		adds	r1, r5, #4
 2644 0014 0420     		movs	r0, #4
 2645 0016 FFF7FEFF 		bl	VL53L1_i2c_decode_uint32_t
 2646              	.LVL184:
1712:Core/Src/vl53l1_register_funcs.c **** 	pdata->result_core__ranging_total_events_sd0 =
 2647              		.loc 1 1712 47 view .LVU978
 2648 001a 6060     		str	r0, [r4, #4]
1714:Core/Src/vl53l1_register_funcs.c **** 	pdata->result_core__signal_total_events_sd0 =
 2649              		.loc 1 1714 2 is_stmt 1 view .LVU979
1715:Core/Src/vl53l1_register_funcs.c **** 		(VL53L1_i2c_decode_int32_t(4, pbuffer +   8));
 2650              		.loc 1 1715 4 is_stmt 0 view .LVU980
 2651 001c 05F10801 		add	r1, r5, #8
 2652 0020 0420     		movs	r0, #4
 2653 0022 FFF7FEFF 		bl	VL53L1_i2c_decode_int32_t
 2654              	.LVL185:
1714:Core/Src/vl53l1_register_funcs.c **** 	pdata->result_core__signal_total_events_sd0 =
 2655              		.loc 1 1714 46 view .LVU981
 2656 0026 A060     		str	r0, [r4, #8]
1716:Core/Src/vl53l1_register_funcs.c **** 	pdata->result_core__total_periods_elapsed_sd0 =
 2657              		.loc 1 1716 2 is_stmt 1 view .LVU982
1717:Core/Src/vl53l1_register_funcs.c **** 		(VL53L1_i2c_decode_uint32_t(4, pbuffer +  12));
 2658              		.loc 1 1717 4 is_stmt 0 view .LVU983
 2659 0028 05F10C01 		add	r1, r5, #12
 2660 002c 0420     		movs	r0, #4
 2661 002e FFF7FEFF 		bl	VL53L1_i2c_decode_uint32_t
 2662              	.LVL186:
1716:Core/Src/vl53l1_register_funcs.c **** 	pdata->result_core__total_periods_elapsed_sd0 =
 2663              		.loc 1 1716 48 view .LVU984
 2664 0032 E060     		str	r0, [r4, #12]
1718:Core/Src/vl53l1_register_funcs.c **** 	pdata->result_core__ambient_window_events_sd1 =
 2665              		.loc 1 1718 2 is_stmt 1 view .LVU985
ARM GAS  C:\Users\Lenovo\AppData\Local\Temp\ccSAMYhL.s 			page 81


1719:Core/Src/vl53l1_register_funcs.c **** 		(VL53L1_i2c_decode_uint32_t(4, pbuffer +  16));
 2666              		.loc 1 1719 4 is_stmt 0 view .LVU986
 2667 0034 05F11001 		add	r1, r5, #16
 2668 0038 0420     		movs	r0, #4
 2669 003a FFF7FEFF 		bl	VL53L1_i2c_decode_uint32_t
 2670              	.LVL187:
1718:Core/Src/vl53l1_register_funcs.c **** 	pdata->result_core__ambient_window_events_sd1 =
 2671              		.loc 1 1718 48 view .LVU987
 2672 003e 2061     		str	r0, [r4, #16]
1720:Core/Src/vl53l1_register_funcs.c **** 	pdata->result_core__ranging_total_events_sd1 =
 2673              		.loc 1 1720 2 is_stmt 1 view .LVU988
1721:Core/Src/vl53l1_register_funcs.c **** 		(VL53L1_i2c_decode_uint32_t(4, pbuffer +  20));
 2674              		.loc 1 1721 4 is_stmt 0 view .LVU989
 2675 0040 05F11401 		add	r1, r5, #20
 2676 0044 0420     		movs	r0, #4
 2677 0046 FFF7FEFF 		bl	VL53L1_i2c_decode_uint32_t
 2678              	.LVL188:
1720:Core/Src/vl53l1_register_funcs.c **** 	pdata->result_core__ranging_total_events_sd1 =
 2679              		.loc 1 1720 47 view .LVU990
 2680 004a 6061     		str	r0, [r4, #20]
1722:Core/Src/vl53l1_register_funcs.c **** 	pdata->result_core__signal_total_events_sd1 =
 2681              		.loc 1 1722 2 is_stmt 1 view .LVU991
1723:Core/Src/vl53l1_register_funcs.c **** 		(VL53L1_i2c_decode_int32_t(4, pbuffer +  24));
 2682              		.loc 1 1723 4 is_stmt 0 view .LVU992
 2683 004c 05F11801 		add	r1, r5, #24
 2684 0050 0420     		movs	r0, #4
 2685 0052 FFF7FEFF 		bl	VL53L1_i2c_decode_int32_t
 2686              	.LVL189:
1722:Core/Src/vl53l1_register_funcs.c **** 	pdata->result_core__signal_total_events_sd1 =
 2687              		.loc 1 1722 46 view .LVU993
 2688 0056 A061     		str	r0, [r4, #24]
1724:Core/Src/vl53l1_register_funcs.c **** 	pdata->result_core__total_periods_elapsed_sd1 =
 2689              		.loc 1 1724 2 is_stmt 1 view .LVU994
1725:Core/Src/vl53l1_register_funcs.c **** 		(VL53L1_i2c_decode_uint32_t(4, pbuffer +  28));
 2690              		.loc 1 1725 4 is_stmt 0 view .LVU995
 2691 0058 05F11C01 		add	r1, r5, #28
 2692 005c 0420     		movs	r0, #4
 2693 005e FFF7FEFF 		bl	VL53L1_i2c_decode_uint32_t
 2694              	.LVL190:
1724:Core/Src/vl53l1_register_funcs.c **** 	pdata->result_core__total_periods_elapsed_sd1 =
 2695              		.loc 1 1724 48 view .LVU996
 2696 0062 E061     		str	r0, [r4, #28]
1726:Core/Src/vl53l1_register_funcs.c **** 	pdata->result_core__spare_0 =
 2697              		.loc 1 1726 2 is_stmt 1 view .LVU997
 2698              		.loc 1 1726 30 is_stmt 0 view .LVU998
 2699 0064 95F82030 		ldrb	r3, [r5, #32]	@ zero_extendqisi2
 2700 0068 84F82030 		strb	r3, [r4, #32]
1727:Core/Src/vl53l1_register_funcs.c **** 		(*(pbuffer +  32));
1728:Core/Src/vl53l1_register_funcs.c **** 
1729:Core/Src/vl53l1_register_funcs.c **** 	LOG_FUNCTION_END(status);
 2701              		.loc 1 1729 26 is_stmt 1 view .LVU999
1730:Core/Src/vl53l1_register_funcs.c **** 
1731:Core/Src/vl53l1_register_funcs.c **** 	return status;
 2702              		.loc 1 1731 2 view .LVU1000
 2703              		.loc 1 1731 9 is_stmt 0 view .LVU1001
 2704 006c 0020     		movs	r0, #0
1732:Core/Src/vl53l1_register_funcs.c **** }
ARM GAS  C:\Users\Lenovo\AppData\Local\Temp\ccSAMYhL.s 			page 82


 2705              		.loc 1 1732 1 view .LVU1002
 2706 006e 38BD     		pop	{r3, r4, r5, pc}
 2707              	.LVL191:
 2708              	.L119:
 2709              	.LCFI59:
 2710              		.cfi_def_cfa_offset 0
 2711              		.cfi_restore 3
 2712              		.cfi_restore 4
 2713              		.cfi_restore 5
 2714              		.cfi_restore 14
1708:Core/Src/vl53l1_register_funcs.c **** 
 2715              		.loc 1 1708 10 view .LVU1003
 2716 0070 6FF00900 		mvn	r0, #9
 2717              	.LVL192:
 2718              		.loc 1 1732 1 view .LVU1004
 2719 0074 7047     		bx	lr
 2720              		.cfi_endproc
 2721              	.LFE24:
 2723              		.section	.text.VL53L1_i2c_decode_debug_results,"ax",%progbits
 2724              		.align	1
 2725              		.global	VL53L1_i2c_decode_debug_results
 2726              		.syntax unified
 2727              		.thumb
 2728              		.thumb_func
 2730              	VL53L1_i2c_decode_debug_results:
 2731              	.LVL193:
 2732              	.LFB25:
1733:Core/Src/vl53l1_register_funcs.c **** 
1734:Core/Src/vl53l1_register_funcs.c **** 
1735:Core/Src/vl53l1_register_funcs.c **** #ifdef VL53L1_DEBUG
1736:Core/Src/vl53l1_register_funcs.c **** VL53L1_Error VL53L1_set_core_results(
1737:Core/Src/vl53l1_register_funcs.c **** 	VL53L1_DEV                 Dev,
1738:Core/Src/vl53l1_register_funcs.c **** 	VL53L1_core_results_t     *pdata)
1739:Core/Src/vl53l1_register_funcs.c **** {
1740:Core/Src/vl53l1_register_funcs.c **** 	/**
1741:Core/Src/vl53l1_register_funcs.c **** 	 * Serialises and sends the contents of VL53L1_core_results_t
1742:Core/Src/vl53l1_register_funcs.c **** 	 * data structure to the device
1743:Core/Src/vl53l1_register_funcs.c **** 	 */
1744:Core/Src/vl53l1_register_funcs.c **** 
1745:Core/Src/vl53l1_register_funcs.c **** 	VL53L1_Error status = VL53L1_ERROR_NONE;
1746:Core/Src/vl53l1_register_funcs.c **** 	uint8_t comms_buffer[VL53L1_CORE_RESULTS_I2C_SIZE_BYTES];
1747:Core/Src/vl53l1_register_funcs.c **** 
1748:Core/Src/vl53l1_register_funcs.c **** 	LOG_FUNCTION_START("");
1749:Core/Src/vl53l1_register_funcs.c **** 
1750:Core/Src/vl53l1_register_funcs.c **** 	if (status == VL53L1_ERROR_NONE) /*lint !e774 always true*/
1751:Core/Src/vl53l1_register_funcs.c **** 		status = VL53L1_i2c_encode_core_results(
1752:Core/Src/vl53l1_register_funcs.c **** 			pdata,
1753:Core/Src/vl53l1_register_funcs.c **** 			VL53L1_CORE_RESULTS_I2C_SIZE_BYTES,
1754:Core/Src/vl53l1_register_funcs.c **** 			comms_buffer);
1755:Core/Src/vl53l1_register_funcs.c **** 
1756:Core/Src/vl53l1_register_funcs.c **** 	if (status == VL53L1_ERROR_NONE)
1757:Core/Src/vl53l1_register_funcs.c **** 		status = VL53L1_disable_firmware(Dev);
1758:Core/Src/vl53l1_register_funcs.c **** 
1759:Core/Src/vl53l1_register_funcs.c **** 	if (status == VL53L1_ERROR_NONE)
1760:Core/Src/vl53l1_register_funcs.c **** 		status = VL53L1_WriteMulti(
1761:Core/Src/vl53l1_register_funcs.c **** 			Dev,
1762:Core/Src/vl53l1_register_funcs.c **** 			VL53L1_RESULT_CORE__AMBIENT_WINDOW_EVENTS_SD0,
ARM GAS  C:\Users\Lenovo\AppData\Local\Temp\ccSAMYhL.s 			page 83


1763:Core/Src/vl53l1_register_funcs.c **** 			comms_buffer,
1764:Core/Src/vl53l1_register_funcs.c **** 			VL53L1_CORE_RESULTS_I2C_SIZE_BYTES);
1765:Core/Src/vl53l1_register_funcs.c **** 
1766:Core/Src/vl53l1_register_funcs.c **** 	if (status == VL53L1_ERROR_NONE)
1767:Core/Src/vl53l1_register_funcs.c **** 		status = VL53L1_enable_firmware(Dev);
1768:Core/Src/vl53l1_register_funcs.c **** 
1769:Core/Src/vl53l1_register_funcs.c **** 	LOG_FUNCTION_END(status);
1770:Core/Src/vl53l1_register_funcs.c **** 
1771:Core/Src/vl53l1_register_funcs.c **** 	return status;
1772:Core/Src/vl53l1_register_funcs.c **** }
1773:Core/Src/vl53l1_register_funcs.c **** #endif
1774:Core/Src/vl53l1_register_funcs.c **** 
1775:Core/Src/vl53l1_register_funcs.c **** 
1776:Core/Src/vl53l1_register_funcs.c **** #ifdef PAL_EXTENDED
1777:Core/Src/vl53l1_register_funcs.c **** VL53L1_Error VL53L1_get_core_results(
1778:Core/Src/vl53l1_register_funcs.c **** 	VL53L1_DEV                 Dev,
1779:Core/Src/vl53l1_register_funcs.c **** 	VL53L1_core_results_t     *pdata)
1780:Core/Src/vl53l1_register_funcs.c **** {
1781:Core/Src/vl53l1_register_funcs.c **** 	/**
1782:Core/Src/vl53l1_register_funcs.c **** 	 * Reads and de-serialises the contents of VL53L1_core_results_t
1783:Core/Src/vl53l1_register_funcs.c **** 	 * data structure from the device
1784:Core/Src/vl53l1_register_funcs.c **** 	 */
1785:Core/Src/vl53l1_register_funcs.c **** 
1786:Core/Src/vl53l1_register_funcs.c **** 	VL53L1_Error status = VL53L1_ERROR_NONE;
1787:Core/Src/vl53l1_register_funcs.c **** 	uint8_t comms_buffer[VL53L1_CORE_RESULTS_I2C_SIZE_BYTES];
1788:Core/Src/vl53l1_register_funcs.c **** 
1789:Core/Src/vl53l1_register_funcs.c **** 	LOG_FUNCTION_START("");
1790:Core/Src/vl53l1_register_funcs.c **** 
1791:Core/Src/vl53l1_register_funcs.c **** 	if (status == VL53L1_ERROR_NONE) /*lint !e774 always true*/
1792:Core/Src/vl53l1_register_funcs.c **** 		status = VL53L1_ReadMulti(
1793:Core/Src/vl53l1_register_funcs.c **** 			Dev,
1794:Core/Src/vl53l1_register_funcs.c **** 			VL53L1_RESULT_CORE__AMBIENT_WINDOW_EVENTS_SD0,
1795:Core/Src/vl53l1_register_funcs.c **** 			comms_buffer,
1796:Core/Src/vl53l1_register_funcs.c **** 			VL53L1_CORE_RESULTS_I2C_SIZE_BYTES);
1797:Core/Src/vl53l1_register_funcs.c **** 
1798:Core/Src/vl53l1_register_funcs.c **** 	if (status == VL53L1_ERROR_NONE)
1799:Core/Src/vl53l1_register_funcs.c **** 		status = VL53L1_i2c_decode_core_results(
1800:Core/Src/vl53l1_register_funcs.c **** 			VL53L1_CORE_RESULTS_I2C_SIZE_BYTES,
1801:Core/Src/vl53l1_register_funcs.c **** 			comms_buffer,
1802:Core/Src/vl53l1_register_funcs.c **** 			pdata);
1803:Core/Src/vl53l1_register_funcs.c **** 
1804:Core/Src/vl53l1_register_funcs.c **** 	LOG_FUNCTION_END(status);
1805:Core/Src/vl53l1_register_funcs.c **** 
1806:Core/Src/vl53l1_register_funcs.c **** 	return status;
1807:Core/Src/vl53l1_register_funcs.c **** }
1808:Core/Src/vl53l1_register_funcs.c **** #endif
1809:Core/Src/vl53l1_register_funcs.c **** 
1810:Core/Src/vl53l1_register_funcs.c **** 
1811:Core/Src/vl53l1_register_funcs.c **** #ifdef VL53L1_DEBUG
1812:Core/Src/vl53l1_register_funcs.c **** VL53L1_Error VL53L1_i2c_encode_debug_results(
1813:Core/Src/vl53l1_register_funcs.c **** 	VL53L1_debug_results_t   *pdata,
1814:Core/Src/vl53l1_register_funcs.c **** 	uint16_t                  buf_size,
1815:Core/Src/vl53l1_register_funcs.c **** 	uint8_t                  *pbuffer)
1816:Core/Src/vl53l1_register_funcs.c **** {
1817:Core/Src/vl53l1_register_funcs.c **** 	/**
1818:Core/Src/vl53l1_register_funcs.c **** 	 * Encodes data structure VL53L1_debug_results_t into a I2C write buffer
1819:Core/Src/vl53l1_register_funcs.c **** 	 * Buffer must be at least 56 bytes
ARM GAS  C:\Users\Lenovo\AppData\Local\Temp\ccSAMYhL.s 			page 84


1820:Core/Src/vl53l1_register_funcs.c **** 	*/
1821:Core/Src/vl53l1_register_funcs.c **** 
1822:Core/Src/vl53l1_register_funcs.c **** 	VL53L1_Error status = VL53L1_ERROR_NONE;
1823:Core/Src/vl53l1_register_funcs.c **** 
1824:Core/Src/vl53l1_register_funcs.c **** 	LOG_FUNCTION_START("");
1825:Core/Src/vl53l1_register_funcs.c **** 
1826:Core/Src/vl53l1_register_funcs.c **** 	if (VL53L1_DEBUG_RESULTS_I2C_SIZE_BYTES > buf_size)
1827:Core/Src/vl53l1_register_funcs.c **** 		return VL53L1_ERROR_COMMS_BUFFER_TOO_SMALL;
1828:Core/Src/vl53l1_register_funcs.c **** 
1829:Core/Src/vl53l1_register_funcs.c **** 	VL53L1_i2c_encode_uint16_t(
1830:Core/Src/vl53l1_register_funcs.c **** 		pdata->phasecal_result__reference_phase,
1831:Core/Src/vl53l1_register_funcs.c **** 		2,
1832:Core/Src/vl53l1_register_funcs.c **** 		pbuffer +   0);
1833:Core/Src/vl53l1_register_funcs.c **** 	*(pbuffer +   2) =
1834:Core/Src/vl53l1_register_funcs.c **** 		pdata->phasecal_result__vcsel_start & 0x7F;
1835:Core/Src/vl53l1_register_funcs.c **** 	*(pbuffer +   3) =
1836:Core/Src/vl53l1_register_funcs.c **** 		pdata->ref_spad_char_result__num_actual_ref_spads & 0x3F;
1837:Core/Src/vl53l1_register_funcs.c **** 	*(pbuffer +   4) =
1838:Core/Src/vl53l1_register_funcs.c **** 		pdata->ref_spad_char_result__ref_location & 0x3;
1839:Core/Src/vl53l1_register_funcs.c **** 	*(pbuffer +   5) =
1840:Core/Src/vl53l1_register_funcs.c **** 		pdata->vhv_result__coldboot_status & 0x1;
1841:Core/Src/vl53l1_register_funcs.c **** 	*(pbuffer +   6) =
1842:Core/Src/vl53l1_register_funcs.c **** 		pdata->vhv_result__search_result & 0x3F;
1843:Core/Src/vl53l1_register_funcs.c **** 	*(pbuffer +   7) =
1844:Core/Src/vl53l1_register_funcs.c **** 		pdata->vhv_result__latest_setting & 0x3F;
1845:Core/Src/vl53l1_register_funcs.c **** 	VL53L1_i2c_encode_uint16_t(
1846:Core/Src/vl53l1_register_funcs.c **** 		pdata->result__osc_calibrate_val & 0x3FF,
1847:Core/Src/vl53l1_register_funcs.c **** 		2,
1848:Core/Src/vl53l1_register_funcs.c **** 		pbuffer +   8);
1849:Core/Src/vl53l1_register_funcs.c **** 	*(pbuffer +  10) =
1850:Core/Src/vl53l1_register_funcs.c **** 		pdata->ana_config__powerdown_go1 & 0x3;
1851:Core/Src/vl53l1_register_funcs.c **** 	*(pbuffer +  11) =
1852:Core/Src/vl53l1_register_funcs.c **** 		pdata->ana_config__ref_bg_ctrl & 0x3;
1853:Core/Src/vl53l1_register_funcs.c **** 	*(pbuffer +  12) =
1854:Core/Src/vl53l1_register_funcs.c **** 		pdata->ana_config__regdvdd1v2_ctrl & 0xF;
1855:Core/Src/vl53l1_register_funcs.c **** 	*(pbuffer +  13) =
1856:Core/Src/vl53l1_register_funcs.c **** 		pdata->ana_config__osc_slow_ctrl & 0x7;
1857:Core/Src/vl53l1_register_funcs.c **** 	*(pbuffer +  14) =
1858:Core/Src/vl53l1_register_funcs.c **** 		pdata->test_mode__status & 0x1;
1859:Core/Src/vl53l1_register_funcs.c **** 	*(pbuffer +  15) =
1860:Core/Src/vl53l1_register_funcs.c **** 		pdata->firmware__system_status & 0x3;
1861:Core/Src/vl53l1_register_funcs.c **** 	*(pbuffer +  16) =
1862:Core/Src/vl53l1_register_funcs.c **** 		pdata->firmware__mode_status;
1863:Core/Src/vl53l1_register_funcs.c **** 	*(pbuffer +  17) =
1864:Core/Src/vl53l1_register_funcs.c **** 		pdata->firmware__secondary_mode_status;
1865:Core/Src/vl53l1_register_funcs.c **** 	VL53L1_i2c_encode_uint16_t(
1866:Core/Src/vl53l1_register_funcs.c **** 		pdata->firmware__cal_repeat_rate_counter & 0xFFF,
1867:Core/Src/vl53l1_register_funcs.c **** 		2,
1868:Core/Src/vl53l1_register_funcs.c **** 		pbuffer +  18);
1869:Core/Src/vl53l1_register_funcs.c **** 	VL53L1_i2c_encode_uint16_t(
1870:Core/Src/vl53l1_register_funcs.c **** 		pdata->gph__system__thresh_high,
1871:Core/Src/vl53l1_register_funcs.c **** 		2,
1872:Core/Src/vl53l1_register_funcs.c **** 		pbuffer +  22);
1873:Core/Src/vl53l1_register_funcs.c **** 	VL53L1_i2c_encode_uint16_t(
1874:Core/Src/vl53l1_register_funcs.c **** 		pdata->gph__system__thresh_low,
1875:Core/Src/vl53l1_register_funcs.c **** 		2,
1876:Core/Src/vl53l1_register_funcs.c **** 		pbuffer +  24);
ARM GAS  C:\Users\Lenovo\AppData\Local\Temp\ccSAMYhL.s 			page 85


1877:Core/Src/vl53l1_register_funcs.c **** 	*(pbuffer +  26) =
1878:Core/Src/vl53l1_register_funcs.c **** 		pdata->gph__system__enable_xtalk_per_quadrant & 0x1;
1879:Core/Src/vl53l1_register_funcs.c **** 	*(pbuffer +  27) =
1880:Core/Src/vl53l1_register_funcs.c **** 		pdata->gph__spare_0 & 0x7;
1881:Core/Src/vl53l1_register_funcs.c **** 	*(pbuffer +  28) =
1882:Core/Src/vl53l1_register_funcs.c **** 		pdata->gph__sd_config__woi_sd0;
1883:Core/Src/vl53l1_register_funcs.c **** 	*(pbuffer +  29) =
1884:Core/Src/vl53l1_register_funcs.c **** 		pdata->gph__sd_config__woi_sd1;
1885:Core/Src/vl53l1_register_funcs.c **** 	*(pbuffer +  30) =
1886:Core/Src/vl53l1_register_funcs.c **** 		pdata->gph__sd_config__initial_phase_sd0 & 0x7F;
1887:Core/Src/vl53l1_register_funcs.c **** 	*(pbuffer +  31) =
1888:Core/Src/vl53l1_register_funcs.c **** 		pdata->gph__sd_config__initial_phase_sd1 & 0x7F;
1889:Core/Src/vl53l1_register_funcs.c **** 	*(pbuffer +  32) =
1890:Core/Src/vl53l1_register_funcs.c **** 		pdata->gph__sd_config__first_order_select & 0x3;
1891:Core/Src/vl53l1_register_funcs.c **** 	*(pbuffer +  33) =
1892:Core/Src/vl53l1_register_funcs.c **** 		pdata->gph__sd_config__quantifier & 0xF;
1893:Core/Src/vl53l1_register_funcs.c **** 	*(pbuffer +  34) =
1894:Core/Src/vl53l1_register_funcs.c **** 		pdata->gph__roi_config__user_roi_centre_spad;
1895:Core/Src/vl53l1_register_funcs.c **** 	*(pbuffer +  35) =
1896:Core/Src/vl53l1_register_funcs.c **** 		pdata->gph__roi_config__user_roi_requested_global_xy_size;
1897:Core/Src/vl53l1_register_funcs.c **** 	*(pbuffer +  36) =
1898:Core/Src/vl53l1_register_funcs.c **** 		pdata->gph__system__sequence_config;
1899:Core/Src/vl53l1_register_funcs.c **** 	*(pbuffer +  37) =
1900:Core/Src/vl53l1_register_funcs.c **** 		pdata->gph__gph_id & 0x1;
1901:Core/Src/vl53l1_register_funcs.c **** 	*(pbuffer +  38) =
1902:Core/Src/vl53l1_register_funcs.c **** 		pdata->system__interrupt_set & 0x3;
1903:Core/Src/vl53l1_register_funcs.c **** 	*(pbuffer +  39) =
1904:Core/Src/vl53l1_register_funcs.c **** 		pdata->interrupt_manager__enables & 0x1F;
1905:Core/Src/vl53l1_register_funcs.c **** 	*(pbuffer +  40) =
1906:Core/Src/vl53l1_register_funcs.c **** 		pdata->interrupt_manager__clear & 0x1F;
1907:Core/Src/vl53l1_register_funcs.c **** 	*(pbuffer +  41) =
1908:Core/Src/vl53l1_register_funcs.c **** 		pdata->interrupt_manager__status & 0x1F;
1909:Core/Src/vl53l1_register_funcs.c **** 	*(pbuffer +  42) =
1910:Core/Src/vl53l1_register_funcs.c **** 		pdata->mcu_to_host_bank__wr_access_en & 0x1;
1911:Core/Src/vl53l1_register_funcs.c **** 	*(pbuffer +  43) =
1912:Core/Src/vl53l1_register_funcs.c **** 		pdata->power_management__go1_reset_status & 0x1;
1913:Core/Src/vl53l1_register_funcs.c **** 	*(pbuffer +  44) =
1914:Core/Src/vl53l1_register_funcs.c **** 		pdata->pad_startup_mode__value_ro & 0x3;
1915:Core/Src/vl53l1_register_funcs.c **** 	*(pbuffer +  45) =
1916:Core/Src/vl53l1_register_funcs.c **** 		pdata->pad_startup_mode__value_ctrl & 0x3F;
1917:Core/Src/vl53l1_register_funcs.c **** 	VL53L1_i2c_encode_uint32_t(
1918:Core/Src/vl53l1_register_funcs.c **** 		pdata->pll_period_us & 0x3FFFF,
1919:Core/Src/vl53l1_register_funcs.c **** 		4,
1920:Core/Src/vl53l1_register_funcs.c **** 		pbuffer +  46);
1921:Core/Src/vl53l1_register_funcs.c **** 	VL53L1_i2c_encode_uint32_t(
1922:Core/Src/vl53l1_register_funcs.c **** 		pdata->interrupt_scheduler__data_out,
1923:Core/Src/vl53l1_register_funcs.c **** 		4,
1924:Core/Src/vl53l1_register_funcs.c **** 		pbuffer +  50);
1925:Core/Src/vl53l1_register_funcs.c **** 	*(pbuffer +  54) =
1926:Core/Src/vl53l1_register_funcs.c **** 		pdata->nvm_bist__complete & 0x1;
1927:Core/Src/vl53l1_register_funcs.c **** 	*(pbuffer +  55) =
1928:Core/Src/vl53l1_register_funcs.c **** 		pdata->nvm_bist__status & 0x1;
1929:Core/Src/vl53l1_register_funcs.c **** 	LOG_FUNCTION_END(status);
1930:Core/Src/vl53l1_register_funcs.c **** 
1931:Core/Src/vl53l1_register_funcs.c **** 
1932:Core/Src/vl53l1_register_funcs.c **** 	return status;
1933:Core/Src/vl53l1_register_funcs.c **** }
ARM GAS  C:\Users\Lenovo\AppData\Local\Temp\ccSAMYhL.s 			page 86


1934:Core/Src/vl53l1_register_funcs.c **** #endif
1935:Core/Src/vl53l1_register_funcs.c **** 
1936:Core/Src/vl53l1_register_funcs.c **** 
1937:Core/Src/vl53l1_register_funcs.c **** VL53L1_Error VL53L1_i2c_decode_debug_results(
1938:Core/Src/vl53l1_register_funcs.c **** 	uint16_t                   buf_size,
1939:Core/Src/vl53l1_register_funcs.c **** 	uint8_t                   *pbuffer,
1940:Core/Src/vl53l1_register_funcs.c **** 	VL53L1_debug_results_t    *pdata)
1941:Core/Src/vl53l1_register_funcs.c **** {
 2733              		.loc 1 1941 1 is_stmt 1 view -0
 2734              		.cfi_startproc
 2735              		@ args = 0, pretend = 0, frame = 0
 2736              		@ frame_needed = 0, uses_anonymous_args = 0
1942:Core/Src/vl53l1_register_funcs.c **** 	/**
1943:Core/Src/vl53l1_register_funcs.c **** 	 * Decodes data structure VL53L1_debug_results_t from the input I2C read buffer
1944:Core/Src/vl53l1_register_funcs.c **** 	 * Buffer must be at least 56 bytes
1945:Core/Src/vl53l1_register_funcs.c **** 	*/
1946:Core/Src/vl53l1_register_funcs.c **** 
1947:Core/Src/vl53l1_register_funcs.c **** 	VL53L1_Error status = VL53L1_ERROR_NONE;
 2737              		.loc 1 1947 2 view .LVU1006
1948:Core/Src/vl53l1_register_funcs.c **** 
1949:Core/Src/vl53l1_register_funcs.c **** 	LOG_FUNCTION_START("");
 2738              		.loc 1 1949 24 view .LVU1007
1950:Core/Src/vl53l1_register_funcs.c **** 
1951:Core/Src/vl53l1_register_funcs.c **** 	if (VL53L1_DEBUG_RESULTS_I2C_SIZE_BYTES > buf_size)
 2739              		.loc 1 1951 2 view .LVU1008
 2740              		.loc 1 1951 5 is_stmt 0 view .LVU1009
 2741 0000 3728     		cmp	r0, #55
 2742 0002 40F2D380 		bls	.L126
1941:Core/Src/vl53l1_register_funcs.c **** 	/**
 2743              		.loc 1 1941 1 view .LVU1010
 2744 0006 38B5     		push	{r3, r4, r5, lr}
 2745              	.LCFI60:
 2746              		.cfi_def_cfa_offset 16
 2747              		.cfi_offset 3, -16
 2748              		.cfi_offset 4, -12
 2749              		.cfi_offset 5, -8
 2750              		.cfi_offset 14, -4
 2751 0008 0D46     		mov	r5, r1
 2752 000a 1446     		mov	r4, r2
1952:Core/Src/vl53l1_register_funcs.c **** 		return VL53L1_ERROR_COMMS_BUFFER_TOO_SMALL;
1953:Core/Src/vl53l1_register_funcs.c **** 
1954:Core/Src/vl53l1_register_funcs.c **** 	pdata->phasecal_result__reference_phase =
 2753              		.loc 1 1954 2 is_stmt 1 view .LVU1011
1955:Core/Src/vl53l1_register_funcs.c **** 		(VL53L1_i2c_decode_uint16_t(2, pbuffer +   0));
 2754              		.loc 1 1955 4 is_stmt 0 view .LVU1012
 2755 000c 0220     		movs	r0, #2
 2756              	.LVL194:
 2757              		.loc 1 1955 4 view .LVU1013
 2758 000e FFF7FEFF 		bl	VL53L1_i2c_decode_uint16_t
 2759              	.LVL195:
1954:Core/Src/vl53l1_register_funcs.c **** 		(VL53L1_i2c_decode_uint16_t(2, pbuffer +   0));
 2760              		.loc 1 1954 42 view .LVU1014
 2761 0012 2080     		strh	r0, [r4]	@ movhi
1956:Core/Src/vl53l1_register_funcs.c **** 	pdata->phasecal_result__vcsel_start =
 2762              		.loc 1 1956 2 is_stmt 1 view .LVU1015
1957:Core/Src/vl53l1_register_funcs.c **** 		(*(pbuffer +   2)) & 0x7F;
 2763              		.loc 1 1957 4 is_stmt 0 view .LVU1016
ARM GAS  C:\Users\Lenovo\AppData\Local\Temp\ccSAMYhL.s 			page 87


 2764 0014 AB78     		ldrb	r3, [r5, #2]	@ zero_extendqisi2
 2765              		.loc 1 1957 22 view .LVU1017
 2766 0016 03F07F03 		and	r3, r3, #127
1956:Core/Src/vl53l1_register_funcs.c **** 	pdata->phasecal_result__vcsel_start =
 2767              		.loc 1 1956 38 view .LVU1018
 2768 001a A370     		strb	r3, [r4, #2]
1958:Core/Src/vl53l1_register_funcs.c **** 	pdata->ref_spad_char_result__num_actual_ref_spads =
 2769              		.loc 1 1958 2 is_stmt 1 view .LVU1019
1959:Core/Src/vl53l1_register_funcs.c **** 		(*(pbuffer +   3)) & 0x3F;
 2770              		.loc 1 1959 4 is_stmt 0 view .LVU1020
 2771 001c EB78     		ldrb	r3, [r5, #3]	@ zero_extendqisi2
 2772              		.loc 1 1959 22 view .LVU1021
 2773 001e 03F03F03 		and	r3, r3, #63
1958:Core/Src/vl53l1_register_funcs.c **** 	pdata->ref_spad_char_result__num_actual_ref_spads =
 2774              		.loc 1 1958 52 view .LVU1022
 2775 0022 E370     		strb	r3, [r4, #3]
1960:Core/Src/vl53l1_register_funcs.c **** 	pdata->ref_spad_char_result__ref_location =
 2776              		.loc 1 1960 2 is_stmt 1 view .LVU1023
1961:Core/Src/vl53l1_register_funcs.c **** 		(*(pbuffer +   4)) & 0x3;
 2777              		.loc 1 1961 4 is_stmt 0 view .LVU1024
 2778 0024 2B79     		ldrb	r3, [r5, #4]	@ zero_extendqisi2
 2779              		.loc 1 1961 22 view .LVU1025
 2780 0026 03F00303 		and	r3, r3, #3
1960:Core/Src/vl53l1_register_funcs.c **** 	pdata->ref_spad_char_result__ref_location =
 2781              		.loc 1 1960 44 view .LVU1026
 2782 002a 2371     		strb	r3, [r4, #4]
1962:Core/Src/vl53l1_register_funcs.c **** 	pdata->vhv_result__coldboot_status =
 2783              		.loc 1 1962 2 is_stmt 1 view .LVU1027
1963:Core/Src/vl53l1_register_funcs.c **** 		(*(pbuffer +   5)) & 0x1;
 2784              		.loc 1 1963 4 is_stmt 0 view .LVU1028
 2785 002c 6B79     		ldrb	r3, [r5, #5]	@ zero_extendqisi2
 2786              		.loc 1 1963 22 view .LVU1029
 2787 002e 03F00103 		and	r3, r3, #1
1962:Core/Src/vl53l1_register_funcs.c **** 	pdata->vhv_result__coldboot_status =
 2788              		.loc 1 1962 37 view .LVU1030
 2789 0032 6371     		strb	r3, [r4, #5]
1964:Core/Src/vl53l1_register_funcs.c **** 	pdata->vhv_result__search_result =
 2790              		.loc 1 1964 2 is_stmt 1 view .LVU1031
1965:Core/Src/vl53l1_register_funcs.c **** 		(*(pbuffer +   6)) & 0x3F;
 2791              		.loc 1 1965 4 is_stmt 0 view .LVU1032
 2792 0034 AB79     		ldrb	r3, [r5, #6]	@ zero_extendqisi2
 2793              		.loc 1 1965 22 view .LVU1033
 2794 0036 03F03F03 		and	r3, r3, #63
1964:Core/Src/vl53l1_register_funcs.c **** 	pdata->vhv_result__search_result =
 2795              		.loc 1 1964 35 view .LVU1034
 2796 003a A371     		strb	r3, [r4, #6]
1966:Core/Src/vl53l1_register_funcs.c **** 	pdata->vhv_result__latest_setting =
 2797              		.loc 1 1966 2 is_stmt 1 view .LVU1035
1967:Core/Src/vl53l1_register_funcs.c **** 		(*(pbuffer +   7)) & 0x3F;
 2798              		.loc 1 1967 4 is_stmt 0 view .LVU1036
 2799 003c EB79     		ldrb	r3, [r5, #7]	@ zero_extendqisi2
 2800              		.loc 1 1967 22 view .LVU1037
 2801 003e 03F03F03 		and	r3, r3, #63
1966:Core/Src/vl53l1_register_funcs.c **** 	pdata->vhv_result__latest_setting =
 2802              		.loc 1 1966 36 view .LVU1038
 2803 0042 E371     		strb	r3, [r4, #7]
1968:Core/Src/vl53l1_register_funcs.c **** 	pdata->result__osc_calibrate_val =
ARM GAS  C:\Users\Lenovo\AppData\Local\Temp\ccSAMYhL.s 			page 88


 2804              		.loc 1 1968 2 is_stmt 1 view .LVU1039
1969:Core/Src/vl53l1_register_funcs.c **** 		(VL53L1_i2c_decode_uint16_t(2, pbuffer +   8)) & 0x3FF;
 2805              		.loc 1 1969 4 is_stmt 0 view .LVU1040
 2806 0044 05F10801 		add	r1, r5, #8
 2807 0048 0220     		movs	r0, #2
 2808 004a FFF7FEFF 		bl	VL53L1_i2c_decode_uint16_t
 2809              	.LVL196:
 2810              		.loc 1 1969 50 view .LVU1041
 2811 004e C0F30900 		ubfx	r0, r0, #0, #10
1968:Core/Src/vl53l1_register_funcs.c **** 	pdata->result__osc_calibrate_val =
 2812              		.loc 1 1968 35 view .LVU1042
 2813 0052 2081     		strh	r0, [r4, #8]	@ movhi
1970:Core/Src/vl53l1_register_funcs.c **** 	pdata->ana_config__powerdown_go1 =
 2814              		.loc 1 1970 2 is_stmt 1 view .LVU1043
1971:Core/Src/vl53l1_register_funcs.c **** 		(*(pbuffer +  10)) & 0x3;
 2815              		.loc 1 1971 4 is_stmt 0 view .LVU1044
 2816 0054 AB7A     		ldrb	r3, [r5, #10]	@ zero_extendqisi2
 2817              		.loc 1 1971 22 view .LVU1045
 2818 0056 03F00303 		and	r3, r3, #3
1970:Core/Src/vl53l1_register_funcs.c **** 	pdata->ana_config__powerdown_go1 =
 2819              		.loc 1 1970 35 view .LVU1046
 2820 005a A372     		strb	r3, [r4, #10]
1972:Core/Src/vl53l1_register_funcs.c **** 	pdata->ana_config__ref_bg_ctrl =
 2821              		.loc 1 1972 2 is_stmt 1 view .LVU1047
1973:Core/Src/vl53l1_register_funcs.c **** 		(*(pbuffer +  11)) & 0x3;
 2822              		.loc 1 1973 4 is_stmt 0 view .LVU1048
 2823 005c EB7A     		ldrb	r3, [r5, #11]	@ zero_extendqisi2
 2824              		.loc 1 1973 22 view .LVU1049
 2825 005e 03F00303 		and	r3, r3, #3
1972:Core/Src/vl53l1_register_funcs.c **** 	pdata->ana_config__ref_bg_ctrl =
 2826              		.loc 1 1972 33 view .LVU1050
 2827 0062 E372     		strb	r3, [r4, #11]
1974:Core/Src/vl53l1_register_funcs.c **** 	pdata->ana_config__regdvdd1v2_ctrl =
 2828              		.loc 1 1974 2 is_stmt 1 view .LVU1051
1975:Core/Src/vl53l1_register_funcs.c **** 		(*(pbuffer +  12)) & 0xF;
 2829              		.loc 1 1975 4 is_stmt 0 view .LVU1052
 2830 0064 2B7B     		ldrb	r3, [r5, #12]	@ zero_extendqisi2
 2831              		.loc 1 1975 22 view .LVU1053
 2832 0066 03F00F03 		and	r3, r3, #15
1974:Core/Src/vl53l1_register_funcs.c **** 	pdata->ana_config__regdvdd1v2_ctrl =
 2833              		.loc 1 1974 37 view .LVU1054
 2834 006a 2373     		strb	r3, [r4, #12]
1976:Core/Src/vl53l1_register_funcs.c **** 	pdata->ana_config__osc_slow_ctrl =
 2835              		.loc 1 1976 2 is_stmt 1 view .LVU1055
1977:Core/Src/vl53l1_register_funcs.c **** 		(*(pbuffer +  13)) & 0x7;
 2836              		.loc 1 1977 4 is_stmt 0 view .LVU1056
 2837 006c 6B7B     		ldrb	r3, [r5, #13]	@ zero_extendqisi2
 2838              		.loc 1 1977 22 view .LVU1057
 2839 006e 03F00703 		and	r3, r3, #7
1976:Core/Src/vl53l1_register_funcs.c **** 	pdata->ana_config__osc_slow_ctrl =
 2840              		.loc 1 1976 35 view .LVU1058
 2841 0072 6373     		strb	r3, [r4, #13]
1978:Core/Src/vl53l1_register_funcs.c **** 	pdata->test_mode__status =
 2842              		.loc 1 1978 2 is_stmt 1 view .LVU1059
1979:Core/Src/vl53l1_register_funcs.c **** 		(*(pbuffer +  14)) & 0x1;
 2843              		.loc 1 1979 4 is_stmt 0 view .LVU1060
 2844 0074 AB7B     		ldrb	r3, [r5, #14]	@ zero_extendqisi2
ARM GAS  C:\Users\Lenovo\AppData\Local\Temp\ccSAMYhL.s 			page 89


 2845              		.loc 1 1979 22 view .LVU1061
 2846 0076 03F00103 		and	r3, r3, #1
1978:Core/Src/vl53l1_register_funcs.c **** 	pdata->test_mode__status =
 2847              		.loc 1 1978 27 view .LVU1062
 2848 007a A373     		strb	r3, [r4, #14]
1980:Core/Src/vl53l1_register_funcs.c **** 	pdata->firmware__system_status =
 2849              		.loc 1 1980 2 is_stmt 1 view .LVU1063
1981:Core/Src/vl53l1_register_funcs.c **** 		(*(pbuffer +  15)) & 0x3;
 2850              		.loc 1 1981 4 is_stmt 0 view .LVU1064
 2851 007c EB7B     		ldrb	r3, [r5, #15]	@ zero_extendqisi2
 2852              		.loc 1 1981 22 view .LVU1065
 2853 007e 03F00303 		and	r3, r3, #3
1980:Core/Src/vl53l1_register_funcs.c **** 	pdata->firmware__system_status =
 2854              		.loc 1 1980 33 view .LVU1066
 2855 0082 E373     		strb	r3, [r4, #15]
1982:Core/Src/vl53l1_register_funcs.c **** 	pdata->firmware__mode_status =
 2856              		.loc 1 1982 2 is_stmt 1 view .LVU1067
 2857              		.loc 1 1982 31 is_stmt 0 view .LVU1068
 2858 0084 2B7C     		ldrb	r3, [r5, #16]	@ zero_extendqisi2
 2859 0086 2374     		strb	r3, [r4, #16]
1983:Core/Src/vl53l1_register_funcs.c **** 		(*(pbuffer +  16));
1984:Core/Src/vl53l1_register_funcs.c **** 	pdata->firmware__secondary_mode_status =
 2860              		.loc 1 1984 2 is_stmt 1 view .LVU1069
 2861              		.loc 1 1984 41 is_stmt 0 view .LVU1070
 2862 0088 6B7C     		ldrb	r3, [r5, #17]	@ zero_extendqisi2
 2863 008a 6374     		strb	r3, [r4, #17]
1985:Core/Src/vl53l1_register_funcs.c **** 		(*(pbuffer +  17));
1986:Core/Src/vl53l1_register_funcs.c **** 	pdata->firmware__cal_repeat_rate_counter =
 2864              		.loc 1 1986 2 is_stmt 1 view .LVU1071
1987:Core/Src/vl53l1_register_funcs.c **** 		(VL53L1_i2c_decode_uint16_t(2, pbuffer +  18)) & 0xFFF;
 2865              		.loc 1 1987 4 is_stmt 0 view .LVU1072
 2866 008c 05F11201 		add	r1, r5, #18
 2867 0090 0220     		movs	r0, #2
 2868 0092 FFF7FEFF 		bl	VL53L1_i2c_decode_uint16_t
 2869              	.LVL197:
 2870              		.loc 1 1987 50 view .LVU1073
 2871 0096 C0F30B00 		ubfx	r0, r0, #0, #12
1986:Core/Src/vl53l1_register_funcs.c **** 		(VL53L1_i2c_decode_uint16_t(2, pbuffer +  18)) & 0xFFF;
 2872              		.loc 1 1986 43 view .LVU1074
 2873 009a 6082     		strh	r0, [r4, #18]	@ movhi
1988:Core/Src/vl53l1_register_funcs.c **** 	pdata->gph__system__thresh_high =
 2874              		.loc 1 1988 2 is_stmt 1 view .LVU1075
1989:Core/Src/vl53l1_register_funcs.c **** 		(VL53L1_i2c_decode_uint16_t(2, pbuffer +  22));
 2875              		.loc 1 1989 4 is_stmt 0 view .LVU1076
 2876 009c 05F11601 		add	r1, r5, #22
 2877 00a0 0220     		movs	r0, #2
 2878 00a2 FFF7FEFF 		bl	VL53L1_i2c_decode_uint16_t
 2879              	.LVL198:
1988:Core/Src/vl53l1_register_funcs.c **** 	pdata->gph__system__thresh_high =
 2880              		.loc 1 1988 34 view .LVU1077
 2881 00a6 A082     		strh	r0, [r4, #20]	@ movhi
1990:Core/Src/vl53l1_register_funcs.c **** 	pdata->gph__system__thresh_low =
 2882              		.loc 1 1990 2 is_stmt 1 view .LVU1078
1991:Core/Src/vl53l1_register_funcs.c **** 		(VL53L1_i2c_decode_uint16_t(2, pbuffer +  24));
 2883              		.loc 1 1991 4 is_stmt 0 view .LVU1079
 2884 00a8 05F11801 		add	r1, r5, #24
 2885 00ac 0220     		movs	r0, #2
ARM GAS  C:\Users\Lenovo\AppData\Local\Temp\ccSAMYhL.s 			page 90


 2886 00ae FFF7FEFF 		bl	VL53L1_i2c_decode_uint16_t
 2887              	.LVL199:
1990:Core/Src/vl53l1_register_funcs.c **** 	pdata->gph__system__thresh_low =
 2888              		.loc 1 1990 33 view .LVU1080
 2889 00b2 E082     		strh	r0, [r4, #22]	@ movhi
1992:Core/Src/vl53l1_register_funcs.c **** 	pdata->gph__system__enable_xtalk_per_quadrant =
 2890              		.loc 1 1992 2 is_stmt 1 view .LVU1081
1993:Core/Src/vl53l1_register_funcs.c **** 		(*(pbuffer +  26)) & 0x1;
 2891              		.loc 1 1993 4 is_stmt 0 view .LVU1082
 2892 00b4 AB7E     		ldrb	r3, [r5, #26]	@ zero_extendqisi2
 2893              		.loc 1 1993 22 view .LVU1083
 2894 00b6 03F00103 		and	r3, r3, #1
1992:Core/Src/vl53l1_register_funcs.c **** 	pdata->gph__system__enable_xtalk_per_quadrant =
 2895              		.loc 1 1992 48 view .LVU1084
 2896 00ba 2376     		strb	r3, [r4, #24]
1994:Core/Src/vl53l1_register_funcs.c **** 	pdata->gph__spare_0 =
 2897              		.loc 1 1994 2 is_stmt 1 view .LVU1085
1995:Core/Src/vl53l1_register_funcs.c **** 		(*(pbuffer +  27)) & 0x7;
 2898              		.loc 1 1995 4 is_stmt 0 view .LVU1086
 2899 00bc EB7E     		ldrb	r3, [r5, #27]	@ zero_extendqisi2
 2900              		.loc 1 1995 22 view .LVU1087
 2901 00be 03F00703 		and	r3, r3, #7
1994:Core/Src/vl53l1_register_funcs.c **** 	pdata->gph__spare_0 =
 2902              		.loc 1 1994 22 view .LVU1088
 2903 00c2 6376     		strb	r3, [r4, #25]
1996:Core/Src/vl53l1_register_funcs.c **** 	pdata->gph__sd_config__woi_sd0 =
 2904              		.loc 1 1996 2 is_stmt 1 view .LVU1089
 2905              		.loc 1 1996 33 is_stmt 0 view .LVU1090
 2906 00c4 2B7F     		ldrb	r3, [r5, #28]	@ zero_extendqisi2
 2907 00c6 A376     		strb	r3, [r4, #26]
1997:Core/Src/vl53l1_register_funcs.c **** 		(*(pbuffer +  28));
1998:Core/Src/vl53l1_register_funcs.c **** 	pdata->gph__sd_config__woi_sd1 =
 2908              		.loc 1 1998 2 is_stmt 1 view .LVU1091
 2909              		.loc 1 1998 33 is_stmt 0 view .LVU1092
 2910 00c8 6B7F     		ldrb	r3, [r5, #29]	@ zero_extendqisi2
 2911 00ca E376     		strb	r3, [r4, #27]
1999:Core/Src/vl53l1_register_funcs.c **** 		(*(pbuffer +  29));
2000:Core/Src/vl53l1_register_funcs.c **** 	pdata->gph__sd_config__initial_phase_sd0 =
 2912              		.loc 1 2000 2 is_stmt 1 view .LVU1093
2001:Core/Src/vl53l1_register_funcs.c **** 		(*(pbuffer +  30)) & 0x7F;
 2913              		.loc 1 2001 4 is_stmt 0 view .LVU1094
 2914 00cc AB7F     		ldrb	r3, [r5, #30]	@ zero_extendqisi2
 2915              		.loc 1 2001 22 view .LVU1095
 2916 00ce 03F07F03 		and	r3, r3, #127
2000:Core/Src/vl53l1_register_funcs.c **** 		(*(pbuffer +  30)) & 0x7F;
 2917              		.loc 1 2000 43 view .LVU1096
 2918 00d2 2377     		strb	r3, [r4, #28]
2002:Core/Src/vl53l1_register_funcs.c **** 	pdata->gph__sd_config__initial_phase_sd1 =
 2919              		.loc 1 2002 2 is_stmt 1 view .LVU1097
2003:Core/Src/vl53l1_register_funcs.c **** 		(*(pbuffer +  31)) & 0x7F;
 2920              		.loc 1 2003 4 is_stmt 0 view .LVU1098
 2921 00d4 EB7F     		ldrb	r3, [r5, #31]	@ zero_extendqisi2
 2922              		.loc 1 2003 22 view .LVU1099
 2923 00d6 03F07F03 		and	r3, r3, #127
2002:Core/Src/vl53l1_register_funcs.c **** 	pdata->gph__sd_config__initial_phase_sd1 =
 2924              		.loc 1 2002 43 view .LVU1100
 2925 00da 6377     		strb	r3, [r4, #29]
ARM GAS  C:\Users\Lenovo\AppData\Local\Temp\ccSAMYhL.s 			page 91


2004:Core/Src/vl53l1_register_funcs.c **** 	pdata->gph__sd_config__first_order_select =
 2926              		.loc 1 2004 2 is_stmt 1 view .LVU1101
2005:Core/Src/vl53l1_register_funcs.c **** 		(*(pbuffer +  32)) & 0x3;
 2927              		.loc 1 2005 4 is_stmt 0 view .LVU1102
 2928 00dc 95F82030 		ldrb	r3, [r5, #32]	@ zero_extendqisi2
 2929              		.loc 1 2005 22 view .LVU1103
 2930 00e0 03F00303 		and	r3, r3, #3
2004:Core/Src/vl53l1_register_funcs.c **** 	pdata->gph__sd_config__first_order_select =
 2931              		.loc 1 2004 44 view .LVU1104
 2932 00e4 A377     		strb	r3, [r4, #30]
2006:Core/Src/vl53l1_register_funcs.c **** 	pdata->gph__sd_config__quantifier =
 2933              		.loc 1 2006 2 is_stmt 1 view .LVU1105
2007:Core/Src/vl53l1_register_funcs.c **** 		(*(pbuffer +  33)) & 0xF;
 2934              		.loc 1 2007 4 is_stmt 0 view .LVU1106
 2935 00e6 95F82130 		ldrb	r3, [r5, #33]	@ zero_extendqisi2
 2936              		.loc 1 2007 22 view .LVU1107
 2937 00ea 03F00F03 		and	r3, r3, #15
2006:Core/Src/vl53l1_register_funcs.c **** 	pdata->gph__sd_config__quantifier =
 2938              		.loc 1 2006 36 view .LVU1108
 2939 00ee E377     		strb	r3, [r4, #31]
2008:Core/Src/vl53l1_register_funcs.c **** 	pdata->gph__roi_config__user_roi_centre_spad =
 2940              		.loc 1 2008 2 is_stmt 1 view .LVU1109
 2941              		.loc 1 2008 47 is_stmt 0 view .LVU1110
 2942 00f0 95F82230 		ldrb	r3, [r5, #34]	@ zero_extendqisi2
 2943 00f4 84F82030 		strb	r3, [r4, #32]
2009:Core/Src/vl53l1_register_funcs.c **** 		(*(pbuffer +  34));
2010:Core/Src/vl53l1_register_funcs.c **** 	pdata->gph__roi_config__user_roi_requested_global_xy_size =
 2944              		.loc 1 2010 2 is_stmt 1 view .LVU1111
 2945              		.loc 1 2010 60 is_stmt 0 view .LVU1112
 2946 00f8 95F82330 		ldrb	r3, [r5, #35]	@ zero_extendqisi2
 2947 00fc 84F82130 		strb	r3, [r4, #33]
2011:Core/Src/vl53l1_register_funcs.c **** 		(*(pbuffer +  35));
2012:Core/Src/vl53l1_register_funcs.c **** 	pdata->gph__system__sequence_config =
 2948              		.loc 1 2012 2 is_stmt 1 view .LVU1113
 2949              		.loc 1 2012 38 is_stmt 0 view .LVU1114
 2950 0100 95F82430 		ldrb	r3, [r5, #36]	@ zero_extendqisi2
 2951 0104 84F82230 		strb	r3, [r4, #34]
2013:Core/Src/vl53l1_register_funcs.c **** 		(*(pbuffer +  36));
2014:Core/Src/vl53l1_register_funcs.c **** 	pdata->gph__gph_id =
 2952              		.loc 1 2014 2 is_stmt 1 view .LVU1115
2015:Core/Src/vl53l1_register_funcs.c **** 		(*(pbuffer +  37)) & 0x1;
 2953              		.loc 1 2015 4 is_stmt 0 view .LVU1116
 2954 0108 95F82530 		ldrb	r3, [r5, #37]	@ zero_extendqisi2
 2955              		.loc 1 2015 22 view .LVU1117
 2956 010c 03F00103 		and	r3, r3, #1
2014:Core/Src/vl53l1_register_funcs.c **** 		(*(pbuffer +  37)) & 0x1;
 2957              		.loc 1 2014 21 view .LVU1118
 2958 0110 84F82330 		strb	r3, [r4, #35]
2016:Core/Src/vl53l1_register_funcs.c **** 	pdata->system__interrupt_set =
 2959              		.loc 1 2016 2 is_stmt 1 view .LVU1119
2017:Core/Src/vl53l1_register_funcs.c **** 		(*(pbuffer +  38)) & 0x3;
 2960              		.loc 1 2017 4 is_stmt 0 view .LVU1120
 2961 0114 95F82630 		ldrb	r3, [r5, #38]	@ zero_extendqisi2
 2962              		.loc 1 2017 22 view .LVU1121
 2963 0118 03F00303 		and	r3, r3, #3
2016:Core/Src/vl53l1_register_funcs.c **** 	pdata->system__interrupt_set =
 2964              		.loc 1 2016 31 view .LVU1122
ARM GAS  C:\Users\Lenovo\AppData\Local\Temp\ccSAMYhL.s 			page 92


 2965 011c 84F82430 		strb	r3, [r4, #36]
2018:Core/Src/vl53l1_register_funcs.c **** 	pdata->interrupt_manager__enables =
 2966              		.loc 1 2018 2 is_stmt 1 view .LVU1123
2019:Core/Src/vl53l1_register_funcs.c **** 		(*(pbuffer +  39)) & 0x1F;
 2967              		.loc 1 2019 4 is_stmt 0 view .LVU1124
 2968 0120 95F82730 		ldrb	r3, [r5, #39]	@ zero_extendqisi2
 2969              		.loc 1 2019 22 view .LVU1125
 2970 0124 03F01F03 		and	r3, r3, #31
2018:Core/Src/vl53l1_register_funcs.c **** 	pdata->interrupt_manager__enables =
 2971              		.loc 1 2018 36 view .LVU1126
 2972 0128 84F82530 		strb	r3, [r4, #37]
2020:Core/Src/vl53l1_register_funcs.c **** 	pdata->interrupt_manager__clear =
 2973              		.loc 1 2020 2 is_stmt 1 view .LVU1127
2021:Core/Src/vl53l1_register_funcs.c **** 		(*(pbuffer +  40)) & 0x1F;
 2974              		.loc 1 2021 4 is_stmt 0 view .LVU1128
 2975 012c 95F82830 		ldrb	r3, [r5, #40]	@ zero_extendqisi2
 2976              		.loc 1 2021 22 view .LVU1129
 2977 0130 03F01F03 		and	r3, r3, #31
2020:Core/Src/vl53l1_register_funcs.c **** 	pdata->interrupt_manager__clear =
 2978              		.loc 1 2020 34 view .LVU1130
 2979 0134 84F82630 		strb	r3, [r4, #38]
2022:Core/Src/vl53l1_register_funcs.c **** 	pdata->interrupt_manager__status =
 2980              		.loc 1 2022 2 is_stmt 1 view .LVU1131
2023:Core/Src/vl53l1_register_funcs.c **** 		(*(pbuffer +  41)) & 0x1F;
 2981              		.loc 1 2023 4 is_stmt 0 view .LVU1132
 2982 0138 95F82930 		ldrb	r3, [r5, #41]	@ zero_extendqisi2
 2983              		.loc 1 2023 22 view .LVU1133
 2984 013c 03F01F03 		and	r3, r3, #31
2022:Core/Src/vl53l1_register_funcs.c **** 	pdata->interrupt_manager__status =
 2985              		.loc 1 2022 35 view .LVU1134
 2986 0140 84F82730 		strb	r3, [r4, #39]
2024:Core/Src/vl53l1_register_funcs.c **** 	pdata->mcu_to_host_bank__wr_access_en =
 2987              		.loc 1 2024 2 is_stmt 1 view .LVU1135
2025:Core/Src/vl53l1_register_funcs.c **** 		(*(pbuffer +  42)) & 0x1;
 2988              		.loc 1 2025 4 is_stmt 0 view .LVU1136
 2989 0144 95F82A30 		ldrb	r3, [r5, #42]	@ zero_extendqisi2
 2990              		.loc 1 2025 22 view .LVU1137
 2991 0148 03F00103 		and	r3, r3, #1
2024:Core/Src/vl53l1_register_funcs.c **** 	pdata->mcu_to_host_bank__wr_access_en =
 2992              		.loc 1 2024 40 view .LVU1138
 2993 014c 84F82830 		strb	r3, [r4, #40]
2026:Core/Src/vl53l1_register_funcs.c **** 	pdata->power_management__go1_reset_status =
 2994              		.loc 1 2026 2 is_stmt 1 view .LVU1139
2027:Core/Src/vl53l1_register_funcs.c **** 		(*(pbuffer +  43)) & 0x1;
 2995              		.loc 1 2027 4 is_stmt 0 view .LVU1140
 2996 0150 95F82B30 		ldrb	r3, [r5, #43]	@ zero_extendqisi2
 2997              		.loc 1 2027 22 view .LVU1141
 2998 0154 03F00103 		and	r3, r3, #1
2026:Core/Src/vl53l1_register_funcs.c **** 	pdata->power_management__go1_reset_status =
 2999              		.loc 1 2026 44 view .LVU1142
 3000 0158 84F82930 		strb	r3, [r4, #41]
2028:Core/Src/vl53l1_register_funcs.c **** 	pdata->pad_startup_mode__value_ro =
 3001              		.loc 1 2028 2 is_stmt 1 view .LVU1143
2029:Core/Src/vl53l1_register_funcs.c **** 		(*(pbuffer +  44)) & 0x3;
 3002              		.loc 1 2029 4 is_stmt 0 view .LVU1144
 3003 015c 95F82C30 		ldrb	r3, [r5, #44]	@ zero_extendqisi2
 3004              		.loc 1 2029 22 view .LVU1145
ARM GAS  C:\Users\Lenovo\AppData\Local\Temp\ccSAMYhL.s 			page 93


 3005 0160 03F00303 		and	r3, r3, #3
2028:Core/Src/vl53l1_register_funcs.c **** 	pdata->pad_startup_mode__value_ro =
 3006              		.loc 1 2028 36 view .LVU1146
 3007 0164 84F82A30 		strb	r3, [r4, #42]
2030:Core/Src/vl53l1_register_funcs.c **** 	pdata->pad_startup_mode__value_ctrl =
 3008              		.loc 1 2030 2 is_stmt 1 view .LVU1147
2031:Core/Src/vl53l1_register_funcs.c **** 		(*(pbuffer +  45)) & 0x3F;
 3009              		.loc 1 2031 4 is_stmt 0 view .LVU1148
 3010 0168 95F82D30 		ldrb	r3, [r5, #45]	@ zero_extendqisi2
 3011              		.loc 1 2031 22 view .LVU1149
 3012 016c 03F03F03 		and	r3, r3, #63
2030:Core/Src/vl53l1_register_funcs.c **** 	pdata->pad_startup_mode__value_ctrl =
 3013              		.loc 1 2030 38 view .LVU1150
 3014 0170 84F82B30 		strb	r3, [r4, #43]
2032:Core/Src/vl53l1_register_funcs.c **** 	pdata->pll_period_us =
 3015              		.loc 1 2032 2 is_stmt 1 view .LVU1151
2033:Core/Src/vl53l1_register_funcs.c **** 		(VL53L1_i2c_decode_uint32_t(4, pbuffer +  46)) & 0x3FFFF;
 3016              		.loc 1 2033 4 is_stmt 0 view .LVU1152
 3017 0174 05F12E01 		add	r1, r5, #46
 3018 0178 0420     		movs	r0, #4
 3019 017a FFF7FEFF 		bl	VL53L1_i2c_decode_uint32_t
 3020              	.LVL200:
 3021              		.loc 1 2033 50 view .LVU1153
 3022 017e C0F31100 		ubfx	r0, r0, #0, #18
2032:Core/Src/vl53l1_register_funcs.c **** 	pdata->pll_period_us =
 3023              		.loc 1 2032 23 view .LVU1154
 3024 0182 E062     		str	r0, [r4, #44]
2034:Core/Src/vl53l1_register_funcs.c **** 	pdata->interrupt_scheduler__data_out =
 3025              		.loc 1 2034 2 is_stmt 1 view .LVU1155
2035:Core/Src/vl53l1_register_funcs.c **** 		(VL53L1_i2c_decode_uint32_t(4, pbuffer +  50));
 3026              		.loc 1 2035 4 is_stmt 0 view .LVU1156
 3027 0184 05F13201 		add	r1, r5, #50
 3028 0188 0420     		movs	r0, #4
 3029 018a FFF7FEFF 		bl	VL53L1_i2c_decode_uint32_t
 3030              	.LVL201:
2034:Core/Src/vl53l1_register_funcs.c **** 	pdata->interrupt_scheduler__data_out =
 3031              		.loc 1 2034 39 view .LVU1157
 3032 018e 2063     		str	r0, [r4, #48]
2036:Core/Src/vl53l1_register_funcs.c **** 	pdata->nvm_bist__complete =
 3033              		.loc 1 2036 2 is_stmt 1 view .LVU1158
2037:Core/Src/vl53l1_register_funcs.c **** 		(*(pbuffer +  54)) & 0x1;
 3034              		.loc 1 2037 4 is_stmt 0 view .LVU1159
 3035 0190 95F83630 		ldrb	r3, [r5, #54]	@ zero_extendqisi2
 3036              		.loc 1 2037 22 view .LVU1160
 3037 0194 03F00103 		and	r3, r3, #1
2036:Core/Src/vl53l1_register_funcs.c **** 	pdata->nvm_bist__complete =
 3038              		.loc 1 2036 28 view .LVU1161
 3039 0198 84F83430 		strb	r3, [r4, #52]
2038:Core/Src/vl53l1_register_funcs.c **** 	pdata->nvm_bist__status =
 3040              		.loc 1 2038 2 is_stmt 1 view .LVU1162
2039:Core/Src/vl53l1_register_funcs.c **** 		(*(pbuffer +  55)) & 0x1;
 3041              		.loc 1 2039 4 is_stmt 0 view .LVU1163
 3042 019c 95F83730 		ldrb	r3, [r5, #55]	@ zero_extendqisi2
 3043              		.loc 1 2039 22 view .LVU1164
 3044 01a0 03F00103 		and	r3, r3, #1
2038:Core/Src/vl53l1_register_funcs.c **** 	pdata->nvm_bist__status =
 3045              		.loc 1 2038 26 view .LVU1165
ARM GAS  C:\Users\Lenovo\AppData\Local\Temp\ccSAMYhL.s 			page 94


 3046 01a4 84F83530 		strb	r3, [r4, #53]
2040:Core/Src/vl53l1_register_funcs.c **** 
2041:Core/Src/vl53l1_register_funcs.c **** 	LOG_FUNCTION_END(status);
 3047              		.loc 1 2041 26 is_stmt 1 view .LVU1166
2042:Core/Src/vl53l1_register_funcs.c **** 
2043:Core/Src/vl53l1_register_funcs.c **** 	return status;
 3048              		.loc 1 2043 2 view .LVU1167
 3049              		.loc 1 2043 9 is_stmt 0 view .LVU1168
 3050 01a8 0020     		movs	r0, #0
2044:Core/Src/vl53l1_register_funcs.c **** }
 3051              		.loc 1 2044 1 view .LVU1169
 3052 01aa 38BD     		pop	{r3, r4, r5, pc}
 3053              	.LVL202:
 3054              	.L126:
 3055              	.LCFI61:
 3056              		.cfi_def_cfa_offset 0
 3057              		.cfi_restore 3
 3058              		.cfi_restore 4
 3059              		.cfi_restore 5
 3060              		.cfi_restore 14
1952:Core/Src/vl53l1_register_funcs.c **** 
 3061              		.loc 1 1952 10 view .LVU1170
 3062 01ac 6FF00900 		mvn	r0, #9
 3063              	.LVL203:
 3064              		.loc 1 2044 1 view .LVU1171
 3065 01b0 7047     		bx	lr
 3066              		.cfi_endproc
 3067              	.LFE25:
 3069              		.section	.text.VL53L1_i2c_decode_nvm_copy_data,"ax",%progbits
 3070              		.align	1
 3071              		.global	VL53L1_i2c_decode_nvm_copy_data
 3072              		.syntax unified
 3073              		.thumb
 3074              		.thumb_func
 3076              	VL53L1_i2c_decode_nvm_copy_data:
 3077              	.LVL204:
 3078              	.LFB26:
2045:Core/Src/vl53l1_register_funcs.c **** 
2046:Core/Src/vl53l1_register_funcs.c **** 
2047:Core/Src/vl53l1_register_funcs.c **** #ifdef VL53L1_DEBUG
2048:Core/Src/vl53l1_register_funcs.c **** VL53L1_Error VL53L1_set_debug_results(
2049:Core/Src/vl53l1_register_funcs.c **** 	VL53L1_DEV                 Dev,
2050:Core/Src/vl53l1_register_funcs.c **** 	VL53L1_debug_results_t    *pdata)
2051:Core/Src/vl53l1_register_funcs.c **** {
2052:Core/Src/vl53l1_register_funcs.c **** 	/**
2053:Core/Src/vl53l1_register_funcs.c **** 	 * Serialises and sends the contents of VL53L1_debug_results_t
2054:Core/Src/vl53l1_register_funcs.c **** 	 * data structure to the device
2055:Core/Src/vl53l1_register_funcs.c **** 	 */
2056:Core/Src/vl53l1_register_funcs.c **** 
2057:Core/Src/vl53l1_register_funcs.c **** 	VL53L1_Error status = VL53L1_ERROR_NONE;
2058:Core/Src/vl53l1_register_funcs.c **** 	uint8_t comms_buffer[VL53L1_DEBUG_RESULTS_I2C_SIZE_BYTES];
2059:Core/Src/vl53l1_register_funcs.c **** 
2060:Core/Src/vl53l1_register_funcs.c **** 	LOG_FUNCTION_START("");
2061:Core/Src/vl53l1_register_funcs.c **** 
2062:Core/Src/vl53l1_register_funcs.c **** 	if (status == VL53L1_ERROR_NONE) /*lint !e774 always true*/
2063:Core/Src/vl53l1_register_funcs.c **** 		status = VL53L1_i2c_encode_debug_results(
2064:Core/Src/vl53l1_register_funcs.c **** 			pdata,
ARM GAS  C:\Users\Lenovo\AppData\Local\Temp\ccSAMYhL.s 			page 95


2065:Core/Src/vl53l1_register_funcs.c **** 			VL53L1_DEBUG_RESULTS_I2C_SIZE_BYTES,
2066:Core/Src/vl53l1_register_funcs.c **** 			comms_buffer);
2067:Core/Src/vl53l1_register_funcs.c **** 
2068:Core/Src/vl53l1_register_funcs.c **** 	if (status == VL53L1_ERROR_NONE)
2069:Core/Src/vl53l1_register_funcs.c **** 		status = VL53L1_disable_firmware(Dev);
2070:Core/Src/vl53l1_register_funcs.c **** 
2071:Core/Src/vl53l1_register_funcs.c **** 	if (status == VL53L1_ERROR_NONE)
2072:Core/Src/vl53l1_register_funcs.c **** 		status = VL53L1_WriteMulti(
2073:Core/Src/vl53l1_register_funcs.c **** 			Dev,
2074:Core/Src/vl53l1_register_funcs.c **** 			VL53L1_PHASECAL_RESULT__REFERENCE_PHASE,
2075:Core/Src/vl53l1_register_funcs.c **** 			comms_buffer,
2076:Core/Src/vl53l1_register_funcs.c **** 			VL53L1_DEBUG_RESULTS_I2C_SIZE_BYTES);
2077:Core/Src/vl53l1_register_funcs.c **** 
2078:Core/Src/vl53l1_register_funcs.c **** 	if (status == VL53L1_ERROR_NONE)
2079:Core/Src/vl53l1_register_funcs.c **** 		status = VL53L1_enable_firmware(Dev);
2080:Core/Src/vl53l1_register_funcs.c **** 
2081:Core/Src/vl53l1_register_funcs.c **** 	LOG_FUNCTION_END(status);
2082:Core/Src/vl53l1_register_funcs.c **** 
2083:Core/Src/vl53l1_register_funcs.c **** 	return status;
2084:Core/Src/vl53l1_register_funcs.c **** }
2085:Core/Src/vl53l1_register_funcs.c **** 
2086:Core/Src/vl53l1_register_funcs.c **** 
2087:Core/Src/vl53l1_register_funcs.c **** VL53L1_Error VL53L1_get_debug_results(
2088:Core/Src/vl53l1_register_funcs.c **** 	VL53L1_DEV                 Dev,
2089:Core/Src/vl53l1_register_funcs.c **** 	VL53L1_debug_results_t    *pdata)
2090:Core/Src/vl53l1_register_funcs.c **** {
2091:Core/Src/vl53l1_register_funcs.c **** 	/**
2092:Core/Src/vl53l1_register_funcs.c **** 	 * Reads and de-serialises the contents of VL53L1_debug_results_t
2093:Core/Src/vl53l1_register_funcs.c **** 	 * data structure from the device
2094:Core/Src/vl53l1_register_funcs.c **** 	 */
2095:Core/Src/vl53l1_register_funcs.c **** 
2096:Core/Src/vl53l1_register_funcs.c **** 	VL53L1_Error status = VL53L1_ERROR_NONE;
2097:Core/Src/vl53l1_register_funcs.c **** 	uint8_t comms_buffer[VL53L1_DEBUG_RESULTS_I2C_SIZE_BYTES];
2098:Core/Src/vl53l1_register_funcs.c **** 
2099:Core/Src/vl53l1_register_funcs.c **** 	LOG_FUNCTION_START("");
2100:Core/Src/vl53l1_register_funcs.c **** 
2101:Core/Src/vl53l1_register_funcs.c **** 	if (status == VL53L1_ERROR_NONE) /*lint !e774 always true*/
2102:Core/Src/vl53l1_register_funcs.c **** 		status = VL53L1_ReadMulti(
2103:Core/Src/vl53l1_register_funcs.c **** 			Dev,
2104:Core/Src/vl53l1_register_funcs.c **** 			VL53L1_PHASECAL_RESULT__REFERENCE_PHASE,
2105:Core/Src/vl53l1_register_funcs.c **** 			comms_buffer,
2106:Core/Src/vl53l1_register_funcs.c **** 			VL53L1_DEBUG_RESULTS_I2C_SIZE_BYTES);
2107:Core/Src/vl53l1_register_funcs.c **** 
2108:Core/Src/vl53l1_register_funcs.c **** 	if (status == VL53L1_ERROR_NONE)
2109:Core/Src/vl53l1_register_funcs.c **** 		status = VL53L1_i2c_decode_debug_results(
2110:Core/Src/vl53l1_register_funcs.c **** 			VL53L1_DEBUG_RESULTS_I2C_SIZE_BYTES,
2111:Core/Src/vl53l1_register_funcs.c **** 			comms_buffer,
2112:Core/Src/vl53l1_register_funcs.c **** 			pdata);
2113:Core/Src/vl53l1_register_funcs.c **** 
2114:Core/Src/vl53l1_register_funcs.c **** 	LOG_FUNCTION_END(status);
2115:Core/Src/vl53l1_register_funcs.c **** 
2116:Core/Src/vl53l1_register_funcs.c **** 	return status;
2117:Core/Src/vl53l1_register_funcs.c **** }
2118:Core/Src/vl53l1_register_funcs.c **** #endif
2119:Core/Src/vl53l1_register_funcs.c **** 
2120:Core/Src/vl53l1_register_funcs.c **** 
2121:Core/Src/vl53l1_register_funcs.c **** #ifdef PAL_EXTENDED
ARM GAS  C:\Users\Lenovo\AppData\Local\Temp\ccSAMYhL.s 			page 96


2122:Core/Src/vl53l1_register_funcs.c **** VL53L1_Error VL53L1_i2c_encode_nvm_copy_data(
2123:Core/Src/vl53l1_register_funcs.c **** 	VL53L1_nvm_copy_data_t   *pdata,
2124:Core/Src/vl53l1_register_funcs.c **** 	uint16_t                  buf_size,
2125:Core/Src/vl53l1_register_funcs.c **** 	uint8_t                  *pbuffer)
2126:Core/Src/vl53l1_register_funcs.c **** {
2127:Core/Src/vl53l1_register_funcs.c **** 	/**
2128:Core/Src/vl53l1_register_funcs.c **** 	 * Encodes data structure VL53L1_nvm_copy_data_t into a I2C write buffer
2129:Core/Src/vl53l1_register_funcs.c **** 	 * Buffer must be at least 49 bytes
2130:Core/Src/vl53l1_register_funcs.c **** 	*/
2131:Core/Src/vl53l1_register_funcs.c **** 
2132:Core/Src/vl53l1_register_funcs.c **** 	VL53L1_Error status = VL53L1_ERROR_NONE;
2133:Core/Src/vl53l1_register_funcs.c **** 
2134:Core/Src/vl53l1_register_funcs.c **** 	LOG_FUNCTION_START("");
2135:Core/Src/vl53l1_register_funcs.c **** 
2136:Core/Src/vl53l1_register_funcs.c **** 	if (VL53L1_NVM_COPY_DATA_I2C_SIZE_BYTES > buf_size)
2137:Core/Src/vl53l1_register_funcs.c **** 		return VL53L1_ERROR_COMMS_BUFFER_TOO_SMALL;
2138:Core/Src/vl53l1_register_funcs.c **** 
2139:Core/Src/vl53l1_register_funcs.c **** 	*(pbuffer +   0) =
2140:Core/Src/vl53l1_register_funcs.c **** 		pdata->identification__model_id;
2141:Core/Src/vl53l1_register_funcs.c **** 	*(pbuffer +   1) =
2142:Core/Src/vl53l1_register_funcs.c **** 		pdata->identification__module_type;
2143:Core/Src/vl53l1_register_funcs.c **** 	*(pbuffer +   2) =
2144:Core/Src/vl53l1_register_funcs.c **** 		pdata->identification__revision_id;
2145:Core/Src/vl53l1_register_funcs.c **** 	VL53L1_i2c_encode_uint16_t(
2146:Core/Src/vl53l1_register_funcs.c **** 		pdata->identification__module_id,
2147:Core/Src/vl53l1_register_funcs.c **** 		2,
2148:Core/Src/vl53l1_register_funcs.c **** 		pbuffer +   3);
2149:Core/Src/vl53l1_register_funcs.c **** 	*(pbuffer +   5) =
2150:Core/Src/vl53l1_register_funcs.c **** 		pdata->ana_config__fast_osc__trim_max & 0x7F;
2151:Core/Src/vl53l1_register_funcs.c **** 	*(pbuffer +   6) =
2152:Core/Src/vl53l1_register_funcs.c **** 		pdata->ana_config__fast_osc__freq_set & 0x7;
2153:Core/Src/vl53l1_register_funcs.c **** 	*(pbuffer +   7) =
2154:Core/Src/vl53l1_register_funcs.c **** 		pdata->ana_config__vcsel_trim & 0x7;
2155:Core/Src/vl53l1_register_funcs.c **** 	*(pbuffer +   8) =
2156:Core/Src/vl53l1_register_funcs.c **** 		pdata->ana_config__vcsel_selion & 0x3F;
2157:Core/Src/vl53l1_register_funcs.c **** 	*(pbuffer +   9) =
2158:Core/Src/vl53l1_register_funcs.c **** 		pdata->ana_config__vcsel_selion_max & 0x3F;
2159:Core/Src/vl53l1_register_funcs.c **** 	*(pbuffer +  10) =
2160:Core/Src/vl53l1_register_funcs.c **** 		pdata->protected_laser_safety__lock_bit & 0x1;
2161:Core/Src/vl53l1_register_funcs.c **** 	*(pbuffer +  11) =
2162:Core/Src/vl53l1_register_funcs.c **** 		pdata->laser_safety__key & 0x7F;
2163:Core/Src/vl53l1_register_funcs.c **** 	*(pbuffer +  12) =
2164:Core/Src/vl53l1_register_funcs.c **** 		pdata->laser_safety__key_ro & 0x1;
2165:Core/Src/vl53l1_register_funcs.c **** 	*(pbuffer +  13) =
2166:Core/Src/vl53l1_register_funcs.c **** 		pdata->laser_safety__clip & 0x3F;
2167:Core/Src/vl53l1_register_funcs.c **** 	*(pbuffer +  14) =
2168:Core/Src/vl53l1_register_funcs.c **** 		pdata->laser_safety__mult & 0x3F;
2169:Core/Src/vl53l1_register_funcs.c **** 	*(pbuffer +  15) =
2170:Core/Src/vl53l1_register_funcs.c **** 		pdata->global_config__spad_enables_rtn_0;
2171:Core/Src/vl53l1_register_funcs.c **** 	*(pbuffer +  16) =
2172:Core/Src/vl53l1_register_funcs.c **** 		pdata->global_config__spad_enables_rtn_1;
2173:Core/Src/vl53l1_register_funcs.c **** 	*(pbuffer +  17) =
2174:Core/Src/vl53l1_register_funcs.c **** 		pdata->global_config__spad_enables_rtn_2;
2175:Core/Src/vl53l1_register_funcs.c **** 	*(pbuffer +  18) =
2176:Core/Src/vl53l1_register_funcs.c **** 		pdata->global_config__spad_enables_rtn_3;
2177:Core/Src/vl53l1_register_funcs.c **** 	*(pbuffer +  19) =
2178:Core/Src/vl53l1_register_funcs.c **** 		pdata->global_config__spad_enables_rtn_4;
ARM GAS  C:\Users\Lenovo\AppData\Local\Temp\ccSAMYhL.s 			page 97


2179:Core/Src/vl53l1_register_funcs.c **** 	*(pbuffer +  20) =
2180:Core/Src/vl53l1_register_funcs.c **** 		pdata->global_config__spad_enables_rtn_5;
2181:Core/Src/vl53l1_register_funcs.c **** 	*(pbuffer +  21) =
2182:Core/Src/vl53l1_register_funcs.c **** 		pdata->global_config__spad_enables_rtn_6;
2183:Core/Src/vl53l1_register_funcs.c **** 	*(pbuffer +  22) =
2184:Core/Src/vl53l1_register_funcs.c **** 		pdata->global_config__spad_enables_rtn_7;
2185:Core/Src/vl53l1_register_funcs.c **** 	*(pbuffer +  23) =
2186:Core/Src/vl53l1_register_funcs.c **** 		pdata->global_config__spad_enables_rtn_8;
2187:Core/Src/vl53l1_register_funcs.c **** 	*(pbuffer +  24) =
2188:Core/Src/vl53l1_register_funcs.c **** 		pdata->global_config__spad_enables_rtn_9;
2189:Core/Src/vl53l1_register_funcs.c **** 	*(pbuffer +  25) =
2190:Core/Src/vl53l1_register_funcs.c **** 		pdata->global_config__spad_enables_rtn_10;
2191:Core/Src/vl53l1_register_funcs.c **** 	*(pbuffer +  26) =
2192:Core/Src/vl53l1_register_funcs.c **** 		pdata->global_config__spad_enables_rtn_11;
2193:Core/Src/vl53l1_register_funcs.c **** 	*(pbuffer +  27) =
2194:Core/Src/vl53l1_register_funcs.c **** 		pdata->global_config__spad_enables_rtn_12;
2195:Core/Src/vl53l1_register_funcs.c **** 	*(pbuffer +  28) =
2196:Core/Src/vl53l1_register_funcs.c **** 		pdata->global_config__spad_enables_rtn_13;
2197:Core/Src/vl53l1_register_funcs.c **** 	*(pbuffer +  29) =
2198:Core/Src/vl53l1_register_funcs.c **** 		pdata->global_config__spad_enables_rtn_14;
2199:Core/Src/vl53l1_register_funcs.c **** 	*(pbuffer +  30) =
2200:Core/Src/vl53l1_register_funcs.c **** 		pdata->global_config__spad_enables_rtn_15;
2201:Core/Src/vl53l1_register_funcs.c **** 	*(pbuffer +  31) =
2202:Core/Src/vl53l1_register_funcs.c **** 		pdata->global_config__spad_enables_rtn_16;
2203:Core/Src/vl53l1_register_funcs.c **** 	*(pbuffer +  32) =
2204:Core/Src/vl53l1_register_funcs.c **** 		pdata->global_config__spad_enables_rtn_17;
2205:Core/Src/vl53l1_register_funcs.c **** 	*(pbuffer +  33) =
2206:Core/Src/vl53l1_register_funcs.c **** 		pdata->global_config__spad_enables_rtn_18;
2207:Core/Src/vl53l1_register_funcs.c **** 	*(pbuffer +  34) =
2208:Core/Src/vl53l1_register_funcs.c **** 		pdata->global_config__spad_enables_rtn_19;
2209:Core/Src/vl53l1_register_funcs.c **** 	*(pbuffer +  35) =
2210:Core/Src/vl53l1_register_funcs.c **** 		pdata->global_config__spad_enables_rtn_20;
2211:Core/Src/vl53l1_register_funcs.c **** 	*(pbuffer +  36) =
2212:Core/Src/vl53l1_register_funcs.c **** 		pdata->global_config__spad_enables_rtn_21;
2213:Core/Src/vl53l1_register_funcs.c **** 	*(pbuffer +  37) =
2214:Core/Src/vl53l1_register_funcs.c **** 		pdata->global_config__spad_enables_rtn_22;
2215:Core/Src/vl53l1_register_funcs.c **** 	*(pbuffer +  38) =
2216:Core/Src/vl53l1_register_funcs.c **** 		pdata->global_config__spad_enables_rtn_23;
2217:Core/Src/vl53l1_register_funcs.c **** 	*(pbuffer +  39) =
2218:Core/Src/vl53l1_register_funcs.c **** 		pdata->global_config__spad_enables_rtn_24;
2219:Core/Src/vl53l1_register_funcs.c **** 	*(pbuffer +  40) =
2220:Core/Src/vl53l1_register_funcs.c **** 		pdata->global_config__spad_enables_rtn_25;
2221:Core/Src/vl53l1_register_funcs.c **** 	*(pbuffer +  41) =
2222:Core/Src/vl53l1_register_funcs.c **** 		pdata->global_config__spad_enables_rtn_26;
2223:Core/Src/vl53l1_register_funcs.c **** 	*(pbuffer +  42) =
2224:Core/Src/vl53l1_register_funcs.c **** 		pdata->global_config__spad_enables_rtn_27;
2225:Core/Src/vl53l1_register_funcs.c **** 	*(pbuffer +  43) =
2226:Core/Src/vl53l1_register_funcs.c **** 		pdata->global_config__spad_enables_rtn_28;
2227:Core/Src/vl53l1_register_funcs.c **** 	*(pbuffer +  44) =
2228:Core/Src/vl53l1_register_funcs.c **** 		pdata->global_config__spad_enables_rtn_29;
2229:Core/Src/vl53l1_register_funcs.c **** 	*(pbuffer +  45) =
2230:Core/Src/vl53l1_register_funcs.c **** 		pdata->global_config__spad_enables_rtn_30;
2231:Core/Src/vl53l1_register_funcs.c **** 	*(pbuffer +  46) =
2232:Core/Src/vl53l1_register_funcs.c **** 		pdata->global_config__spad_enables_rtn_31;
2233:Core/Src/vl53l1_register_funcs.c **** 	*(pbuffer +  47) =
2234:Core/Src/vl53l1_register_funcs.c **** 		pdata->roi_config__mode_roi_centre_spad;
2235:Core/Src/vl53l1_register_funcs.c **** 	*(pbuffer +  48) =
ARM GAS  C:\Users\Lenovo\AppData\Local\Temp\ccSAMYhL.s 			page 98


2236:Core/Src/vl53l1_register_funcs.c **** 		pdata->roi_config__mode_roi_xy_size;
2237:Core/Src/vl53l1_register_funcs.c **** 	LOG_FUNCTION_END(status);
2238:Core/Src/vl53l1_register_funcs.c **** 
2239:Core/Src/vl53l1_register_funcs.c **** 
2240:Core/Src/vl53l1_register_funcs.c **** 	return status;
2241:Core/Src/vl53l1_register_funcs.c **** }
2242:Core/Src/vl53l1_register_funcs.c **** #endif
2243:Core/Src/vl53l1_register_funcs.c **** 
2244:Core/Src/vl53l1_register_funcs.c **** 
2245:Core/Src/vl53l1_register_funcs.c **** VL53L1_Error VL53L1_i2c_decode_nvm_copy_data(
2246:Core/Src/vl53l1_register_funcs.c **** 	uint16_t                   buf_size,
2247:Core/Src/vl53l1_register_funcs.c **** 	uint8_t                   *pbuffer,
2248:Core/Src/vl53l1_register_funcs.c **** 	VL53L1_nvm_copy_data_t    *pdata)
2249:Core/Src/vl53l1_register_funcs.c **** {
 3079              		.loc 1 2249 1 is_stmt 1 view -0
 3080              		.cfi_startproc
 3081              		@ args = 0, pretend = 0, frame = 0
 3082              		@ frame_needed = 0, uses_anonymous_args = 0
2250:Core/Src/vl53l1_register_funcs.c **** 	/**
2251:Core/Src/vl53l1_register_funcs.c **** 	 * Decodes data structure VL53L1_nvm_copy_data_t from the input I2C read buffer
2252:Core/Src/vl53l1_register_funcs.c **** 	 * Buffer must be at least 49 bytes
2253:Core/Src/vl53l1_register_funcs.c **** 	*/
2254:Core/Src/vl53l1_register_funcs.c **** 
2255:Core/Src/vl53l1_register_funcs.c **** 	VL53L1_Error status = VL53L1_ERROR_NONE;
 3083              		.loc 1 2255 2 view .LVU1173
2256:Core/Src/vl53l1_register_funcs.c **** 
2257:Core/Src/vl53l1_register_funcs.c **** 	LOG_FUNCTION_START("");
 3084              		.loc 1 2257 24 view .LVU1174
2258:Core/Src/vl53l1_register_funcs.c **** 
2259:Core/Src/vl53l1_register_funcs.c **** 	if (VL53L1_NVM_COPY_DATA_I2C_SIZE_BYTES > buf_size)
 3085              		.loc 1 2259 2 view .LVU1175
 3086              		.loc 1 2259 5 is_stmt 0 view .LVU1176
 3087 0000 3028     		cmp	r0, #48
 3088 0002 40F29F80 		bls	.L133
2249:Core/Src/vl53l1_register_funcs.c **** 	/**
 3089              		.loc 1 2249 1 view .LVU1177
 3090 0006 38B5     		push	{r3, r4, r5, lr}
 3091              	.LCFI62:
 3092              		.cfi_def_cfa_offset 16
 3093              		.cfi_offset 3, -16
 3094              		.cfi_offset 4, -12
 3095              		.cfi_offset 5, -8
 3096              		.cfi_offset 14, -4
 3097 0008 0D46     		mov	r5, r1
 3098 000a 1446     		mov	r4, r2
2260:Core/Src/vl53l1_register_funcs.c **** 		return VL53L1_ERROR_COMMS_BUFFER_TOO_SMALL;
2261:Core/Src/vl53l1_register_funcs.c **** 
2262:Core/Src/vl53l1_register_funcs.c **** 	pdata->identification__model_id =
 3099              		.loc 1 2262 2 is_stmt 1 view .LVU1178
2263:Core/Src/vl53l1_register_funcs.c **** 		(*(pbuffer +   0));
 3100              		.loc 1 2263 4 is_stmt 0 view .LVU1179
 3101 000c 0B78     		ldrb	r3, [r1]	@ zero_extendqisi2
2262:Core/Src/vl53l1_register_funcs.c **** 		(*(pbuffer +   0));
 3102              		.loc 1 2262 34 view .LVU1180
 3103 000e 1370     		strb	r3, [r2]
2264:Core/Src/vl53l1_register_funcs.c **** 	pdata->identification__module_type =
 3104              		.loc 1 2264 2 is_stmt 1 view .LVU1181
ARM GAS  C:\Users\Lenovo\AppData\Local\Temp\ccSAMYhL.s 			page 99


 3105              		.loc 1 2264 37 is_stmt 0 view .LVU1182
 3106 0010 4B78     		ldrb	r3, [r1, #1]	@ zero_extendqisi2
 3107 0012 5370     		strb	r3, [r2, #1]
2265:Core/Src/vl53l1_register_funcs.c **** 		(*(pbuffer +   1));
2266:Core/Src/vl53l1_register_funcs.c **** 	pdata->identification__revision_id =
 3108              		.loc 1 2266 2 is_stmt 1 view .LVU1183
 3109              		.loc 1 2266 37 is_stmt 0 view .LVU1184
 3110 0014 8B78     		ldrb	r3, [r1, #2]	@ zero_extendqisi2
 3111 0016 9370     		strb	r3, [r2, #2]
2267:Core/Src/vl53l1_register_funcs.c **** 		(*(pbuffer +   2));
2268:Core/Src/vl53l1_register_funcs.c **** 	pdata->identification__module_id =
 3112              		.loc 1 2268 2 is_stmt 1 view .LVU1185
2269:Core/Src/vl53l1_register_funcs.c **** 		(VL53L1_i2c_decode_uint16_t(2, pbuffer +   3));
 3113              		.loc 1 2269 4 is_stmt 0 view .LVU1186
 3114 0018 0331     		adds	r1, r1, #3
 3115              	.LVL205:
 3116              		.loc 1 2269 4 view .LVU1187
 3117 001a 0220     		movs	r0, #2
 3118              	.LVL206:
 3119              		.loc 1 2269 4 view .LVU1188
 3120 001c FFF7FEFF 		bl	VL53L1_i2c_decode_uint16_t
 3121              	.LVL207:
2268:Core/Src/vl53l1_register_funcs.c **** 		(VL53L1_i2c_decode_uint16_t(2, pbuffer +   3));
 3122              		.loc 1 2268 35 view .LVU1189
 3123 0020 A080     		strh	r0, [r4, #4]	@ movhi
2270:Core/Src/vl53l1_register_funcs.c **** 	pdata->ana_config__fast_osc__trim_max =
 3124              		.loc 1 2270 2 is_stmt 1 view .LVU1190
2271:Core/Src/vl53l1_register_funcs.c **** 		(*(pbuffer +   5)) & 0x7F;
 3125              		.loc 1 2271 4 is_stmt 0 view .LVU1191
 3126 0022 6B79     		ldrb	r3, [r5, #5]	@ zero_extendqisi2
 3127              		.loc 1 2271 22 view .LVU1192
 3128 0024 03F07F03 		and	r3, r3, #127
2270:Core/Src/vl53l1_register_funcs.c **** 	pdata->ana_config__fast_osc__trim_max =
 3129              		.loc 1 2270 40 view .LVU1193
 3130 0028 A371     		strb	r3, [r4, #6]
2272:Core/Src/vl53l1_register_funcs.c **** 	pdata->ana_config__fast_osc__freq_set =
 3131              		.loc 1 2272 2 is_stmt 1 view .LVU1194
2273:Core/Src/vl53l1_register_funcs.c **** 		(*(pbuffer +   6)) & 0x7;
 3132              		.loc 1 2273 4 is_stmt 0 view .LVU1195
 3133 002a AB79     		ldrb	r3, [r5, #6]	@ zero_extendqisi2
 3134              		.loc 1 2273 22 view .LVU1196
 3135 002c 03F00703 		and	r3, r3, #7
2272:Core/Src/vl53l1_register_funcs.c **** 	pdata->ana_config__fast_osc__freq_set =
 3136              		.loc 1 2272 40 view .LVU1197
 3137 0030 E371     		strb	r3, [r4, #7]
2274:Core/Src/vl53l1_register_funcs.c **** 	pdata->ana_config__vcsel_trim =
 3138              		.loc 1 2274 2 is_stmt 1 view .LVU1198
2275:Core/Src/vl53l1_register_funcs.c **** 		(*(pbuffer +   7)) & 0x7;
 3139              		.loc 1 2275 4 is_stmt 0 view .LVU1199
 3140 0032 EB79     		ldrb	r3, [r5, #7]	@ zero_extendqisi2
 3141              		.loc 1 2275 22 view .LVU1200
 3142 0034 03F00703 		and	r3, r3, #7
2274:Core/Src/vl53l1_register_funcs.c **** 	pdata->ana_config__vcsel_trim =
 3143              		.loc 1 2274 32 view .LVU1201
 3144 0038 2372     		strb	r3, [r4, #8]
2276:Core/Src/vl53l1_register_funcs.c **** 	pdata->ana_config__vcsel_selion =
 3145              		.loc 1 2276 2 is_stmt 1 view .LVU1202
ARM GAS  C:\Users\Lenovo\AppData\Local\Temp\ccSAMYhL.s 			page 100


2277:Core/Src/vl53l1_register_funcs.c **** 		(*(pbuffer +   8)) & 0x3F;
 3146              		.loc 1 2277 4 is_stmt 0 view .LVU1203
 3147 003a 2B7A     		ldrb	r3, [r5, #8]	@ zero_extendqisi2
 3148              		.loc 1 2277 22 view .LVU1204
 3149 003c 03F03F03 		and	r3, r3, #63
2276:Core/Src/vl53l1_register_funcs.c **** 	pdata->ana_config__vcsel_selion =
 3150              		.loc 1 2276 34 view .LVU1205
 3151 0040 6372     		strb	r3, [r4, #9]
2278:Core/Src/vl53l1_register_funcs.c **** 	pdata->ana_config__vcsel_selion_max =
 3152              		.loc 1 2278 2 is_stmt 1 view .LVU1206
2279:Core/Src/vl53l1_register_funcs.c **** 		(*(pbuffer +   9)) & 0x3F;
 3153              		.loc 1 2279 4 is_stmt 0 view .LVU1207
 3154 0042 6B7A     		ldrb	r3, [r5, #9]	@ zero_extendqisi2
 3155              		.loc 1 2279 22 view .LVU1208
 3156 0044 03F03F03 		and	r3, r3, #63
2278:Core/Src/vl53l1_register_funcs.c **** 	pdata->ana_config__vcsel_selion_max =
 3157              		.loc 1 2278 38 view .LVU1209
 3158 0048 A372     		strb	r3, [r4, #10]
2280:Core/Src/vl53l1_register_funcs.c **** 	pdata->protected_laser_safety__lock_bit =
 3159              		.loc 1 2280 2 is_stmt 1 view .LVU1210
2281:Core/Src/vl53l1_register_funcs.c **** 		(*(pbuffer +  10)) & 0x1;
 3160              		.loc 1 2281 4 is_stmt 0 view .LVU1211
 3161 004a AB7A     		ldrb	r3, [r5, #10]	@ zero_extendqisi2
 3162              		.loc 1 2281 22 view .LVU1212
 3163 004c 03F00103 		and	r3, r3, #1
2280:Core/Src/vl53l1_register_funcs.c **** 	pdata->protected_laser_safety__lock_bit =
 3164              		.loc 1 2280 42 view .LVU1213
 3165 0050 E372     		strb	r3, [r4, #11]
2282:Core/Src/vl53l1_register_funcs.c **** 	pdata->laser_safety__key =
 3166              		.loc 1 2282 2 is_stmt 1 view .LVU1214
2283:Core/Src/vl53l1_register_funcs.c **** 		(*(pbuffer +  11)) & 0x7F;
 3167              		.loc 1 2283 4 is_stmt 0 view .LVU1215
 3168 0052 EB7A     		ldrb	r3, [r5, #11]	@ zero_extendqisi2
 3169              		.loc 1 2283 22 view .LVU1216
 3170 0054 03F07F03 		and	r3, r3, #127
2282:Core/Src/vl53l1_register_funcs.c **** 	pdata->laser_safety__key =
 3171              		.loc 1 2282 27 view .LVU1217
 3172 0058 2373     		strb	r3, [r4, #12]
2284:Core/Src/vl53l1_register_funcs.c **** 	pdata->laser_safety__key_ro =
 3173              		.loc 1 2284 2 is_stmt 1 view .LVU1218
2285:Core/Src/vl53l1_register_funcs.c **** 		(*(pbuffer +  12)) & 0x1;
 3174              		.loc 1 2285 4 is_stmt 0 view .LVU1219
 3175 005a 2B7B     		ldrb	r3, [r5, #12]	@ zero_extendqisi2
 3176              		.loc 1 2285 22 view .LVU1220
 3177 005c 03F00103 		and	r3, r3, #1
2284:Core/Src/vl53l1_register_funcs.c **** 	pdata->laser_safety__key_ro =
 3178              		.loc 1 2284 30 view .LVU1221
 3179 0060 6373     		strb	r3, [r4, #13]
2286:Core/Src/vl53l1_register_funcs.c **** 	pdata->laser_safety__clip =
 3180              		.loc 1 2286 2 is_stmt 1 view .LVU1222
2287:Core/Src/vl53l1_register_funcs.c **** 		(*(pbuffer +  13)) & 0x3F;
 3181              		.loc 1 2287 4 is_stmt 0 view .LVU1223
 3182 0062 6B7B     		ldrb	r3, [r5, #13]	@ zero_extendqisi2
 3183              		.loc 1 2287 22 view .LVU1224
 3184 0064 03F03F03 		and	r3, r3, #63
2286:Core/Src/vl53l1_register_funcs.c **** 	pdata->laser_safety__clip =
 3185              		.loc 1 2286 28 view .LVU1225
ARM GAS  C:\Users\Lenovo\AppData\Local\Temp\ccSAMYhL.s 			page 101


 3186 0068 A373     		strb	r3, [r4, #14]
2288:Core/Src/vl53l1_register_funcs.c **** 	pdata->laser_safety__mult =
 3187              		.loc 1 2288 2 is_stmt 1 view .LVU1226
2289:Core/Src/vl53l1_register_funcs.c **** 		(*(pbuffer +  14)) & 0x3F;
 3188              		.loc 1 2289 4 is_stmt 0 view .LVU1227
 3189 006a AB7B     		ldrb	r3, [r5, #14]	@ zero_extendqisi2
 3190              		.loc 1 2289 22 view .LVU1228
 3191 006c 03F03F03 		and	r3, r3, #63
2288:Core/Src/vl53l1_register_funcs.c **** 	pdata->laser_safety__mult =
 3192              		.loc 1 2288 28 view .LVU1229
 3193 0070 E373     		strb	r3, [r4, #15]
2290:Core/Src/vl53l1_register_funcs.c **** 	pdata->global_config__spad_enables_rtn_0 =
 3194              		.loc 1 2290 2 is_stmt 1 view .LVU1230
 3195              		.loc 1 2290 43 is_stmt 0 view .LVU1231
 3196 0072 EB7B     		ldrb	r3, [r5, #15]	@ zero_extendqisi2
 3197 0074 2374     		strb	r3, [r4, #16]
2291:Core/Src/vl53l1_register_funcs.c **** 		(*(pbuffer +  15));
2292:Core/Src/vl53l1_register_funcs.c **** 	pdata->global_config__spad_enables_rtn_1 =
 3198              		.loc 1 2292 2 is_stmt 1 view .LVU1232
 3199              		.loc 1 2292 43 is_stmt 0 view .LVU1233
 3200 0076 2B7C     		ldrb	r3, [r5, #16]	@ zero_extendqisi2
 3201 0078 6374     		strb	r3, [r4, #17]
2293:Core/Src/vl53l1_register_funcs.c **** 		(*(pbuffer +  16));
2294:Core/Src/vl53l1_register_funcs.c **** 	pdata->global_config__spad_enables_rtn_2 =
 3202              		.loc 1 2294 2 is_stmt 1 view .LVU1234
 3203              		.loc 1 2294 43 is_stmt 0 view .LVU1235
 3204 007a 6B7C     		ldrb	r3, [r5, #17]	@ zero_extendqisi2
 3205 007c A374     		strb	r3, [r4, #18]
2295:Core/Src/vl53l1_register_funcs.c **** 		(*(pbuffer +  17));
2296:Core/Src/vl53l1_register_funcs.c **** 	pdata->global_config__spad_enables_rtn_3 =
 3206              		.loc 1 2296 2 is_stmt 1 view .LVU1236
 3207              		.loc 1 2296 43 is_stmt 0 view .LVU1237
 3208 007e AB7C     		ldrb	r3, [r5, #18]	@ zero_extendqisi2
 3209 0080 E374     		strb	r3, [r4, #19]
2297:Core/Src/vl53l1_register_funcs.c **** 		(*(pbuffer +  18));
2298:Core/Src/vl53l1_register_funcs.c **** 	pdata->global_config__spad_enables_rtn_4 =
 3210              		.loc 1 2298 2 is_stmt 1 view .LVU1238
 3211              		.loc 1 2298 43 is_stmt 0 view .LVU1239
 3212 0082 EB7C     		ldrb	r3, [r5, #19]	@ zero_extendqisi2
 3213 0084 2375     		strb	r3, [r4, #20]
2299:Core/Src/vl53l1_register_funcs.c **** 		(*(pbuffer +  19));
2300:Core/Src/vl53l1_register_funcs.c **** 	pdata->global_config__spad_enables_rtn_5 =
 3214              		.loc 1 2300 2 is_stmt 1 view .LVU1240
 3215              		.loc 1 2300 43 is_stmt 0 view .LVU1241
 3216 0086 2B7D     		ldrb	r3, [r5, #20]	@ zero_extendqisi2
 3217 0088 6375     		strb	r3, [r4, #21]
2301:Core/Src/vl53l1_register_funcs.c **** 		(*(pbuffer +  20));
2302:Core/Src/vl53l1_register_funcs.c **** 	pdata->global_config__spad_enables_rtn_6 =
 3218              		.loc 1 2302 2 is_stmt 1 view .LVU1242
 3219              		.loc 1 2302 43 is_stmt 0 view .LVU1243
 3220 008a 6B7D     		ldrb	r3, [r5, #21]	@ zero_extendqisi2
 3221 008c A375     		strb	r3, [r4, #22]
2303:Core/Src/vl53l1_register_funcs.c **** 		(*(pbuffer +  21));
2304:Core/Src/vl53l1_register_funcs.c **** 	pdata->global_config__spad_enables_rtn_7 =
 3222              		.loc 1 2304 2 is_stmt 1 view .LVU1244
 3223              		.loc 1 2304 43 is_stmt 0 view .LVU1245
 3224 008e AB7D     		ldrb	r3, [r5, #22]	@ zero_extendqisi2
ARM GAS  C:\Users\Lenovo\AppData\Local\Temp\ccSAMYhL.s 			page 102


 3225 0090 E375     		strb	r3, [r4, #23]
2305:Core/Src/vl53l1_register_funcs.c **** 		(*(pbuffer +  22));
2306:Core/Src/vl53l1_register_funcs.c **** 	pdata->global_config__spad_enables_rtn_8 =
 3226              		.loc 1 2306 2 is_stmt 1 view .LVU1246
 3227              		.loc 1 2306 43 is_stmt 0 view .LVU1247
 3228 0092 EB7D     		ldrb	r3, [r5, #23]	@ zero_extendqisi2
 3229 0094 2376     		strb	r3, [r4, #24]
2307:Core/Src/vl53l1_register_funcs.c **** 		(*(pbuffer +  23));
2308:Core/Src/vl53l1_register_funcs.c **** 	pdata->global_config__spad_enables_rtn_9 =
 3230              		.loc 1 2308 2 is_stmt 1 view .LVU1248
 3231              		.loc 1 2308 43 is_stmt 0 view .LVU1249
 3232 0096 2B7E     		ldrb	r3, [r5, #24]	@ zero_extendqisi2
 3233 0098 6376     		strb	r3, [r4, #25]
2309:Core/Src/vl53l1_register_funcs.c **** 		(*(pbuffer +  24));
2310:Core/Src/vl53l1_register_funcs.c **** 	pdata->global_config__spad_enables_rtn_10 =
 3234              		.loc 1 2310 2 is_stmt 1 view .LVU1250
 3235              		.loc 1 2310 44 is_stmt 0 view .LVU1251
 3236 009a 6B7E     		ldrb	r3, [r5, #25]	@ zero_extendqisi2
 3237 009c A376     		strb	r3, [r4, #26]
2311:Core/Src/vl53l1_register_funcs.c **** 		(*(pbuffer +  25));
2312:Core/Src/vl53l1_register_funcs.c **** 	pdata->global_config__spad_enables_rtn_11 =
 3238              		.loc 1 2312 2 is_stmt 1 view .LVU1252
 3239              		.loc 1 2312 44 is_stmt 0 view .LVU1253
 3240 009e AB7E     		ldrb	r3, [r5, #26]	@ zero_extendqisi2
 3241 00a0 E376     		strb	r3, [r4, #27]
2313:Core/Src/vl53l1_register_funcs.c **** 		(*(pbuffer +  26));
2314:Core/Src/vl53l1_register_funcs.c **** 	pdata->global_config__spad_enables_rtn_12 =
 3242              		.loc 1 2314 2 is_stmt 1 view .LVU1254
 3243              		.loc 1 2314 44 is_stmt 0 view .LVU1255
 3244 00a2 EB7E     		ldrb	r3, [r5, #27]	@ zero_extendqisi2
 3245 00a4 2377     		strb	r3, [r4, #28]
2315:Core/Src/vl53l1_register_funcs.c **** 		(*(pbuffer +  27));
2316:Core/Src/vl53l1_register_funcs.c **** 	pdata->global_config__spad_enables_rtn_13 =
 3246              		.loc 1 2316 2 is_stmt 1 view .LVU1256
 3247              		.loc 1 2316 44 is_stmt 0 view .LVU1257
 3248 00a6 2B7F     		ldrb	r3, [r5, #28]	@ zero_extendqisi2
 3249 00a8 6377     		strb	r3, [r4, #29]
2317:Core/Src/vl53l1_register_funcs.c **** 		(*(pbuffer +  28));
2318:Core/Src/vl53l1_register_funcs.c **** 	pdata->global_config__spad_enables_rtn_14 =
 3250              		.loc 1 2318 2 is_stmt 1 view .LVU1258
 3251              		.loc 1 2318 44 is_stmt 0 view .LVU1259
 3252 00aa 6B7F     		ldrb	r3, [r5, #29]	@ zero_extendqisi2
 3253 00ac A377     		strb	r3, [r4, #30]
2319:Core/Src/vl53l1_register_funcs.c **** 		(*(pbuffer +  29));
2320:Core/Src/vl53l1_register_funcs.c **** 	pdata->global_config__spad_enables_rtn_15 =
 3254              		.loc 1 2320 2 is_stmt 1 view .LVU1260
 3255              		.loc 1 2320 44 is_stmt 0 view .LVU1261
 3256 00ae AB7F     		ldrb	r3, [r5, #30]	@ zero_extendqisi2
 3257 00b0 E377     		strb	r3, [r4, #31]
2321:Core/Src/vl53l1_register_funcs.c **** 		(*(pbuffer +  30));
2322:Core/Src/vl53l1_register_funcs.c **** 	pdata->global_config__spad_enables_rtn_16 =
 3258              		.loc 1 2322 2 is_stmt 1 view .LVU1262
 3259              		.loc 1 2322 44 is_stmt 0 view .LVU1263
 3260 00b2 EB7F     		ldrb	r3, [r5, #31]	@ zero_extendqisi2
 3261 00b4 84F82030 		strb	r3, [r4, #32]
2323:Core/Src/vl53l1_register_funcs.c **** 		(*(pbuffer +  31));
2324:Core/Src/vl53l1_register_funcs.c **** 	pdata->global_config__spad_enables_rtn_17 =
ARM GAS  C:\Users\Lenovo\AppData\Local\Temp\ccSAMYhL.s 			page 103


 3262              		.loc 1 2324 2 is_stmt 1 view .LVU1264
 3263              		.loc 1 2324 44 is_stmt 0 view .LVU1265
 3264 00b8 95F82030 		ldrb	r3, [r5, #32]	@ zero_extendqisi2
 3265 00bc 84F82130 		strb	r3, [r4, #33]
2325:Core/Src/vl53l1_register_funcs.c **** 		(*(pbuffer +  32));
2326:Core/Src/vl53l1_register_funcs.c **** 	pdata->global_config__spad_enables_rtn_18 =
 3266              		.loc 1 2326 2 is_stmt 1 view .LVU1266
 3267              		.loc 1 2326 44 is_stmt 0 view .LVU1267
 3268 00c0 95F82130 		ldrb	r3, [r5, #33]	@ zero_extendqisi2
 3269 00c4 84F82230 		strb	r3, [r4, #34]
2327:Core/Src/vl53l1_register_funcs.c **** 		(*(pbuffer +  33));
2328:Core/Src/vl53l1_register_funcs.c **** 	pdata->global_config__spad_enables_rtn_19 =
 3270              		.loc 1 2328 2 is_stmt 1 view .LVU1268
 3271              		.loc 1 2328 44 is_stmt 0 view .LVU1269
 3272 00c8 95F82230 		ldrb	r3, [r5, #34]	@ zero_extendqisi2
 3273 00cc 84F82330 		strb	r3, [r4, #35]
2329:Core/Src/vl53l1_register_funcs.c **** 		(*(pbuffer +  34));
2330:Core/Src/vl53l1_register_funcs.c **** 	pdata->global_config__spad_enables_rtn_20 =
 3274              		.loc 1 2330 2 is_stmt 1 view .LVU1270
 3275              		.loc 1 2330 44 is_stmt 0 view .LVU1271
 3276 00d0 95F82330 		ldrb	r3, [r5, #35]	@ zero_extendqisi2
 3277 00d4 84F82430 		strb	r3, [r4, #36]
2331:Core/Src/vl53l1_register_funcs.c **** 		(*(pbuffer +  35));
2332:Core/Src/vl53l1_register_funcs.c **** 	pdata->global_config__spad_enables_rtn_21 =
 3278              		.loc 1 2332 2 is_stmt 1 view .LVU1272
 3279              		.loc 1 2332 44 is_stmt 0 view .LVU1273
 3280 00d8 95F82430 		ldrb	r3, [r5, #36]	@ zero_extendqisi2
 3281 00dc 84F82530 		strb	r3, [r4, #37]
2333:Core/Src/vl53l1_register_funcs.c **** 		(*(pbuffer +  36));
2334:Core/Src/vl53l1_register_funcs.c **** 	pdata->global_config__spad_enables_rtn_22 =
 3282              		.loc 1 2334 2 is_stmt 1 view .LVU1274
 3283              		.loc 1 2334 44 is_stmt 0 view .LVU1275
 3284 00e0 95F82530 		ldrb	r3, [r5, #37]	@ zero_extendqisi2
 3285 00e4 84F82630 		strb	r3, [r4, #38]
2335:Core/Src/vl53l1_register_funcs.c **** 		(*(pbuffer +  37));
2336:Core/Src/vl53l1_register_funcs.c **** 	pdata->global_config__spad_enables_rtn_23 =
 3286              		.loc 1 2336 2 is_stmt 1 view .LVU1276
 3287              		.loc 1 2336 44 is_stmt 0 view .LVU1277
 3288 00e8 95F82630 		ldrb	r3, [r5, #38]	@ zero_extendqisi2
 3289 00ec 84F82730 		strb	r3, [r4, #39]
2337:Core/Src/vl53l1_register_funcs.c **** 		(*(pbuffer +  38));
2338:Core/Src/vl53l1_register_funcs.c **** 	pdata->global_config__spad_enables_rtn_24 =
 3290              		.loc 1 2338 2 is_stmt 1 view .LVU1278
 3291              		.loc 1 2338 44 is_stmt 0 view .LVU1279
 3292 00f0 95F82730 		ldrb	r3, [r5, #39]	@ zero_extendqisi2
 3293 00f4 84F82830 		strb	r3, [r4, #40]
2339:Core/Src/vl53l1_register_funcs.c **** 		(*(pbuffer +  39));
2340:Core/Src/vl53l1_register_funcs.c **** 	pdata->global_config__spad_enables_rtn_25 =
 3294              		.loc 1 2340 2 is_stmt 1 view .LVU1280
 3295              		.loc 1 2340 44 is_stmt 0 view .LVU1281
 3296 00f8 95F82830 		ldrb	r3, [r5, #40]	@ zero_extendqisi2
 3297 00fc 84F82930 		strb	r3, [r4, #41]
2341:Core/Src/vl53l1_register_funcs.c **** 		(*(pbuffer +  40));
2342:Core/Src/vl53l1_register_funcs.c **** 	pdata->global_config__spad_enables_rtn_26 =
 3298              		.loc 1 2342 2 is_stmt 1 view .LVU1282
 3299              		.loc 1 2342 44 is_stmt 0 view .LVU1283
 3300 0100 95F82930 		ldrb	r3, [r5, #41]	@ zero_extendqisi2
ARM GAS  C:\Users\Lenovo\AppData\Local\Temp\ccSAMYhL.s 			page 104


 3301 0104 84F82A30 		strb	r3, [r4, #42]
2343:Core/Src/vl53l1_register_funcs.c **** 		(*(pbuffer +  41));
2344:Core/Src/vl53l1_register_funcs.c **** 	pdata->global_config__spad_enables_rtn_27 =
 3302              		.loc 1 2344 2 is_stmt 1 view .LVU1284
 3303              		.loc 1 2344 44 is_stmt 0 view .LVU1285
 3304 0108 95F82A30 		ldrb	r3, [r5, #42]	@ zero_extendqisi2
 3305 010c 84F82B30 		strb	r3, [r4, #43]
2345:Core/Src/vl53l1_register_funcs.c **** 		(*(pbuffer +  42));
2346:Core/Src/vl53l1_register_funcs.c **** 	pdata->global_config__spad_enables_rtn_28 =
 3306              		.loc 1 2346 2 is_stmt 1 view .LVU1286
 3307              		.loc 1 2346 44 is_stmt 0 view .LVU1287
 3308 0110 95F82B30 		ldrb	r3, [r5, #43]	@ zero_extendqisi2
 3309 0114 84F82C30 		strb	r3, [r4, #44]
2347:Core/Src/vl53l1_register_funcs.c **** 		(*(pbuffer +  43));
2348:Core/Src/vl53l1_register_funcs.c **** 	pdata->global_config__spad_enables_rtn_29 =
 3310              		.loc 1 2348 2 is_stmt 1 view .LVU1288
 3311              		.loc 1 2348 44 is_stmt 0 view .LVU1289
 3312 0118 95F82C30 		ldrb	r3, [r5, #44]	@ zero_extendqisi2
 3313 011c 84F82D30 		strb	r3, [r4, #45]
2349:Core/Src/vl53l1_register_funcs.c **** 		(*(pbuffer +  44));
2350:Core/Src/vl53l1_register_funcs.c **** 	pdata->global_config__spad_enables_rtn_30 =
 3314              		.loc 1 2350 2 is_stmt 1 view .LVU1290
 3315              		.loc 1 2350 44 is_stmt 0 view .LVU1291
 3316 0120 95F82D30 		ldrb	r3, [r5, #45]	@ zero_extendqisi2
 3317 0124 84F82E30 		strb	r3, [r4, #46]
2351:Core/Src/vl53l1_register_funcs.c **** 		(*(pbuffer +  45));
2352:Core/Src/vl53l1_register_funcs.c **** 	pdata->global_config__spad_enables_rtn_31 =
 3318              		.loc 1 2352 2 is_stmt 1 view .LVU1292
 3319              		.loc 1 2352 44 is_stmt 0 view .LVU1293
 3320 0128 95F82E30 		ldrb	r3, [r5, #46]	@ zero_extendqisi2
 3321 012c 84F82F30 		strb	r3, [r4, #47]
2353:Core/Src/vl53l1_register_funcs.c **** 		(*(pbuffer +  46));
2354:Core/Src/vl53l1_register_funcs.c **** 	pdata->roi_config__mode_roi_centre_spad =
 3322              		.loc 1 2354 2 is_stmt 1 view .LVU1294
 3323              		.loc 1 2354 42 is_stmt 0 view .LVU1295
 3324 0130 95F82F30 		ldrb	r3, [r5, #47]	@ zero_extendqisi2
 3325 0134 84F83030 		strb	r3, [r4, #48]
2355:Core/Src/vl53l1_register_funcs.c **** 		(*(pbuffer +  47));
2356:Core/Src/vl53l1_register_funcs.c **** 	pdata->roi_config__mode_roi_xy_size =
 3326              		.loc 1 2356 2 is_stmt 1 view .LVU1296
 3327              		.loc 1 2356 38 is_stmt 0 view .LVU1297
 3328 0138 95F83030 		ldrb	r3, [r5, #48]	@ zero_extendqisi2
 3329 013c 84F83130 		strb	r3, [r4, #49]
2357:Core/Src/vl53l1_register_funcs.c **** 		(*(pbuffer +  48));
2358:Core/Src/vl53l1_register_funcs.c **** 
2359:Core/Src/vl53l1_register_funcs.c **** 	LOG_FUNCTION_END(status);
 3330              		.loc 1 2359 26 is_stmt 1 view .LVU1298
2360:Core/Src/vl53l1_register_funcs.c **** 
2361:Core/Src/vl53l1_register_funcs.c **** 	return status;
 3331              		.loc 1 2361 2 view .LVU1299
 3332              		.loc 1 2361 9 is_stmt 0 view .LVU1300
 3333 0140 0020     		movs	r0, #0
2362:Core/Src/vl53l1_register_funcs.c **** }
 3334              		.loc 1 2362 1 view .LVU1301
 3335 0142 38BD     		pop	{r3, r4, r5, pc}
 3336              	.LVL208:
 3337              	.L133:
ARM GAS  C:\Users\Lenovo\AppData\Local\Temp\ccSAMYhL.s 			page 105


 3338              	.LCFI63:
 3339              		.cfi_def_cfa_offset 0
 3340              		.cfi_restore 3
 3341              		.cfi_restore 4
 3342              		.cfi_restore 5
 3343              		.cfi_restore 14
2260:Core/Src/vl53l1_register_funcs.c **** 
 3344              		.loc 1 2260 10 view .LVU1302
 3345 0144 6FF00900 		mvn	r0, #9
 3346              	.LVL209:
 3347              		.loc 1 2362 1 view .LVU1303
 3348 0148 7047     		bx	lr
 3349              		.cfi_endproc
 3350              	.LFE26:
 3352              		.section	.text.VL53L1_get_nvm_copy_data,"ax",%progbits
 3353              		.align	1
 3354              		.global	VL53L1_get_nvm_copy_data
 3355              		.syntax unified
 3356              		.thumb
 3357              		.thumb_func
 3359              	VL53L1_get_nvm_copy_data:
 3360              	.LVL210:
 3361              	.LFB27:
2363:Core/Src/vl53l1_register_funcs.c **** 
2364:Core/Src/vl53l1_register_funcs.c **** #ifdef PAL_EXTENDED
2365:Core/Src/vl53l1_register_funcs.c **** VL53L1_Error VL53L1_set_nvm_copy_data(
2366:Core/Src/vl53l1_register_funcs.c **** 	VL53L1_DEV                 Dev,
2367:Core/Src/vl53l1_register_funcs.c **** 	VL53L1_nvm_copy_data_t    *pdata)
2368:Core/Src/vl53l1_register_funcs.c **** {
2369:Core/Src/vl53l1_register_funcs.c **** 	/**
2370:Core/Src/vl53l1_register_funcs.c **** 	 * Serialises and sends the contents of VL53L1_nvm_copy_data_t
2371:Core/Src/vl53l1_register_funcs.c **** 	 * data structure to the device
2372:Core/Src/vl53l1_register_funcs.c **** 	 */
2373:Core/Src/vl53l1_register_funcs.c **** 
2374:Core/Src/vl53l1_register_funcs.c **** 	VL53L1_Error status = VL53L1_ERROR_NONE;
2375:Core/Src/vl53l1_register_funcs.c **** 	uint8_t comms_buffer[VL53L1_NVM_COPY_DATA_I2C_SIZE_BYTES];
2376:Core/Src/vl53l1_register_funcs.c **** 
2377:Core/Src/vl53l1_register_funcs.c **** 	LOG_FUNCTION_START("");
2378:Core/Src/vl53l1_register_funcs.c **** 
2379:Core/Src/vl53l1_register_funcs.c **** 	if (status == VL53L1_ERROR_NONE) /*lint !e774 always true*/
2380:Core/Src/vl53l1_register_funcs.c **** 		status = VL53L1_i2c_encode_nvm_copy_data(
2381:Core/Src/vl53l1_register_funcs.c **** 			pdata,
2382:Core/Src/vl53l1_register_funcs.c **** 			VL53L1_NVM_COPY_DATA_I2C_SIZE_BYTES,
2383:Core/Src/vl53l1_register_funcs.c **** 			comms_buffer);
2384:Core/Src/vl53l1_register_funcs.c **** 
2385:Core/Src/vl53l1_register_funcs.c **** 	if (status == VL53L1_ERROR_NONE)
2386:Core/Src/vl53l1_register_funcs.c **** 		status = VL53L1_disable_firmware(Dev);
2387:Core/Src/vl53l1_register_funcs.c **** 
2388:Core/Src/vl53l1_register_funcs.c **** 	if (status == VL53L1_ERROR_NONE)
2389:Core/Src/vl53l1_register_funcs.c **** 		status = VL53L1_WriteMulti(
2390:Core/Src/vl53l1_register_funcs.c **** 			Dev,
2391:Core/Src/vl53l1_register_funcs.c **** 			VL53L1_IDENTIFICATION__MODEL_ID,
2392:Core/Src/vl53l1_register_funcs.c **** 			comms_buffer,
2393:Core/Src/vl53l1_register_funcs.c **** 			VL53L1_NVM_COPY_DATA_I2C_SIZE_BYTES);
2394:Core/Src/vl53l1_register_funcs.c **** 
2395:Core/Src/vl53l1_register_funcs.c **** 	if (status == VL53L1_ERROR_NONE)
2396:Core/Src/vl53l1_register_funcs.c **** 		status = VL53L1_enable_firmware(Dev);
ARM GAS  C:\Users\Lenovo\AppData\Local\Temp\ccSAMYhL.s 			page 106


2397:Core/Src/vl53l1_register_funcs.c **** 
2398:Core/Src/vl53l1_register_funcs.c **** 	LOG_FUNCTION_END(status);
2399:Core/Src/vl53l1_register_funcs.c **** 
2400:Core/Src/vl53l1_register_funcs.c **** 	return status;
2401:Core/Src/vl53l1_register_funcs.c **** }
2402:Core/Src/vl53l1_register_funcs.c **** #endif
2403:Core/Src/vl53l1_register_funcs.c **** 
2404:Core/Src/vl53l1_register_funcs.c **** 
2405:Core/Src/vl53l1_register_funcs.c **** VL53L1_Error VL53L1_get_nvm_copy_data(
2406:Core/Src/vl53l1_register_funcs.c **** 	VL53L1_DEV                 Dev,
2407:Core/Src/vl53l1_register_funcs.c **** 	VL53L1_nvm_copy_data_t    *pdata)
2408:Core/Src/vl53l1_register_funcs.c **** {
 3362              		.loc 1 2408 1 is_stmt 1 view -0
 3363              		.cfi_startproc
 3364              		@ args = 0, pretend = 0, frame = 56
 3365              		@ frame_needed = 0, uses_anonymous_args = 0
 3366              		.loc 1 2408 1 is_stmt 0 view .LVU1305
 3367 0000 10B5     		push	{r4, lr}
 3368              	.LCFI64:
 3369              		.cfi_def_cfa_offset 8
 3370              		.cfi_offset 4, -8
 3371              		.cfi_offset 14, -4
 3372 0002 8EB0     		sub	sp, sp, #56
 3373              	.LCFI65:
 3374              		.cfi_def_cfa_offset 64
 3375 0004 0C46     		mov	r4, r1
2409:Core/Src/vl53l1_register_funcs.c **** 	/**
2410:Core/Src/vl53l1_register_funcs.c **** 	 * Reads and de-serialises the contents of VL53L1_nvm_copy_data_t
2411:Core/Src/vl53l1_register_funcs.c **** 	 * data structure from the device
2412:Core/Src/vl53l1_register_funcs.c **** 	 */
2413:Core/Src/vl53l1_register_funcs.c **** 
2414:Core/Src/vl53l1_register_funcs.c **** 	VL53L1_Error status = VL53L1_ERROR_NONE;
 3376              		.loc 1 2414 2 is_stmt 1 view .LVU1306
 3377              	.LVL211:
2415:Core/Src/vl53l1_register_funcs.c **** 	uint8_t comms_buffer[VL53L1_NVM_COPY_DATA_I2C_SIZE_BYTES];
 3378              		.loc 1 2415 2 view .LVU1307
2416:Core/Src/vl53l1_register_funcs.c **** 
2417:Core/Src/vl53l1_register_funcs.c **** 	LOG_FUNCTION_START("");
 3379              		.loc 1 2417 24 view .LVU1308
2418:Core/Src/vl53l1_register_funcs.c **** 
2419:Core/Src/vl53l1_register_funcs.c **** 	if (status == VL53L1_ERROR_NONE) /*lint !e774 always true*/
 3380              		.loc 1 2419 2 view .LVU1309
2420:Core/Src/vl53l1_register_funcs.c **** 		status = VL53L1_ReadMulti(
 3381              		.loc 1 2420 3 view .LVU1310
 3382              		.loc 1 2420 12 is_stmt 0 view .LVU1311
 3383 0006 3123     		movs	r3, #49
 3384 0008 01AA     		add	r2, sp, #4
 3385 000a 40F20F11 		movw	r1, #271
 3386              	.LVL212:
 3387              		.loc 1 2420 12 view .LVU1312
 3388 000e FFF7FEFF 		bl	VL53L1_ReadMulti
 3389              	.LVL213:
2421:Core/Src/vl53l1_register_funcs.c **** 			Dev,
2422:Core/Src/vl53l1_register_funcs.c **** 			VL53L1_IDENTIFICATION__MODEL_ID,
2423:Core/Src/vl53l1_register_funcs.c **** 			comms_buffer,
2424:Core/Src/vl53l1_register_funcs.c **** 			VL53L1_NVM_COPY_DATA_I2C_SIZE_BYTES);
2425:Core/Src/vl53l1_register_funcs.c **** 
ARM GAS  C:\Users\Lenovo\AppData\Local\Temp\ccSAMYhL.s 			page 107


2426:Core/Src/vl53l1_register_funcs.c **** 	if (status == VL53L1_ERROR_NONE)
 3390              		.loc 1 2426 2 is_stmt 1 view .LVU1313
 3391              		.loc 1 2426 5 is_stmt 0 view .LVU1314
 3392 0012 08B1     		cbz	r0, .L141
 3393              	.LVL214:
 3394              	.L139:
2427:Core/Src/vl53l1_register_funcs.c **** 		status = VL53L1_i2c_decode_nvm_copy_data(
2428:Core/Src/vl53l1_register_funcs.c **** 			VL53L1_NVM_COPY_DATA_I2C_SIZE_BYTES,
2429:Core/Src/vl53l1_register_funcs.c **** 			comms_buffer,
2430:Core/Src/vl53l1_register_funcs.c **** 			pdata);
2431:Core/Src/vl53l1_register_funcs.c **** 
2432:Core/Src/vl53l1_register_funcs.c **** 	LOG_FUNCTION_END(status);
 3395              		.loc 1 2432 26 is_stmt 1 view .LVU1315
2433:Core/Src/vl53l1_register_funcs.c **** 
2434:Core/Src/vl53l1_register_funcs.c **** 	return status;
 3396              		.loc 1 2434 2 view .LVU1316
2435:Core/Src/vl53l1_register_funcs.c **** }
 3397              		.loc 1 2435 1 is_stmt 0 view .LVU1317
 3398 0014 0EB0     		add	sp, sp, #56
 3399              	.LCFI66:
 3400              		.cfi_remember_state
 3401              		.cfi_def_cfa_offset 8
 3402              		@ sp needed
 3403 0016 10BD     		pop	{r4, pc}
 3404              	.LVL215:
 3405              	.L141:
 3406              	.LCFI67:
 3407              		.cfi_restore_state
2427:Core/Src/vl53l1_register_funcs.c **** 		status = VL53L1_i2c_decode_nvm_copy_data(
 3408              		.loc 1 2427 3 is_stmt 1 view .LVU1318
2427:Core/Src/vl53l1_register_funcs.c **** 		status = VL53L1_i2c_decode_nvm_copy_data(
 3409              		.loc 1 2427 12 is_stmt 0 view .LVU1319
 3410 0018 2246     		mov	r2, r4
 3411 001a 01A9     		add	r1, sp, #4
 3412 001c 3120     		movs	r0, #49
 3413              	.LVL216:
2427:Core/Src/vl53l1_register_funcs.c **** 		status = VL53L1_i2c_decode_nvm_copy_data(
 3414              		.loc 1 2427 12 view .LVU1320
 3415 001e FFF7FEFF 		bl	VL53L1_i2c_decode_nvm_copy_data
 3416              	.LVL217:
2427:Core/Src/vl53l1_register_funcs.c **** 		status = VL53L1_i2c_decode_nvm_copy_data(
 3417              		.loc 1 2427 12 view .LVU1321
 3418 0022 F7E7     		b	.L139
 3419              		.cfi_endproc
 3420              	.LFE27:
 3422              		.text
 3423              	.Letext0:
 3424              		.file 2 "c:\\program files (x86)\\gnu arm embedded toolchain\\10 2021.10\\arm-none-eabi\\include\\
 3425              		.file 3 "c:\\program files (x86)\\gnu arm embedded toolchain\\10 2021.10\\arm-none-eabi\\include\\
 3426              		.file 4 "Core/Inc/vl53l1_types.h"
 3427              		.file 5 "Core/Inc/vl53l1_ll_device.h"
 3428              		.file 6 "Core/Inc/vl53l1_error_codes.h"
 3429              		.file 7 "Core/Inc/vl53l1_register_structs.h"
 3430              		.file 8 "Core/Inc/vl53l1_ll_def.h"
 3431              		.file 9 "Core/Inc/vl53l1_def.h"
 3432              		.file 10 "Core/Inc/vl53l1_platform_user_data.h"
 3433              		.file 11 "Core/Inc/vl53l1_platform.h"
ARM GAS  C:\Users\Lenovo\AppData\Local\Temp\ccSAMYhL.s 			page 108


 3434              		.file 12 "Core/Inc/vl53l1_core.h"
ARM GAS  C:\Users\Lenovo\AppData\Local\Temp\ccSAMYhL.s 			page 109


DEFINED SYMBOLS
                            *ABS*:00000000 vl53l1_register_funcs.c
C:\Users\Lenovo\AppData\Local\Temp\ccSAMYhL.s:20     .text.VL53L1_i2c_encode_static_nvm_managed:00000000 $t
C:\Users\Lenovo\AppData\Local\Temp\ccSAMYhL.s:26     .text.VL53L1_i2c_encode_static_nvm_managed:00000000 VL53L1_i2c_encode_static_nvm_managed
C:\Users\Lenovo\AppData\Local\Temp\ccSAMYhL.s:142    .text.VL53L1_i2c_decode_static_nvm_managed:00000000 $t
C:\Users\Lenovo\AppData\Local\Temp\ccSAMYhL.s:148    .text.VL53L1_i2c_decode_static_nvm_managed:00000000 VL53L1_i2c_decode_static_nvm_managed
C:\Users\Lenovo\AppData\Local\Temp\ccSAMYhL.s:260    .text.VL53L1_set_static_nvm_managed:00000000 $t
C:\Users\Lenovo\AppData\Local\Temp\ccSAMYhL.s:266    .text.VL53L1_set_static_nvm_managed:00000000 VL53L1_set_static_nvm_managed
C:\Users\Lenovo\AppData\Local\Temp\ccSAMYhL.s:329    .text.VL53L1_get_static_nvm_managed:00000000 $t
C:\Users\Lenovo\AppData\Local\Temp\ccSAMYhL.s:335    .text.VL53L1_get_static_nvm_managed:00000000 VL53L1_get_static_nvm_managed
C:\Users\Lenovo\AppData\Local\Temp\ccSAMYhL.s:399    .text.VL53L1_i2c_encode_customer_nvm_managed:00000000 $t
C:\Users\Lenovo\AppData\Local\Temp\ccSAMYhL.s:405    .text.VL53L1_i2c_encode_customer_nvm_managed:00000000 VL53L1_i2c_encode_customer_nvm_managed
C:\Users\Lenovo\AppData\Local\Temp\ccSAMYhL.s:553    .text.VL53L1_i2c_decode_customer_nvm_managed:00000000 $t
C:\Users\Lenovo\AppData\Local\Temp\ccSAMYhL.s:559    .text.VL53L1_i2c_decode_customer_nvm_managed:00000000 VL53L1_i2c_decode_customer_nvm_managed
C:\Users\Lenovo\AppData\Local\Temp\ccSAMYhL.s:713    .text.VL53L1_set_customer_nvm_managed:00000000 $t
C:\Users\Lenovo\AppData\Local\Temp\ccSAMYhL.s:719    .text.VL53L1_set_customer_nvm_managed:00000000 VL53L1_set_customer_nvm_managed
C:\Users\Lenovo\AppData\Local\Temp\ccSAMYhL.s:782    .text.VL53L1_get_customer_nvm_managed:00000000 $t
C:\Users\Lenovo\AppData\Local\Temp\ccSAMYhL.s:788    .text.VL53L1_get_customer_nvm_managed:00000000 VL53L1_get_customer_nvm_managed
C:\Users\Lenovo\AppData\Local\Temp\ccSAMYhL.s:852    .text.VL53L1_i2c_encode_static_config:00000000 $t
C:\Users\Lenovo\AppData\Local\Temp\ccSAMYhL.s:858    .text.VL53L1_i2c_encode_static_config:00000000 VL53L1_i2c_encode_static_config
C:\Users\Lenovo\AppData\Local\Temp\ccSAMYhL.s:1093   .text.VL53L1_i2c_decode_static_config:00000000 $t
C:\Users\Lenovo\AppData\Local\Temp\ccSAMYhL.s:1099   .text.VL53L1_i2c_decode_static_config:00000000 VL53L1_i2c_decode_static_config
C:\Users\Lenovo\AppData\Local\Temp\ccSAMYhL.s:1325   .text.VL53L1_set_static_config:00000000 $t
C:\Users\Lenovo\AppData\Local\Temp\ccSAMYhL.s:1331   .text.VL53L1_set_static_config:00000000 VL53L1_set_static_config
C:\Users\Lenovo\AppData\Local\Temp\ccSAMYhL.s:1394   .text.VL53L1_i2c_encode_general_config:00000000 $t
C:\Users\Lenovo\AppData\Local\Temp\ccSAMYhL.s:1400   .text.VL53L1_i2c_encode_general_config:00000000 VL53L1_i2c_encode_general_config
C:\Users\Lenovo\AppData\Local\Temp\ccSAMYhL.s:1551   .text.VL53L1_i2c_decode_general_config:00000000 $t
C:\Users\Lenovo\AppData\Local\Temp\ccSAMYhL.s:1557   .text.VL53L1_i2c_decode_general_config:00000000 VL53L1_i2c_decode_general_config
C:\Users\Lenovo\AppData\Local\Temp\ccSAMYhL.s:1706   .text.VL53L1_set_general_config:00000000 $t
C:\Users\Lenovo\AppData\Local\Temp\ccSAMYhL.s:1712   .text.VL53L1_set_general_config:00000000 VL53L1_set_general_config
C:\Users\Lenovo\AppData\Local\Temp\ccSAMYhL.s:1775   .text.VL53L1_i2c_encode_timing_config:00000000 $t
C:\Users\Lenovo\AppData\Local\Temp\ccSAMYhL.s:1781   .text.VL53L1_i2c_encode_timing_config:00000000 VL53L1_i2c_encode_timing_config
C:\Users\Lenovo\AppData\Local\Temp\ccSAMYhL.s:1930   .text.VL53L1_i2c_encode_dynamic_config:00000000 $t
C:\Users\Lenovo\AppData\Local\Temp\ccSAMYhL.s:1936   .text.VL53L1_i2c_encode_dynamic_config:00000000 VL53L1_i2c_encode_dynamic_config
C:\Users\Lenovo\AppData\Local\Temp\ccSAMYhL.s:2086   .text.VL53L1_set_dynamic_config:00000000 $t
C:\Users\Lenovo\AppData\Local\Temp\ccSAMYhL.s:2092   .text.VL53L1_set_dynamic_config:00000000 VL53L1_set_dynamic_config
C:\Users\Lenovo\AppData\Local\Temp\ccSAMYhL.s:2155   .text.VL53L1_i2c_encode_system_control:00000000 $t
C:\Users\Lenovo\AppData\Local\Temp\ccSAMYhL.s:2161   .text.VL53L1_i2c_encode_system_control:00000000 VL53L1_i2c_encode_system_control
C:\Users\Lenovo\AppData\Local\Temp\ccSAMYhL.s:2226   .text.VL53L1_set_system_control:00000000 $t
C:\Users\Lenovo\AppData\Local\Temp\ccSAMYhL.s:2232   .text.VL53L1_set_system_control:00000000 VL53L1_set_system_control
C:\Users\Lenovo\AppData\Local\Temp\ccSAMYhL.s:2295   .text.VL53L1_i2c_decode_system_results:00000000 $t
C:\Users\Lenovo\AppData\Local\Temp\ccSAMYhL.s:2301   .text.VL53L1_i2c_decode_system_results:00000000 VL53L1_i2c_decode_system_results
C:\Users\Lenovo\AppData\Local\Temp\ccSAMYhL.s:2533   .text.VL53L1_get_system_results:00000000 $t
C:\Users\Lenovo\AppData\Local\Temp\ccSAMYhL.s:2539   .text.VL53L1_get_system_results:00000000 VL53L1_get_system_results
C:\Users\Lenovo\AppData\Local\Temp\ccSAMYhL.s:2603   .text.VL53L1_i2c_decode_core_results:00000000 $t
C:\Users\Lenovo\AppData\Local\Temp\ccSAMYhL.s:2609   .text.VL53L1_i2c_decode_core_results:00000000 VL53L1_i2c_decode_core_results
C:\Users\Lenovo\AppData\Local\Temp\ccSAMYhL.s:2724   .text.VL53L1_i2c_decode_debug_results:00000000 $t
C:\Users\Lenovo\AppData\Local\Temp\ccSAMYhL.s:2730   .text.VL53L1_i2c_decode_debug_results:00000000 VL53L1_i2c_decode_debug_results
C:\Users\Lenovo\AppData\Local\Temp\ccSAMYhL.s:3070   .text.VL53L1_i2c_decode_nvm_copy_data:00000000 $t
C:\Users\Lenovo\AppData\Local\Temp\ccSAMYhL.s:3076   .text.VL53L1_i2c_decode_nvm_copy_data:00000000 VL53L1_i2c_decode_nvm_copy_data
C:\Users\Lenovo\AppData\Local\Temp\ccSAMYhL.s:3353   .text.VL53L1_get_nvm_copy_data:00000000 $t
C:\Users\Lenovo\AppData\Local\Temp\ccSAMYhL.s:3359   .text.VL53L1_get_nvm_copy_data:00000000 VL53L1_get_nvm_copy_data

UNDEFINED SYMBOLS
VL53L1_i2c_encode_uint16_t
VL53L1_i2c_decode_uint16_t
VL53L1_WriteMulti
ARM GAS  C:\Users\Lenovo\AppData\Local\Temp\ccSAMYhL.s 			page 110


VL53L1_ReadMulti
VL53L1_i2c_encode_int16_t
VL53L1_i2c_decode_int16_t
VL53L1_i2c_encode_uint32_t
VL53L1_i2c_decode_uint32_t
VL53L1_i2c_decode_int32_t
